Q,P,EigValReal,EigValImag,AGPgrad,N,alpha,k,E0,lmd,period
0,0,1019.86434830097,0,4.45840205412908,2,4.35999999999995,1,1,2.25524894517555e-13,4.66420000000247
0.826298733370329,0,0.999811267136902,0.0194275604624437,-8.8649003047616
0.288733381053191,0,0.999811267136902,-0.0194275604624437,-0.0309153007381842
2.82122981417926e-18,0,0.000980522557947025,0,-4.60587860222206
