Q,P,EigValReal,EigValImag,AGPgrad,N,alpha,k,E0,lmd,period
0,0,-0.119293683734726,0.992859011653216,0.0162571819041998,2,0.05,1,1,4.65667163486059e-13,6.2818999999987
1.41244834472241,0,-0.119293683734726,-0.992859011653216,0.010440271700669
0.0235663853447007,0,0.999999958624369,0.000287665203869684,-0.329503536945472
-9.48683977401366e-17,0,0.999999958624369,-0.000287665203869684,0.335402666481522
