Q,P,EigValReal,EigValImag,AGPgrad,N,alpha,k,E0,lmd,period
0,0,87.9921230519302,0,1.48496760376122,2,2.02,1,1,1.10985200272068e-14,5.37260000000082
0.98032761256951,0,0.999887398217323,0.0150063615242015,-1.55648545672031
0.305947979838743,0,0.999887398217323,-0.0150063615242015,-0.355771862037023
-4.41790909765954e-18,0,0.0113646536223753,0,-1.54860976201439
