Q,P,EigValReal,EigValImag,AGPgrad,N,alpha,k,E0,lmd,period
0,0,7.32997972935504,0,3.15293949374953,4,2.32999999999999,1,1,5.61638625147444e-14,7.9099999999949
1.19396116443657,0,-0.270429719495806,5.70989388090022,0.811195376461872
0.437987069898911,0,-0.270429719495806,-5.70989388090022,-2.61517646951313
0.235271091550481,0,0.999945990016553,0.010393125121162,1.61926482449382
0.102950723462681,0,0.999945990016553,-0.010393125121162,-0.520265996249731
-9.3928445091118e-18,0,-0.0082760910441706,0.174742634422335,-2.97947595677979
,,-0.0082760910441706,-0.174742634422335,-2.37115604599011
,,0.136426025299202,0,1.66844072800093
