Q,P,EigValReal,EigValImag,AGPgrad,N,alpha,k,E0,lmd,period
0,0,142.424563199999,0,1.73157153184827,2,2.29999999999999,1,1,2.93437745128941e-14,5.26300000000107
0.953443130101078,0,0.999922945905932,0.0124137927624053,-2.23006091510872
0.305596224874133,0,0.999922945905932,-0.0124137927624053,-0.298913383364272
-2.59165385797557e-18,0,0.00702126078244422,0,-1.91395180497294
