Q,P,EigValReal,EigValImag,AGPgrad,N,alpha,k,E0,lmd,period
0,0,107.637254949945,0,5.25589866660569,4,2.77999999999998,1,1,2.93357211937129e-13,7.67869999999544
1.1187109528077,0,59.2176075118966,0,-0.372756350704017
0.361524621713013,0,0.697123603882424,0.716950961301231,-4.07411204037623
0.261130628441447,0,0.697123603882424,-0.716950961301231,1.52591070244458
0.174056108265371,0,0.999975916473808,0.00694020692969976,-0.425359270534549
9.23946200165543e-18,0,0.999975916473808,-0.00694020692969976,-4.31525725811739
,,0.00929046360814686,0,-3.60061720577845
,,0.0168868693286889,0,0.824769475530373
