Q,P,EigValReal,EigValImag,AGPgrad,N,alpha,k,E0,lmd,period
0,0,0.999988908938649,0.00470977703062037,2.18753702327281,2,1.13,1,1,7.22575734289599e-15,5.79049999999984
1.10626546090149,0,0.999988908938649,-0.00470977703062037,-0.187394395896295
0.288688899870041,0,4.09930779419709,0,-2.17164512423713
-1.69832572398675e-17,0,0.243943624193242,0,-1.56115268822265
