Q,P,EigValReal,EigValImag,AGPgrad,N,alpha,k,E0,lmd,period
0,0,600.84667050006,0,3.3512213454124,2,3.59999999999997,1,1,3.30599018428833e-13,4.85150000000203
0.86356533101388,0,0.99986198528937,0.0166135599280335,-6.23692363798868
0.295909231264382,0,0.99986198528937,-0.0166135599280335,-0.122224562588104
1.7084002448517e-18,0,0.00166431811865283,0,-3.67823719158805
