Q,P,EigValReal,EigValImag,AGPgrad,N,alpha,k,E0,lmd,period
0,0,625.191963660039,0,3.42250269172951,2,3.64999999999997,1,1,1.25226655641616e-13,4.83820000000206
0.860860294789163,0,0.999826989239416,0.0186008491303308,-6.40761833466517
0.295442357499727,0,0.999826989239416,-0.0186008491303308,-0.116135106840978
1.80062892329052e-18,0,0.00159950872473109,0,-3.74282027786364
