Q,P,EigValReal,EigValImag,AGPgrad,N,alpha,k,E0,lmd,period
0,0,51.7567620700046,0,1.31904164474825,2,1.77,1,1,1.42721806637823e-13,5.47860000000057
1.00814940183983,0,0.999891870217603,0.0147053688394668,-1.04324170497713
0.304897568502781,0,0.999891870217603,-0.0147053688394668,-0.43024589871177
-6.60785720148032e-18,0,0.0193211468415342,0,-1.25199273139685
