Q,P,EigValReal,EigValImag,AGPgrad,N,alpha,k,E0,lmd,period
0,0,-0.907186338650884,0.420729065985712,0.808349201946315,4,0.46,1,1,4.64663197028515e-14,9.71949999999069
1.84939827605209,0,-0.907186338650884,-0.420729065985712,0.141976517199266
0.49370433495648,0,0.191437216696906,0.981504860947372,0.192616709377652
0.126392757095905,0,0.191437216696906,-0.981504860947372,-0.31894305476688
0.0300120234289946,0,0.999989899566076,0.00449452620828223,-0.522743206960571
-3.96547890554598e-17,0,0.999989899566076,-0.00449452620828223,-0.242106667786377
,,0.663292729064227,0.74836004407672,0.572727137868784
,,0.663292729064227,-0.74836004407672,-0.0290507295884621
