Q,P,EigValReal,EigValImag,AGPgrad,N,alpha,k,E0,lmd,period
0,0,419.625277853235,0,2.78390174807715,2,3.18999999999998,1,0.999999999999999,3.64746712145235e-13,4.96680000000176
0.887425471022694,0,0.999919137431724,0.0127168627322374,-4.86768037870099
0.299624059121663,0,0.999919137431724,-0.0127168627322374,-0.172860453150237
8.0933955410632e-19,0,0.00238307855239111,0,-3.13448252952601
