Q,P,EigValReal,EigValImag,AGPgrad,N,alpha,k,E0,lmd,period
0,0,-1.51776820868897,1.4660744191018,1.86946095868886,4,1.85,1,1,3.16743601578312e-14,8.24939999999411
1.28988264017401,0,-1.51776820868897,-1.4660744191018,-1.14849887676998
0.479481561062569,0,-0.340842144731117,0.329233374688785,1.12259349575763
0.217626765731287,0,-0.340842144731117,-0.329233374688785,0.467895069679535
0.0752158656276358,0,1.69627413926086,0,-0.424244084929085
-1.69970498258022e-17,0,0.999784373304304,0.0207655218224016,0.426056082733044
,,0.999784373304304,-0.0207655218224016,0.723516550899437
,,0.589527351065912,0,0.269841751629931
