Q,P,EigValReal,EigValImag,AGPgrad,N,alpha,k,E0,lmd,period
0,0,284.84583566819,0,2.30820899396083,2,2.81999999999998,1,1,1.41206330164417e-13,5.0814000000015
0.912040350503855,0,0.999978703144493,0.00652635099726999,-3.69886386144116
0.302637666992081,0,0.999978703144493,-0.00652635099726999,-0.220727008891971
-2.91824314036591e-19,0,0.00351067094841667,0,-2.62728231818354
