Q,P,EigValReal,EigValImag,AGPgrad,N,alpha,k,E0,lmd,period
0,0,-0.959898428980083,0.280348008806144,43.0042300353696,4,0.25,1,1,4.69434753247111e-13,9.98579999999007
2.06247564225464,0,-0.959898428980083,-0.280348008806144,-41.3706734932271
0.398611194016097,0,0.597784227268019,0.801657044894874,-18.9641715166927
0.068564191895828,0,0.597784227268019,-0.801657044894874,37.2437989771661
0.0107066010207402,0,0.999999714645561,0.000755452720718122,8.66503985663388
-5.4123260266525e-17,0,0.999999714645561,-0.000755452720718122,43.2357052226621
,,0.999993563746343,0.00358782188459325,-59.1850817368418
,,0.999993563746343,-0.00358782188459325,26.8373532411549
