Q,P,EigValReal,EigValImag,AGPgrad,N,alpha,k,E0,lmd,period
0,0,2433.88532492016,0,18.7582777007215,4,3.90999999999996,1,1,1.02423000029673e-13,7.22849999999649
1.02596691417287,0,384.504643048431,0,-2.97220151195542
0.265484457617949,0,-0.505471742975607,0.862843159019395,-20.6071052805759
0.262446310586092,0,-0.505471742975607,-0.862843159019395,9.10767066714362
0.25270610627193,0,0.999705172576798,0.0242810197845072,-0.128368202852967
3.38066145437426e-17,0,0.999705172576798,-0.0242810197845072,-12.4676864403229
,,0.00260074882683965,0,-11.1972548438079
,,0.000410865701792283,0,3.62177375809912
