Q,P,EigValReal,EigValImag,AGPgrad,N,alpha,k,E0,lmd,period
0,0,0.999973844905149,0.0072325310624878,0.882908191849205,4,1.97,1,1,4.01727653218688e-14,8.15739999999433
1.26573847034005,0,0.999973844905149,-0.0072325310624878,-1.95198070903682
0.47259409782193,0,-0.971077136724207,0.238765982777078,1.85752966688511
0.219135857019967,0,-0.971077136724207,-0.238765982777078,0.280452461393382
0.0795399572370145,0,-0.416395956696438,0.909183373828852,-0.0133852698915434
-1.52737291808889e-17,0,-0.416395956696438,-0.909183373828852,2.34191954893237
,,-0.109626862724681,0.993972811986868,1.7758831086365
,,-0.109626862724681,-0.993972811986868,0.0864226205588274
