Q,P,EigValReal,EigValImag,AGPgrad,N,alpha,k,E0,lmd,period
0,0,-1.83899455418149,2.41857816868616,-1.28611708955448,4,2.07,1,1,1.68589507334711e-14,8.0841999999945
1.24627985888331,0,-1.83899455418149,-2.41857816868616,-3.7262902952061
0.466007173837025,0,0.999859735968133,0.0167483846904336,4.04116682935051
0.221254954606634,0,0.999859735968133,-0.0167483846904336,-0.176535062170244
0.0834299023581248,0,0.240915212149658,0.970546166112034,0.676760750559141
-1.39765663698438e-17,0,0.240915212149658,-0.970546166112034,6.99609750665381
,,-0.199210337040128,0.261994126652706,4.31478891905748
,,-0.199210337040128,-0.261994126652706,-0.361728415349066
