Q,P,EigValReal,EigValImag,AGPgrad,N,alpha,k,E0,lmd,period
0,0,706.20065537799,0,3.65251179697448,2,3.80999999999996,1,1,3.37312027880943e-14,4.79660000000216
0.85246815888643,0,0.99981565494612,0.019200419906174,-6.95677206971572
0.293937823272828,0,0.99981565494612,-0.019200419906174,-0.0967386645216276
2.07486067648126e-18,0,0.00141602813870827,0,-3.94610828784548
