Q,P,EigValReal,EigValImag,AGPgrad,N,alpha,k,E0,lmd,period
0,0,1245.81226261554,0,4.97394449797452,2,4.70999999999994,1,1,6.71508549159036e-13,4.58740000000265
0.811452752416078,0,0.999970729584341,0.00765114206806625,-10.0756250567665
0.285463478110347,0,0.999970729584341,-0.00765114206806625,0.0102127127149358
3.1773195149804e-18,0,0.000802689159556427,0,-4.99133979560558
