Q,P,EigValReal,EigValImag,AGPgrad,N,alpha,k,E0,lmd,period
0,0,411.614822257613,0,2.75707700182733,2,3.16999999999998,1,0.999999999999999,1.87645298673874e-13,4.97270000000175
0.888674000772695,0,0.999969049353178,0.00786767663366786,-4.80237375845406
0.29979764863379,0,0.999969049353178,-0.00786767663366786,-0.175377390698672
7.57883185914884e-19,0,0.00242945575794217,0,-3.10724217660367
