Q,P,EigValReal,EigValImag,AGPgrad,N,alpha,k,E0,lmd,period
0,0,634.628815990172,0,10.3686255794904,4,3.28999999999997,1,1,9.9650235683206e-14,7.45919999999595
1.06955502546771,0,165.77613741391,0,-1.32609712641528
0.308628397483663,0,-0.0670370976851118,0.997750483606262,-9.90029015797002
0.26406922598508,0,-0.0670370976851118,-0.997750483606262,3.45502843397994
0.220873873738052,0,0.99998502630729,0.00547239999010619,-0.334628065185329
2.36395945910811e-17,0,0.99998502630729,-0.00547239999010619,-7.93117959974081
,,0.00157572422558619,0,-6.5251141002645
,,0.00603223126984284,0,1.40877265559885
