Q,P,EigValReal,EigValImag,AGPgrad,N,alpha,k,E0,lmd,period
0,0,250.157009594655,0,2.17596421934904,2,2.70999999999999,1,1,4.71215619208911e-13,5.11770000000141
0.920050340954244,0,0.999925338875045,0.0122195202696808,-3.36878135721509
0.303424719791397,0,0.999925338875045,-0.0122195202696808,-0.235760916627571
-6.9122507420543e-19,0,0.00399748942322034,0,-2.47535439494272
