Q,P,EigValReal,EigValImag,AGPgrad,N,alpha,k,E0,lmd,period
0,0,-0.406845373357615,0.913497040048583,0.19531985919678,2,0.31,1,1,1.20670590553247e-14,6.22769999999882
1.35246528480262,0,-0.406845373357615,-0.913497040048583,0.0282631257692354
0.140601041482028,0,0.999996315201708,0.00271469758375347,-0.253016248003223
-6.58024828594913e-17,0,0.999996315201708,-0.00271469758375347,0.299180586337787
