Q,P,EigValReal,EigValImag,AGPgrad,N,alpha,k,E0,lmd,period
0,0,31.4135102977432,0,1.24356229939781,2,1.58,1,1,4.98949906522044e-14,5.56480000000037
1.03245531603945,0,0.999962155341485,0.00869987843646319,-0.71649446132595
0.302739562390255,0,0.999962155341485,-0.00869987843646319,-0.522767757205311
-8.78415282138592e-18,0,0.0318334369678424,0,-1.0628566526345
