Q,P,EigValReal,EigValImag,AGPgrad,N,alpha,k,E0,lmd,period
0,0,1279.80541861695,0,5.04783365880571,2,4.75999999999994,1,1,7.04184749010852e-13,4.57690000000267
0.809430340039601,0,0.999873354667367,0.0159146041780552,-10.2486270321165
0.285001563701496,0,0.999873354667367,-0.0159146041780552,0.0160444071780119
3.22233521735838e-18,0,0.000781368781344559,0,-5.044721799879
