Q,P,EigValReal,EigValImag,AGPgrad,N,alpha,k,E0,lmd,period
0,0,33.2811500685468,0,1.24864535150791,2,1.6,1,1,1.0565906621193e-13,5.55550000000039
1.02974463350861,0,0.99993469612371,0.0114281883087488,-0.748161346106031
0.303039069156251,0,0.99993469612371,-0.0114281883087488,-0.510458531053847
-8.52896407793257e-18,0,0.0300470385770068,0,-1.08050345902231
