Q,P,EigValReal,EigValImag,AGPgrad,N,alpha,k,E0,lmd,period
0,0,660.022875530859,0,3.52267325515222,2,3.71999999999996,1,0.999999999999999,8.16210583640915e-13,4.81980000000211
0.857140366701406,0,0.999854635086279,0.0170501817137036,-6.64707765620732
0.294785814516796,0,0.999854635086279,-0.0170501817137036,-0.107635366811295
1.9243838517668e-18,0,0.0015150990022982,0,-3.83223127656088
