Q,P,EigValReal,EigValImag,AGPgrad,N,alpha,k,E0,lmd,period
0,0,27.0171566377448,0,1.23472394106983,2,1.53,1,1,1.64919656093008e-13,5.58840000000031
1.03940572678281,0,0.999925557901551,0.0122015841295066,-0.64029518274987
0.301903150681797,0,0.999925557901551,-0.0122015841295066,-0.557480391279022
-9.45299723308471e-18,0,0.0370135174995887,0,-1.0220298080022
