Q,P,EigValReal,EigValImag,AGPgrad,N,alpha,k,E0,lmd,period
0,0,-0.967981493279024,0.251021570127588,-3.90715901882743,4,0.26,1,1,9.39223676624538e-15,9.97409999999009
2.05088201635559,0,-0.967981493279024,-0.251021570127588,4.50920959674722
0.406346357307018,0,0.581705981819496,0.813399133707075,2.12519001906003
0.0719413020203603,0,0.581705981819496,-0.813399133707075,-4.0428768390021
0.0115753728534573,0,0.99999572709469,0.00292331872603785,-1.90826474968175
-5.32154866695267e-17,0,0.99999572709469,-0.00292331872603785,-4.9817095048221
,,0.999527442068564,0.0307391046042128,6.95579736692984
,,0.999527442068564,-0.0307391046042128,-2.54712749442814
