Q,P,EigValReal,EigValImag,AGPgrad,N,alpha,k,E0,lmd,period
0,0,1107.79888295295,0,4.66448527781695,2,4.49999999999995,1,1,7.65451800947164e-14,4.63280000000254
0.82020986775216,0,0.999963732973991,0.00851661534301465,-9.34967315664131
0.287418519389317,0,0.999963732973991,-0.00851661534301465,-0.0143928715885142
2.97284121000546e-18,0,0.000902690926118844,0,-4.76293131377966
