Q,P,EigValReal,EigValImag,AGPgrad,N,alpha,k,E0,lmd,period
0,0,34.2395778898676,0,1.25148575500871,2,1.61,1,1,7.98874091328086e-14,5.5509000000004
1.02840365852497,0,0.999887949323175,0.0149695957962624,-0.764264484776454
0.303181722684145,0,0.999887949323175,-0.0149695957962624,-0.504593227874053
-8.40389146049296e-18,0,0.0292059675273201,0,-1.08959793257248
