Q,P,EigValReal,EigValImag,AGPgrad,N,alpha,k,E0,lmd,period
0,0,-0.922113277149731,0.386920022878351,0.784036730016315,4,0.45,1,1,2.32808607975933e-14,9.73269999999066
1.8580526284247,0,-0.922113277149731,-0.386920022878351,0.160997266804172
0.49140026332522,0,0.21314702765653,0.97702013520765,0.198771397214741
0.124258435923853,0,0.21314702765653,-0.97702013520765,-0.326518506186355
0.0291140054053858,0,0.999975095960057,0.00705744002434862,-0.544463494391157
-4.01828750986654e-17,0,0.999975095960057,-0.00705744002434862,-0.265677510873348
,,0.696365964725131,0.717686869862082,0.596110643983008
,,0.696365964725131,-0.717686869862082,-0.0323048320894876
