Q,P,EigValReal,EigValImag,AGPgrad,N,alpha,k,E0,lmd,period
0,0,-0.847110747809437,0.531416391303214,0.314383891593275,2,0.52,1,1,1.04529748930096e-15,6.13069999999905
1.27453442028369,0,-0.847110747809437,-0.531416391303214,0.033284049438274
0.209663504193538,0,0.999998578443106,0.00168615294855089,-0.111473134961631
-4.56431922679732e-17,0,0.999998578443106,-0.00168615294855089,0.229059410313283
