Q,P,EigValReal,EigValImag,AGPgrad,N,alpha,k,E0,lmd,period
0,0,1387.86990638666,0,14.4814098268151,4,3.61999999999997,1,1,3.6306429567474e-13,7.33219999999625
1.04489263205952,0,268.313708487442,0,-2.11662368787335
0.283693538794654,0,-0.331684186874606,0.943390481286068,-15.0488556173349
0.263484111573577,0,-0.331684186874606,-0.943390481286068,5.9856938414153
0.24003348265024,0,0.999898104094379,0.0142752032517661,-0.237961224623521
2.97223682077244e-17,0,0.999898104094379,-0.0142752032517661,-10.2694953430045
,,0.000720528628702712,0,-8.83224280432707
,,0.0037269806520876,0,2.41564462979381
