Q,P,EigValReal,EigValImag,AGPgrad,N,alpha,k,E0,lmd,period
0,0,1334.96680822982,0,5.16578980496876,2,4.83999999999994,1,1,1.7453909390049e-13,4.56030000000271
0.806242115886473,0,0.999739924743042,0.0228053255763699,-10.524567306924
0.284265649772692,0,0.999739924743042,-0.0228053255763699,0.0253408024196509
3.29166023870129e-18,0,0.000749082296472075,0,-5.12890404216058
