Q,P,EigValReal,EigValImag,AGPgrad,N,alpha,k,E0,lmd,period
0,0,-0.617967421808971,0.786203704889987,0.265671870849694,2,0.41,1,1,6.77194798055492e-15,6.18579999999892
1.31565390020713,0,-0.617967421808971,-0.786203704889987,0.0323005290829654
0.177316645506075,0,0.999986546499236,0.00518717847372893,-0.193707264414728
-5.54118012252679e-17,0,0.999986546499236,-0.00518717847372893,0.264438105151704
