Q,P,EigValReal,EigValImag,AGPgrad,N,alpha,k,E0,lmd,period
0,0,0.999953688258482,0.0096239980391878,-0.110526412054156,2,0.910000000000001,1,1,6.48810156653685e-15,5.91159999999956
1.15503824028758,0,0.999953688258482,-0.0096239980391878,-0.0433696152686905
0.272923712718004,0,-0.286819154523571,0.957984745493587,0.813028593694375
-2.37757708080427e-17,0,-0.286819154523571,-0.957984745493587,0.476375362618491
