Q,P,EigValReal,EigValImag,AGPgrad,N,alpha,k,E0,lmd,period
0,0,-0.989519918020276,0.144396439849295,0.553683125235383,4,0.38,1,1,5.75118208824925e-14,9.82419999999044
1.92270409032254,0,-0.989519918020276,-0.144396439849295,0.330261401640277
0.470602020283306,0,0.360073374219767,0.932923986816709,0.254564930037774
0.107662162378619,0,0.360073374219767,-0.932923986816709,-0.410409229565528
0.0226641668017028,0,0.999982055439419,0.00599072609607605,-0.706753663060625
-4.42395289698562e-17,0,0.999982055439419,-0.00599072609607605,-0.476364353797201
,,0.87961831317956,0.475680168936183,0.833329987680045
,,0.87961831317956,-0.475680168936183,-0.0701742168520545
