Q,P,EigValReal,EigValImag,AGPgrad,N,alpha,k,E0,lmd,period
0,0,-1.9144570748757,2.55630672589029,-1.74940997586565,4,2.08,1,1,7.53027742248451e-14,8.07699999999451
1.24434755881075,0,-1.9144570748757,-2.55630672589029,-4.10685883998522
0.465282775650139,0,0.999978478715856,0.00656064821949018,4.54492847970416
0.221526188529227,0,0.999978478715856,-0.00656064821949018,-0.280129725303224
0.0838626803605887,0,0.309578215515177,0.950873981386736,0.812659674825128
-1.38467331703107e-17,0,0.309578215515177,-0.950873981386736,8.00923224880825
,,-0.187694630882934,0.250621992854442,4.87228019612905
,,-0.187694630882934,-0.250621992854442,-0.46582148079237
