Q,P,EigValReal,EigValImag,AGPgrad,N,alpha,k,E0,lmd,period
0,0,605.64125222642,0,3.36530190063918,2,3.60999999999997,1,1,9.03722645843078e-14,4.84880000000204
0.863021058935154,0,0.99991639708545,0.0129305390351714,-6.27066537893917
0.295816013399161,0,0.99991639708545,-0.0129305390351714,-0.121007950756788
1.72711009890831e-18,0,0.00165114248069107,0,-3.69098748276687
