Q,P,EigValReal,EigValImag,AGPgrad,N,alpha,k,E0,lmd,period
0,0,25.3631782646774,0,1.23295687103994,2,1.51,1,1,9.4377531301059e-14,5.59790000000029
1.04225824331013,0,0.999959906345298,0.00895464694529263,-0.610959524599681
0.301531226399632,0,0.999959906345298,-0.00895464694529263,-0.573249296049835
-9.73357519641577e-18,0,0.0394272354026268,0,-1.00714453370328
