Q,P,EigValReal,EigValImag,AGPgrad,N,alpha,k,E0,lmd,period
0,0,28.7295278135177,0,1.23754951990177,2,1.55,1,1,1.04960803860675e-14,5.57890000000034
1.03659511371206,0,0.999957445792194,0.0092253241010654,-0.670265242315118
0.302253274611445,0,0.999957445792194,-0.0092253241010654,-0.542853679550912
-9.18000623713243e-18,0,0.0348073942074156,0,-1.03775500962789
