Q,P,EigValReal,EigValImag,AGPgrad,N,alpha,k,E0,lmd,period
0,0,20.7319035085685,0,2.66243576776019,4,2.48999999999999,1,1,1.15907894921685e-13,7.82029999999511
1.16091341901676,0,10.1690051385087,0,0.136289167660725
0.407596630741311,0,6.35669364761735,0,-1.96548653069796
0.249830205385515,0,0.999979069139436,0.00647002960146698,1.61864810542191
0.129723331969988,0,0.999979069139436,-0.00647002960146698,-0.368239181147989
-3.14510896419113e-18,0,0.157314486970155,0,-1.61250841515352
,,0.0983380366493968,0,-2.02193395066774
,,0.0482348376542648,0,1.49860869377458
