Q,P,EigValReal,EigValImag,AGPgrad,N,alpha,k,E0,lmd,period
0,0,512.747764582743,0,3.08409585829369,2,3.40999999999997,1,1,5.04992086215626e-13,4.90350000000191
0.874231889554179,0,0.999945586570746,0.0104318693248103,-5.59479159607135
0.297661300322496,0,0.999945586570746,-0.0104318693248103,-0.145506540437008
1.32586126541612e-18,0,0.00195027666454614,0,-3.42917460963303
