Q,P,EigValReal,EigValImag,AGPgrad,N,alpha,k,E0,lmd,period
0,0,290.711266254676,0,7.61355781885927,4,3.02999999999998,1,1,2.74218293859489e-13,7.5671999999957
1.09233475209846,0,104.446136428385,0,-0.810573046414479
0.332709077019104,0,0.234221206507728,0.972183329635141,-6.63137889287114
0.263582032810186,0,0.234221206507728,-0.972183329635141,2.16889050296932
0.200506820045564,0,0.999824196238975,0.0187503764110011,-0.392062700804799
1.72813844245465e-17,0,0.999824196238975,-0.0187503764110011,-6.14061970402108
,,0.00957431298264405,0,-4.95809294844454
,,0.00343983916735388,0,0.925538241766771
