Q,P,EigValReal,EigValImag,AGPgrad,N,alpha,k,E0,lmd,period
0,0,1146.70269205103,0,4.7535872528131,2,4.55999999999995,1,1,1.5655433505668e-13,4.61970000000257
0.817663175490704,0,0.999800463616591,0.0199758091566258,-9.5589117387296
0.286857629485518,0,0.999800463616591,-0.0199758091566258,-0.00732048002432114
3.03393193815815e-18,0,0.000872065626608699,0,-4.82987328074076
