Q,P,EigValReal,EigValImag,AGPgrad,N,alpha,k,E0,lmd,period
0,0,630.038004312442,0,3.43648098370075,2,3.65999999999997,1,1,2.55190565453478e-13,4.83550000000207
0.860324137491082,0,0.999950246892627,0.00997515610216809,-6.44106905344571
0.295348759831877,0,0.999950246892627,-0.00997515610216809,-0.114924287786441
1.81868445979927e-18,0,0.00158720583981758,0,-3.75525071965232
