Q,P,EigValReal,EigValImag,AGPgrad,N,alpha,k,E0,lmd,period
0,0,0.99994112467649,0.0108511373001226,1.00894535646749,4,0.75,1,1,5.59126581195445e-13,9.34529999999156
1.64887385192382,0,0.99994112467649,-0.0108511373001226,-0.343971675284424
0.521375183189992,0,-0.0487990814388045,0.998808615126414,-0.0105295145817495
0.168737214852591,0,-0.0487990814388045,-0.998808615126414,-0.233923327651806
0.0524247601447664,0,-0.441667247173615,0.897178935761466,0.150295609527973
-2.79036236169831e-17,0,-0.441667247173615,-0.897178935761466,0.357773231221624
,,-0.607370653228155,0.79441858588353,0.291816356543507
,,-0.607370653228155,-0.79441858588353,-0.02265699679028
