Q,P,EigValReal,EigValImag,AGPgrad,N,alpha,k,E0,lmd,period
0,0,-0.951061434558478,0.309001857106985,4.25244379991528,4,0.24,1,1,7.89508207910983e-16,9.99739999999004
2.07417598058302,0,-0.951061434558478,-0.309001857106985,-3.50778091987289
0.390403099338052,0,0.613487291054251,0.789704592689513,-1.56894497348094
0.0651360925449554,0,0.613487291054251,-0.789704592689513,3.19235117101323
0.00985510421626062,0,0.999996504451359,0.0026440660069102,-0.101618902885897
-5.50622537863839e-17,0,0.999996504451359,-0.0026440660069102,3.41811685186945
,,0.99930569860269,0.0372574924030977,-4.5725655311484
,,0.99930569860269,-0.0372574924030977,2.63414122709085
