Q,P,EigValReal,EigValImag,AGPgrad,N,alpha,k,E0,lmd,period
0,0,0.999934367442868,0.0114569108674024,0.861745071233749,4,0.840000000000001,1,1,8.39990932502071e-15,9.23539999999181
1.60174529974976,0,0.999934367442868,-0.0114569108674024,-0.553031711930061
0.521892205332387,0,0.308967959748985,0.951072447213435,-0.120115258912038
0.176315667918377,0,0.308967959748985,-0.951072447213435,-0.268532859090394
0.0581094818793036,0,-0.6172709749986,0.786750623402538,0.467396161546533
-2.5117115912394e-17,0,-0.6172709749986,-0.786750623402538,0.650632609671556
,,-0.903571376829744,0.428437588189932,0.299477559079523
,,-0.903571376829744,-0.428437588189932,-0.0673302201393212
