Q,P,EigValReal,EigValImag,AGPgrad,N,alpha,k,E0,lmd,period
0,0,0.999959328966852,0.00901889195811935,-5.61061160253572,2,1.03,1,1,1.16233789273215e-14,5.84479999999972
1.12709322930039,0,0.999959328966852,-0.00901889195811935,-0.0877510458405043
0.282605376033842,0,0.787443289015278,0.616387107737353,8.39415517542889
-1.97462918849589e-17,0,0.787443289015278,-0.616387107737353,5.01257546674022
