Q,P,EigValReal,EigValImag,AGPgrad,N,alpha,k,E0,lmd,period
0,0,0.999994019878555,0.00345835324240585,0.325072343864588,2,0.58,1,1,3.14526546195526e-15,6.09829999999913
1.25308715117776,0,0.999994019878555,-0.00345835324240585,0.0310862360924222
0.223983461754638,0,-0.941229640195192,0.337767322898507,-0.0570505823934567
-4.10892842827263e-17,0,-0.941229640195192,-0.337767322898507,0.215028048744613
