Q,P,EigValReal,EigValImag,AGPgrad,N,alpha,k,E0,lmd,period
0,0,1007.42023918715,0,4.42847103792122,2,4.33999999999995,1,1,4.35533738396753e-13,4.66870000000246
0.827185909447674,0,0.999937240653837,0.011203336737373,-8.79441168391748
0.288921830186812,0,0.999937240653837,-0.011203336737373,-0.0332965695434167
2.79847491248658e-18,0,0.000992634415016538,0,-4.58250084987635
