Q,P,EigValReal,EigValImag,AGPgrad,N,alpha,k,E0,lmd,period
0,0,-1.51533102564872,1.80077088917803,2.26556567510009,4,1.78,1,1,1.74882042779924e-14,8.30509999999398
1.30459839062825,0,-1.51533102564872,-1.80077088917803,-0.844946871811557
0.483194012524525,0,2.71829468287703,0,0.95191133191865
0.217177958755871,0,0.999837638570821,0.0180193367561024,0.541520614404466
0.0724635450112345,0,0.999837638570821,-0.0180193367561024,-0.635942259745979
-1.82140089463727e-17,0,-0.273574644386931,0.325107350995033,-0.228458345949985
,,-0.273574644386931,-0.325107350995033,0.360831913092038
,,0.367877701523362,0,0.350468282887355
