Q,P,EigValReal,EigValImag,AGPgrad,N,alpha,k,E0,lmd,period
0,0,153.554512280054,0,5.99024063169407,4,2.85999999999998,1,1,6.04124004394578e-13,7.64209999999553
1.10962758869425,0,72.3646254489292,0,-0.509170629417896
0.351517722348021,0,0.519131127935344,0.854694607452999,-4.83300297785375
0.262267586990578,0,0.519131127935344,-0.854694607452999,1.66408961277343
0.183461091737631,0,0.99995498970351,0.00948781148733411,-0.418346447404978
1.20636934094814e-17,0,0.99995498970351,-0.00948781148733411,-4.9273951282275
,,0.00651234525890971,0,-4.02558009006606
,,0.013818906597039,0,0.805880697071772
