Q,P,EigValReal,EigValImag,AGPgrad,N,alpha,k,E0,lmd,period
0,0,1133.53121818643,0,4.72343368656642,2,4.53999999999995,1,1,8.77725469817973e-13,4.62400000000256
0.818508000438827,0,0.999981558241462,0.00607315213092901,-9.48813595132991
0.287044401398151,0,0.999981558241462,-0.00607315213092901,-0.00968870459184294
3.01381570992146e-18,0,0.000882198907995791,0,-4.80711680402232
