Q,P,EigValReal,EigValImag,AGPgrad,N,alpha,k,E0,lmd,period
0,0,17.6168495655562,0,2.48176168072764,4,2.45999999999999,1,1,1.22574860918151e-13,7.83619999999508
1.16660728391286,0,5.96209027576285,4.66739399685035,0.198422812847597
0.413434498625556,0,5.96209027576285,-4.66739399685035,-1.88623168346997
0.247468545377359,0,0.999736675117908,0.0229473402417381,1.65185803164505
0.1242825137468,0,0.999736675117908,-0.0229473402417381,-0.355657845511413
-4.50485391168274e-18,0,0.103994020857004,0.0814112242862638,-1.39525608829555
,,0.103994020857004,-0.0814112242862638,-1.89027293756026
,,0.0567638382945768,0,1.5935246419776
