Q,P,EigValReal,EigValImag,AGPgrad,N,alpha,k,E0,lmd,period
0,0,431.788318910647,0,2.82431509308461,2,3.21999999999998,1,1,4.01178791137177e-13,4.95800000000178
0.885568668455781,0,0.999853556691747,0.0171133039159011,-4.96595710864674
0.299361949350149,0,0.999853556691747,-0.0171133039159011,-0.169095665848076
8.85027382451644e-19,0,0.00231594963605438,0,-3.17523423966484
