Q,P,EigValReal,EigValImag,AGPgrad,N,alpha,k,E0,lmd,period
0,0,2065.03841281272,0,17.3594527458857,4,3.81999999999996,1,1,3.8054516094727e-13,7.25989999999642
1.03161175543591,0,345.610379023252,0,-2.68862489402298
0.27082647147107,0,-0.455596532685378,0.890186384642072,-18.7713680417339
0.262802788513483,0,-0.455596532685378,-0.890186384642072,8.04313164309824
0.249107171752881,0,0.999972374780985,0.00743301244511898,-0.165101300216556
3.2640756772871e-17,0,0.999972374780985,-0.00743301244511898,-11.7678563806528
,,0.00289343162244864,0,-10.427208209634
,,0.000484252491163337,0,3.21586045146026
