Q,P,EigValReal,EigValImag,AGPgrad,N,alpha,k,E0,lmd,period
0,0,23.769532303562,0,1.23234892960259,2,1.49,1,1,8.75300600097409e-14,5.60750000000027
1.04515382737007,0,0.999949966716292,0.010003202692445,-0.582323711100314
0.301136547482159,0,0.999949966716292,-0.010003202692445,-0.590306165178076
-1.00220248508806e-17,0,0.0420706637063229,0,-0.993273771890304
