Q,P,EigValReal,EigValImag,AGPgrad,N,alpha,k,E0,lmd,period
0,0,-0.864996952580629,0.501777113892433,0.31699345200158,2,0.53,1,1,1.87818819164612e-15,6.12539999999906
1.27089474503193,0,-0.864996952580629,-0.501777113892433,0.0330851310343836
0.212202957501921,0,0.999995185238797,0.00310314344103676,-0.102969237794483
-4.48471927116186e-17,0,0.999995185238797,-0.00310314344103676,0.226384365767277
