Q,P,EigValReal,EigValImag,AGPgrad,N,alpha,k,E0,lmd,period
0,0,591.289191242423,0,3.32300239514905,2,3.57999999999997,1,0.999999999999999,1.65957160572349e-13,4.85690000000202
0.864658839895277,0,0.999794748641711,0.0202598269601882,-6.16927291507298
0.296095413685786,0,0.999794748641711,-0.0202598269601882,-0.124661275782705
1.67057577519494e-18,0,0.00169121982069585,0,-3.65254636327135
