Q,P,EigValReal,EigValImag,AGPgrad,N,alpha,k,E0,lmd,period
0,0,-0.552153660021143,0.833742367716339,0.246750047566165,2,0.38,1,1,6.69344267030919e-16,6.19929999999889
1.32693811458177,0,-0.552153660021143,-0.833742367716339,0.0312424787645189
0.167026051406294,0,0.999996763870364,0.00254406147119053,-0.212984109437005
-5.83924416410141e-17,0,0.999996763870364,-0.00254406147119053,0.275101165234419
