Q,P,EigValReal,EigValImag,AGPgrad,N,alpha,k,E0,lmd,period
0,0,-0.160141526674461,0.987094064126803,0.0570840751292127,2,0.13,1,1,1.14345405589313e-14,6.27409999999872
1.40239861228219,0,-0.160141526674461,-0.987094064126803,0.0191551504269646
0.0611386345214087,0,0.999999513276404,0.000986634152667033,-0.317954375812533
-8.61881918200058e-17,0,0.999999513276404,-0.000986634152667033,0.334404032191746
