Q,P,EigValReal,EigValImag,AGPgrad,N,alpha,k,E0,lmd,period
0,0,0.999986816170682,0.0051349279317814,-1.63047095708053,2,1,1,1,5.48375590546739e-15,5.86129999999968
1.13375741828738,0,0.999986816170682,-0.0051349279317814,-0.0840032935467379
0.280456144085715,0,0.463041170498245,0.886336772577786,2.9467108231321
-2.06733679106367e-17,0,0.463041170498245,-0.886336772577786,1.70218391658007
