Q,P,EigValReal,EigValImag,AGPgrad,N,alpha,k,E0,lmd,period
0,0,0.999988547273977,0.00478595036156754,0.090704326573914,2,0.860000000000001,1,1,4.56346509123462e-15,5.9397999999995
1.16776844166874,0,0.999988547273977,-0.00478595036156754,-0.0237745130560224
0.267922125896749,0,-0.573102429621998,0.819483743073263,0.503645180947193
-2.57367717266901e-17,0,-0.573102429621998,-0.819483743073263,0.330399548857259
