Q,P,EigValReal,EigValImag,AGPgrad,N,alpha,k,E0,lmd,period
0,0,209.567662449674,0,2.01498183535715,2,2.56999999999999,1,1,1.95616897597099e-14,5.1655000000013
0.930781431845107,0,0.999846499801964,0.0175207543684126,-2.96259872544923
0.304321876344419,0,0.999846499801964,-0.0175207543684126,-0.255783290075312
-1.25966662135019e-18,0,0.00477172855918397,0,-2.2822246351114
