Q,P,EigValReal,EigValImag,AGPgrad,N,alpha,k,E0,lmd,period
0,0,112.814544806962,0,5.3473499769738,4,2.78999999999998,1,1,5.75907205221381e-13,7.67409999999545
1.11753470270927,0,60.798571689247,0,-0.389658403065952
0.360225349735049,0,0.672578639453884,0.740025657494421,-4.1659329000219
0.261298286690905,0,0.672578639453884,-0.740025657494421,1.53939559480818
0.175288243914927,0,0.99990285782956,0.0139382532775525,-0.424812918333553
9.60680366301981e-18,0,0.99990285782956,-0.0139382532775525,-4.39414070448382
,,0.00886410525978292,0,-3.65357508189294
,,0.0164477548109053,0,0.819141942027489
