Q,P,EigValReal,EigValImag,AGPgrad,N,alpha,k,E0,lmd,period
0,0,198.666938127436,0,1.97045830941795,2,2.52999999999999,1,1,9.64050112028085e-14,5.17940000000127
0.933966877589836,0,0.999995043207103,0.00314858081465511,-2.84920888029945
0.304552626971284,0,0.999995043207103,-0.00314858081465511,-0.261737613921718
-1.43594793319313e-18,0,0.00503355016906359,0,-2.22687707099245
