Q,P,EigValReal,EigValImag,AGPgrad,N,alpha,k,E0,lmd,period
0,0,2749.87936193885,0,19.8921191408734,4,3.97999999999996,1,1,6.13515999162521e-13,7.20439999999655
1.0217042759423,0,416.507951919136,0,-3.20486602756876
0.261502003477943,0,-0.541637881816447,0.840611922937005,-22.1060958765378
0.262152320969427,0,-0.541637881816447,-0.840611922937005,9.99730913955369
0.25532369333888,0,0.999842549528589,0.0177447499665047,-0.0979464516943849
3.46580305675211e-17,0,0.999842549528589,-0.0177447499665047,-13.0236266964519
,,0.00240091454350159,0,-11.8191572150954
,,0.000363652314320878,0,3.95690981539676
