Q,P,EigValReal,EigValImag,AGPgrad,N,alpha,k,E0,lmd,period
0,0,-1.44306204374648,1.9089403777136,2.48200219333483,4,1.74,1,1,3.92260801940988e-14,8.33759999999391
1.31326780773668,0,-1.44306204374648,-1.9089403777136,-0.69347937906794
0.485241489681007,0,3.040805666262,0,0.90292783315572
0.217091577245878,0,0.99999241247593,0.00389550902718113,0.582185068700155
0.0706772618252308,0,0.99999241247593,-0.00389550902718113,-0.766203104650545
-1.90355026988906e-17,0,-0.25199803089367,0.333353107277585,-0.546798158587347
,,-0.25199803089367,-0.333353107277585,0.187129993600731
,,0.328860213296459,0,0.399318271543959
