Q,P,EigValReal,EigValImag,AGPgrad,N,alpha,k,E0,lmd,period
0,0,802.902163578404,0,3.91408529754609,2,3.98999999999996,1,1,3.33340354696026e-13,4.75150000000226
0.843474175944629,0,0.999900113800182,0.0141337334791443,-7.57858260588312
0.292234201869448,0,0.999900113800182,-0.0141337334791443,-0.0750609685987648
2.34941664820326e-18,0,0.00124548176082449,0,-4.16857550267606
