Q,P,EigValReal,EigValImag,AGPgrad,N,alpha,k,E0,lmd,period
0,0,-0.752819360518216,0.658227172356893,0.18851318683943,4,0.05,1,1,9.89821250002294e-15,10.1570999999897
2.27359916285844,0,-0.752819360518216,-0.658227172356893,-0.0413414241379613
0.111540228449882,0,0.806951453388498,0.59061777138364,-0.0296852532314745
0.00455073729688271,0,0.806951453388498,-0.59061777138364,0.139964337049586
0.00016522976149036,0,0.893602044282026,0.448860096750623,-1.37240832821868
-8.12496153015753e-17,0,0.893602044282026,-0.448860096750623,-0.719441123891035
,,0.999999870942509,0.000508050164523591,0.826940285890707
,,0.999999870942509,-0.000508050164523591,1.23215080124796
