Q,P,EigValReal,EigValImag,AGPgrad,N,alpha,k,E0,lmd,period
0,0,56.8090778377617,0,1.34131303630939,2,1.81,1,1,6.37315602082924e-14,5.46110000000061
1.00340939417467,0,0.99987138351825,0.0160379681174199,-1.11924535832879
0.305181841433884,0,0.99987138351825,-0.0160379681174199,-0.415814576843655
-6.21241631772449e-18,0,0.0176028205009686,0,-1.2966514823204
