Q,P,EigValReal,EigValImag,AGPgrad,N,alpha,k,E0,lmd,period
0,0,117.232633475816,0,1.61918264524843,2,2.18,1,1,1.05210543373595e-13,5.30880000000097
0.964488740357617,0,0.999996503423704,0.00264445464040214,-1.92950785909597
0.30589786258688,0,0.999996503423704,-0.00264445464040214,-0.321163492378718
-3.30865200911381e-18,0,0.00853004807920854,0,-1.75434216094312
