Q,P,EigValReal,EigValImag,AGPgrad,N,alpha,k,E0,lmd,period
0,0,308.232370816242,0,2.39488943183808,2,2.88999999999998,1,1,5.95059195436925e-13,5.05890000000155
0.90712056667977,0,0.999911975779491,0.0132680327427084,-3.9137917290281
0.302105924219797,0,0.999911975779491,-0.0132680327427084,-0.211400862298596
-5.67615639873376e-20,0,0.00324430557792626,0,-2.72406209117562
