Q,P,EigValReal,EigValImag,AGPgrad,N,alpha,k,E0,lmd,period
0,0,517.204793846162,0,3.09797444283352,2,3.41999999999997,1,1,2.84400663521979e-13,4.90070000000192
0.873654476871178,0,0.999951039524355,0.0098953804478171,-5.62825761807106
0.297570159801182,0,0.999951039524355,-0.0098953804478171,-0.144274848626146
1.34735496232726e-18,0,0.00193347009169047,0,-3.44239524607008
