Q,P,EigValReal,EigValImag,AGPgrad,N,alpha,k,E0,lmd,period
0,0,727.14430357167,0,3.71025723248836,2,3.84999999999996,1,1,3.13381481674802e-13,4.78640000000218
0.850430075309385,0,0.999886080693037,0.0150938940169161,-7.09428100802779
0.293559900178037,0,0.999886080693037,-0.0150938940169161,-0.0919120390017869
2.13880023293687e-18,0,0.00137524284326221,0,-3.99591752015646
