Q,P,EigValReal,EigValImag,AGPgrad,N,alpha,k,E0,lmd,period
0,0,19.6702936368256,0,2.59481510720318,4,2.47999999999999,1,1,1.47612646893456e-13,7.8255999999951
1.16277624728819,0,7.45646895415462,2.56919413630787,0.156244646019676
0.409526136366301,0,7.45646895415462,-2.56919413630787,-1.93254669086433
0.249075412786756,0,0.999795570261699,0.0202192404686594,1.63100322855357
0.127913755307564,0,0.999795570261699,-0.0202192404686594,-0.363600042550632
-3.60237041720303e-18,0,0.119879523852378,0.0413055793079296,-1.53006747413947
,,0.119879523852378,-0.0413055793079296,-1.97420242707563
,,0.0508380819556789,0,1.53214511134426
