Q,P,EigValReal,EigValImag,AGPgrad,N,alpha,k,E0,lmd,period
0,0,48.1435642112683,0,1.30359038280552,2,1.74,1,1,1.40892250466583e-13,5.49180000000054
1.01178479220673,0,0.999993516277228,0.00360102811993865,-0.987769528743691
0.304649668956897,0,0.999993516277228,-0.00360102811993865,-0.441957751246789
-6.91748075924047e-18,0,0.0207712082888003,0,-1.21932824131182
