Q,P,EigValReal,EigValImag,AGPgrad,N,alpha,k,E0,lmd,period
0,0,-1.05626489095831,0.64716827238135,-1.12041366852615,4,1.04,1,1,5.42695403423321e-15,9.00499999999235
1.51386032208894,0,-1.05626489095831,-0.64716827238135,-2.10555457005527
0.518051276781159,0,-0.688334666768138,0.421739244507471,-0.92884491480139
0.186905582948316,0,-0.688334666768138,-0.421739244507471,-1.03603059428487
0.0702016563074628,0,0.904285215201167,0.426928857736969,2.92038580323196
-1.91892031755466e-17,0,0.904285215201167,-0.426928857736969,3.1465404162609
,,0.999970508702841,0.00767995602787052,0.752050142065876
,,0.999970508702841,-0.00767995602787052,-0.441080546184354
