Q,P,EigValReal,EigValImag,AGPgrad,N,alpha,k,E0,lmd,period
0,0,31.2161698517095,0,6.48520793410477,4,2.53999999999999,1,1,2.75146178357224e-13,7.79689999999517
1.14836947652638,0,29.5585275475311,0,0.614055131540743
0.393073054363742,0,1.47606481179728,0,1.63223682521621
0.258193067876971,0,1.04048079844757,0,-7.92614581177703
0.142501484481575,0,0.9610941417584,0,-1.05903257787205
-5.31664324899453e-19,0,0.677477026759452,0,1.46358189023332
,,0.0320346796147616,0,-0.361225767733233
,,0.0338311845335353,0,-10.047105381372
