Q,P,EigValReal,EigValImag,AGPgrad,N,alpha,k,E0,lmd,period
0,0,217.929834151927,0,2.0487363312524,2,2.59999999999999,1,1,3.09834159638489e-13,5.15510000000132
0.928428246956421,0,0.999866554763831,0.0163362377805209,-3.04822880264026
0.30414085822145,0,0.999866554763831,-0.0163362377805209,-0.251391916961171
-1.13168131414116e-18,0,0.00458863286860888,0,-2.32353913205842
