Q,P,EigValReal,EigValImag,AGPgrad,N,alpha,k,E0,lmd,period
0,0,-0.769076575953543,0.639156647716009,0.300785723693587,2,0.48,1,1,1.34546991905003e-14,6.151499999999
1.28930677038221,0,-0.769076575953543,-0.639156647716009,0.0335363806231399
0.198857250184223,0,0.999999983667108,0.000180736802976923,-0.143619523587172
-4.89798406019212e-17,0,0.999999983667108,-0.000180736802976923,0.240841258776748
