Q,P,EigValReal,EigValImag,AGPgrad,N,alpha,k,E0,lmd,period
0,0,-0.687402432855374,0.726276734657323,0.978261727125493,4,0.56,1,1,7.14444943075359e-14,9.58809999999099
1.77006419633052,0,-0.687402432855374,-0.726276734657323,-0.0241742604575287
0.510168641042222,0,0.999981286455872,0.00611773961920209,0.135001017864031
0.144874539390976,0,0.999981286455872,-0.00611773961920209,-0.266505728785581
0.0385524207451276,0,-0.030029163046198,0.999549022993243,-0.310715968543957
-3.49293824862802e-17,0,-0.030029163046198,-0.999549022993243,-0.0401238782721024
,,0.254679863027189,0.967025422296885,0.410222253859499
,,0.254679863027189,-0.967025422296885,-0.00804988207537543
