Q,P,EigValReal,EigValImag,AGPgrad,N,alpha,k,E0,lmd,period
0,0,786.390499465281,0,3.87035405335603,2,3.95999999999996,1,1,3.05693587611984e-13,4.75890000000225
0.844942115720445,0,0.999870765430281,0.0160764560038449,-7.47480712479075
0.292518531457742,0,0.999870765430281,-0.0160764560038449,-0.0786633806836348
2.30593652718828e-18,0,0.00127163286044659,0,-4.13200367784328
