Q,P,EigValReal,EigValImag,AGPgrad,N,alpha,k,E0,lmd,period
0,0,-2.03650614605461,4.29488870177322,8.11184638547512,4,2.22,1,1,3.88642138511244e-14,7.98029999999474
1.21694217282266,0,-2.03650614605461,-4.29488870177322,4.45846940262688
0.452913280418345,0,2.8751629495235,0,-7.72055665986597
0.227151161637267,0,0.999905131631552,0.0137741691908181,2.40807038237251
0.0917840205392837,0,0.999905131631552,-0.0137741691908181,-1.84494503384778
-1.18193484791922e-17,0,-0.0901371099762379,0.190094616703045,-13.8079927266838
,,-0.0901371099762379,-0.190094616703045,-7.87588639647252
,,0.347806373953868,0,2.41630501558555
