Q,P,EigValReal,EigValImag,AGPgrad,N,alpha,k,E0,lmd,period
0,0,78.2644754545797,0,1.43978047673678,2,1.96,1,1,3.5445750844952e-14,5.39730000000076
0.986635194403647,0,0.999891590195551,0.014724396634562,-1.42519396521544
0.305839043551118,0,0.999891590195551,-0.014724396634562,-0.370805060565269
-4.88699379747811e-18,0,0.012777189065531,0,-1.47407928530069
