Q,P,EigValReal,EigValImag,AGPgrad,N,alpha,k,E0,lmd,period
0,0,102.627951242198,0,5.1652973835566,4,2.76999999999998,1,1,5.35333912129338e-13,7.68339999999543
1.11989997217426,0,57.6590514727224,0,-0.355646889755447
0.362838798569789,0,0.722104611492517,0.691783875254068,-3.98322227243092
0.2609545562643,0,0.722104611492517,-0.691783875254068,1.51334563572685
0.172806835607215,0,0.999807707432457,0.0196098995070294,-0.426022981161499
8.86789757814278e-18,0,0.999807707432457,-0.0196098995070294,-4.23586772233726
,,0.00974393416103085,0,-3.54765592437138
,,0.0173433307426618,0,0.831260153445045
