Q,P,EigValReal,EigValImag,AGPgrad,N,alpha,k,E0,lmd,period
0,0,21.8161177671791,0,2.73542359924379,4,2.49999999999999,1,1,8.16561793368609e-14,7.81509999999512
1.15908573751466,0,13.1047413573574,0,0.116816179372627
0.405686958747582,0,5.11724766930747,0,-2.00391732009305
0.250552155887181,0,0.999986434706233,0.00520868539365762,1.60540833121101
0.131524143956511,0,0.999986434706233,-0.00520868539365762,-0.373000208150612
-2.68524899817347e-18,0,0.195417549554672,0,-1.70178462414499
,,0.0763082591811842,0,-2.07227946693388
,,0.0458376696840437,0,1.46380132930808
