Q,P,EigValReal,EigValImag,AGPgrad,N,alpha,k,E0,lmd,period
0,0,926.737874651257,0,12.1453708346761,4,3.43999999999997,1,1,4.81510637037011e-13,7.40019999999609
1.05785892256181,0,208.728381272763,0,-1.66393044996694
0.296642381075913,0,-0.198977021978904,0.980004155464617,-12.0944142819457
0.2639132237966,0,-0.198977021978904,-0.980004155464617,4.47721554816123
0.230338003862009,0,0.999925340250738,0.0122194077986865,-0.294070619097176
2.66319283731314e-17,0,0.999925340250738,-0.0122194077986865,-8.97747832815408
,,0.00107905377232519,0,-7.52616532796546
,,0.00479091532245782,0,1.81650119011233
