Q,P,EigValReal,EigValImag,AGPgrad,N,alpha,k,E0,lmd,period
0,0,-0.270379624494784,0.962753789220312,0.130407598514562,2,0.23,1,1,1.70142015291564e-15,6.25339999999876
1.37846382946713,0,-0.270379624494784,-0.962753789220312,0.0245618446562141
0.106804595099793,0,0.999997378810125,0.00228962286953165,-0.289157514843659
-7.48094452117407e-17,0,0.999997378810125,-0.00228962286953165,0.321062129904759
