Q,P,EigValReal,EigValImag,AGPgrad,N,alpha,k,E0,lmd,period
0,0,748.394927819906,0,3.76820838999572,2,3.88999999999996,1,1,9.10775144249645e-14,4.77630000000221
0.848414924383693,0,0.999933830991474,0.0115036358659424,-7.23214164835805
0.293181509246169,0,0.999933830991474,-0.0115036358659424,-0.0870914429979949
2.20101910062949e-18,0,0.0013361929150176,0,-4.0454902124036
