Q,P,EigValReal,EigValImag,AGPgrad,N,alpha,k,E0,lmd,period
0,0,814.011321239815,0,3.94331829435206,2,4.00999999999996,1,1,2.40031565352266e-13,4.74660000000228
0.84250220856864,0,0.999903964332573,0.0138586475499096,-7.64791341151439
0.292044613816183,0,0.999903964332573,-0.0138586475499096,-0.0726604896099966
2.3779251380213e-18,0,0.00122848414118237,0,-4.19291207364481
