Q,P,EigValReal,EigValImag,AGPgrad,N,alpha,k,E0,lmd,period
0,0,-0.168070173919561,0.985775033483123,0.063464492331754,2,0.14,1,1,3.10147992861267e-15,6.27259999999872
1.4005402852273,0,-0.168070173919561,-0.985775033483123,0.0198414185686689
0.0658004118127178,0,0.999999369932045,0.00112255757651963,-0.315876107372765
-8.50679656632919e-17,0,0.999999369932045,-0.00112255757651963,0.333769515882938
