Q,P,EigValReal,EigValImag,AGPgrad,N,alpha,k,E0,lmd,period
0,0,-0.759344381067428,0.650688950990668,0.230755035671865,4,0.06,1,1,1.09779037972168e-14,10.1530999999897
2.26743247497935,0,-0.759344381067428,-0.650688950990668,-0.0521348644396688
0.132639535312329,0,0.802683359288346,0.596405419762084,-0.0350838445027275
0.00646436166645098,0,0.802683359288346,-0.596405419762084,0.161865948031862
0.000280539647947387,0,0.897962540405129,0.440071898704256,-1.35689205274089
-7.94060036652215e-17,0,0.897962540405129,-0.440071898704256,-0.680528106090743
,,0.99999971663778,0.000752810994631986,0.80381680168813
,,0.99999971663778,-0.000752810994631986,1.19302904364941
