Q,P,EigValReal,EigValImag,AGPgrad,N,alpha,k,E0,lmd,period
0,0,-0.978759135177112,0.205013549082345,2.1680185191548,4,1.21,1,1,1.39050618104882e-14,8.82499999999277
1.45214609870628,0,-0.978759135177112,-0.205013549082345,0.846694198233998
0.512860797824706,0,0.121651254194649,0.992572905308657,0.197628426124563
0.186832750468742,0,0.121651254194649,-0.992572905308657,0.511750104751445
0.086834435709719,0,0.994444158456542,0.105265453552693,-1.2161873441754
-1.09140517063049e-17,0,0.994444158456542,-0.105265453552693,-0.860721809432782
,,0.999951112388784,0.00988801458545102,0.0970122207868225
,,0.999951112388784,-0.00988801458545102,-0.643918034895766
