Q,P,EigValReal,EigValImag,AGPgrad,N,alpha,k,E0,lmd,period
0,0,581.775498571358,0,3.29471178085106,2,3.55999999999997,1,1,4.04587593691521e-14,4.86230000000201
0.865759033966585,0,0.999782821127655,0.0208401194344266,-6.10141112989187
0.296281240657235,0,0.999782821127655,-0.0208401194344266,-0.127102541332523
1.63220323279458e-18,0,0.00171887609946448,0,-3.62660598349963
