Q,P,EigValReal,EigValImag,AGPgrad,N,alpha,k,E0,lmd,period
0,0,0.999990226665138,0.00442115077930908,-0.243321299049827,2,0.930000000000001,1,1,9.84605068991956e-15,5.90029999999959
1.15013371429932,0,0.999990226665138,-0.00442115077930908,-0.0520800693814406
0.274750904362893,0,-0.147420862147066,0.98907385437277,1.00787409434967
-2.30414213769928e-17,0,-0.147420862147066,-0.98907385437277,0.57796270903049
