Q,P,EigValReal,EigValImag,AGPgrad,N,alpha,k,E0,lmd,period
0,0,732.484809972108,0,3.72494203980917,2,3.85999999999996,1,0.999999999999999,4.68947802536377e-14,4.78390000000219
0.849924157197673,0,0.999820700962961,0.0189358370827593,-7.12922247756678
0.293465341844089,0,0.999820700962961,-0.0189358370827593,-0.0907020252733727
2.15451393555699e-18,0,0.00136521602438967,0,-4.00861382272574
