Q,P,EigValReal,EigValImag,AGPgrad,N,alpha,k,E0,lmd,period
0,0,190.729549694745,0,1.93771146620136,2,2.49999999999999,1,1,1.21053642156302e-13,5.19000000000124
0.936392898182014,0,0.999981531176495,0.00607760691426233,-2.76548037386672
0.304717242562388,0,0.999981531176495,-0.00607760691426233,-0.26628578848312
-1.5725623138065e-18,0,0.00524302606281626,0,-2.18570335562485
