Q,P,EigValReal,EigValImag,AGPgrad,N,alpha,k,E0,lmd,period
0,0,0.856258021365555,0.516548352864603,0.640847103463968,5,0.13,1,1,1.46491039995256e-14,12.0497999999853
2.57441604407732,0,0.856258021365555,-0.516548352864603,0.0474730469000999
0.397560320819558,0,0.999998824800913,0.00153310038711665,-0.20803260701449
0.0560496235709106,0,0.999998824800913,-0.00153310038711665,0.0884085558727243
0.00705481816967557,0,-0.386824042669623,0.922153544705401,0.235518582972159
0.000927563035936191,0,-0.386824042669623,-0.922153544705401,-1.42252191668643
6.5032008485323e-16,0,-0.278463454232163,0.960446825522936,-1.05717443392379
,,-0.278463454232163,-0.960446825522936,0.181734953570851
,,-0.314693462577597,0.949193354702252,1.01713597589624
,,-0.314693462577597,-0.949193354702252,0.942090927757453
