Q,P,EigValReal,EigValImag,AGPgrad,N,alpha,k,E0,lmd,period
0,0,322.028666833974,0,2.44512317271114,2,2.92999999999998,1,1,6.13504730531178e-13,5.04620000000158
0.904367853978961,0,0.999925275181287,0.0122247312303378,-4.03789350544999
0.301792672990702,0,0.999925275181287,-0.0122247312303378,-0.206141215634855
7.14237319171198e-20,0,0.00310531360352646,0,-2.77914507738423
