Q,P,EigValReal,EigValImag,AGPgrad,N,alpha,k,E0,lmd,period
0,0,-0.856097720423513,0.516813983059328,-6.37721599480141,4,1.09,1,1,1.06955986748155e-14,8.95049999999248
1.49474676833628,0,-0.856097720423513,-0.516813983059328,-5.99516173111482
0.516517988156305,0,-0.738011911255089,0.674787684272335,-2.8440027404475
0.188211261238993,0,-0.738011911255089,-0.674787684272335,-3.28308299028117
0.0736463701639291,0,0.978090768781489,0.208178884674807,9.03164042122898
-1.74868219271878e-17,0,0.978090768781489,-0.208178884674807,9.43708287001917
,,0.999929834378808,0.011845941041543,1.99671974395654
,,0.999929834378808,-0.011845941041543,-1.11937954415148
