Q,P,EigValReal,EigValImag,AGPgrad,N,alpha,k,E0,lmd,period
0,0,22.2351279960628,0,1.23302707047384,2,1.47,1,1,4.47015493204067e-14,5.61720000000025
1.04809368694059,0,0.999897765349104,0.0142989107939818,-0.554386946293751
0.300718110407203,0,0.999897765349104,-0.0142989107939818,-0.608831300251866
-1.03186444687345e-17,0,0.0449738809768194,0,-0.980527742577841
