Q,P,EigValReal,EigValImag,AGPgrad,N,alpha,k,E0,lmd,period
0,0,-1.98200569036396,2.69036235651707,-2.32721307691918,4,2.09,1,1,3.43142601700052e-14,8.06989999999453
1.24241536709196,0,-1.98200569036396,-2.69036235651707,-4.58249155256115
0.464543057048136,0,0.999909937321072,0.0134207766752986,5.1820845125011
0.221810684475693,0,0.999909937321072,-0.0134207766752986,-0.411330085187049
0.0843070736396648,0,0.37997349719219,0.924997373742939,0.979903075725213
-1.3716124965748e-17,0,0.37997349719219,-0.924997373742939,9.27581284457877
,,-0.177497346583436,0.240933808591616,5.57143925477381
,,-0.177497346583436,-0.240933808591616,-0.598555558224168
