Q,P,EigValReal,EigValImag,AGPgrad,N,alpha,k,E0,lmd,period
0,0,15.4017096562824,0,1.26265700931663,2,1.37,1,1,3.06915603707184e-14,5.66630000000013
1.0635026870488,0,0.999968032929653,0.00799581883188125,-0.424856660009742
0.298230610452636,0,0.999968032929653,-0.00799581883188125,-0.733021233759819
-1.19357742382486e-17,0,0.0649278568624403,0,-0.938991845638855
