Q,P,EigValReal,EigValImag,AGPgrad,N,alpha,k,E0,lmd,period
0,0,490.754382305188,0,3.01499027171239,2,3.35999999999997,1,1,3.39972557660897e-13,4.91760000000188
0.877146986409886,0,0.999920601291636,0.0126012345631549,-5.42797025840124
0.298114819492288,0,0.999920601291636,-0.0126012345631549,-0.151678233015246
1.21594753619343e-18,0,0.00203767920686089,0,-3.36283980398322
