Q,P,EigValReal,EigValImag,AGPgrad,N,alpha,k,E0,lmd,period
0,0,0.999958010175269,0.00916394491093984,0.499841458347756,4,0.930000000000001,1,1,1.12291526253703e-14,9.12929999999206
1.55966962047453,0,0.999958010175269,-0.00916394491093984,-0.885148877793633
0.52077704882332,0,0.625017501572718,0.780610737005206,-0.297888697350257
0.182082128606273,0,0.625017501572718,-0.780610737005206,-0.388454045184098
0.0634909028086721,0,-0.780883747985781,0.62467637391828,0.985750136224199
-2.24857826498053e-17,0,-0.780883747985781,-0.62467637391828,1.16067615057561
,,-0.998065364654105,0.0621733695230943,0.369918037370132
,,-0.998065364654105,-0.0621733695230943,-0.155718125642535
