Q,P,EigValReal,EigValImag,AGPgrad,N,alpha,k,E0,lmd,period
0,0,403.741773793758,0,2.73061385407515,2,3.14999999999998,1,1,2.31168800148625e-13,4.97870000000174
0.889931194567674,0,0.999876573852267,0.0157110490319085,-4.73788500662927
0.299970271889315,0,0.999876573852267,-0.0157110490319085,-0.177898159582982
7.05609268720136e-19,0,0.00247683064845439,0,-3.08035219996906
