Q,P,EigValReal,EigValImag,AGPgrad,N,alpha,k,E0,lmd,period
0,0,7.90571157633418,0,2.98655324890812,4,2.33999999999999,1,1,1.09364253389401e-13,7.90399999999492
1.19179877383615,0,0.0200161131973615,5.82709067226266,0.716782569985922
0.436306542299533,0,0.0200161131973615,-5.82709067226266,-2.47180458490713
0.236191910950797,0,0.999798639310801,0.0200669088876457,1.62148972081706
0.104307934703045,0,0.999798639310801,-0.0200669088876457,-0.482539244295824
-9.09999520463492e-18,0,0.000589482711004119,0.171610200885928,-2.62937934511266
,,0.000589482711004119,-0.171610200885928,-2.2293898450699
,,0.126490827592821,0,1.67358349780188
