Q,P,EigValReal,EigValImag,AGPgrad,N,alpha,k,E0,lmd,period
0,0,0.999970325477043,0.00770377604429695,1.03314741691251,4,0.63,1,1,1.73874876567708e-13,9.4971999999912
1.72144552075288,0,0.999970325477043,-0.00770377604429695,-0.13394466388523
0.516511071697747,0,-0.457787193017858,0.889061800950206,0.0899569932480795
0.155137426505633,0,-0.457787193017858,-0.889061800950206,-0.244139054994111
0.044011324316461,0,-0.185736546778974,0.982599580292309,-0.157015551401039
-3.21028564916502e-17,0,-0.185736546778974,-0.982599580292309,0.0919168276267778
,,-0.0942226728097068,0.995551147821437,0.344817620418562
,,-0.0942226728097068,-0.995551147821437,-0.00384251039868451
