Q,P,EigValReal,EigValImag,AGPgrad,N,alpha,k,E0,lmd,period
0,0,-1.07863719457159,0.586509856752133,-0.3544436414254,4,1.01,1,1,3.47806325606673e-14,9.03829999999227
1.52581067881717,0,-1.07863719457159,-0.586509856752133,-1.54004977282981
0.518900953407411,0,-0.715536672289557,0.389073650785917,-0.640933563626186
0.18583704544011,0,-0.715536672289557,-0.389073650785917,-0.720218741023619
0.0683016309446851,0,0.842885293915537,0.538093283084741,2.02414592186731
-2.01251445306757e-17,0,0.842885293915537,-0.538093283084741,2.22235557449016
,,0.999981616871754,0.00606349062524004,0.569171855225278
,,0.999981616871754,-0.00606349062524004,-0.319431494994441
