Q,P,EigValReal,EigValImag,AGPgrad,N,alpha,k,E0,lmd,period
0,0,93.1049784848806,0,1.50866046122798,2,2.05,1,1,1.09062297358966e-13,5.36040000000085
0.977252569815351,0,0.999911016109732,0.0133401597593753,-1.62391373652879
0.305974203041887,0,0.999911016109732,-0.0133401597593753,-0.348733891371327
-4.19492581480053e-18,0,0.0107405642136652,0,-1.5864518629071
