Q,P,EigValReal,EigValImag,AGPgrad,N,alpha,k,E0,lmd,period
0,0,-2.17131987793551,3.2004134347799,-7.71777221068156,4,2.13,1,1,6.51023714029875e-14,8.0416999999946
1.2346731040764,0,-2.17131987793551,-3.2004134347799,-9.05894385080181
0.461408342943899,0,0.685475965481411,0.728095255270374,11.331251849523
0.223097835240477,0,0.685475965481411,-0.728095255270374,-1.68673258333693
0.0862244234278332,0,0.999953913119136,0.00960060611344987,2.49704224027122
-1.31812610305216e-17,0,0.999953913119136,-0.00960060611344987,21.1425715661539
,,-0.145168134482596,0.213970337867369,12.1958239653176
,,-0.145168134482596,-0.213970337867369,-1.90989214483882
