Q,P,EigValReal,EigValImag,AGPgrad,N,alpha,k,E0,lmd,period
0,0,-0.827448567978094,0.561541509909108,0.573550457211693,4,0.13,1,1,5.62292956576599e-15,10.1081999999898
2.20337013304534,0,-0.827448567978094,-0.561541509909108,-0.179310909001719
0.26086798892252,0,0.752634963858405,0.658438008606619,-0.0832474529524577
0.0262365750067871,0,0.752634963858405,-0.658438008606619,0.293910817209749
0.0023641432760379,0,0.942048397026086,0.335477000196128,-1.1606786143005
-6.79951002880763e-17,0,0.942048397026086,-0.335477000196128,-0.32966388746659
,,0.999998573945706,0.00168881809503897,0.480471364317359
,,0.999998573945706,-0.00168881809503897,0.920379786879256
