Q,P,EigValReal,EigValImag,AGPgrad,N,alpha,k,E0,lmd,period
0,0,2797.28606511181,0,20.0575489301992,4,3.98999999999996,1,1,8.51609784571821e-13,7.20099999999656
1.02110403120235,0,421.221573864006,0,-3.23899022547795
0.26094480871844,0,-0.546703007857055,0.837326591714774,-22.3255564489419
0.262109253724489,0,-0.546703007857055,-0.837326591714774,10.1289782224644
0.255685431655503,0,0.999816897581017,0.0191356033094591,-0.0934684944786249
3.4775939400736e-17,0,0.999816897581017,-0.0191356033094591,-13.1039692427438
,,0.00237404744231482,0,-11.9097250773247
,,0.000357489359079413,0,4.00622270751707
