Q,P,EigValReal,EigValImag,AGPgrad,N,alpha,k,E0,lmd,period
0,0,-1.2751341472424,0.977441605092801,1.45694741922427,4,1.91,1,1,1.05359836946005e-14,8.20279999999422
1.27766467410906,0,-1.2751341472424,-0.977441605092801,-1.48209776133723
0.476138185769269,0,-0.493977806241018,0.378653854464349,1.38973431813515
0.218263521481916,0,-0.493977806241018,-0.378653854464349,0.390891569135436
0.0773898744710592,0,0.638384131112121,0.769717936093483,-0.236561921758802
-1.6096292026614e-17,0,0.638384131112121,-0.769717936093483,1.19097017442656
,,0.999986221151014,0.00524952455727711,1.14644413942993
,,0.999986221151014,-0.00524952455727711,0.192747996600402
