Q,P,EigValReal,EigValImag,AGPgrad,N,alpha,k,E0,lmd,period
0,0,0.99994099328909,0.0108632380059318,0.77428309509241,4,0.870000000000001,1,1,1.0212454183494e-14,9.1995999999919
1.58720478626241,0,0.99994099328909,-0.0108632380059318,-0.643291071463429
0.521667694886707,0,0.420588225936667,0.907251643263021,-0.168399840277796
0.178425686579973,0,0.420588225936667,-0.907251643263021,-0.294879875874835
0.059923455192487,0,-0.672316820192334,0.740263529620681,0.606908590979513
-2.4230468310554e-17,0,-0.672316820192334,-0.740263529620681,0.784996607739939
,,-0.960856479727444,0.277046612261869,0.31378609247543
,,-0.960856479727444,-0.277046612261869,-0.0905388069029445
