Q,P,EigValReal,EigValImag,AGPgrad,N,alpha,k,E0,lmd,period
0,0,800.690001627441,0,11.4169470141937,4,3.37999999999997,1,0.999999999999999,3.37059617442129e-13,7.42359999999604
1.06243055549165,0,190.860684778528,0,-1.52471272181235
0.301294120006397,0,-0.149176852412381,0.988810531246903,-11.1884204269636
0.264002269954349,0,-0.149176852412381,-0.988810531246903,4.04324304140933
0.226720063441079,0,0.999738567820339,0.0228647329217108,-0.310973124184985
2.54852714156564e-17,0,0.999738567820339,-0.0228647329217108,-8.55628404138027
,,0.00124892280062946,0,-7.11652784377302
,,0.00523942372418761,0,1.64307434590523
