Q,P,EigValReal,EigValImag,AGPgrad,N,alpha,k,E0,lmd,period
0,0,8.4735427567033,0,1.43962643156688,2,1.24,1,1,2.33185786678335e-14,5.73249999999998
1.08553292728649,0,0.999972038126858,0.00747816584681067,-0.282740562620353
0.29380461727122,0,0.999972038126858,-0.00747816584681067,-1.07393684473029
-1.44322424798601e-17,0,0.118014392410916,0,-1.0032040918722
