Q,P,EigValReal,EigValImag,AGPgrad,N,alpha,k,E0,lmd,period
0,0,9.89001234232926,0,1.3731650085855,2,1.27,1,1,2.36386468243537e-14,5.71700000000001
1.0802280585736,0,0.999965101810948,0.00835434977925919,-0.312853429989252
0.294964832250002,0,0.999965101810948,-0.00835434977925919,-0.961157106163374
-1.38110625974697e-17,0,0.101112108396487,0,-0.966632280182903
