Q,P,EigValReal,EigValImag,AGPgrad,N,alpha,k,E0,lmd,period
0,0,0.999999030256886,0.00139265405124649,0.931807617980355,5,0.2,1,0.999999999999999,1.08862179921016e-14,11.9545999999855
2.44403716075667,0,0.999999030256886,-0.00139265405124649,-0.000858466876908868
0.510402940162271,0,0.789270944811437,0.614045092543271,-0.233947308964634
0.100320265703903,0,0.789270944811437,-0.614045092543271,0.0805569024095159
0.0177131517114975,0,-0.169059777629,0.985605799286929,0.219708310970026
0.00326521352328535,0,-0.169059777629,-0.985605799286929,-1.07904680624259
5.67268065729117e-16,0,-0.530224182674845,0.847857485729054,-0.633072431547555
,,-0.530224182674845,-0.847857485729054,0.110512030360502
,,-0.451642926998468,0.892198781938337,0.535599610429522
,,-0.451642926998468,-0.892198781938337,0.567858325125905
