Q,P,EigValReal,EigValImag,AGPgrad,N,alpha,k,E0,lmd,period
0,0,301.456077755505,0,2.36997976819063,2,2.86999999999998,1,1,1.16947559652111e-13,5.06530000000153
0.908512702382927,0,0.999905363873795,0.0137572997478879,-3.8521327188879
0.302260067140153,0,0.999905363873795,-0.0137572997478879,-0.214048815284496
-1.2249650812399e-19,0,0.0033172328371496,0,-2.69649086041613
