Q,P,EigValReal,EigValImag,AGPgrad,N,alpha,k,E0,lmd,period
0,0,508.303129604704,0,3.07020622045586,2,3.39999999999997,1,1,2.23171272621024e-13,4.9063000000019
0.874811155519402,0,0.999954381603928,0.00955168629795029,-5.56128725047244
0.297752299995314,0,0.999954381603928,-0.00955168629795029,-0.146739470168673
1.30420665607061e-18,0,0.00196733000803419,0,-3.41589542753643
