Q,P,EigValReal,EigValImag,AGPgrad,N,alpha,k,E0,lmd,period
0,0,91.3748939686001,0,1.50064700320842,2,2.04,1,1,4.02883049730893e-14,5.36440000000084
0.97827191788086,0,0.999981545833658,0.00607519482104679,-1.60118766972404
0.305967450603368,0,0.999981545833658,-0.00607519482104679,-0.351047388154312
-4.26843112981397e-18,0,0.0109439251480702,0,-1.57368952062565
