Q,P,EigValReal,EigValImag,AGPgrad,N,alpha,k,E0,lmd,period
0,0,0.999941537675876,0.0108130120874821,-0.0132832500800884,2,0.890000000000001,1,1,2.10550744551463e-15,5.92289999999953
1.16004845263245,0,0.999941537675876,-0.0108130120874821,-0.0351413696152233
0.271000074686944,0,-0.411706261377491,0.911316604886889,0.666540619236822
-2.45380505244266e-17,0,-0.411706261377491,-0.911316604886889,0.404208608839248
