Q,P,EigValReal,EigValImag,AGPgrad,N,alpha,k,E0,lmd,period
0,0,859.137631998002,0,4.0604213451144,2,4.08999999999996,1,1,2.8805795045222e-13,4.72720000000232
0.838666420347616,0,0.999942958877929,0.0106807766720551,-7.92534314626447
0.291286226472792,0,0.999942958877929,-0.0106807766720551,-0.0630768962864974
2.48826923768274e-18,0,0.00116395786066653,0,-4.28934646453141
