Q,P,EigValReal,EigValImag,AGPgrad,N,alpha,k,E0,lmd,period
0,0,-2.09716228288741,4.17176145658701,9.60698846872006,4,2.21,1,1,3.86180812445119e-14,7.98699999999472
1.2189486045684,0,-2.09716228288741,-4.17176145658701,5.67973905277725
0.453985913997091,0,2.58200890536864,0,-9.4135070758816
0.226602222311524,0,0.999833570268503,0.018243677373193,2.74845448212324
0.0910495532082247,0,0.999833570268503,-0.018243677373193,-2.25939259168261
-1.19880464085562e-17,0,-0.0961926771824287,0.191350429268336,-17.1031796210216
,,-0.0961926771824287,-0.191350429268336,-9.69360752428173
,,0.387295333459469,0,2.76409085539856
