Q,P,EigValReal,EigValImag,AGPgrad,N,alpha,k,E0,lmd,period
0,0,0.99997633238576,0.00688001949942943,1.04231988102933,4,0.68,1,1,2.66025299010893e-13,9.43319999999135
1.68969473492333,0,0.99997633238576,-0.00688001949942943,-0.216119530669146
0.519281516016598,0,-0.337977519787225,1.05012587144581,0.0524802064019247
0.161354965908141,0,-0.337977519787225,-1.05012587144581,-0.234651853549781
0.0476525339447863,0,-0.27771521955854,0.862885605931084,-0.0383961636017771
-3.02685703009755e-17,0,-0.27771521955854,-0.862885605931084,0.192982008897726
,,-0.294772290554354,0.955567525987218,0.314420173939203
,,-0.294772290554354,-0.955567525987218,-0.00711858789527747
