Q,P,EigValReal,EigValImag,AGPgrad,N,alpha,k,E0,lmd,period
0,0,1274.12526023284,0,13.9422503481964,4,3.57999999999997,1,1,6.26490226195113e-13,7.34709999999622
1.04768410537657,0,254.296688118606,0,-2.01118556935525
0.286449826180877,0,-0.304319824469244,0.952569915775448,-14.3609320733674
0.263597303177438,0,-0.304319824469244,-0.952569915775448,5.62315708351106
0.238016550339802,0,0.999771817361435,0.0213614889507717,-0.251180836830895
2.90772586986012e-17,0,0.999771817361435,-0.0213614889507717,-9.9782445396229
,,0.00078485219014003,0,-8.53173043490329
,,0.00393241456617255,0,2.27248798617462
