Q,P,EigValReal,EigValImag,AGPgrad,N,alpha,k,E0,lmd,period
0,0,-1.20865817815164,1.97217661239275,2.97686249745784,4,1.66,1,1,1.04453417246809e-14,8.40449999999375
1.3312674443741,0,-1.20865817815164,-1.97217661239275,-0.402513508454201
0.489191643481889,0,3.24128834508453,0,0.904248421934376
0.217514098522529,0,0.999791195897606,0.0204343976093839,0.675946939975547
0.0661443204358113,0,0.999791195897606,-0.0204343976093839,-1.093033243704
-2.11799806649182e-17,0,-0.225903263444022,0.368608048893389,-1.1800530401559
,,-0.225903263444022,-0.368608048893389,-0.143120172565559
,,0.308519296506449,0,0.522817553898336
