Q,P,EigValReal,EigValImag,AGPgrad,N,alpha,k,E0,lmd,period
0,0,3.16360740770662,0,3.22597246357469,4,1.63,1,1,2.33012189045455e-14,8.43009999999369
1.33827287456091,0,-1.10152443675074,1.94987783845247,-0.284016487729883
0.49062100797851,0,-1.10152443675074,-1.94987783845247,0.949449932058417
0.218029003159545,0,0.999954993054985,0.00948745826848243,0.722355501600116
0.0638309419925056,0,0.999954993054985,-0.00948745826848243,-1.26499342293352
-2.22902773350925e-17,0,-0.219629322066514,0.388779706998674,-1.46319072850933
,,-0.219629322066514,-0.388779706998674,-0.282940448126308
,,0.316094847155817,0,0.587665124596186
