Q,P,EigValReal,EigValImag,AGPgrad,N,alpha,k,E0,lmd,period
0,0,495.148370289914,0,3.02891906421313,2,3.36999999999997,1,1,3.99412196496818e-13,4.91480000000188
0.876560189914811,0,0.999854659784213,0.0170487333149482,-5.46161714387424
0.298024418722295,0,0.999854659784213,-0.0170487333149482,-0.150440266459615
1.23826162807326e-18,0,0.00201959667115547,0,-3.37634981732014
