Q,P,EigValReal,EigValImag,AGPgrad,N,alpha,k,E0,lmd,period
0,0,97.7493941169612,0,5.07366520566806,4,2.75999999999999,1,1,2.98722786164635e-13,7.68799999999542
1.12110220876691,0,56.1119823643848,0,-0.338853041634634
0.364168315533378,0,0.748299611096347,0.663360906318769,-3.89313756878828
0.260769603285675,0,0.748299611096347,-0.663360906318769,1.50215025348968
0.171540041748332,0,0.99996343702993,0.00855129249882699,-0.426289110887993
8.49206518294963e-18,0,0.99996343702993,-0.00855129249882699,-4.15523854513464
,,0.0102302424383856,0,-3.49466049173757
,,0.0178215054588199,0,0.838979432144853
