Q,P,EigValReal,EigValImag,AGPgrad,N,alpha,k,E0,lmd,period
0,0,1307.03665093,0,5.10613103158693,2,4.79999999999994,1,1,6.16798972095819e-13,4.56850000000269
0.807828994524273,0,0.99998808936306,0.00488068969703858,-10.3850600920824
0.284633111760043,0,0.99998808936306,-0.00488068969703858,0.0206759083133082
3.25740417635205e-18,0,0.000765089485990193,0,-5.08619108574695
