Q,P,EigValReal,EigValImag,AGPgrad,N,alpha,k,E0,lmd,period
0,0,-1.53503223125755,1.72522099694912,2.15692894642794,4,1.8,1,1,1.63928823004293e-14,8.28899999999402
1.30033765155776,0,-1.53503223125755,-1.72522099694912,-0.925461604492343
0.482151109780225,0,2.49622559012451,0,0.988730622893046
0.217271241710981,0,0.99987773581046,0.0156369252252468,0.521274030692418
0.0732878432845158,0,0.99987773581046,-0.0156369252252468,-0.574391799511567
-1.78423015658049e-17,0,-0.287852108392928,0.323516660629796,-0.0579182315423004
,,-0.287852108392928,-0.323516660629796,0.455010453934669
,,0.400604818713563,0,0.327382693477779
