Q,P,EigValReal,EigValImag,AGPgrad,N,alpha,k,E0,lmd,period
0,0,847.713312028932,0,4.03097755577521,2,4.06999999999996,1,1,3.79432819255681e-13,4.73200000000231
0.83961766286093,0,0.999978308337657,0.00658656616999432,-7.85563548222207
0.291475806879794,0,0.999978308337657,-0.00658656616999432,-0.0654733309741755
2.46122447772255e-18,0,0.0011796440907777,0,-4.26519362724514
