Q,P,EigValReal,EigValImag,AGPgrad,N,alpha,k,E0,lmd,period
0,0,535.265186883015,0,3.15383342213828,2,3.45999999999997,1,1,1.57035549297724e-13,4.88960000000194
0.871363130176495,0,0.999900701214492,0.0140921151968803,-5.76282929584444
0.297204257339787,0,0.999900701214492,-0.0140921151968803,-0.139354059027496
1.43175124877271e-18,0,0.00186823283905149,0,-3.49534784553718
