Q,P,EigValReal,EigValImag,AGPgrad,N,alpha,k,E0,lmd,period
0,0,204.065632817714,0,1.99256638389133,2,2.54999999999999,1,1,2.24219589819833e-13,5.17240000000128
0.932367219585492,0,0.999973949467077,0.00721805979466854,-2.90557305848214
0.304438812729208,0,0.999973949467077,-0.00721805979466854,-0.258745322764107
-1.3469858019293e-18,0,0.00490038418592,0,-2.25442730946148
