Q,P,EigValReal,EigValImag,AGPgrad,N,alpha,k,E0,lmd,period
0,0,0.999981519633486,0.00607950585975283,5.92979617432036,2,1.07,1,1,3.82145716118826e-15,5.82289999999977
1.11851538942223,0,0.999981519633486,-0.00607950585975283,-0.156118044120395
0.285226571397393,0,2.08743320538329,0,-7.31547553699671
-1.85838006001689e-17,0,0.4790572447641,0,-4.65411405752146
