Q,P,EigValReal,EigValImag,AGPgrad,N,alpha,k,E0,lmd,period
0,0,-1.75560452584817,2.27660300609663,-0.905491291946151,4,2.06,1,0.999999999999999,4.99870926286605e-14,8.09139999999448
1.24821290262757,0,-1.75560452584817,-2.27660300609663,-3.41425417603277
0.466717244707875,0,0.999825295866948,0.0186916490600196,3.63346286018284
0.22099626361289,0,0.999825295866948,-0.0186916490600196,-0.0926431315805416
0.0830077011542155,0,0.173836925852848,0.984774452963611,0.563476777085244
-1.41058316834752e-17,0,0.173836925852848,-0.984774452963611,6.1660708857054
,,-0.212412580265584,0.275448776558402,3.85950631964004
,,-0.212412580265584,-0.275448776558402,-0.277946199165912
