Q,P,EigValReal,EigValImag,AGPgrad,N,alpha,k,E0,lmd,period
0,0,949.13406490561,0,12.2692357139885,4,3.44999999999997,1,1,1.13006221253901e-13,7.3963999999961
1.05710991947307,0,211.820060522524,0,-1.68761329276358
0.295884435429707,0,-0.20720940131232,0.978296613510272,-12.2491799957363
0.263895388320385,0,-0.20720940131232,-0.978296613510272,4.55282127356294
0.230920813527404,0,0.999745763260415,0.0225479232731313,-0.291193473405259
2.68169649422499e-17,0,0.999745763260415,-0.0225479232731313,-9.0480880964389
,,0.00105359193952072,0,-7.5956434713995
,,0.00472098817017559,0,1.84670719319776
