Q,P,EigValReal,EigValImag,AGPgrad,N,alpha,k,E0,lmd,period
0,0,44.6871519860911,0,1.28932371588203,2,1.71,1,1,6.86583539923294e-14,5.50520000000051
1.01549195243232,0,0.999999552744857,0.000945785430561202,-0.933787196137589
0.304369989865611,0,0.999999552744857,-0.000945785430561202,-0.454542792370265
-7.23891972579168e-18,0,0.0223777966497219,0,-1.18762724552725
