Q,P,EigValReal,EigValImag,AGPgrad,N,alpha,k,E0,lmd,period
0,0,0.999965663049147,0.00828690066909809,0.324000138185098,2,0.63,1,1,1.4281829717047e-14,6.07059999999919
1.23601432318365,0,0.999965663049147,-0.00828690066909809,0.0272227650595374
0.234347275510208,0,-0.988735869424505,0.149670907371332,-0.00403263042261648
-3.76838288581062e-17,0,-0.988735869424505,-0.149670907371332,0.207928576247534
