Q,P,EigValReal,EigValImag,AGPgrad,N,alpha,k,E0,lmd,period
0,0,94.8525194370205,0,1.51674551527359,2,2.06,1,1,1.81276905533371e-13,5.35640000000086
0.976238807721,0,0.999857662675729,0.0168717037844882,-1.64674806191369
0.305979015928632,0,0.999857662675729,-0.0168717037844882,-0.346451490459135
-4.12222686408368e-18,0,0.0105426825342428,0,-1.5992331290786
