Q,P,EigValReal,EigValImag,AGPgrad,N,alpha,k,E0,lmd,period
0,0,1951.62392034596,0,16.9081165384528,4,3.78999999999996,1,1,9.29610888983487e-13,7.27059999999639
1.03353673767872,0,333.270667148369,0,-2.59779426400615
0.272665738677564,0,-0.438528183539281,0.898717437375082,-18.1824316099918
0.262915528933936,0,-0.438528183539281,-0.898717437375082,7.70802381368248
0.247845010558937,0,0.999750252896742,0.0223479715766526,-0.176803458472882
3.22330883366926e-17,0,0.999750252896742,-0.0223479715766526,-11.5384456013101
,,0.00300056410250451,0,-10.178022689614
,,0.000512393801997965,0,3.08699713717341
