Q,P,EigValReal,EigValImag,AGPgrad,N,alpha,k,E0,lmd,period
0,0,971.704130765225,0,12.3936398954904,4,3.45999999999997,1,1,6.55394117164909e-13,7.39249999999611
1.05636449889288,0,214.905126087708,0,-1.71156244479033
0.295131299774811,0,-0.214950017044012,0.976625050961405,-12.4049902943041
0.263876750105627,0,-0.214950017044012,-0.976625050961405,4.62939486657063
0.231498056007735,0,0.999914155132763,0.0131027618070293,-0.288248882805622
2.70003239260916e-17,0,0.999914155132763,-0.0131027618070293,-9.11881158091497
,,0.00102911984066186,0,-7.6654975272452
,,0.00465321613372903,0,1.87728049501352
