Q,P,EigValReal,EigValImag,AGPgrad,N,alpha,k,E0,lmd,period
0,0,-0.300761767981074,0.953699302149737,0.146702325195861,2,0.25,1,1,1.57948035408276e-14,6.24769999999878
1.37242001774657,0,-0.300761767981074,-0.953699302149737,0.0254762418289985
0.115553752368561,0,0.999997747860831,0.0021223273265584,-0.281171123483128
-7.25262894960582e-17,0,0.999997747860831,-0.0021223273265584,0.316427483753276
