Q,P,EigValReal,EigValImag,AGPgrad,N,alpha,k,E0,lmd,period
0,0,-1.77046445763417,4.67251806666652,5.6549250351727,4,2.25,1,1,2.5123030512531e-14,7.96049999999479
1.21084559681429,0,-1.77046445763417,-4.67251806666652,2.51467734119911
0.449446673875832,0,3.82593872621145,0,-5.03113103753062
0.228977056669504,0,0.999991873048063,0.00403160486512168,1.89946502885464
0.0942231685749114,0,0.999991873048063,-0.00403160486512168,-1.16743897074636
-1.12736388376561e-17,0,-0.0709122690728835,0.187147986486019,-8.40155345335696
,,-0.0709122690728835,-0.187147986486019,-4.96970192649089
,,0.261373762509335,0,1.90846509624665
