Q,P,EigValReal,EigValImag,AGPgrad,N,alpha,k,E0,lmd,period
0,0,54.246825664451,0,1.32993883808318,2,1.79,1,1,4.10635897691199e-13,5.46980000000059
1.0057643948877,0,0.999910980423412,0.0133428343596494,-1.08091035799468
0.305046096589526,0,0.999910980423412,-0.0133428343596494,-0.422873199034153
-6.4077202047618e-18,0,0.0184342583690304,0,-1.27412659019695
