Q,P,EigValReal,EigValImag,AGPgrad,N,alpha,k,E0,lmd,period
0,0,1703.36126514676,0,15.8820249110048,4,3.71999999999996,1,1,7.36749504579153e-13,7.29569999999634
1.03811761923228,0,305.47717644684,0,-2.39293001899875
0.277078042679046,0,-0.396484753319536,0.918041306468913,-16.8504012513912
0.263165139449856,0,-0.396484753319536,-0.918041306468913,6.96271387186687
0.244769489468654,0,0.999727315621079,0.023351539611424,-0.203011325323543
3.12421369467378e-17,0,0.999727315621079,-0.023351539611424,-11.0095959671511
,,0.000587074522339984,0,-9.61025602060176
,,0.00327356698842247,0,2.79831334763437
