Q,P,EigValReal,EigValImag,AGPgrad,N,alpha,k,E0,lmd,period
0,0,690.669277624108,0,3.60924408326063,2,3.77999999999996,1,1,6.19779088500476e-13,4.80430000000214
0.854012077546299,0,0.999785855939279,0.0206940151685135,-6.85364830377705
0.294220887599245,0,0.999785855939279,-0.0206940151685135,-0.10036467533874
2.02574008617665e-18,0,0.00144787097577519,0,-3.90846625991313
