Q,P,EigValReal,EigValImag,AGPgrad,N,alpha,k,E0,lmd,period
0,0,0.999970666181992,0.00765942396958604,1.01738581189077,4,0.74,1,1,6.03404630691311e-13,9.35769999999153
1.65446616244756,0,0.999970666181992,-0.00765942396958604,-0.32442827555032
0.521181788426071,0,-0.0904980979573361,0.995896628303412,-0.0006126357231096
0.167768617165101,0,-0.0904980979573361,-0.995896628303412,-0.232894526330797
0.0517642126986078,0,-0.421206646462647,0.906964696653464,0.121157051827352
-2.8229055992949e-17,0,-0.421206646462647,-0.906964696653464,0.331871730428154
,,-0.564074748756429,0.825723729715552,0.29363322312264
,,-0.564074748756429,-0.825723729715552,-0.019561244863213
