Q,P,EigValReal,EigValImag,AGPgrad,N,alpha,k,E0,lmd,period
0,0,34.6355043036315,0,5.89592704443398,4,2.55999999999999,1,1,8.65917657410687e-13,7.78649999999519
1.14574756836274,0,31.8528507524993,0,0.690354810652132
0.390406840821679,0,1.39560515582301,0,2.39398949780979
0.258347375358311,0,0.999561683163526,0.0296047555523288,-8.29183331138904
0.145349207540089,0,0.999561683163526,-0.0296047555523288,-1.01003532660607
3.82754509293937e-19,0,0.716535042757497,0,2.63403490027713
,,0.0288721073968391,0,0.278913984135489
,,0.0313943642837309,0,-10.252416194777
