Q,P,EigValReal,EigValImag,AGPgrad,N,alpha,k,E0,lmd,period
0,0,-1.46472450677403,1.88708805211236,2.42744137672464,4,1.75,1,1,1.35487931936853e-14,8.32949999999393
1.31108122620704,0,-1.46472450677403,-1.88708805211236,-0.730414711548057
0.484734240537008,0,2.97474749605952,0,0.912223210389454
0.217099246659786,0,0.999778649456356,0.0210392987340723,0.571870695058337
0.0711443809391566,0,0.999778649456356,-0.0210392987340723,-0.732470606050524
-1.88188609539603e-17,0,-0.256675646951395,0.330689863103992,-0.469219686102898
,,-0.256675646951395,-0.330689863103992,0.22909101499482
,,0.336162985707095,0,0.386573834186031
