Q,P,EigValReal,EigValImag,AGPgrad,N,alpha,k,E0,lmd,period
0,0,-0.981754047170132,0.190155175751497,-0.75255878733861,4,0.28,1,1,8.58098311449243e-15,9.95019999999015
2.02805968486383,0,-0.981754047170132,-0.190155175751497,1.46259741480461
0.420500691436603,0,0.548273593289516,0.836299029594914,0.734111332973647
0.0785277745729242,0,0.548273593289516,-0.836299029594914,-1.32374158613186
0.013356371984469,0,0.999991033754926,0.00423466761052247,-1.16158379076018
-5.14868976291828e-17,0,0.999991033754926,-0.00423466761052247,-1.75235520537837
,,0.994821134114337,0.101641089719888,2.53495568766402
,,0.994821134114337,-0.101641089719888,-0.6407200012231
