Q,P,EigValReal,EigValImag,AGPgrad,N,alpha,k,E0,lmd,period
0,0,-1.53798989501072,1.58258169390839,1.98838325066496,4,1.83,1,1,1.28693421233121e-14,8.26509999999408
1.29403237631011,0,-1.53798989501072,-1.58258169390839,-1.05487008790033
0.480560703292458,0,2.07096269394239,0,1.06120119984567
0.217464743081435,0,0.99992751764009,0.0120399113827357,0.489983982216558
0.0744630589470913,0,0.99992751764009,-0.0120399113827357,-0.48413627351657
-1.73225834739156e-17,0,-0.315810457189968,0.324966925930394,0.220507284839407
,,-0.315810457189968,-0.324966925930394,0.609459991551438
,,0.482867220604723,0,0.293147110354203
