Q,P,EigValReal,EigValImag,AGPgrad,N,alpha,k,E0,lmd,period
0,0,480.308376206553,0,9.26348216112266,4,3.18999999999998,1,1,9.6397207267657e-13,7.49989999999586
1.07789194126924,0,140.318579328426,0,-1.11825647726443
0.317335581094377,0,0.0352996726967303,0.999376772347917,-8.56542901534579
0.264025267613512,0,0.0352996726967303,-0.999376772347917,2.88803093856881
0.213712520205711,0,0.999765156306789,0.0216709998411417,-0.358732529937339
2.13908289067639e-17,0,0.999765156306789,-0.0216709998411417,-7.24271621230043
,,0.00208199575440098,0,-5.89869822271508
,,0.00712663999920712,0,1.18671473430836
