Q,P,EigValReal,EigValImag,AGPgrad,N,alpha,k,E0,lmd,period
0,0,1025.97127220112,0,4.47288984961424,2,4.36999999999995,1,1,1.75434898581172e-13,4.66190000000247
0.825856804349259,0,0.999890895000035,0.0147715299090216,-8.89902324499371
0.288639208620107,0,0.999890895000035,-0.0147715299090216,-0.0297379044439646
2.83250102250732e-18,0,0.000974686160803709,0,-4.61696295146003
