Q,P,EigValReal,EigValImag,AGPgrad,N,alpha,k,E0,lmd,period
0,0,764.551894377364,0,3.81186902467444,2,3.91999999999996,1,1,1.91391022121273e-13,4.76880000000222
0.846918313088713,0,0.999930612139474,0.0117801063995515,-7.33591604491784
0.292897476414117,0,0.999930612139474,-0.0117801063995515,-0.083478354939418
2.24658938832788e-18,0,0.00130795568954734,0,-4.08260044760302
