Q,P,EigValReal,EigValImag,AGPgrad,N,alpha,k,E0,lmd,period
0,0,187.914787368454,0,6.45681276371752,4,2.90999999999998,1,1,4.52418164409364e-14,7.61969999999558
1.10428890876553,0,81.1970830962378,0,-0.595739191255596
0.345671826701031,0,0.424528994372153,0.905414343236131,-5.33546142919518
0.262780955373632,0,0.424528994372153,-0.905414343236131,1.78372360589263
0.188854764230638,0,0.99986383329823,0.0165019654017372,-0.411927049004638
1.37023659247982e-17,0,0.99986383329823,-0.0165019654017372,-5.29317390182906
,,0.00532156097978716,0,-4.29436876347949
,,0.0123157133466104,0,0.820901009393491
