Q,P,EigValReal,EigValImag,AGPgrad,N,alpha,k,E0,lmd,period
0,0,456.569811989706,0,2.90542794658567,2,3.27999999999997,1,1,3.40779611369049e-13,4.94050000000182
0.881911249204876,0,0.999916362665235,0.0129332004747514,-5.16282301559579
0.298831981905796,0,0.999916362665235,-0.0129332004747514,-0.161604526568277
1.03121119903238e-18,0,0.00219024555264923,0,-3.2558567877436
