Q,P,EigValReal,EigValImag,AGPgrad,N,alpha,k,E0,lmd,period
0,0,0.999990277637112,0.00440960669964356,1.12069929968898,5,0.25,1,1,1.34699414457348e-14,11.8773999999857
2.35727665425997,0,0.999990277637112,-0.00440960669964356,-0.058677481370978
0.56062660307993,0,0.728353111743958,0.685201973590912,-0.24848394028657
0.128108845876735,0,0.728353111743958,-0.685201973590912,0.0677802810742914
0.0264587513270071,0,0.0186880764647495,0.999825362649925,0.210302937490992
0.00570468040569547,0,0.0186880764647495,-0.999825362649925,-0.874068733847237
5.24784256678398e-16,0,-0.582619576982984,0.812744995995761,-0.400617820253279
,,-0.582619576982984,-0.812744995995761,0.0476892467180828
,,-0.690625902594175,0.723212183709566,0.294199463132477
,,-0.690625902594175,-0.723212183709566,0.411575945178574
