Q,P,EigValReal,EigValImag,AGPgrad,N,alpha,k,E0,lmd,period
0,0,-0.5959265691735,0.803038930658463,0.259593956388528,2,0.4,1,1,2.01946683061284e-15,6.19039999999891
1.31942511692147,0,-0.5959265691735,-0.803038930658463,0.0319818021034043
0.173957319728062,0,0.999987865796625,0.00492628252383863,-0.200278534590823
-5.63910087108682e-17,0,0.999987865796625,-0.00492628252383863,0.267982775714522
