Q,P,EigValReal,EigValImag,AGPgrad,N,alpha,k,E0,lmd,period
0,0,380.459855849817,0,2.65121681011829,2,3.08999999999998,1,1,2.616692828166e-13,4.99670000000169
0.89375595644982,0,0.999962333054286,0.00867942814066814,-4.5440316896738
0.300481928802486,0,0.999962333054286,-0.00867942814066814,-0.185505032903657
5.43709549538383e-19,0,0.00262839819937382,0,-2.99842877788652
