Q,P,EigValReal,EigValImag,AGPgrad,N,alpha,k,E0,lmd,period
0,0,278.396049106131,0,2.28401311125759,2,2.79999999999998,1,1,9.44357847780529e-14,5.08800000000148
0.913470769752344,0,0.999822380405123,0.0188469530990266,-3.63868190223985
0.302785425770493,0,0.999822380405123,-0.0188469530990266,-0.223423097873178
-3.6162026942853e-19,0,0.00359200499892178,0,-2.60001406099718
