Q,P,EigValReal,EigValImag,AGPgrad,N,alpha,k,E0,lmd,period
0,0,964.886661864658,0,4.32544990289333,2,4.26999999999995,1,1,6.68813537672783e-13,4.68480000000242
0.830326429769728,0,0.999873707051886,0.015892449362781,-8.55155568048711
0.289582405599867,0,0.999873707051886,-0.015892449362781,-0.0416017445919496
2.7165423584138e-18,0,0.001036391152536,0,-4.50201791376372
