Q,P,EigValReal,EigValImag,AGPgrad,N,alpha,k,E0,lmd,period
0,0,675.226121661052,0,3.56576668473724,2,3.74999999999996,1,1,5.33525619605833e-13,4.81200000000212
0.855569404355633,0,0.999874329859262,0.0158532169945873,-6.74995004906064
0.294503569665819,0,0.999874329859262,-0.0158532169945873,-0.104000521558179
1.97559038938572e-18,0,0.0014809853578832,0,-3.87024684499949
