Q,P,EigValReal,EigValImag,AGPgrad,N,alpha,k,E0,lmd,period
0,0,994.818068867341,0,12.5188604909929,4,3.46999999999997,1,1,4.17744542649323e-13,7.38869999999612
1.05562261228938,0,218.045757750441,0,-1.73558428471756
0.294382912887682,0,-0.222944188948201,0.974831210323245,-12.5619236900204
0.263857334211368,0,-0.222944188948201,-0.974831210323245,4.70690611881251
0.232069813439439,0,0.9997942248232,0.0202856602312832,-0.285314082441898
2.7182028542318e-17,0,0.9997942248232,-0.0202856602312832,-9.18967391684929
,,0.00100520892288689,0,-7.73569061984906
,,0.00458619333066503,0,1.9082238891644
