Q,P,EigValReal,EigValImag,AGPgrad,N,alpha,k,E0,lmd,period
0,0,11.4124346562036,0,1.32621854047298,2,1.3,1,1,1.03270757601049e-14,5.70160000000005
1.07506040472185,0,0.999993148551169,0.00370173617142143,-0.344581795673458
0.296037246750158,0,0.999993148551169,-0.00370173617142143,-0.874505090164837
-1.32182082967356e-17,0,0.0876237218547221,0,-0.946572794607754
