Q,P,EigValReal,EigValImag,AGPgrad,N,alpha,k,E0,lmd,period
0,0,473.509647625685,0,2.96005962043401,2,3.31999999999997,1,1,4.02741615801368e-13,4.92900000000185
0.879513420290183,0,0.999906822236189,0.0136508917478194,-5.29514003558875
0.298474795875754,0,0.999906822236189,-0.0136508917478194,-0.156632775164877
1.12498519879108e-18,0,0.00211188938862978,0,-3.30949267137686
