Q,P,EigValReal,EigValImag,AGPgrad,N,alpha,k,E0,lmd,period
0,0,0.999954691605621,0.00951917726988158,0.835329127051032,4,0.850000000000001,1,1,1.27885013464532e-14,9.22339999999184
1.5968379879682,0,0.999954691605621,-0.00951917726988158,-0.581556542887377
0.521835963805284,0,0.346756407945429,0.937955219372852,-0.13534217431193
0.177040686832809,0,0.346756407945429,-0.937955219372852,-0.276218217214031
0.0587175157867646,0,-0.63580384467504,0.771850679274455,0.511328509789071
-2.48198875929964e-17,0,-0.63580384467504,-0.771850679274455,0.692633714389143
,,-0.925249341207592,0.379359534735737,0.303459519274971
,,-0.925249341207592,-0.379359534735737,-0.0745237957920124
