Q,P,EigValReal,EigValImag,AGPgrad,N,alpha,k,E0,lmd,period
0,0,-0.789396452446873,0.61388373562448,0.304630313094091,2,0.49,1,1,9.04614228797182e-15,6.14639999999901
1.28558514919799,0,-0.789396452446873,-0.61388373562448,0.0335624276353912
0.201658112856604,0,0.999993791700458,0.00352371402665483,-0.135856608053273
-4.81225981973822e-17,0,0.999993791700458,-0.00352371402665483,0.237749100632636
