Q,P,EigValReal,EigValImag,AGPgrad,N,alpha,k,E0,lmd,period
0,0,-0.983791435463935,0.179316512089136,0.595321902866797,4,0.39,1,1,2.89015119795516e-14,9.81119999999047
1.91301779178373,0,-0.983791435463935,-0.179316512089136,0.299925425498755
0.474144378064515,0,0.339667807654145,0.940545469631015,0.244122760613578
0.110217967219746,0,0.339667807654145,-0.940545469631015,-0.393103480496007
0.0235990457274005,0,0.999987066320217,0.00508597997506739,-0.681753827882884
-4.36173544306521e-17,0,0.999987066320217,-0.00508597997506739,-0.438775368668705
,,0.858697871390047,0.512482161319,0.788132526443111
,,0.858697871390047,-0.512482161319,-0.0620452538029201
