Q,P,EigValReal,EigValImag,AGPgrad,N,alpha,k,E0,lmd,period
0,0,39.2621947550139,0,1.26839754376425,2,1.66,1,1,2.43375245020906e-14,5.52790000000046
1.02183752293571,0,0.99990735224986,0.0136120136892612,-0.847051427792921
0.303827799917505,0,0.99990735224986,-0.0136120136892612,-0.477806540122602
-7.80259003595331e-18,0,0.0254697936842638,0,-1.13705849444488
