Q,P,EigValReal,EigValImag,AGPgrad,N,alpha,k,E0,lmd,period
0,0,-0.99962172881417,0.0275027140946652,0.251143019983589,4,0.33,1,1,2.22892343725062e-13,9.88819999999029
1.97346555294455,0,-0.99962172881417,-0.0275027140946652,0.56280811803766
0.449289716125953,0,0.458052684727355,0.888925046341968,0.342032911148285
0.0939105935098989,0,0.458052684727355,-0.888925046341968,-0.568032316278461
0.0179712094761861,0,0.999995091669185,0.00313315137279535,-0.853242688335249
-4.76065387225599e-17,0,0.999995091669185,-0.00313315137279535,-0.756049719269096
,,0.957765718292181,0.28754969807715,1.18988602407701
,,0.957765718292181,-0.28754969807715,-0.15318146097159
