Q,P,EigValReal,EigValImag,AGPgrad,N,alpha,k,E0,lmd,period
0,0,-1.44128133619556,1.25314060889556,1.67676513144366,4,1.88,1,1,4.97931485223651e-14,8.22599999999417
1.28373265277817,0,-1.44128133619556,-1.25314060889556,-1.30362262460352
0.477831289243115,0,-0.395125640308456,0.343547073740262,1.23834626135487
0.217916977881457,0,-0.395125640308456,-0.343547073740262,0.432074586822767
0.0763138681098496,0,0.999782358820611,0.0208622863346879,-0.332753583620703
-1.65342410086818e-17,0,0.999782358820611,-0.0208622863346879,0.775873264957084
,,0.911013880103799,0.412375690673274,0.917509872769011
,,0.911013880103799,-0.412375690673274,0.233360754878148
