Q,P,EigValReal,EigValImag,AGPgrad,N,alpha,k,E0,lmd,period
0,0,0.999979178612823,0.00645308769594826,0.187137607862741,4,0.970000000000001,1,1,2.27463416362328e-14,9.08339999999217
1.54236000404878,0,0.999979178612823,-0.00645308769594826,-1.13246625967777
0.519920449263683,0,0.74302046724304,0.669268694365669,-0.428911308003895
0.184119352373879,0,0.74302046724304,-0.669268694365669,-0.50545790710913
0.0658693952558901,0,-0.881803703068832,0.4716166125722,1.37709131608831
-2.13201481034026e-17,0,-0.881803703068832,-0.4716166125722,1.55792341913799
,,-0.931261973922561,0.364350292885658,0.441136337067802
,,-0.931261973922561,-0.364350292885658,-0.220821721132159
