Q,P,EigValReal,EigValImag,AGPgrad,N,alpha,k,E0,lmd,period
0,0,-0.426389669912255,0.904539578676434,0.203118063367352,2,0.32,1,1,6.58431818248404e-16,6.22399999999883
1.34892998042365,0,-0.426389669912255,-0.904539578676434,0.0287463195494448
0.144573549971893,0,0.999992492300727,0.00387496350567217,-0.247762914678461
-6.47098902791168e-17,0,0.999992492300727,-0.00387496350567217,0.295924940053163
