Q,P,EigValReal,EigValImag,AGPgrad,N,alpha,k,E0,lmd,period
0,0,-0.927100416702125,0.374813043197201,12.4808534910138,4,1.13,1,1,1.00419138778278e-14,8.90779999999258
1.48010737026799,0,-0.927100416702125,-0.374813043197201,8.14019879607073
0.515232283510944,0,-0.484906651704031,0.874565914687504,3.95118551501337
0.188714390847051,0,-0.484906651704031,-0.874565914687504,4.90822477979325
0.0768639721587026,0,0.999894473650785,0.0145272696201332,-12.9774073585578
-1.58907676926591e-17,0,0.999894473650785,-0.0145272696201332,-13.1195337044821
,,1.14735625939409,0,-2.41047656964306
,,0.871568871318232,0,0.959354507553626
