Q,P,EigValReal,EigValImag,AGPgrad,N,alpha,k,E0,lmd,period
0,0,-0.549392910199064,0.83556413890438,0.196500414572416,5,0.04,1,1,1.01241673331186e-14,12.1286999999851
2.71278767490925,0,-0.549392910199064,-0.83556413890438,0.03784442257388
0.145849052287101,0,-0.130352046599949,0.991467772520729,-0.0945379870693744
0.006939616001157,0,-0.130352046599949,-0.991467772520729,0.0434240841643357
0.000293992020504841,0,-0.133866399887348,0.990999387982269,0.143543130381042
1.30087141829993e-05,0,-0.133866399887348,-0.990999387982269,-1.86333149219518
8.11818165643239e-16,0,0.904407910715297,0.426668877509971,-1.73396475786165
,,0.904407910715297,-0.426668877509971,0.113409102028925
,,0.999999969177569,0.000248283837497976,1.7483406644534
,,0.999999969177569,-0.000248283837497976,1.65948294063204
