Q,P,EigValReal,EigValImag,AGPgrad,N,alpha,k,E0,lmd,period
0,0,73.6470935720374,0,1.41834728180361,2,1.93,1,1,1.87304402177374e-14,5.40980000000073
0.989871262805792,0,0.999922188980001,0.0124746136392707,-1.3613769116813
0.305754110658498,0,0.999922188980001,-0.0124746136392707,-0.378868981399664
-5.13381560992682e-18,0,0.0135782683538072,0,-1.43745876059873
