Q,P,EigValReal,EigValImag,AGPgrad,N,alpha,k,E0,lmd,period
0,0,1806.91458285616,0,16.3171051767999,4,3.74999999999996,1,1,2.84590490000942e-13,7.28489999999636
1.03613875270205,0,317.207438736232,0,-2.47954244977228
0.275165917399521,0,-0.414821869855464,0.909902641103952,-17.414014187286
0.263060581327857,0,-0.414821869855464,-0.909902641103952,7.27585333617035
0.246110535612425,0,0.999717585194375,0.0237644662559928,-0.191960028378962
3.1673820035723e-17,0,0.999717585194375,-0.0237644662559928,-11.2351195361387
,,0.00315251118922434,0,-9.85122104128876
,,0.000553429591009703,0,2.91994514368543
