Q,P,EigValReal,EigValImag,AGPgrad,N,alpha,k,E0,lmd,period
0,0,262.096892390645,0,7.3185612793707,4,2.99999999999998,1,1,1.91588794400202e-14,7.58009999999567
1.09522142101821,0,98.3461846675575,0,-0.755846404243406
0.335821366203611,0,0.277978435194396,0.960587314911323,-6.29535520014097
0.263428626489925,0,0.277978435194396,-0.960587314911323,2.06005292142964
0.197750307484301,0,0.99999824328567,0.00187441334034099,-0.397464814427143
1.64303464071167e-17,0,0.99999824328567,-0.00187441334034099,-5.9315783735553
,,0.0101681626326527,0,-4.78929602043195
,,0.00381538289486243,0,0.891259644926982
