Q,P,EigValReal,EigValImag,AGPgrad,N,alpha,k,E0,lmd,period
0,0,-0.96846775115019,0.249138947140182,0.66818401478048,4,0.41,1,1,4.03269242544697e-14,9.78509999999053
1.89410289791056,0,-0.96846775115019,-0.249138947140182,0.247086004754703
0.480614248811674,0,0.298208330196392,0.954500807648423,0.22649129581292
0.11514068015337,0,0.298208330196392,-0.954500807648423,-0.365289615582682
0.0254579747765625,0,0.999994411978543,0.00334305424664936,-0.634027691028537
-4.24181655806016e-17,0,0.999994411978543,-0.00334305424664936,-0.372958931069174
,,0.811534759322981,0.584304145467566,0.711572987049727
,,0.811534759322981,-0.584304145467566,-0.0493805873282663
