Q,P,EigValReal,EigValImag,AGPgrad,N,alpha,k,E0,lmd,period
0,0,253.22904040132,0,2.18788829634145,2,2.71999999999999,1,1,1.24994183382128e-13,5.11440000000142
0.919307442470426,0,0.999849508708849,0.0173481968685759,-3.39866636129941
0.303355887445932,0,0.999849508708849,-0.0173481968685759,-0.234372147216074
-6.53298801328624e-19,0,0.00394899415313179,0,-2.48934904317664
