Q,P,EigValReal,EigValImag,AGPgrad,N,alpha,k,E0,lmd,period
0,0,0.999973343257793,0.00730155968342836,1.03040746222209,4,0.72,1,0.999999999999999,3.36689090104088e-13,9.38269999999147
1.66588312043978,0,0.999973343257793,-0.00730155968342836,-0.286751480460187
0.520696293969835,0,-0.17804070958132,0.984023122559516,0.0182431217710408
0.165748242553334,0,-0.17804070958132,-0.984023122559516,-0.232079898073569
0.0504227555016376,0,-0.468915390391859,0.883243090351501,0.0652852595043035
-2.88916022232779e-17,0,-0.468915390391859,-0.883243090351501,0.282706399453181
,,-0.379699257062942,0.925109979508293,0.298689340536516
,,-0.379699257062942,-0.925109979508293,-0.0142686902040943
