Q,P,EigValReal,EigValImag,AGPgrad,N,alpha,k,E0,lmd,period
0,0,1199.26224084456,0,4.87162377729747,2,4.63999999999995,1,1,6.60006502402859e-13,4.60240000000261
0.814323744181812,0,0.999774149988792,0.0212520355103002,-9.83582141864109
0.286112571109739,0,0.999774149988792,-0.0212520355103002,0.00205992285955439
3.1120083890492e-18,0,0.000833845981344471,0,-4.91710939315418
