Q,P,EigValReal,EigValImag,AGPgrad,N,alpha,k,E0,lmd,period
0,0,401.461321099346,0,8.62860660948219,4,3.12999999999998,1,1,7.24886622847883e-13,7.5247999999958
1.08313451823717,0,126.183879081349,0,-0.999573528876704
0.322875693998791,0,0.104109120430073,0.994565880695033,-7.81170141659907
0.263922402387218,0,0.104109120430073,-0.994565880695033,2.59123220244136
0.209034390711622,0,0.999766161339369,0.0216245841697882,-0.372018220242121
1.99292730610876e-17,0,0.999766161339369,-0.0216245841697882,-6.8306852450089
,,0.00249089998775319,0,-5.53755786531208
,,0.00792494260921651,0,1.07433336724041
