Q,P,EigValReal,EigValImag,AGPgrad,N,alpha,k,E0,lmd,period
0,0,-0.369228917888286,0.929338477732979,0.179373683320674,2,0.29,1,1,1.71509948339552e-14,6.23479999999881
1.35937791031051,0,-0.369228917888286,-0.929338477732979,0.02730809245633
0.132473550192999,0,0.999999765134283,0.000685369518370414,-0.263058539093622
-6.80152033588604e-17,0,0.999999765134283,-0.000685369518370414,0.305408174611288
