Q,P,EigValReal,EigValImag,AGPgrad,N,alpha,k,E0,lmd,period
0,0,0.999940506765057,0.0109079297034843,3.48978476857696,2,1.09,1,1,8.81720537088443e-15,5.81209999999979
1.11435237749794,0,0.999940506765057,-0.0109079297034843,-0.161595051018929
0.286440145519501,0,2.75631731391292,0,-3.97473913149065
-1.80320374429544e-17,0,0.362802930907969,0,-2.62632667189118
