Q,P,EigValReal,EigValImag,AGPgrad,N,alpha,k,E0,lmd,period
0,0,0.999840054626086,0.0178847746790755,1.29029488119909,4,1.93,1,1,3.19034470950567e-14,8.18759999999426
1.27366057279675,0,0.999840054626086,-0.0178847746790755,-1.61839491659735
0.474982312433415,0,0.42915782761355,0.903229516235027,1.51636165168702
0.218526695267372,0,0.42915782761355,-0.903229516235027,0.359259925874758
0.0781029928757756,0,-1.0382140032523,0.716588953375657,-0.168109435862143
-1.58153892327723e-17,0,-1.0382140032523,-0.716588953375657,1.51716405866908
,,-0.652395251267097,0.450291778793527,1.32549354779816
,,-0.652395251267097,-0.450291778793527,0.162033426262759
