Q,P,EigValReal,EigValImag,AGPgrad,N,alpha,k,E0,lmd,period
0,0,423.693955535201,0,2.79750122229847,2,3.19999999999998,1,1,2.04879445936643e-13,4.96390000000177
0.886804418809743,0,0.999814547222589,0.0192580155323009,-4.90076461041991
0.299536914459399,0,0.999814547222589,-0.0192580155323009,-0.171602760416321
8.34766366510103e-19,0,0.00236019416113909,0,-3.14831064514128
