Q,P,EigValReal,EigValImag,AGPgrad,N,alpha,k,E0,lmd,period
0,0,354.254835325181,0,2.56006335422545,2,3.01999999999998,1,1,6.30301153605643e-15,5.01810000000164
0.898322554734034,0,0.999959361741724,0.00901525734545768,-4.32072943987406
0.301065820428507,0,0.999959361741724,-0.00901525734545768,-0.194462761372593
3.44680345306964e-19,0,0.00282282667833495,0,-2.90270518683022
