Q,P,EigValReal,EigValImag,AGPgrad,N,alpha,k,E0,lmd,period
0,0,970.945835874247,0,4.34027760130137,2,4.27999999999995,1,1,4.89642339217108e-13,4.68250000000243
0.829874368426777,0,0.999847423076705,0.0174679869186481,-8.58652536686084
0.28948794935179,0,0.999847423076705,-0.0174679869186481,-0.0404109578655529
2.72846977129092e-18,0,0.00102992356729505,0,-4.5137199316934
