Q,P,EigValReal,EigValImag,AGPgrad,N,alpha,k,E0,lmd,period
0,0,0.999976737751811,0.0068208471062491,0.322838586483783,2,0.56,1,1,1.1541626490038e-14,6.1092999999991
1.26012755958989,0,0.999976737751811,-0.0068208471062491,0.032114455343373
0.219449864270918,0,-0.913644401651958,0.406514338406452,-0.076166725645138
-4.25487207182699e-17,0,-0.913644401651958,-0.406514338406452,0.21913245245397
