Q,P,EigValReal,EigValImag,AGPgrad,N,alpha,k,E0,lmd,period
0,0,0.999997815954453,0.00208999672296388,1.04660956628,5,0.23,1,1,1.01222417161846e-14,11.9088999999856
2.39105749649607,0,0.999997815954453,-0.00208999672296388,-0.0330594935296218
0.542881432170802,0,0.753894290445827,0.656995737302141,-0.242242112479244
0.11747867831734,0,0.753894290445827,-0.656995737302141,0.0731806201330397
0.0229184021144062,0,-0.058702673531218,0.99827551112922,0.212985301955445
0.0046672726703533,0,-0.058702673531218,-0.99827551112922,-0.953171513886745
5.40437107515677e-16,0,-0.530470444514065,0.847703431334951,-0.488880778697925
,,-0.530470444514065,-0.847703431334951,0.0727213014905225
,,-0.627484490343947,0.778629060835653,0.382218126767456
,,-0.627484490343947,-0.778629060835653,0.465227467487791
