Q,P,EigValReal,EigValImag,AGPgrad,N,alpha,k,E0,lmd,period
0,0,-1.18555438014184,5.19519844277971,4.06751932871291,4,2.29,1,1,1.13190645884454e-13,7.93479999999485
1.20251405719506,0,-1.18555438014184,-5.19519844277971,1.37522639246593
0.444153243056702,0,5.35933148603627,0,-3.43892830908549
0.231864989128806,0,0.999999292462019,0.00118956943298573,1.66667045119025
0.0981340421861003,0,0.999999292462019,-0.00118956943298573,-0.744149772200038
-1.04258511262683e-17,0,-0.0417513027581154,0.182957700385683,-4.93600649765455
,,-0.0417513027581154,-0.182957700385683,-3.23936428578858
,,0.186590436252189,0,1.69566693435634
