Q,P,EigValReal,EigValImag,AGPgrad,N,alpha,k,E0,lmd,period
0,0,-0.741351076449139,0.671117412564824,0.953481987599123,4,0.54,1,1,7.34146884335396e-14,9.61429999999093
1.78494268887235,0,-0.741351076449139,-0.671117412564824,0.00722827038047698
0.507685441395046,0,0.99997879180213,0.00651275256370374,0.146755046507998
0.141565310914276,0,0.99997879180213,-0.00651275256370374,-0.274721496195711
0.0369128263998711,0,0.0146603127730011,0.999892531839993,-0.353204866334439
-3.58025379829456e-17,0,0.0146603127730011,-0.999892531839993,-0.0778372677076135
,,0.346206842332707,0.938158207511951,0.434888129120022
,,0.346206842332707,-0.938158207511951,-0.0108588373612318
