Q,P,EigValReal,EigValImag,AGPgrad,N,alpha,k,E0,lmd,period
0,0,649.938465438415,0,3.4938363752512,2,3.69999999999997,1,1,2.10027594358339e-13,4.82500000000209
0.858195365226007,0,0.999908025639025,0.013562457846484,-6.5781947619007
0.294973706538467,0,0.999908025639025,-0.013562457846484,-0.110064016055658
1.88964488944231e-18,0,0.00153860719577809,0,-3.80657016599452
