Q,P,EigValReal,EigValImag,AGPgrad,N,alpha,k,E0,lmd,period
0,0,-1.30720684913017,1.97071096585173,2.77295033168323,4,1.69,1,1,2.79985296444263e-14,8.37909999999381
1.3244070132755,0,-1.30720684913017,-1.97071096585173,-0.512739702520655
0.487732971047924,0,3.23448533509344,0,0.886739403985616
0.217232538121121,0,0.999955825561722,0.00939930450487648,0.63734275054071
0.068052525303072,0,0.999955825561722,-0.00939930450487648,-0.954795597274215
-2.02701064267492e-17,0,-0.23374319998544,0.352385154431453,-0.932879213627211
,,-0.23374319998544,-0.352385154431453,-0.0171842395443667
,,0.309168197224525,0,0.470436193618131
