Q,P,EigValReal,EigValImag,AGPgrad,N,alpha,k,E0,lmd,period
0,0,2521.59242108746,0,19.0781666476072,4,3.92999999999996,1,1,1.19826406025876e-13,7.22159999999651
1.02473795714966,0,393.500294695128,0,-3.03757229793966
0.26433170239389,0,-0.51608051552888,0.856540075822024,-21.0290521935377
0.26236370241284,0,-0.51608051552888,-0.856540075822024,9.35634109476969
0.253469568056892,0,0.999666114867405,0.0258390941261808,-0.119847783428945
3.40546276635299e-17,0,0.999666114867405,-0.0258390941261808,-12.6255117004058
,,0.00254129415753772,0,-11.372912170846
,,0.000396574793369779,0,3.71582531009937
