Q,P,EigValReal,EigValImag,AGPgrad,N,alpha,k,E0,lmd,period
0,0,0.999989321879643,0.00462126894900608,1.03702660423488,4,0.64,1,1,2.04512071065812e-13,9.48429999999123
1.71490832619961,0,0.999989321879643,-0.00462126894900608,-0.150006783267668
0.517166779595307,0,-0.416506811088233,0.909132595564093,0.0828592720191451
0.156450018050561,0,-0.416506811088233,-0.909132595564093,-0.241753991775858
0.0447562346207206,0,-0.207773353779522,0.978176994955012,-0.134025827944718
-3.17248773580486e-17,0,-0.207773353779522,-0.978176994955012,0.111441448183416
,,-0.150064313666305,0.988676237078599,0.337744298276455
,,-0.150064313666305,-0.988676237078599,-0.00404969711175388
