Q,P,EigValReal,EigValImag,AGPgrad,N,alpha,k,E0,lmd,period
0,0,180.436714601807,0,1.89479764561263,2,2.45999999999999,1,1,7.51429233916951e-14,5.20430000000121
0.939678431168994,0,0.999918306003321,0.0127820702349343,-2.6552852443937
0.30492469824682,0,0.999918306003321,-0.0127820702349343,-0.272470716569567
-1.76086150353197e-18,0,0.00554210933248596,0,-2.13102336985032
