Q,P,EigValReal,EigValImag,AGPgrad,N,alpha,k,E0,lmd,period
0,0,0.999974913383709,0.00708326218982084,0.298613921298777,2,0.71,1,1,7.98017803746254e-15,6.0252999999993
1.21036651925502,0,0.999974913383709,-0.00708326218982084,0.0162323688460961
0.248365080578892,0,-0.981942555797612,0.189179325280635,0.103941209568549
-3.28970130817237e-17,0,-0.981942555797612,-0.189179325280635,0.210124670422435
