Q,P,EigValReal,EigValImag,AGPgrad,N,alpha,k,E0,lmd,period
0,0,-0.995566680405753,0.0940584119888848,0.0317173314992797,4,0.31,1,1,5.34503689994365e-13,9.91329999999023
1.99485656097386,0,-0.995566680405753,-0.0940584119888848,0.74687051841291
0.438797991068849,0,0.495175707172716,0.868792851620005,0.418201259029936
0.0879505510830325,0,0.495175707172716,-0.868792851620005,-0.712292619669383
0.0161061358045029,0,0.999994871551954,0.00320263482595833,-0.934802013061962
-4.90895683822941e-17,0,0.999994871551954,-0.00320263482595833,-0.967526196423332
,,0.977222459484732,0.212217493809096,1.47090982598961
,,0.977222459484732,-0.212217493809096,-0.238908442608146
