Q,P,EigValReal,EigValImag,AGPgrad,N,alpha,k,E0,lmd,period
0,0,13.6160067403426,0,1.28379775108304,2,1.34,1,1,2.8265465786624e-14,5.6814000000001
1.06837320487727,0,0.999917414887058,0.0128515915586955,-0.389415790472604
0.297340756160548,0,0.999917414887058,-0.0128515915586955,-0.78571825284331
-1.24688957644767e-17,0,0.0734429718690736,0,-0.93707723172942
