Q,P,EigValReal,EigValImag,AGPgrad,N,alpha,k,E0,lmd,period
0,0,1417.38271823377,0,14.6180509148586,4,3.62999999999997,1,1,1.45874611572734e-13,7.32849999999626
1.04420225929871,0,271.89158026701,0,-2.14342896883323
0.283014591187609,0,-0.33838083649167,0.941009250481878,-15.2237134001
0.263454442807639,0,-0.33838083649167,-0.941009250481878,6.07882047470247
0.240526377759104,0,0.999919392132138,0.0126968199720328,-0.234589204812783
2.98802058444397e-17,0,0.999919392132138,-0.0126968199720328,-10.3427161226937
,,0.000705525744388073,0,-8.90831147224274
,,0.00367793661930012,0,2.45231853437504
