Q,P,EigValReal,EigValImag,AGPgrad,N,alpha,k,E0,lmd,period
0,0,0.999999884935815,0.000479716948629597,0.970607684355263,5,0.21,1,1,1.50701292841661e-14,11.9395999999855
2.42608838790592,0,0.999999884935815,-0.000479716948629597,-0.0108025869043319
0.522092728102884,0,0.777883879165788,0.628408044612725,-0.23665231856351
0.10619576868394,0,0.777883879165788,-0.628408044612725,0.0782291852648379
0.0194263568981413,0,-0.133157226033604,0.991094926409689,0.217179830086137
0.00370985927208253,0,-0.133157226033604,-0.991094926409689,-1.03593085330328
5.57835742770942e-16,0,-0.562774245738116,0.826610638894685,-0.583109828164619
,,-0.562774245738116,-0.826610638894685,0.0979807154410466
,,-0.477889089204111,0.878420183294805,0.481329171406659
,,-0.477889089204111,-0.878420183294805,0.530394804887368
