Q,P,EigValReal,EigValImag,AGPgrad,N,alpha,k,E0,lmd,period
0,0,43.0176578367475,0,4.49183681717442,4,2.59999999999999,1,1,2.47602411180166e-13,7.76589999999524
1.14070269396175,0,35.8759265293037,0,0.877952129095068
0.385233253243005,0,1.26517588968897,0,3.89252793160353
0.258589596863232,0,0.997975480565438,0.0635998442634613,-8.55779431292382
0.150776880493263,0,0.997975480565438,-0.0635998442634613,-0.894540201529523
2.12807435238119e-18,0,0.790403933674594,0,4.87398306493327
,,0.0278738445733705,0,1.57776210545309
,,0.0232462679346809,0,-10.0678073489287
