Q,P,EigValReal,EigValImag,AGPgrad,N,alpha,k,E0,lmd,period
0,0,66.315679661164,0,1.38448328791818,2,1.88,1,1,8.53028362146769e-13,5.43090000000068
0.995393127488095,0,0.999959882955821,0.00895725845267333,-1.25787454204905
0.305563227799958,0,0.999959882955821,-0.00895725845267333,-0.393261550232386
-5.56472826682239e-18,0,0.0150793900492501,0,-1.377582459641
