Q,P,EigValReal,EigValImag,AGPgrad,N,alpha,k,E0,lmd,period
0,0,329.048922361552,0,2.47044345965252,2,2.94999999999998,1,1,2.37226887747544e-13,5.03990000000159
0.903006967866953,0,0.999930840504987,0.0117607060512938,-4.10032957918259
0.301633686689318,0,0.999930840504987,-0.0117607060512938,-0.203528311087362
1.33921819216275e-19,0,0.00303906176887122,0,-2.80665536279988
