Q,P,EigValReal,EigValImag,AGPgrad,N,alpha,k,E0,lmd,period
0,0,-0.898333588212082,0.439313970060114,0.321225885982167,2,0.55,1,1,8.06075498565104e-15,6.11469999999909
1.263690097152,0,-0.898333588212082,-0.439313970060114,0.0325040943927606
0.217094969361826,0,0.999983677705828,0.00571352097528186,-0.0853293250413165
-4.3300118639373e-17,0,0.999983677705828,-0.00571352097528186,0.221412666181652
