Q,P,EigValReal,EigValImag,AGPgrad,N,alpha,k,E0,lmd,period
0,0,0.999961919998744,0.00872688675454916,0.251695340172051,2,0.77,1,0.999999999999999,2.14132315851603e-15,5.99109999999938
1.19249303706568,0,0.999961919998744,-0.00872688675454916,0.00351951451268501
0.257113929926852,0,-0.889942262892476,0.456073205437262,0.216997423470748
-2.97775056419142e-17,0,-0.889942262892476,-0.456073205437262,0.23049729962725
