Q,P,EigValReal,EigValImag,AGPgrad,N,alpha,k,E0,lmd,period
0,0,55.516231266324,0,1.3355569810852,2,1.8,1,1,1.76383197207948e-13,5.4654000000006
1.0045831889603,0,0.999947193279958,0.0102767043096943,-1.09994523440783
0.305115535327282,0,0.999947193279958,-0.0102767043096943,-0.419306855151459
-6.3094740196916e-18,0,0.0180127500948211,0,-1.28529027174389
