Q,P,EigValReal,EigValImag,AGPgrad,N,alpha,k,E0,lmd,period
0,0,-2.21836082928857,3.68703600176851,78.3426219362039,4,2.17,1,0.999999999999999,1.85509234384959e-14,8.01409999999466
1.22687003050135,0,-2.21836082928857,-3.68703600176851,63.2947820417479
0.457926400793592,0,-0.119811924773576,0.199133916470714,-89.818143276511
0.224670389784455,0,-0.119811924773576,-0.199133916470714,19.5971327168697
0.0884335679866634,0,1.34664678989792,0,-21.2708714848576
-1.2612999756561e-17,0,0.999794971927006,0.0202488051379698,-168.727706718381
,,0.999794971927006,-0.0202488051379698,-95.2493293760798
,,0.742585217966612,0,20.3081681054465
