Q,P,EigValReal,EigValImag,AGPgrad,N,alpha,k,E0,lmd,period
0,0,-0.52707708848132,0.849817476166527,0.300902251671643,5,0.06,1,1,8.6104776641357e-15,12.1172999999851
2.69040830134096,0,-0.52707708848132,-0.849817476166527,0.0493280189504559
0.212862541089949,0,-0.151816642838579,0.988408674060095,-0.132756592076753
0.0149783660173534,0,-0.151816642838579,-0.988408674060095,0.0611388258915916
0.000938590349935708,0,-0.159692781901954,0.987166761701582,0.187975180478848
6.14367885282963e-05,0,-0.159692781901954,-0.987166761701582,-1.79412624244174
7.70669694192599e-16,0,0.897878206583782,0.440243939358483,-1.59942459998366
,,0.897878206583782,-0.440243939358483,0.153506054979034
,,0.999999607456104,0.000886051704561331,1.61224176899398
,,0.999999607456104,-0.000886051704561331,1.50311697462315
