Q,P,EigValReal,EigValImag,AGPgrad,N,alpha,k,E0,lmd,period
0,0,0.999923348005337,0.0123813615478328,0.944958893678032,4,0.8,1,1,1.14991592128596e-14,9.2837999999917
1.62200961552425,0,0.999923348005337,-0.0123813615478328,-0.451292498168101
0.521908542163731,0,0.153405866454283,0.988163265931997,-0.0661785824989004
0.173189525182028,0,0.153405866454283,-0.988163265931997,-0.246556296799952
0.0556352926443462,0,-0.541227396778099,0.840876272097632,0.311901492276656
-2.63276071485413e-17,0,-0.541227396778099,-0.840876272097632,0.50458491943065
,,-0.793193154186375,0.608970130755088,0.290342090934858
,,-0.793193154186375,-0.608970130755088,-0.0434204238278363
