Q,P,EigValReal,EigValImag,AGPgrad,N,alpha,k,E0,lmd,period
0,0,0.999749416478464,0.0223853579593583,1.1013698470299,4,1.95,1,1,3.35772452117654e-14,8.17249999999429
1.26968617814625,0,0.999749416478464,-0.0223853579593583,-1.77310949384872
0.473801902034043,0,0.188381966579165,0.982095837822183,1.66968570073901
0.218816914610456,0,0.188381966579165,-0.982095837822183,0.322972309741749
0.0788181335753561,0,-0.581617034566178,0.8134627373779,-0.0944162098325767
-1.55416482386402e-17,0,-0.581617034566178,-0.8134627373779,1.89555670882456
,,-0.991221760019066,0.132209766903933,1.53243154234925
,,-0.991221760019066,-0.132209766903933,0.127112310762629
