Q,P,EigValReal,EigValImag,AGPgrad,N,alpha,k,E0,lmd,period
0,0,388.16268328146,0,2.67767615444953,2,3.10999999999998,1,1,2.92958779162633e-13,4.99070000000171
0.892472050322406,0,0.999873517514638,0.0159043696147746,-4.60869749969969
0.300312454809454,0,0.999873517514638,-0.0159043696147746,-0.18296181101155
5.98540168587033e-19,0,0.00257623940418245,0,-3.02593879100186
