Q,P,EigValReal,EigValImag,AGPgrad,N,alpha,k,E0,lmd,period
0,0,0.999952381742703,0.00975880356871872,0.214227849377649,2,0.8,1,1,1.31747284753986e-14,5.97399999999942
1.18398140235763,0,0.999952381742703,-0.00975880356871872,-0.00443536114755486
0.26100081485097,0,-0.810225699353274,0.586118005274955,0.291170101793387
-2.83512235931605e-17,0,-0.810225699353274,-0.586118005274955,0.251062775929288
