Q,P,EigValReal,EigValImag,AGPgrad,N,alpha,k,E0,lmd,period
0,0,705.139134563608,0,10.8281076192104,4,3.32999999999997,1,1,1.71528800092894e-13,7.44329999999599
1.06634712775894,0,176.673275680206,0,-1.41290757124573
0.305313483292783,0,-0.10472366828403,0.994501359125409,-10.4624274134006
0.264050331842112,0,-0.10472366828403,-0.994501359125409,3.70723024430366
0.223537539860735,0,0.99980399027639,0.0197985107180362,-0.32436437018751
2.44794340907666e-17,0,0.99980399027639,-0.0197985107180362,-8.20813639739967
,,0.00141815983616878,0,-6.78460674180535
,,0.00566016561459152,0,1.50899299420079
