Q,P,EigValReal,EigValImag,AGPgrad,N,alpha,k,E0,lmd,period
0,0,-0.984015296882907,0.178083956325236,1.26658352182947,4,1.23,1,1,9.60253404990416e-15,8.80509999999282
1.44522141089965,0,-0.984015296882907,-0.178083956325236,0.513670373305098
0.512521841543404,0,0.331477738202826,0.943463040651817,-0.142237452109846
0.184783204181111,0,0.331477738202826,-0.943463040651817,0.140608315545237
0.0915499674009574,0,0.99999660475613,0.00260585422024037,-0.370024118196869
-8.54588189413844e-18,0,0.99999660475613,-0.00260585422024037,0.162090330421664
,,0.975046232908134,0.222001900198344,0.376771357552234
,,0.975046232908134,-0.222001900198344,-1.07183393809782
