Q,P,EigValReal,EigValImag,AGPgrad,N,alpha,k,E0,lmd,period
0,0,-0.466909387109621,0.884305164651263,0.218353180081082,2,0.34,1,1,1.66112132483856e-14,6.21619999999885
1.3417278368584,0,-0.466909387109621,-0.884305164651263,0.029643698564537
0.152326685574687,0,0.999990408999003,0.00437971574513986,-0.236767057438888
-6.25561058751538e-17,0,0.999990408999003,-0.00437971574513986,0.289174236256715
