Q,P,EigValReal,EigValImag,AGPgrad,N,alpha,k,E0,lmd,period
0,0,640.037151185582,0,3.46547754299011,2,3.67999999999997,1,1,1.92648218615202e-13,4.83030000000208
0.859256598174164,0,0.999790133111915,0.0204863303751689,-6.51040611245362
0.295161361076645,0,0.999790133111915,-0.0204863303751689,-0.11248716191524
1.85441474827859e-18,0,0.00156240930495059,0,-3.78141179833703
