Q,P,EigValReal,EigValImag,AGPgrad,N,alpha,k,E0,lmd,period
0,0,168.020320971404,0,1.84231991493657,2,2.40999999999999,1,1,5.3166306029754e-14,5.22240000000117
0.943869989481179,0,0.999847058327682,0.0174888522649343,-2.51971969607745
0.305163233119052,0,0.999847058327682,-0.0174888522649343,-0.280417512141053
-2.00662886489123e-18,0,0.00595166105035708,0,-2.06290869576294
