Q,P,EigValReal,EigValImag,AGPgrad,N,alpha,k,E0,lmd,period
0,0,83.0457113087378,0,1.4619979078744,2,1.99,1,1,9.25698958515943e-14,5.38490000000079
0.983454579717937,0,0.999880439184184,0.0154630959651669,-1.49023787395795
0.305903285091475,0,0.999880439184184,-0.0154630959651669,-0.363118180124849
-4.64848178810542e-18,0,0.0120415610179036,0,-1.51114145184664
