Q,P,EigValReal,EigValImag,AGPgrad,N,alpha,k,E0,lmd,period
0,0,2348.15865527957,0,18.4415670486055,4,3.88999999999996,1,1,9.40204791262281e-13,7.23539999999648
1.02720494311117,0,375.620197539233,0,-2.9077077148117
0.266649452886614,0,-0.49459278521735,0.869124833849521,-20.1901328932126
0.262527741468527,0,-0.49459278521735,-0.869124833849521,8.86333963980867
0.251929776325008,0,0.999846133605347,0.0175416393996426,-0.136750372297865
3.35546778442832e-17,0,0.999846133605347,-0.0175416393996426,-12.310636997847
,,0.00266226365690864,0,-11.0231903161323
,,0.000425865602700631,0,3.52906749439973
