Q,P,EigValReal,EigValImag,AGPgrad,N,alpha,k,E0,lmd,period
0,0,499.555623181871,0,3.04284030941297,2,3.37999999999997,1,1,4.08740894798348e-14,4.91200000000189
0.875975293879647,0,0.999802852124955,0.0198559029637977,-5.49523334873319
0.297933862797989,0,0.999802852124955,-0.0198559029637977,-0.149203524076645
1.26040843734041e-18,0,0.00200177908918196,0,-3.38980412852369
