Q,P,EigValReal,EigValImag,AGPgrad,N,alpha,k,E0,lmd,period
0,0,-1.47454861030286,1.33746367447579,14.9103313205303,4,1.87,1,1,2.97048857991664e-14,8.23369999999415
1.2857033790777,0,-1.47454861030286,-1.33746367447579,3.77685269244678
0.478341490158725,0,-0.372069241607057,0.337478935290521,-1.85695375347063
0.217992364517034,0,-0.372069241607057,-0.337478935290521,6.34679974962882
0.0758062796777697,0,1.01928100343496,0.0216110834084954,-0.0957653683252372
-1.67712839481731e-17,0,1.01928100343496,-0.0216110834084954,2.88161718935849
,,0.980642886364335,0.0207918671493168,7.47605488940773
,,0.980642886364335,-0.0207918671493168,14.4358240480668
