Q,P,EigValReal,EigValImag,AGPgrad,N,alpha,k,E0,lmd,period
0,0,482.106378781496,0,2.98754202092171,2,3.33999999999997,1,1,4.04865962651358e-13,4.92330000000186
0.8783263291848,0,0.999884750169685,0.015181777830567,-5.36162138160116
0.298295140675356,0,0.999884750169685,-0.015181777830567,-0.154152818779011
1.17081092287976e-18,0,0.00207423100754334,0,-3.33628068234643
