Q,P,EigValReal,EigValImag,AGPgrad,N,alpha,k,E0,lmd,period
0,0,596.062572751193,0,3.33712123836214,2,3.58999999999997,1,1,3.61739638115981e-13,4.85420000000203
0.864111254744474,0,0.999821442611612,0.0188966371016475,-6.20312555562479
0.296002365568738,0,0.999821442611612,-0.0188966371016475,-0.123442342768447
1.68955588620703e-18,0,0.00167767621496369,0,-3.6654232813186
