Q,P,EigValReal,EigValImag,AGPgrad,N,alpha,k,E0,lmd,period
0,0,6.28166304623048,0,3.55519987856016,4,2.30999999999999,1,1,1.33976005860115e-13,7.92229999999488
1.19826119856429,0,-0.774455979911404,5.45788035047982,1.0490800311646
0.441182725798516,0,-0.774455979911404,-5.45788035047982,-2.96862733955462
0.2335075482599,0,0.999920870635572,0.012579843695918,1.62885726536867
0.100421295809747,0,0.999920870635572,-0.012579843695918,-0.615750153536216
-9.93571263020824e-18,0,-0.0254853844873959,0.179605016716367,-3.83387737883723
,,-0.0254853844873959,-0.179605016716367,-2.73643536936477
,,0.159193511756427,0,1.6690474113084
