Q,P,EigValReal,EigValImag,AGPgrad,N,alpha,k,E0,lmd,period
0,0,63.8527685390446,0,4.35499331179738,4,2.67999999999999,1,1,4.29268320035133e-13,7.72579999999533
1.13125410915788,0,44.374930756359,0,-0.201152150733438
0.375409142717317,0,0.993095099020717,0.117312080795986,-3.20981638666644
0.258908532279575,0,0.993095099020717,-0.117312080795986,1.45332312698841
0.160732553428525,0,0.999944356194753,0.010549147562598,-0.427413174147924
5.32854559597458e-18,0,0.999944356194753,-0.010549147562598,-3.48290523710342
,,0.0156610280631207,0,-3.06995436009753
,,0.022535246432052,0,0.941135539382349
