Q,P,EigValReal,EigValImag,AGPgrad,N,alpha,k,E0,lmd,period
0,0,332.613374073163,0,2.48326594939746,2,2.95999999999998,1,1,3.06060839691104e-13,5.0368000000016
0.902330326396001,0,0.999860782462587,0.0166857931561882,-4.13191929334717
0.30155362911461,0,0.999860782462587,-0.0166857931561882,-0.202225351203905
1.64782348907089e-19,0,0.00300649365901454,0,-2.82058544300989
