Q,P,EigValReal,EigValImag,AGPgrad,N,alpha,k,E0,lmd,period
0,0,13.0458744762252,0,1.29268740530643,2,1.33,1,1,4.4615442821733e-14,5.68640000000009
1.07002389844323,0,0.999962810062654,0.00862429658641037,-0.377932722315448
0.29702780208123,0,0.999962810062654,-0.00862429658641037,-0.805657602867054
-1.26519903488052e-17,0,0.0766525848322855,0,-0.937968308641521
