Q,P,EigValReal,EigValImag,AGPgrad,N,alpha,k,E0,lmd,period
0,0,2223.95177609735,0,17.9731238146485,4,3.85999999999996,1,1,5.30902461201158e-13,7.24589999999645
1.02907933254247,0,362.595194602886,0,-2.81253559088551
0.26842036320855,0,-0.478306956514605,0.878192721081639,-19.574760630312
0.262647580281691,0,-0.478306956514605,-0.878192721081639,8.50542958246261
0.250740543247958,0,0.999744222083115,0.0226161537394937,-0.149102823377092
3.31692311120042e-17,0,0.999744222083115,-0.0226161537394937,-12.0768921429257
,,0.00275789644895727,0,-10.7654131409039
,,0.000449650037586278,0,3.39281710758197
