Q,P,EigValReal,EigValImag,AGPgrad,N,alpha,k,E0,lmd,period
0,0,38.2224685247687,0,1.26466873545122,2,1.65,1,1,4.34048517359547e-16,5.53240000000044
1.02313265012768,0,0.999988400902139,0.00481643656732155,-0.830107228125089
0.30370723790304,0,0.999988400902139,-0.00481643656732155,-0.482857123841925
-7.91973504212743e-18,0,0.0261626221067191,0,-1.12722076182735
