Q,P,EigValReal,EigValImag,AGPgrad,N,alpha,k,E0,lmd,period
0,0,52.9936674312133,0,1.32443272644514,2,1.78,1,1,1.61414320556049e-13,5.47420000000058
1.00695310208665,0,0.999892603801386,0.0146554038936415,-1.06200854897685
0.304973462303719,0,0.999892603801386,-0.0146554038936415,-0.426518437120392
-6.50717459118345e-18,0,0.0188701791831266,0,-1.26302627979087
