Q,P,EigValReal,EigValImag,AGPgrad,N,alpha,k,E0,lmd,period
0,0,0.999983690014172,0.00571136634992738,0.315519089051584,2,0.67,1,1,5.01581085153872e-15,6.04799999999924
1.22292933139061,0,0.999983690014172,-0.00571136634992738,0.0225095373760248
0.2417219450589,0,-0.999883236499644,0.0152811441653586,0.0455252667533253
-3.51943759217072e-17,0,-0.999883236499644,-0.0152811441653586,0.206437448289092
