Q,P,EigValReal,EigValImag,AGPgrad,N,alpha,k,E0,lmd,period
0,0,544.42498430712,0,3.18192528554659,2,3.47999999999997,1,1,6.3215080459588e-14,4.88410000000196
0.870228282084434,0,0.999852424678081,0.0171793150430646,-5.83043411449356
0.297020548123038,0,0.999852424678081,-0.0171793150430646,-0.136897480376896
1.47302321190102e-18,0,0.00183680034706519,0,-3.52180446471454
