Q,P,EigValReal,EigValImag,AGPgrad,N,alpha,k,E0,lmd,period
0,0,-0.839131691125095,0.543928308648789,0.633943870318774,4,0.14,1,1,1.81882466809579e-14,10.0997999999898
2.19224279698938,0,-0.839131691125095,-0.543928308648789,-0.210716877865197
0.27611654586593,0,0.742828326437772,0.669481947061791,-0.0946311272942523
0.0296463295525115,0,0.742828326437772,-0.669481947061791,0.317342715617773
0.00285487394714815,0,0.94918584809736,0.314716103451516,-1.12514920537453
-6.65853597644076e-17,0,0.94918584809736,-0.314716103451516,-0.267474798815751
,,0.99999767054314,0.00215845043878537,0.409346611049154
,,0.99999767054314,-0.00215845043878537,0.892554641922205
