Q,P,EigValReal,EigValImag,AGPgrad,N,alpha,k,E0,lmd,period
0,0,1737.43674500284,0,16.026302350299,4,3.72999999999996,1,1,8.07849096687861e-13,7.29209999999634
1.03745534249617,0,309.360860055874,0,-2.4216008845136
0.276437077860624,0,-0.402678544346838,0.915341460830507,-17.0370955908472
0.263130706918182,0,-0.402678544346838,-0.915341460830507,7.06606804280379
0.245220421429893,0,0.99969695827115,0.0246168970972826,-0.199359382216708
3.13872229035744e-17,0,0.99969695827115,-0.0246168970972826,-11.0845978737438
,,0.000575560520437325,0,-9.69019568239208
,,0.00323247097300595,0,2.83851691329198
