Q,P,EigValReal,EigValImag,AGPgrad,N,alpha,k,E0,lmd,period
0,0,572.307420578534,0,3.26635609875352,2,3.53999999999997,1,1,2.1817269767576e-13,4.86770000000199
0.866865993131589,0,0.999826023115151,0.018652707627089,-6.0333526963481
0.296466690379132,0,0.999826023115151,-0.018652707627089,-0.129548247660877
1.59327234403028e-18,0,0.0017473126574529,0,-3.600421080089
