Q,P,EigValReal,EigValImag,AGPgrad,N,alpha,k,E0,lmd,period
0,0,0.999995385437789,0.0030379438973678,0.322603682262268,2,0.64,1,1,3.89529999687556e-15,6.0648999999992
1.2326944228571,0,0.999995385437789,-0.0030379438973678,0.0261627864912806
0.236263644703376,0,-0.993995250749036,0.109423221887928,0.0076940608293615
-3.70426045097758e-17,0,-0.993995250749036,-0.109423221887928,0.207155690963687
