Q,P,EigValReal,EigValImag,AGPgrad,N,alpha,k,E0,lmd,period
0,0,0.999990673545876,0.00431889120659278,0.325630253747841,2,0.59,1,1,3.70929935064588e-15,6.09279999999914
1.24961096143479,0,0.999990673545876,-0.00431889120659278,0.0304740751964465
0.226164619154,0,-0.953320331071771,0.30196083581353,-0.0470916789685061
-4.03808439257211e-17,0,-0.953320331071771,-0.30196083581353,0.213223616628143
