Q,P,EigValReal,EigValImag,AGPgrad,N,alpha,k,E0,lmd,period
0,0,893.789494994602,0,4.14871634398562,2,4.14999999999996,1,1,6.2554770534217e-13,4.71290000000235
0.835842780625687,0,0.999889965698207,0.0148343013187306,-8.13421147523542
0.290717694118876,0,0.999889965698207,-0.0148343013187306,-0.0559009983367138
2.56732046176441e-18,0,0.00111883167734175,0,-4.36110940244462
