Q,P,EigValReal,EigValImag,AGPgrad,N,alpha,k,E0,lmd,period
0,0,0.999997132684387,0.00239470729291435,1.26412622072999,5,0.29,1,1,1.38436636603376e-14,11.8122999999858
2.29363984009889,0,0.999997132684387,-0.00239470729291435,-0.121555807500813
0.588665452138305,0,0.672798733536974,0.739825563326285,-0.264582066077766
0.147388915182523,0,0.672798733536974,-0.739825563326285,0.0563904891160021
0.0335360571646247,0,0.179583937813298,0.983742653990094,0.210856816792435
0.00797018076085382,0,0.179583937813298,-0.983742653990094,-0.722069936918747
4.97848250521498e-16,0,-0.683411713430987,0.730033170441814,-0.234548233756037
,,-0.683411713430987,-0.730033170441814,-0.000655981929759794
,,-0.807460350560504,0.589921844207121,0.144240041117886
,,-0.807460350560504,-0.589921844207121,0.332842640764768
