Q,P,EigValReal,EigValImag,AGPgrad,N,alpha,k,E0,lmd,period
0,0,8.02422738384485,0,1.46773761014201,2,1.23,1,1,1.83789308386023e-15,5.73769999999997
1.08733280617604,0,0.999971710669889,0.00752182557246186,-0.273070559499439
0.293397268870412,0,0.999971710669889,-0.00752182557246186,-1.11955614099127
-1.46459076708772e-17,0,0.124622590084349,0,-1.02043154498783
