Q,P,EigValReal,EigValImag,AGPgrad,N,alpha,k,E0,lmd,period
0,0,464.965901904594,0,2.93255021873096,2,3.29999999999997,1,1,2.96745792325032e-13,4.93470000000184
0.880708359667333,0,0.999986573619595,0.00518194757090604,-5.22854178755143
0.298653753729584,0,0.999986573619595,-0.00518194757090604,-0.159118110339054
1.07845664482175e-18,0,0.0021506953425787,0,-3.28248168142163
