Q,P,EigValReal,EigValImag,AGPgrad,N,alpha,k,E0,lmd,period
0,0,-0.509025492892442,0.860751443557089,0.232977764364711,2,0.36,1,1,4.90886756015773e-15,6.20789999999887
1.33438430860374,0,-0.509025492892442,-0.860751443557089,0.030449058101251
0.159813896100183,0,0.999997733969375,0.00212886263736653,-0.225146807855093
-6.04487315749439e-17,0,0.999997733969375,-0.00212886263736653,0.282193948568896
