Q,P,EigValReal,EigValImag,AGPgrad,N,alpha,k,E0,lmd,period
0,0,651.759321989503,0,10.4825340689869,4,3.29999999999997,1,1,1.05075476611567e-13,7.45519999999596
1.06874660541366,0,168.460075022832,0,-1.34759999004775
0.307791102659839,0,-0.0765976029653677,0.997062087945745,-10.0392927261519
0.264066254480101,0,-0.0765976029653677,-0.997062087945745,3.51671244960037
0.221549973494949,0,0.999969885016515,0.00776073844408882,-0.332093467598316
2.38525915694252e-17,0,0.999969885016515,-0.00776073844408882,-8.00030979321861
,,0.00153430870317279,0,-6.5894999256643
,,0.00593612462687003,0,1.43323532497545
