Q,P,EigValReal,EigValImag,AGPgrad,N,alpha,k,E0,lmd,period
0,0,7.15894307262415,0,1.53612042811401,2,1.21,1,1,2.27950681930435e-14,5.74819999999994
1.09098141497084,0,0.999923611987781,0.0123600238398088,-0.254305342720895
0.292550155975931,0,0.999923611987781,-0.0123600238398088,-1.22725715919386
-1.50835680058397e-17,0,0.139685424210744,0,-1.06517840090272
