Q,P,EigValReal,EigValImag,AGPgrad,N,alpha,k,E0,lmd,period
0,0,989.158939024837,0,4.38454367850545,2,4.30999999999995,1,1,7.91939614371755e-13,4.67560000000244
0.828525048685668,0,0.999839234761269,0.0179305502351806,-8.69089073263116
0.289204751748519,0,0.999839234761269,-0.0179305502351806,-0.0368470942729165
2.76380297192139e-18,0,0.00101095987649979,0,-4.54841938600454
