Q,P,EigValReal,EigValImag,AGPgrad,N,alpha,k,E0,lmd,period
0,0,0.999953064354767,0.00968860606679599,0.18177309711652,2,0.820000000000001,1,1,9.89201937266705e-15,5.96259999999944
1.17845925279675,0,0.999953064354767,-0.00968860606679599,-0.01036498307771
0.263428576702325,0,-0.743200010023097,0.669069312628867,0.35038359368405
-2.74458150995595e-17,0,-0.743200010023097,-0.669069312628867,0.270564979065949
