Q,P,EigValReal,EigValImag,AGPgrad,N,alpha,k,E0,lmd,period
0,0,64.9068086614691,0,1.37801675018104,2,1.87,1,1,9.0476301802079e-13,5.43520000000067
0.996517430907385,0,0.99991261609483,0.0132196888912027,-1.23767013863799
0.305517214272326,0,0.99991261609483,-0.0132196888912027,-0.3962986382648
-5.6539823195872e-18,0,0.0154067041753257,0,-1.36585477139942
