Q,P,EigValReal,EigValImag,AGPgrad,N,alpha,k,E0,lmd,period
0,0,-0.984628560681994,0.174661379501355,-0.801203670879272,4,1.25,1,1,1.86854919640643e-14,8.78629999999286
1.4378747558587,0,-0.984628560681994,-0.174661379501355,0.150542392325575
0.512746011627897,0,0.625756257279114,0.780018657774309,-0.9260959237527
0.180058676198869,0,0.625756257279114,-0.780018657774309,-0.762901274015824
0.100212589355587,0,0.999903659034698,0.0138806573700034,1.37578593157784
-4.17223882544004e-18,0,0.999903659034698,-0.0138806573700034,2.46275491834636
,,0.951486258750716,0.30769124038325,1.08035401686428
,,0.951486258750716,-0.30769124038325,-2.38940522851586
