Q,P,EigValReal,EigValImag,AGPgrad,N,alpha,k,E0,lmd,period
0,0,0.999969988115219,0.00774744272866981,0.270856862200823,2,0.75,1,1,1.06545249512966e-15,6.00249999999935
1.19832323276276,0,0.999969988115219,-0.00774744272866981,0.00821682786209417
0.25434858557831,0,-0.930092677475876,0.367324939672981,0.174982887585964
-3.07763008699863e-17,0,-0.930092677475876,-0.367324939672981,0.221169881703271
