Q,P,EigValReal,EigValImag,AGPgrad,N,alpha,k,E0,lmd,period
0,0,-1.33196233151297,1.6431398692245,0.129449894323564,4,2.02,1,1,4.93249906718269e-14,8.12039999999441
1.25596465260901,0,-1.33196233151297,-1.6431398692245,-2.5679934005428
0.469431581534684,0,0.99997162002858,0.00753386603337617,2.56718394272423
0.220074116334388,0,0.99997162002858,-0.00753386603337617,0.12825396167282
0.0814060016674377,0,-0.0844745618707573,0.996425636159997,0.242845897775076
-1.46210298650789e-17,0,-0.0844745618707573,-0.996425636159997,3.92909438952144
,,-0.297709593368684,0.367261513889097,2.63895788129563
,,-0.297709593368684,-0.367261513889097,-0.060357581601089
