Q,P,EigValReal,EigValImag,AGPgrad,N,alpha,k,E0,lmd,period
0,0,0.999883817437814,0.0152430845292074,1.19893148814979,4,1.94,1,1,1.85085212373146e-14,8.17999999999427
1.27166983360083,0,0.999883817437814,-0.0152430845292074,-1.69318728974049
0.474395344659666,0,0.313550495422827,0.949571528016744,1.58928539163327
0.218668336374568,0,0.313550495422827,-0.949571528016744,0.341793429624002
0.0784600224428884,0,-0.699572204150855,0.714561915567776,-0.132001041528048
-1.56777089181125e-17,0,-0.699572204150855,-0.714561915567776,1.69903294042036
,,-0.938065199675032,0.346458772667619,1.42507287554511
,,-0.938065199675032,-0.346458772667619,0.145222586664264
