Q,P,EigValReal,EigValImag,AGPgrad,N,alpha,k,E0,lmd,period
0,0,825.151380731942,0,3.97242894138298,2,4.02999999999996,1,1,2.39449765475169e-13,4.74170000000229
0.841535503572511,0,0.999958151694399,0.00914848947977976,-7.71692750792517
0.291855011237679,0,0.999958151694399,-0.00914848947977976,-0.070264968514194
2.40605847016554e-18,0,0.00121189883757545,0,-4.21698024590789
