Q,P,EigValReal,EigValImag,AGPgrad,N,alpha,k,E0,lmd,period
0,0,-0.851078255298517,0.525038858902879,0.700120876489917,4,0.15,1,1,1.03852132681637e-14,10.0908999999898
2.18084589286031,0,-0.851078255298517,-0.525038858902879,-0.24833810560671
0.290599797483107,0,0.732335880009104,0.680943579785648,-0.10856859691018
0.0331294845923578,0,0.732335880009104,-0.680943579785648,0.345029269070003
0.00339108484983067,0,0.956293103114706,0.292409816755907,-1.0880649240704
-6.5228216870813e-17,0,0.956293103114706,-0.292409816755907,-0.19984856507925
,,0.999999781318318,0.000661334487605925,0.329004829424266
,,0.999999781318318,-0.000661334487605925,0.870455550956099
