Q,P,EigValReal,EigValImag,AGPgrad,N,alpha,k,E0,lmd,period
0,0,304.8364541664,0,2.38242856102499,2,2.87999999999998,1,1,4.6007805817679e-13,5.06210000000154
0.907815303166426,0,0.999900731163919,0.014089989986851,-3.88295760406758
0.302183209112715,0,0.999900731163919,-0.014089989986851,-0.212723231688704
-8.94896295818584e-20,0,0.00328044755254314,0,-2.71029802977816
