Q,P,EigValReal,EigValImag,AGPgrad,N,alpha,k,E0,lmd,period
0,0,1205.73215795464,0,4.88581809053421,2,4.64999999999995,1,1,4.5832414297048e-13,4.60020000000262
0.813910726710461,0,0.99991837931935,0.0127763335572998,-9.86911362651448
0.286019676726026,0,0.99991837931935,-0.0127763335572998,0.00321388529377821
3.12150649929776e-18,0,0.000829371592080749,0,-4.92728591984604
