Q,P,EigValReal,EigValImag,AGPgrad,N,alpha,k,E0,lmd,period
0,0,193.369295294708,0,1.94865099298059,2,2.50999999999999,1,1,5.92147017694891e-14,5.18650000000125
0.935580645908795,0,0.999912297712087,0.0132437488684104,-2.79348933954835
0.304663204516545,0,0.999912297712087,-0.0132437488684104,-0.264761871723271
-1.52659428657549e-18,0,0.00517145185104292,0,-2.19956430443919
