Q,P,EigValReal,EigValImag,AGPgrad,N,alpha,k,E0,lmd,period
0,0,0.999973227988269,0.0073173292071356,0.279004570564532,2,0.74,1,1,1.13213952311862e-14,6.00819999999934
1.20128586397148,0,0.999973227988269,-0.0073173292071356,0.0103897187960429
0.252910822746898,0,-0.946497784014279,0.322710311046998,0.155761934441277
-3.12907448883799e-17,0,-0.946497784014279,-0.322710311046998,0.217554372700448
