Q,P,EigValReal,EigValImag,AGPgrad,N,alpha,k,E0,lmd,period
0,0,585.167099781454,0,10.0306839558517,4,3.25999999999997,1,1,2.11272420553834e-13,7.47129999999593
1.07200692087409,0,157.882437600725,0,-1.2623664169127
0.311175600828377,0,-0.0377565634285706,0.999286966751271,-9.48933872400178
0.264070652231055,0,-0.0377565634285706,-0.999286966751271,3.27540993851184
0.218803425475751,0,0.999913853571009,0.0131257547266762,-0.342108100596141
2.29880622696453e-17,0,0.999913853571009,-0.0131257547266762,-7.72415522732166
,,0.00170891357415931,0,-6.33387027441986
,,0.00633382670788795,0,1.33778821503763
