Q,P,EigValReal,EigValImag,AGPgrad,N,alpha,k,E0,lmd,period
0,0,1082.40110023133,0,4.60578077182846,2,4.45999999999995,1,1,4.52570175076486e-13,4.64170000000252
0.821928277394312,0,0.999871676492005,0.0160196925474886,-9.2116897790636
0.287793367524012,0,0.999871676492005,-0.0160196925474886,-0.01909852548235
2.9308519588964e-18,0,0.000923871936171791,0,-4.71869847566436
