Q,P,EigValReal,EigValImag,AGPgrad,N,alpha,k,E0,lmd,period
0,0,0.999982381212974,0.00593609834930937,0.657594378856391,4,0.900000000000001,1,1,1.12605564962698e-14,9.16419999999198
1.5731901121,0,0.999982381212974,-0.00593609834930937,-0.751194221725783
0.521288823103678,0,0.526429287313196,0.850218916196846,-0.226237181131966
0.180345489201781,0,0.526429287313196,-0.850218916196846,-0.333133366610411
0.0617131363887805,0,-0.726264678828648,0.687415170247158,0.775162514100338
-2.33555723165375e-17,0,-0.726264678828648,-0.687415170247158,0.950257961575067
,,-0.993521155125507,0.113647324289123,0.336333936109664
,,-0.993521155125507,-0.113647324289123,-0.119467890741743
