Q,P,EigValReal,EigValImag,AGPgrad,N,alpha,k,E0,lmd,period
0,0,42.4710797320908,0,1.28051620512736,2,1.69,1,1,2.90096255523354e-14,5.51430000000049
1.01800460684167,0,0.999885637014139,0.015123256687877,-0.8986809350331
0.304164910889318,0,0.999885637014139,-0.015123256687877,-0.463476056021844
-7.4600773326414e-18,0,0.0235454338883399,0,-1.16712543307228
