Q,P,EigValReal,EigValImag,AGPgrad,N,alpha,k,E0,lmd,period
0,0,36.5929135330789,0,5.57557981432633,4,2.56999999999999,1,1,2.51445569323186e-13,7.7812999999952
1.14446163739305,0,32.8721859300151,0,0.733738808598578
0.389092972766374,0,1.35983022139074,0,2.76753179325001
0.258416812196012,0,0.999064849038494,0.0432368756459516,-8.40904206199116
0.14673948520138,0,0.999064849038494,-0.0432368756459516,-0.983236727557374
8.2932274150837e-19,0,0.735385921175991,0,3.20132287722501
,,0.0273276955412107,0,0.599251847384261
,,0.0304208549479505,0,-10.2699374181218
