Q,P,EigValReal,EigValImag,AGPgrad,N,alpha,k,E0,lmd,period
0,0,-0.242862961764314,0.970060607283414,0.114480342373849,2,0.21,1,1,6.94824420840735e-15,6.25849999999875
1.38413484937367,0,-0.242862961764314,-0.970060607283414,0.023569134207266
0.0978945711459603,0,0.99999994947741,0.000317876024957,-0.296363470984395
-7.71003649208633e-17,0,0.99999994947741,-0.000317876024957,0.325020836602607
