Q,P,EigValReal,EigValImag,AGPgrad,N,alpha,k,E0,lmd,period
0,0,1293.41810736026,0,5.07707521146316,2,4.77999999999994,1,1,7.21702496106359e-13,4.57270000000268
0.808627843249428,0,0.999909294929326,0.013468552742069,-10.3170675938727
0.284817215686556,0,0.999909294929326,-0.013468552742069,0.018364049896536
3.23997277768853e-18,0,0.000773145200765466,0,-5.06559510971888
