Q,P,EigValReal,EigValImag,AGPgrad,N,alpha,k,E0,lmd,period
0,0,3.11819533237372,0,3.32537565295086,4,1.62,1,1,8.28127664836355e-15,8.43879999999367
1.34064235717152,0,-1.0644649947365,1.9378008861095,-0.240932975301135
0.491090335686053,0,-1.0644649947365,-1.9378008861095,0.973022086589551
0.218274045810244,0,0.999828655735524,0.0185110553480981,0.740471554757596
0.0629316228192273,0,0.999828655735524,-0.0185110553480981,-1.33394919015331
-2.27230671611393e-17,0,-0.217764031953356,0.396427629061152,-1.57187163232033
,,-0.217764031953356,-0.396427629061152,-0.335680479927463
,,0.320698318549144,0,0.613211632651753
