Q,P,EigValReal,EigValImag,AGPgrad,N,alpha,k,E0,lmd,period
0,0,439.935894892291,0,2.85111012523562,2,3.23999999999997,1,1,2.72050316285006e-13,4.9521000000018
0.884341296571878,0,0.999952487090293,0.00974800297327266,-5.03104816173918
0.299186114652834,0,0.999952487090293,-0.00974800297327266,-0.166595080973
9.34511545820468e-19,0,0.00227305844192215,0,-3.2019362725446
