Q,P,EigValReal,EigValImag,AGPgrad,N,alpha,k,E0,lmd,period
0,0,1246.6243652038,0,13.8091936223983,4,3.56999999999997,1,1,1.01662022815776e-13,7.35079999999621
1.04838962881108,0,250.846083127929,0,-1.98530834390308
0.28714923275264,0,-0.297141651100852,0.954833409124043,-14.1917324986851
0.263624165785555,0,-0.297141651100852,-0.954833409124043,5.53496937725
0.237500694655183,0,0.999892523654981,0.0146608710184947,-0.254402411710971
2.89124575382696e-17,0,0.999892523654981,-0.0146608710184947,-9.90579428867628
,,0.000802166255784775,0,-8.45751707826467
,,0.00398650832873414,0,2.23756368097019
