Q,P,EigValReal,EigValImag,AGPgrad,N,alpha,k,E0,lmd,period
0,0,5.55343111874391,0,1.74935776731846,2,1.17,1,1,8.69192648299245e-15,5.76919999999989
1.0984812205279,0,0.999983881870113,0.00567767557826441,-0.219068545908953
0.290718730436021,0,0.999983881870113,-0.00567767557826441,-1.54636546555702
-1.60023147929502e-17,0,0.180068858083908,0,-1.2188522337088
