Q,P,EigValReal,EigValImag,AGPgrad,N,alpha,k,E0,lmd,period
0,0,0.99993505972105,0.011396330139445,0.960939291700501,4,0.79,1,1,8.39195964804099e-15,9.29599999999167
1.62724128518387,0,0.99993505972105,-0.011396330139445,-0.428360426967251
0.521855125328625,0,0.113619859958152,0.99352429634261,-0.0541464950215364
0.172349207075192,0,0.113619859958152,-0.99352429634261,-0.242889484338474
0.0550046186731507,0,-0.521720675865761,0.853116367428375,0.277141345185642
-2.66365975825461e-17,0,-0.521720675865761,-0.853116367428375,0.472552205040683
,,-0.760094303013178,0.649812781135404,0.289574410702378
,,-0.760094303013178,-0.649812781135404,-0.0385288462567739
