Q,P,EigValReal,EigValImag,AGPgrad,N,alpha,k,E0,lmd,period
0,0,469.279114536393,0,2.94651671313082,2,3.30999999999997,1,1,1.76730480239531e-13,4.93190000000184
0.880109902599545,0,0.999835144920561,0.0181571743870753,-5.26235708206819
0.298564363992375,0,0.999835144920561,-0.0181571743870753,-0.157872436991813
1.10180965294816e-18,0,0.00213092798915704,0,-3.29632176273021
