Q,P,EigValReal,EigValImag,AGPgrad,N,alpha,k,E0,lmd,period
0,0,1038.44836425359,0,4.50259667071217,2,4.38999999999995,1,1,4.4928319109143e-13,4.65740000000248
0.824976237972991,0,0.999834197916653,0.0182092469982719,-8.9689537720968
0.288450972241982,0,0.999834197916653,-0.0182092469982719,-0.0273654328171824
2.85483371382232e-18,0,0.000962975179442698,0,-4.63993483974555
