Q,P,EigValReal,EigValImag,AGPgrad,N,alpha,k,E0,lmd,period
0,0,86.3262344550609,0,1.47723614022809,2,2.01,1,1,1.47069773425465e-15,5.37670000000081
0.98136408209275,0,0.999867320037528,0.0162893315053172,-1.53429333351302
0.305935185754123,0,0.999867320037528,-0.0162893315053172,-0.358184858458243
-4.49390650966557e-18,0,0.0115839640904904,0,-1.53609810179488
