Q,P,EigValReal,EigValImag,AGPgrad,N,alpha,k,E0,lmd,period
0,0,0.999984283494092,0.00560649309347462,0.320710561324311,2,0.65,1,1,2.42244727530326e-14,6.05929999999922
1.22940684568012,0,0.999984283494092,-0.00560649309347462,0.0250461091441353
0.238130742757839,0,-0.997648181820022,0.0685427261729416,0.0198188927390439
-3.64141167201884e-17,0,-0.997648181820022,-0.0685427261729416,0.20663569603985
