Q,P,EigValReal,EigValImag,AGPgrad,N,alpha,k,E0,lmd,period
0,0,1041.94135437372,0,12.7712025119729,4,3.48999999999997,1,1,1.19010848910398e-13,7.38099999999614
1.05414928917192,0,224.368020030133,0,-1.78423773895123
0.292900188016431,0,-0.23821353630678,0.97121280423889,-12.8790016610905
0.263816234845717,0,-0.23821353630678,-0.97121280423889,4.86480071317308
0.233197143881033,0,0.999962792174332,0.00862637042933334,-0.279320263557168
2.7540554153883e-17,0,0.999962792174332,-0.00862637042933334,-9.33176750383572
,,0.000959746913259771,0,-7.87716290658443
,,0.0044569631630305,0,1.97119683401454
