Q,P,EigValReal,EigValImag,AGPgrad,N,alpha,k,E0,lmd,period
0,0,325.562008879281,0,2.45792531264225,2,2.93999999999998,1,1,9.33697512575253e-14,5.04310000000159
0.903686137481398,0,0.999824250890645,0.0187474619829315,-4.06947182073847
0.301713370433507,0,0.999824250890645,-0.0187474619829315,-0.204832791760731
1.02803242021058e-19,0,0.00307161146788236,0,-2.79316341446665
