Q,P,EigValReal,EigValImag,AGPgrad,N,alpha,k,E0,lmd,period
0,0,-1.45369900700646,1.81500194842252,-0.0775649554868901,4,2.03,1,1,5.54216165510183e-14,8.11309999999443
1.25402262991655,0,-1.45369900700646,-1.81500194842252,-2.73711883838079
0.468770316835343,0,0.999947030679819,0.0102925135212786,2.77401386307515
0.220288927298511,0,0.999947030679819,-0.0102925135212786,0.085059001335713
0.0817950894577611,0,-0.0207617166852008,0.999784452329762,0.309039087346324
-1.44921490577296e-17,0,-0.0207617166852008,-0.999784452329762,4.37308534234697
,,-0.268831493085362,0.335646981524847,2.88056192112437
,,-0.268831493085362,-0.335646981524847,-0.102489908052141
