Q,P,EigValReal,EigValImag,AGPgrad,N,alpha,k,E0,lmd,period
0,0,1066.15112043005,0,12.8984750594145,4,3.49999999999997,1,1,4.06709547932521e-13,7.37719999999615
1.05341777044765,0,227.582177227706,0,-1.80877597912177
0.292165744378876,0,-0.245864051499294,0.969304321761167,-13.039205751249
0.263794589623745,0,-0.245864051499294,-0.969304321761167,4.94518296262616
0.233752860221055,0,0.999931904258804,0.0116699119728741,-0.276298813775107
2.77174165948222e-17,0,0.999931904258804,-0.0116699119728741,-9.40302258176134
,,0.000937953336088233,0,-7.94843323067767
,,0.00439401719385065,0,2.00323193101952
