Q,P,EigValReal,EigValImag,AGPgrad,N,alpha,k,E0,lmd,period
0,0,1302.02574634689,0,14.0760241959287,4,3.58999999999997,1,1,1.06835651818039e-13,7.34339999999622
1.04698167538205,0,257.772971271215,0,-2.03724709240633
0.285754595092911,0,-0.311399109207719,0.950279219381513,-14.5312644877193
0.263569854081778,0,-0.311399109207719,-0.950279219381513,5.71233246525473
0.23852770054479,0,0.999679476281859,0.0253168856422119,-0.24792919738071
2.92406336108547e-17,0,0.999679476281859,-0.0253168856422119,-10.0508499063954
,,0.000768033969656901,0,-8.60631710133133
,,0.0038793826813658,0,2.30776702169894
