Q,P,EigValReal,EigValImag,AGPgrad,N,alpha,k,E0,lmd,period
0,0,-0.9752966402749,0.220899215635776,-1.51250595710798,4,0.27,1,1,7.95397908300306e-15,9.96219999999012
2.03940682450659,0,-0.9752966402749,-0.220899215635776,2.18716599782404
0.413634563235866,0,0.565172696346168,0.824972619730382,1.06245249797609
0.0752635177324451,0,0.565172696346168,-0.824972619730382,-1.9645222617635
0.0124594199790877,0,0.999996149320566,0.0027751295547661,-1.35011285346177
-5.23371838172476e-17,0,0.999996149320566,-0.0027751295547661,-2.5264100115212
,,0.997826274693776,0.0658993591072974,3.59279103907429
,,0.997826274693776,-0.0658993591072974,-1.0831916704871
