Q,P,EigValReal,EigValImag,AGPgrad,N,alpha,k,E0,lmd,period
0,0,79.7197500769835,0,4.71008755608654,4,2.71999999999999,1,1,5.20972071483556e-13,7.70679999999538
1.12605238998968,0,50.1096685869174,0,-0.270915165399424
0.369648075431993,0,0.861320431111618,0.508062117216065,-3.54218271682009
0.259931463277608,0,0.861320431111618,-0.508062117216065,1.46821716941262
0.166290742345549,0,0.999883892324004,0.0152381715131131,-0.426966984436068
6.94543248763642e-18,0,0.999883892324004,-0.0152381715131131,-3.8245769410989
,,0.0125439429879012,0,-3.28217127198333
,,0.0199562285720974,0,0.880367553416137
