Q,P,EigValReal,EigValImag,AGPgrad,N,alpha,k,E0,lmd,period
0,0,1771.95395392802,0,16.1713287996807,4,3.73999999999996,1,1,2.50786365320046e-13,7.28849999999635
1.03679572864892,0,313.270967885448,0,-2.45047142567657
0.275799714039532,0,-0.408790591057847,0.912628211627775,-17.2249661576168
0.26309585129316,0,-0.408790591057847,-0.912628211627775,7.17044737691004
0.245667421760359,0,0.9996937216141,0.0247479891512532,-0.195675646018822
3.15311127571156e-17,0,0.9996937216141,-0.0247479891512532,-11.159772338252
,,0.00319212471842748,0,-9.77051744323662
,,0.000564348750733187,0,2.87906127689177
