Q,P,EigValReal,EigValImag,AGPgrad,N,alpha,k,E0,lmd,period
0,0,820.847334805217,0,11.5367025033207,4,3.38999999999997,1,1,2.0873037904426e-13,7.41969999999605
1.06165914482526,0,193.779283568031,0,-1.54750830714145
0.300506146761323,0,-0.157801242174205,0.987470894742123,-11.3367645761601
0.263989682224749,0,-0.157801242174205,-0.987470894742123,4.11322396981986
0.22733786820257,0,0.999693000746297,0.0247770913913746,-0.308226874516259
2.56808332439358e-17,0,0.999693000746297,-0.0247770913913746,-8.62620703961136
,,0.00121825333084708,0,-7.18392801459027
,,0.00516051035757265,0,1.67103757121222
