Q,P,EigValReal,EigValImag,AGPgrad,N,alpha,k,E0,lmd,period
0,0,1115.68687141039,0,13.1550925926075,4,3.51999999999997,1,1,3.91651654032214e-13,7.36959999999616
1.05196482689821,0,234.084415385694,0,-1.85837683609366
0.290710446183206,0,-0.260833556305743,0.96538378684608,-13.3629086842444
0.263749193128891,0,-0.260833556305743,-0.96538378684608,5.10883494436666
0.234848733489111,0,0.999958537307964,0.00910624316097098,-0.270168781406688
2.80664394602278e-17,0,0.999958537307964,-0.00910624316097098,-9.54594101388115
,,0.000896308833737252,0,-8.09205858071199
,,0.00427196316408709,0,2.0683837490595
