Q,P,EigValReal,EigValImag,AGPgrad,N,alpha,k,E0,lmd,period
0,0,1212.5067448072,0,4.90094132641657,2,4.65999999999995,1,1,6.63814823323671e-13,4.59810000000262
0.813498674937499,0,0.999812865339918,0.0193451363595408,-9.90455368173865
0.285926837089299,0,0.999812865339918,-0.0193451363595408,0.00439437440715206
3.130947942486e-18,0,0.000824737679450151,0,-4.93850518224266
