Q,P,EigValReal,EigValImag,AGPgrad,N,alpha,k,E0,lmd,period
0,0,841.182801794081,0,11.6569985336874,4,3.39999999999997,1,1,6.0843508708576e-13,7.41569999999606
1.06089158928812,0,196.693661157923,0,-1.57056733522406
0.29972333060769,0,-0.165921891687687,0.986138897853059,-11.4861695545843
0.263976159006245,0,-0.165921891687687,-0.986138897853059,4.18418530679823
0.227949634025067,0,0.999993651287429,0.00356333871883125,-0.305411115130146
2.58745820910981e-17,0,0.999993651287429,-0.00356333871883125,-8.69624796213614
,,0.0011888022414908,0,-7.25171658528035
,,0.00508404792608322,0,1.69939487765657
