Q,P,EigValReal,EigValImag,AGPgrad,N,alpha,k,E0,lmd,period
0,0,1327.81065897983,0,5.15041320431025,2,4.82999999999994,1,1,1.64612573698156e-13,4.56230000000271
0.80663749288464,0,0.999919826806465,0.0126625415975742,-10.488629685601
0.284357420997824,0,0.999919826806465,-0.0126625415975742,0.0241610870487736
3.28317115955398e-18,0,0.000753119425133284,0,-5.11773746618404
