Q,P,EigValReal,EigValImag,AGPgrad,N,alpha,k,E0,lmd,period
0,0,0.877484217518937,0.479605512901164,0.501914452288625,5,0.1,1,1,1.35994906833767e-14,12.0831999999852
2.62871472360565,0,0.877484217518937,-0.479605512901164,0.0553881504930448
0.328286874324742,0,0.999998839088023,0.0015237527984478,-0.185465103401998
0.0369688851878862,0,0.999998839088023,-0.0015237527984478,0.082899538373307
0.00371109121615021,0,-0.45791729453943,0.888994798275949,0.23015982672563
0.000389179881020135,0,-0.45791729453943,-0.888994798275949,-1.58927380944743
6.96981854377476e-16,0,-0.215961050387093,0.976401979061753,-1.28415504250225
,,-0.215961050387093,-0.976401979061753,0.188668511909383
,,-0.237709458806746,0.971336302829136,1.27302988393553
,,-0.237709458806746,-0.971336302829136,1.1678451025356
