Q,P,EigValReal,EigValImag,AGPgrad,N,alpha,k,E0,lmd,period
0,0,940.939276814416,0,4.26657993453402,2,4.22999999999995,1,1,9.5259604247301e-13,4.6941000000024
0.832146265823712,0,0.999850682852289,0.0172803935178647,-8.41264161800513
0.289960490274192,0,0.999850682852289,-0.0172803935178647,-0.0463589077753326
2.66806827000014e-18,0,0.00106276783545952,0,-4.45549956352159
