Q,P,EigValReal,EigValImag,AGPgrad,N,alpha,k,E0,lmd,period
0,0,-0.999178832287151,0.040517417356879,0.397953309425577,4,0.35,1,1,1.10755473825397e-13,9.86279999999035
1.95269306091296,0,-0.999178832287151,-0.040517417356879,0.446815448235274
0.458592409964045,0,0.41970357069819,0.907661232367659,0.296825893487741
0.0996077014720992,0,0.41970357069819,-0.907661232367659,-0.484641237911579
0.0198480374052347,0,0.999989330853016,0.00461932680450228,-0.788650613251012
-4.62051655293794e-17,0,0.999989330853016,-0.00461932680450228,-0.618530440133448
,,0.931699760761299,0.363229343249344,1.01122395926416
,,0.931699760761299,-0.363229343249344,-0.107431423968313
