Q,P,EigValReal,EigValImag,AGPgrad,N,alpha,k,E0,lmd,period
0,0,791.825844762095,0,3.88473559583603,2,3.96999999999996,1,1,4.12166873042706e-13,4.75640000000225
0.84445146125056,0,0.999946490637768,0.0103448470797376,-7.50894744807056
0.292423763889894,0,0.999946490637768,-0.0103448470797376,-0.0774661996199986
2.32052663211136e-18,0,0.0012629039665577,0,-4.14397431373342
