Q,P,EigValReal,EigValImag,AGPgrad,N,alpha,k,E0,lmd,period
0,0,-2.20507975213634,3.80759524459112,25.8962310115084,4,2.18,1,1,1.0860648443792e-13,8.00719999999468
1.22490360142125,0,-2.20507975213634,-3.80759524459112,19.2734364193303
0.456989206408203,0,1.70526792632308,0,-28.3502664493025
0.225116359575592,0,0.99999922812783,0.00124247486511398,6.6902813343871
0.0890440759468173,0,0.99999922812783,-0.00124247486511398,-6.77006151131582
-1.24632076341623e-17,0,-0.113897816460577,0.196671700379337,-53.0306799883799
,,-0.113897816460577,-0.196671700379337,-29.8839712787793
,,0.586418113285042,0,6.85443847869616
