Q,P,EigValReal,EigValImag,AGPgrad,N,alpha,k,E0,lmd,period
0,0,-0.965500473809118,0.260401296222479,3.45971216715126,4,1.18,1,1,1.79155826587784e-14,8.8555999999927
1.46248458005442,0,-0.965500473809118,-0.260401296222479,1.57508177444452
0.513661658836076,0,-0.135615099883057,0.990761598308948,0.677460910662001
0.188249852508167,0,-0.135615099883057,-0.990761598308948,1.04179592219863
0.082142052825352,0,1.16922023229871,0,-2.57447217359866
-1.32616334667157e-17,0,0.999882898268913,0.0153032594355417,-2.36085246765449
,,0.999882898268913,-0.0153032594355417,-0.25303498047699
,,0.85527086546729,0,-0.267289910597783
