Q,P,EigValReal,EigValImag,AGPgrad,N,alpha,k,E0,lmd,period
0,0,6.74205907549954,0,1.57802780877921,2,1.2,1,1,1.86928355054645e-14,5.75339999999993
1.09283065413651,0,0.999962834715543,0.00862143767892115,-0.245190619346073
0.292109861708293,0,0.999962834715543,-0.00862143767892115,-1.29153806431961
-1.53077115300804e-17,0,0.148322639834752,0,-1.09399747956734
