Q,P,EigValReal,EigValImag,AGPgrad,N,alpha,k,E0,lmd,period
0,0,-1.24262436767988,1.97447090413982,2.90513822009185,4,1.67,1,1,2.50621266244089e-14,8.39599999999377
1.32896506501232,0,-1.24262436767988,-1.97447090413982,-0.439808449164707
0.488708541615641,0,-0.228312350529379,0.362777444979362,0.895776385566301
0.217398967114451,0,-0.228312350529379,-0.362777444979362,0.66240426847619
0.0668171156779295,0,0.999835996137534,0.0181102409619164,-1.04403016601632
-2.08583627002348e-17,0,0.999835996137534,-0.0181102409619164,-1.09495500583134
,,3.24823207466515,0,-0.100205652080018
,,0.307859776337912,0,0.504244188637646
