Q,P,EigValReal,EigValImag,AGPgrad,N,alpha,k,E0,lmd,period
0,0,0.870944696681336,0.491381049006427,0.549388951360705,5,0.11,1,0.999999999999999,1.35922442545022e-14,12.0726999999852
2.61106799212977,0,0.870944696681336,-0.491381049006427,0.0537834089760536
0.352986264500618,0,0.999998938285853,0.00145719839674027,-0.194288473369006
0.0432022378610608,0,0.999998938285853,-0.00145719839674027,0.0856147641952672
0.00471544819399727,0,-0.435916033846502,0.899987339597364,0.233672160937049
0.000537672062716044,0,-0.435916033846502,-0.899987339597364,-1.53327433825672
6.80604353010255e-16,0,-0.235658021920276,0.971836044147682,-1.20595015600026
,,-0.235658021920276,-0.971836044147682,0.188964033393975
,,-0.261882352290466,0.965099804972929,1.18571165882813
,,-0.261882352290466,-0.965099804972929,1.08865345727695
