Q,P,EigValReal,EigValImag,AGPgrad,N,alpha,k,E0,lmd,period
0,0,50.5361114757252,0,1.31376870908397,2,1.76,1,1,1.12413347578491e-13,5.48300000000056
1.00935338694958,0,0.999908581207022,0.0135214358907626,-1.02461169659022
0.304818349807515,0,0.999908581207022,-0.0135214358907626,-0.434059096784869
-6.70978846515569e-18,0,0.0197878303414256,0,-1.24102944455101
