Q,P,EigValReal,EigValImag,AGPgrad,N,alpha,k,E0,lmd,period
0,0,88.4563616996336,0,4.89222124883092,4,2.73999999999999,1,1,7.15907586414908e-14,7.6973999999954
1.12354806207453,0,53.0780304468592,0,-0.304809175902695
0.366874950135359,0,0.802734246908261,0.596336925606223,-3.71584561770594
0.260371250990349,0,0.802734246908261,-0.596336925606223,1.48279776131164
0.168952557804964,0,0.999838001914812,0.0179991646221726,-0.426956623456624
7.72747010592554e-18,0,0.999838001914812,-0.0179991646221726,-3.99199351678125
,,0.0188401866381199,0,-3.38858660982088
,,0.0113050093942351,0,0.857360427448036
