Q,P,EigValReal,EigValImag,AGPgrad,N,alpha,k,E0,lmd,period
0,0,113.308599739397,0,1.60138344229397,2,2.16,1,1,1.24073469295079e-14,5.31660000000095
0.966395856751244,0,0.999996233167136,0.00274474982452055,-1.88109752308025
0.305928022278867,0,0.999996233167136,-0.00274474982452055,-0.325137553360384
-3.43709737957123e-18,0,0.00882545545772064,0,-1.72813080451039
