Q,P,EigValReal,EigValImag,AGPgrad,N,alpha,k,E0,lmd,period
0,0,-0.530413776203665,0.847738890232944,0.239932970444733,2,0.37,1,1,1.87724871881324e-15,6.20369999999888
1.33067173271839,0,-0.530413776203665,-0.847738890232944,0.0308839304363419
0.163454793138149,0,0.999990936213913,0.00425763901979905,-0.219155107651621
-5.94139447888419e-17,0,0.999990936213913,-0.00425763901979905,0.278661833070666
