Q,P,EigValReal,EigValImag,AGPgrad,N,alpha,k,E0,lmd,period
0,0,1153.15273645732,0,4.76813731852922,2,4.56999999999995,1,1,1.80001151984637e-14,4.61750000000258
0.817242273957161,0,0.999855271544661,0.0170128176354893,-9.59306917209137
0.286764317510461,0,0.999855271544661,-0.0170128176354893,-0.00615195832668341
3.04389891374156e-18,0,0.00086718781271611,0,-4.84061075508693
