Q,P,EigValReal,EigValImag,AGPgrad,N,alpha,k,E0,lmd,period
0,0,523.50604595044,0,9.58870859784535,4,3.21999999999998,1,1,2.69466420287539e-13,7.48759999999589
1.07534070151659,0,147.705214638538,0,-1.17922752955308
0.314657273925558,0,0.003053116648427,0.999995339227134,-8.95543118856488
0.264053662757118,0,0.003053116648427,-0.999995339227134,3.0486040876409
0.215940479499718,0,0.999761908337813,0.02182032622666,-0.35176143204694
2.20889896451284e-17,0,0.999761908337813,-0.02182032622666,-7.44883159796379
,,0.00191019761432229,0,-6.08331682419278
,,0.00677024167715044,0,1.24890113871281
