Q,P,EigValReal,EigValImag,AGPgrad,N,alpha,k,E0,lmd,period
0,0,-2.18082171375874,3.92839442367791,16.1001044677374,4,2.19,1,1,6.0484831787348e-14,8.00049999999469
1.22292824217002,0,-2.18082171375874,-3.92839442367791,11.072015155392
0.456021573809832,0,2.00646150225489,0,-16.9139115087161
0.225586191128347,0,0.999743542088884,0.022646192871036,4.29840333049436
0.0896821055684737,0,0.999743542088884,-0.022646192871036,-4.05876431297504
-1.23094174074166e-17,0,-0.108024220776315,0.194588004990381,-31.4218618295338
,,-0.108024220776315,-0.194588004990381,-17.7054411281406
,,0.498389826506275,0,4.36676600432455
