Q,P,EigValReal,EigValImag,AGPgrad,N,alpha,k,E0,lmd,period
0,0,2306.27535364022,0,18.2846376516906,4,3.87999999999996,1,1,9.06258299579853e-14,7.23889999999647
1.02782740648262,0,371.251408211907,0,-2.87576887641629
0.267236606081026,0,-0.48923378136438,0.872152685703971,-19.983784576903
0.262568001851811,0,-0.48923378136438,-0.872152685703971,8.74296771753746
0.251536700234998,0,0.999786196728396,0.0206775441706664,-0.140901741098823
3.34272121577416e-17,0,0.999786196728396,-0.0206775441706664,-12.2325346118176
,,0.00269359247490362,0,-10.9368724454267
,,0.000433599568264287,0,3.48331628852921
