Q,P,EigValReal,EigValImag,AGPgrad,N,alpha,k,E0,lmd,period
0,0,-0.834513735486368,0.550987137131697,0.890805913553271,4,0.5,1,1,3.8921248734294e-14,9.66689999999081
1.81614194040029,0,-0.834513735486368,-0.550987137131697,0.0719175093985908
0.501595077097051,0,0.103684597014718,0.994610227346317,0.169553785958181
0.134385411173795,0,0.103684597014718,-0.994610227346317,-0.294087711809894
0.0335286009863014,0,0.999966702747783,0.00816047766383243,-0.437641636061328
-3.76511975150314e-17,0,0.999966702747783,-0.00816047766383243,-0.156100419555245
,,0.515752569404881,0.856737583599709,0.494638539197911
,,0.515752569404881,-0.856737583599709,-0.0184635639012007
