Q,P,EigValReal,EigValImag,AGPgrad,N,alpha,k,E0,lmd,period
0,0,644.912283914681,0,3.47938791202538,2,3.68999999999997,1,1,7.8852352806002e-13,4.82760000000209
0.858725197946588,0,0.999954617163977,0.00952699387865877,-6.54366807478738
0.295067564606786,0,0.999954617163977,-0.00952699387865877,-0.111279908927882
1.87209176714415e-18,0,0.00155059846856968,0,-3.79364611939898
