Q,P,EigValReal,EigValImag,AGPgrad,N,alpha,k,E0,lmd,period
0,0,-0.95299592538052,0.30298311208406,4.83626015733158,4,1.16,1,1,8.962511786209e-15,8.87629999999265
1.46945643629515,0,-0.95299592538052,-0.30298311208406,2.51680569048621
0.51427344515911,0,-0.284596762629605,0.958647319247681,1.18153748533965
0.188632812390008,0,-0.284596762629605,-0.958647319247681,1.62105316156352
0.0797825653660863,0,1.1958988748747,0,-4.12304519052476
-1.4438477328904e-17,0,0.999901271930427,0.014051561903078,-3.99201789426532
,,0.999901271930427,-0.014051561903078,-0.596491920294625
,,0.836191103620511,0,-0.0157439589695789
