Q,P,EigValReal,EigValImag,AGPgrad,N,alpha,k,E0,lmd,period
0,0,-0.884181788023638,0.467142982102174,-11.8252160197744,4,1.1,1,1,1.25837141584555e-14,8.9396999999925
1.49103586428476,0,-0.884181788023638,-0.467142982102174,-10.0515381402452
0.516199209438679,0,-0.669573780186724,0.742745550566587,-4.81423012164843
0.188389252696942,0,-0.669573780186724,-0.742745550566587,-5.63590845036828
0.0744000291627986,0,0.988319236153422,0.152397793452289,15.373757390362
-1.71134664059563e-17,0,0.988319236153422,-0.152397793452289,15.9524681603498
,,0.999988410850104,0.00481437072412918,3.27918840529684
,,0.999988410850104,-0.00481437072412918,-1.7653130270023
