Q,P,EigValReal,EigValImag,AGPgrad,N,alpha,k,E0,lmd,period
0,0,12.4893671062814,0,1.30261920165533,2,1.32,1,1,6.50580877918604e-14,5.69150000000007
1.07168852194858,0,0.999926525326591,0.0121220438994735,-0.366653265674352
0.296706366117658,0,0.999926525326591,-0.0121220438994735,-0.826980311084099
-1.28378689850035e-17,0,0.0800681084550169,0,-0.939809481789092
