Q,P,EigValReal,EigValImag,AGPgrad,N,alpha,k,E0,lmd,period
0,0,0.999975028052888,0.00706705530090761,-0.0583495265828047,2,0.900000000000001,1,1,5.80274343935543e-15,5.91719999999955
1.15752994582306,0,0.999975028052888,-0.00706705530090761,-0.0392095855327382
0.271974276595059,0,-0.351017525510476,0.936368889265611,0.73498832947351
-2.41533365761337e-17,0,-0.351017525510476,-0.936368889265611,0.437366588156493
