Q,P,EigValReal,EigValImag,AGPgrad,N,alpha,k,E0,lmd,period
0,0,-0.333759471139796,0.942658270755896,0.163085591403616,2,0.27,1,1,3.04773244575635e-15,6.24149999999879
1.3660439085266,0,-0.333759471139796,-0.942658270755896,0.0263946932080251
0.124117656730488,0,0.999998256562702,0.00186731667538092,-0.272464323158384
-7.0258933609571e-17,0,0.999998256562702,-0.00186731667538092,0.311188817784146
