Q,P,EigValReal,EigValImag,AGPgrad,N,alpha,k,E0,lmd,period
0,0,10.3858637255639,0,1.35569508800734,2,1.28,1,1,2.26473066120289e-15,5.71190000000003
1.07849056667871,0,0.999929275798726,0.0118929979664542,-0.32326361798675
0.295331756926647,0,0.999929275798726,-0.0118929979664542,-0.92985859161452
-1.36103829600837e-17,0,0.0962847218511704,0,-0.958433530156141
