Q,P,EigValReal,EigValImag,AGPgrad,N,alpha,k,E0,lmd,period
0,0,0.999949870246727,0.0100128414326819,0.558014881633155,4,0.920000000000001,1,1,1.49059104466303e-14,9.14089999999204
1.56412341269626,0,0.999949870246727,-0.0100128414326819,-0.836822768872876
0.520961191026976,0,0.593023100842874,0.805185445637655,-0.272089370163185
0.181523277924305,0,0.593023100842874,-0.805185445637655,-0.367668919929585
0.0628987714864694,0,-0.762350517309546,0.647164344473541,0.909631962351099
-2.27756000322728e-17,0,-0.762350517309546,-0.647164344473541,1.08425567137844
,,-0.999998206032925,0.00189418344523131,0.357242244503737
,,-0.999998206032925,-0.00189418344523131,-0.142656558200457
