Q,P,EigValReal,EigValImag,AGPgrad,N,alpha,k,E0,lmd,period
0,0,1842.32027603643,0,16.4636327893946,4,3.75999999999996,1,1,6.35586799153132e-13,7.28129999999637
1.03548438997586,0,321.170208754507,0,-2.50881481841295
0.274535654515916,0,-0.420773353344202,0.907165798035351,-17.6042414504221
0.263024905628141,0,-0.420773353344202,-0.907165798035351,7.38228772355929
0.246549807553372,0,0.999768531309038,0.0215147346783641,-0.188212434690356
3.18153580945987e-17,0,0.999768531309038,-0.0215147346783641,-11.310639935101
,,0.00311361381891032,0,-9.93230648188551
,,0.000542793788692623,0,2.961167425752
