Q,P,EigValReal,EigValImag,AGPgrad,N,alpha,k,E0,lmd,period
0,0,141.081535031636,0,5.80569807735539,4,2.83999999999998,1,1,5.53697644429218e-14,7.65119999999551
1.11183183339937,0,68.9691973614861,0,-0.474806359063965
0.353939839229623,0,0.560053785183422,0.82845624972114,-4.63806571289397
0.262023742783133,0,0.560053785183422,-0.82845624972114,1.62319542278206
0.181203498018333,0,0.999862122721707,0.0166052867087954,-0.420582030832226
1.13816915427202e-17,0,0.999862122721707,-0.0166052867087954,-4.77796251301337
,,0.00708809979858419,0,-3.9189011712615
,,0.0144992262962877,0,0.805284105179898
