Q,P,EigValReal,EigValImag,AGPgrad,N,alpha,k,E0,lmd,period
0,0,75.5535521836164,0,4.61827403939894,4,2.70999999999999,1,1,3.36023021224733e-13,7.71149999999537
1.12732780814073,0,48.6499128029979,0,-0.254093430257808
0.371060748125509,0,0.892374431604414,0.451295771993225,-3.4566606569127
0.25969460652179,0,0.892374431604414,-0.451295771993225,1.46279930679243
0.164931046815677,0,0.999971660012408,0.00752855710615873,-0.426605264856305
6.54782042532926e-18,0,0.999971660012408,-0.00752855710615873,-3.73893623308405
,,0.0132356450635797,0,-3.22871600608682
,,0.0205550214252447,0,0.893729220489758
