Q,P,EigValReal,EigValImag,AGPgrad,N,alpha,k,E0,lmd,period
0,0,1192.49515134555,0,4.85641741021605,2,4.62999999999995,1,1,5.49975771702942e-13,4.60450000000261
0.814737731720912,0,0.999901287154771,0.0140504785142845,-9.80017835873528
0.286205519656072,0,0.999901287154771,-0.0140504785142845,0.000876070542234713
3.10245317885191e-18,0,0.000838577832830373,0,-4.90575563066442
