Q,P,EigValReal,EigValImag,AGPgrad,N,alpha,k,E0,lmd,period
0,0,0.999952913410477,0.0097041723961554,1.0386106953925,4,0.7,1,1,3.44392435053271e-13,9.40789999999141
1.67762123440825,0,0.999952913410477,-0.0097041723961554,-0.250725183432816
0.520067848203163,0,-0.326038803971377,0.976217325889443,0.0359069620776182
0.163612333178508,0,-0.326038803971377,-0.976217325889443,-0.232734677773077
0.0490527203753611,0,-0.307786577018039,0.921566959212591,0.0122279142566504
-2.95709437462647e-17,0,-0.307786577018039,-0.921566959212591,0.236575882964153
,,-0.337506638103127,0.941323148146435,0.305618636299697
,,-0.337506638103127,-0.941323148146435,-0.0101346247415036
