Q,P,EigValReal,EigValImag,AGPgrad,N,alpha,k,E0,lmd,period
0,0,45.3209705211681,0,4.13054583114962,4,2.60999999999999,1,1,2.86597581515458e-13,7.76079999999525
1.13947961795998,0,36.8883994265455,0,0.927866556912732
0.383971445684709,0,1.2369435672163,0,4.19693679347828
0.258637737150931,0,0.997797159705035,0.0663387374362012,-8.47879114105053
0.152081432789884,0,0.997797159705035,-0.0663387374362012,-0.862632152776611
2.54805280724258e-18,0,0.808444319130069,0,5.33172977474791
,,0.0271087934295204,0,1.86062783641319
,,0.0220648408121587,0,-9.85395858003361
