Q,P,EigValReal,EigValImag,AGPgrad,N,alpha,k,E0,lmd,period
0,0,0.999965907184691,0.0082573887101552,1.00774473647282,4,0.59,1,1,1.52143599449733e-13,9.54899999999108
1.74859273237912,0,0.999965907184691,-0.0082573887101552,-0.0709338264754558
0.513295701008581,0,-0.597456346309767,0.801901436745309,0.116574292777736
0.14951341888887,0,-0.597456346309767,-0.801901436745309,-0.255736000849768
0.040945012332736,0,-0.0969862621748288,0.995285720257941,-0.246083466430721
-3.36769100627262e-17,0,-0.0969862621748288,-0.995285720257941,0.0159522337935456
,,0.110598526223347,0.993865164897749,0.378547592511533
,,0.110598526223347,-0.993865164897749,-0.00511385299393476
