Q,P,EigValReal,EigValImag,AGPgrad,N,alpha,k,E0,lmd,period
0,0,172.918561414774,0,1.86310766586195,2,2.42999999999999,1,1,7.74178075438769e-14,5.21510000000118
0.942181844616728,0,0.999923886049517,0.0123378323695012,-2.57353035181004
0.3050707082199,0,0.999923886049517,-0.0123378323695012,-0.277207918609585
-1.9068944787847e-18,0,0.00578306916218135,0,-2.09002755484381
