Q,P,EigValReal,EigValImag,AGPgrad,N,alpha,k,E0,lmd,period
0,0,995.241013700379,0,4.39922459855784,2,4.31999999999995,1,1,8.90642621156291e-13,4.67330000000245
0.828077545066272,0,0.999860092160965,0.0167271068619165,-8.72549336062798
0.289110412685128,0,0.999860092160965,-0.0167271068619165,-0.0356620660417124
2.77543298751737e-18,0,0.00100478174316444,0,-4.55984904507573
