Q,P,EigValReal,EigValImag,AGPgrad,N,alpha,k,E0,lmd,period
0,0,862.175874556367,0,11.7781834553742,4,3.40999999999997,1,1,3.78058664534096e-14,7.41189999999606
1.0601278306466,0,199.687764514807,0,-1.59358511924899
0.298945599207533,0,-0.174654273518526,0.984629821172054,-11.6366314748747
0.263961733011545,0,-0.174654273518526,-0.984629821172054,4.2559994716125
0.228555457177748,0,0.999693979157222,0.0247375834892189,-0.302649218822533
2.6066544608584e-17,0,0.999693979157222,-0.0247375834892189,-8.76637749152738
,,0.00115985616127257,0,-7.31977358528069
,,0.00500781809259458,0,1.72810095173924
