Q,P,EigValReal,EigValImag,AGPgrad,N,alpha,k,E0,lmd,period
0,0,177.913558197592,0,1.88419717530082,2,2.44999999999999,1,0.999999999999999,2.93931798148573e-14,5.2079000000012
0.940509107462847,0,0.999903112477714,0.0139199733238033,-2.62797636144722
0.304974308336222,0,0.999903112477714,-0.0139199733238033,-0.274040045228798
-1.80907143762688e-18,0,0.00562070710151647,0,-2.11737828946381
