Q,P,EigValReal,EigValImag,AGPgrad,N,alpha,k,E0,lmd,period
0,0,-0.993971698176104,0.109636961034622,0.507734923693016,4,0.37,1,1,6.20446610146407e-14,9.83709999999041
1.93254479432522,0,-0.993971698176104,-0.109636961034622,0.364047925117199
0.466838269623167,0,0.380189616971256,0.924908565830824,0.266413124042338
0.105042284763253,0,0.380189616971256,-0.924908565830824,-0.430682721166356
0.0217267566426924,0,0.999989558857974,0.00456970185336468,-0.732649496244129
-4.48777001450252e-17,0,0.999989558857974,-0.00456970185336468,-0.517962843160937
,,0.898721984883552,0.438518863775501,0.884402773991655
,,0.898721984883552,-0.438518863775501,-0.0799921768895272
