Q,P,EigValReal,EigValImag,AGPgrad,N,alpha,k,E0,lmd,period
0,0,0.999996563769481,0.00262153565721843,0.312169846425141,2,0.68,1,1,8.07814179110109e-15,6.04229999999926
1.21973958842894,0,0.999996563769481,-0.00262153565721843,0.0210841023924459
0.243448413343932,0,-0.998310374780577,0.0581067604110007,0.0591897381009048
-3.4602635192128e-17,0,-0.998310374780577,-0.0581067604110007,0.206806010523111
