Q,P,EigValReal,EigValImag,AGPgrad,N,alpha,k,E0,lmd,period
0,0,0.999992529526157,0.00386534498759278,0.325628903419144,2,0.61,1,1,4.2211255715207e-15,6.08169999999916
1.24274999700234,0,0.999992529526157,-0.00386534498759278,0.0290031392881739
0.230361858190134,0,-0.973772749083237,0.227522818949834,-0.0262423499009864
-3.90054417677861e-17,0,-0.973772749083237,-0.227522818949834,0.210165756674011
