Q,P,EigValReal,EigValImag,AGPgrad,N,alpha,k,E0,lmd,period
0,0,952.787572042134,0,4.29568981322149,2,4.24999999999995,1,1,1.69692086919097e-13,4.68940000000241
0.831234018271433,0,0.999961543871618,0.00876987902410957,-8.48135281425157
0.289771397958371,0,0.999961543871618,-0.00876987902410957,-0.043987398194416
2.69245942210393e-18,0,0.00104955189245125,0,-4.47841295662361
