Q,P,EigValReal,EigValImag,AGPgrad,N,alpha,k,E0,lmd,period
0,0,160.062164722623,0,6.08301071563465,4,2.86999999999998,1,1,4.83182155200884e-13,7.63759999999554
1.10854072830508,0,74.0929049628296,0,-0.526367105590711
0.350325158977632,0,0.499301740928981,0.866428168693386,-4.93175446890671
0.262380764925585,0,0.499301740928981,-0.866428168693386,1.68601234525791
0.184567865503342,0,0.999916909879949,0.012890823720206,-0.417180099569961
1.23989058960461e-17,0,0.999916909879949,-0.012890823720206,-5.00139927179773
,,0.00624757263344699,0,-4.07906203805491
,,0.0134965689426944,0,0.807355508178356
