Q,P,EigValReal,EigValImag,AGPgrad,N,alpha,k,E0,lmd,period
0,0,0.999996417552307,0.00267672982492353,1.19317847642732,5,0.27,1,1,1.5472818981673e-14,11.8450999999857
2.32480106181438,0,0.999996417552307,-0.00267672982492353,-0.0880476010936852
0.575763460804376,0,0.701257648118645,0.712907926001043,-0.255800426501234
0.138075991678479,0,0.701257648118645,-0.712907926001043,0.0621742230638325
0.0300083229121809,0,0.0984855993438563,0.995138476153892,0.209465498080921
0.00680953156447822,0,0.0984855993438563,-0.995138476153892,-0.797335721236689
5.10652928220443e-16,0,-0.633858641211538,0.773448914254502,-0.316349104978421
,,-0.633858641211538,-0.773448914254502,0.0232246070279059
,,-0.751109584870271,0.660177545449716,0.215455731236872
,,-0.751109584870271,-0.660177545449716,0.367906290526705
