Q,P,EigValReal,EigValImag,AGPgrad,N,alpha,k,E0,lmd,period
0,0,-1.39893301989947,1.16975206084777,1.60670650721683,4,1.89,1,1,1.37186076147743e-14,8.21819999999419
1.28170129551374,0,-1.39893301989947,-1.16975206084777,-1.36015763167493
0.477271988184521,0,-0.420689542611292,0.351769850626641,1.28433971148155
0.21802620022218,0,-0.420689542611292,-0.351769850626641,0.41901041890838
0.0766741581710227,0,0.999938513071391,0.0110891873711965,-0.30134333521391
-1.63857894320616e-17,0,0.999938513071391,-0.0110891873711965,0.905697953998248
,,0.824924111158613,0.565243496936477,0.989218861730999
,,0.824924111158613,-0.565243496936477,0.220377901195573
