Q,P,EigValReal,EigValImag,AGPgrad,N,alpha,k,E0,lmd,period
0,0,-0.873451482210067,0.486911191312154,0.852307856860674,4,0.48,1,1,2.80849633653724e-14,9.69319999999075
1.832502874073,0,-0.873451482210067,-0.486911191312154,0.105982031630143
0.497900229967306,0,0.147760883478789,0.989023114650798,0.180914999405935
0.130495565292718,0,0.147760883478789,-0.989023114650798,-0.305629690735479
0.0317860106632842,0,0.999979452370112,0.00641052552860712,-0.47997065624525
-3.86321005567535e-17,0,0.999979452370112,-0.00641052552860712,-0.197751182200864
,,0.59251703846568,0.805557917922646,0.530941327441854
,,0.59251703846568,-0.805557917922646,-0.023330449971825
