Q,P,EigValReal,EigValImag,AGPgrad,N,alpha,k,E0,lmd,period
0,0,346.959635189902,0,2.53433655024442,2,2.99999999999998,1,1,1.62587782376073e-13,5.02430000000163
0.899648678127801,0,0.999928916543417,0.0119231648647079,-4.25755083142047
0.301229799679706,0,0.999928916543417,-0.0119231648647079,-0.19704084418428
2.85699236342653e-19,0,0.00288217964990388,0,-2.87535665698961
