Q,P,EigValReal,EigValImag,AGPgrad,N,alpha,k,E0,lmd,period
0,0,753.771801509054,0,3.78278902946753,2,3.89999999999996,1,0.999999999999999,4.0662082623269e-13,4.77380000000221
0.847914661655922,0,0.999919940170608,0.0126535864388985,-7.26680490577534
0.293086851638092,0,0.999919940170608,-0.0126535864388985,-0.0858859305934893
2.21631188170157e-18,0,0.0013266614614017,0,-4.05792593840243
