Q,P,EigValReal,EigValImag,AGPgrad,N,alpha,k,E0,lmd,period
0,0,332.068898281079,0,8.01344089861126,4,3.06999999999998,1,1,4.95968466032554e-13,7.55009999999574
1.08858020993572,0,112.874511625696,0,-0.884943479751266
0.328679835811853,0,0.179585692656413,0.983742333639401,-7.09231344693651
0.263747130439595,0,0.179585692656413,-0.983742333639401,2.32693371255837
0.204034935861509,0,0.999797200077169,0.0201384884713319,-0.384378099982034
1.83742220206542e-17,0,0.999797200077169,-0.0201384884713319,-6.41758798134619
,,0.00301142324727518,0,-5.18668717800725
,,0.00885939602826007,0,0.978949557991722
