Q,P,EigValReal,EigValImag,AGPgrad,N,alpha,k,E0,lmd,period
0,0,275.144000227582,0,2.27168881763347,2,2.78999999999998,1,1,2.01595925380658e-14,5.09120000000147
0.914190213615589,0,0.99995358934823,0.00963426953894383,-3.60798922149719
0.30285856654993,0,0.99995358934823,-0.00963426953894383,-0.224777187319187
-3.96974299306747e-19,0,0.00363446049712268,0,-2.58588773956028
