Q,P,EigValReal,EigValImag,AGPgrad,N,alpha,k,E0,lmd,period
0,0,129.475900009833,0,1.67422025222838,2,2.24,1,1,2.11072303361917e-13,5.28570000000102
0.95888306597067,0,0.999957871132031,0.0091791045898741,-2.07769357494178
0.305771659757366,0,0.999957871132031,-0.0091791045898741,-0.309722879715314
-2.93907223157852e-18,0,0.00772344505754245,0,-1.83370803011074
