Q,P,EigValReal,EigValImag,AGPgrad,N,alpha,k,E0,lmd,period
0,0,-0.21796036858003,0.975957620867036,0.0989380422277932,2,0.19,1,1,3.67571792674003e-15,6.26319999999874
1.38939549091165,0,-0.21796036858003,-0.975957620867036,0.0226392207223493
0.0888487942289408,0,0.999998813417345,0.00154050767328006,-0.302870453149267
-7.93910640671732e-17,0,0.999998813417345,-0.00154050767328006,0.328344014528927
