Q,P,EigValReal,EigValImag,AGPgrad,N,alpha,k,E0,lmd,period
0,0,1001.3281965294,0,4.41386725810938,2,4.32999999999995,1,1,3.78422089073701e-13,4.67100000000245
0.827631167127138,0,0.999892758008385,0.0146448790564755,-8.76000079624108
0.289016105202196,0,0.999892758008385,-0.0146448790564755,-0.0344785482834219
2.78699011056314e-18,0,0.000998673564685862,0,-4.5712096573599
