Q,P,EigValReal,EigValImag,AGPgrad,N,alpha,k,E0,lmd,period
0,0,1050.94620833003,0,4.53215089509078,2,4.40999999999995,1,1,6.64166889897952e-14,4.65290000000249
0.824100025859916,0,0.999823532085567,0.018785757576752,-9.0385055536037
0.288262885898402,0,0.999823532085567,-0.018785757576752,-0.0249989702310036
2.87689036147348e-18,0,0.000951523487987321,0,-4.66263495328053
