Q,P,EigValReal,EigValImag,AGPgrad,N,alpha,k,E0,lmd,period
0,0,89.6750280907504,0,1.49277176491107,2,2.03,1,1,3.31038645466518e-14,5.36850000000083
0.979296911796164,0,0.99992542710799,0.012212298020021,-1.57878429555961
0.305958722043115,0,0.99992542710799,-0.012212298020021,-0.35339307689493
-4.34275479988322e-18,0,0.0111513764902566,0,-1.56114090671895
