Q,P,EigValReal,EigValImag,AGPgrad,N,alpha,k,E0,lmd,period
0,0,494.429924052967,0,9.37131177553002,4,3.19999999999998,1,1,2.27603462868837e-13,7.49579999999587
1.07703652988137,0,142.758841567866,0,-1.13844307123841
0.316436244422538,0,0.0243605527496483,0.999703237700315,-8.69443749162992
0.264036316480141,0,0.0243605527496483,-0.999703237700315,2.94064110555719
0.214463103829251,0,0.999730801242506,0.0232018328284572,-0.356438687535454
2.16258857850424e-17,0,0.999730801242506,-0.0232018328284572,-7.31139249885926
,,0.00202253130581301,0,-5.95992174811653
,,0.00700482007979606,0,1.20700418838207
