Q,P,EigValReal,EigValImag,AGPgrad,N,alpha,k,E0,lmd,period
0,0,-0.997187617876903,0.0749456786812316,0.456247772440973,4,0.36,1,1,8.04716135201658e-14,9.84999999999038
1.94254091634498,0,-0.997187617876903,-0.0749456786812316,0.402477381284344
0.462839788447516,0,0.40009962954579,0.916471650645736,0.280343652406304
0.102357645458244,0,0.40009962954579,-0.916471650645736,-0.455074225034215
0.0207877135234612,0,0.999985139045161,0.00545176015767042,-0.759889204881512
-4.55326402855011e-17,0,0.999985139045161,-0.00545176015767042,-0.564915917959792
,,0.916098943731488,0.400952273087514,0.943075375889082
,,0.916098943731488,-0.400952273087514,-0.0921469678331847
