Q,P,EigValReal,EigValImag,AGPgrad,N,alpha,k,E0,lmd,period
0,0,775.365510731858,0,3.8408357835022,2,3.93999999999996,1,1,1.50929778546659e-15,4.76380000000224
0.845927484034722,0,0.99999265527126,0.00383267579695026,-7.4047293828968
0.292708032095842,0,0.99999265527126,-0.00383267579695026,-0.081075540623862
2.27646198174332e-18,0,0.00128971431569163,0,-4.10700903382179
