Q,P,EigValReal,EigValImag,AGPgrad,N,alpha,k,E0,lmd,period
0,0,977.011103689631,0,4.35506955174247,2,4.28999999999995,1,1,8.47434676200392e-13,4.68020000000243
0.829423454845712,0,0.999832909682735,0.0182798445255835,-8.62140536076089
0.289393521002238,0,0.999832909682735,-0.0182798445255835,-0.0392215684729769
2.7403219493428e-18,0,0.00102352982123446,0,-4.52535444402858
