Q,P,EigValReal,EigValImag,AGPgrad,N,alpha,k,E0,lmd,period
0,0,170.4469650046,0,1.8526209589536,2,2.41999999999999,1,0.999999999999999,1.20791077952276e-13,5.21870000000118
0.943023973770195,0,0.999959680050728,0.00897988156346475,-2.54639781939304
0.305117463760769,0,0.999959680050728,-0.00897988156346475,-0.278807000065441
-1.9565196801991e-18,0,0.00586692758069116,0,-2.07632456696926
