Q,P,EigValReal,EigValImag,AGPgrad,N,alpha,k,E0,lmd,period
0,0,1219.75983271203,0,13.6770463652884,4,3.55999999999997,1,1,3.64042844387125e-13,7.3545999999962
1.04909827609445,0,247.458840685399,0,-1.95952757094538
0.287852855379146,0,-0.290235415285681,0.956955277802035,-14.0237954300266
0.263650430513547,0,-0.290235415285681,-0.956955277802035,5.44781522135612
0.236980078091148,0,0.9997185549903,0.0237236339316149,-0.257628419452816
2.87462135694027e-17,0,0.9997185549903,-0.0237236339316149,-9.83355973542853
,,0.000819833521672086,0,-8.38370660932824
,,0.00404107607347753,0,2.20303500690092
