Q,P,EigValReal,EigValImag,AGPgrad,N,alpha,k,E0,lmd,period
0,0,300.693816983207,0,7.71278615109305,4,3.03999999999998,1,1,4.5135802719906e-13,7.56289999999571
1.09138627506658,0,106.519627200836,0,-0.829030109649135
0.331689163149888,0,0.220233441777197,0.975447195455813,-6.74523852197349
0.263627325561364,0,0.220233441777197,-0.975447195455813,2.20704125778167
0.201404252718095,0,0.999838263753036,0.0179846138409735,-0.3901804883677
1.75589924685278e-17,0,0.999838263753036,-0.0179846138409735,-6.21003207922786
,,0.00938794123033384,0,-5.01486889484451
,,0.00332564204409203,0,0.938096925100173
