Q,P,EigValReal,EigValImag,AGPgrad,N,alpha,k,E0,lmd,period
0,0,115.261951410864,0,1.61025396840811,2,2.17,1,1,6.02582207149643e-14,5.31270000000096
0.965439832110925,0,0.99998758361314,0.0049832338480613,-1.90525750138553
0.305913718857369,0,0.99998758361314,-0.0049832338480613,-0.323139829109404
-3.37253561309627e-18,0,0.00867588989919675,0,-1.74123504907644
