Q,P,EigValReal,EigValImag,AGPgrad,N,alpha,k,E0,lmd,period
0,0,79.8338327426578,0,1.44707053208467,2,1.97,1,1,4.70868363749009e-14,5.39310000000077
0.985568919088997,0,0.999963590237706,0.0085333580072596,-1.44663502468437
0.305862698289639,0,0.999963590237706,-0.0085333580072596,-0.368202937225962
-4.80658525839526e-18,0,0.0125260176749362,0,-1.48628771854885
