Q,P,EigValReal,EigValImag,AGPgrad,N,alpha,k,E0,lmd,period
0,0,917.311768069364,0,4.20792253539893,2,4.18999999999996,1,1,7.40827676611888e-14,4.70350000000238
0.83398492349737,0,0.99977394451769,0.0212616994417939,-8.2741208085518
0.290338942266228,0,0.99977394451769,-0.0212616994417939,-0.0511191885711912
2.61834131228189e-18,0,0.0010901419064578,0,-4.40884525398247
