Q,P,EigValReal,EigValImag,AGPgrad,N,alpha,k,E0,lmd,period
0,0,196.026398413951,0,1.95962543549814,2,2.51999999999999,1,1,1.31358950419249e-13,5.18300000000126
0.93477198266003,0,0.999859578405321,0.0167577883747424,-2.82155237825082
0.304608327706702,0,0.999859578405321,-0.0167577883747424,-0.263246153593488
-1.48105793584179e-18,0,0.00510135373620301,0,-2.21340328274713
