Q,P,EigValReal,EigValImag,AGPgrad,N,alpha,k,E0,lmd,period
0,0,22.9220546608062,0,2.812643071289,4,2.50999999999999,1,1,1.75269162036993e-13,7.80999999999514
1.15729284171624,0,15.5341467023723,0,0.0976970636895308
0.403798991197187,0,4.4699712147444,0,-2.04721484718935
0.251241463827748,0,0.999811667225588,0.019406959567167,1.59161720209075
0.133313273455377,0,0.999811667225588,-0.019406959567167,-0.377726922271629
-2.22374307356579e-18,0,0.22371508718044,0,-1.79607853882463
,,0.0643743115831971,0,-2.12456327937215
,,0.0436261065945989,0,1.42821083311051
