Q,P,EigValReal,EigValImag,AGPgrad,N,alpha,k,E0,lmd,period
0,0,0.820816684390326,0.57119171092241,0.811736695331531,5,0.17,1,1,6.57436223118418e-15,11.9977999999854
2.49929958019558,0,0.820816684390326,-0.57119171092241,0.0244392322674401
0.469312237598511,0,0.999996664312181,0.00258289847582053,-0.225236899448974
0.0818694037060175,0,0.999996664312181,-0.00258289847582053,0.0862539876314196
0.012790334169737,0,-0.270280148575159,0.962781720477805,0.228019812691726
0.00208668254542069,0,-0.270280148575159,-0.962781720477805,-1.21682415704961
5.98914984384946e-16,0,-0.433863372177562,0.900978675820205,-0.797254613447697
,,-0.433863372177562,-0.900978675820205,0.146228538967127
,,-0.374295047421807,0.927309666441321,0.719552553965893
,,-0.374295047421807,-0.927309666441321,0.702633790471147
