Q,P,EigValReal,EigValImag,AGPgrad,N,alpha,k,E0,lmd,period
0,0,0.99994601520518,0.0103907013849579,0.999158878582369,4,0.76,1,1,6.25319128482574e-13,9.33289999999159
1.64335678341828,0,0.99994601520518,-0.0103907013849579,-0.36410233252325
0.521537776950838,0,-0.00763521322522372,0.999970851334682,-0.0208226988314611
0.169678963831654,0,-0.00763521322522372,-0.999970851334682,-0.235394911361492
0.0530788273792341,0,-0.461977777412791,0.886891500228034,0.180395771614995
-2.75818426254176e-17,0,-0.461977777412791,-0.886891500228034,0.384703989713711
,,-0.648571600796061,0.761153649824274,0.290492997528878
,,-0.648571600796061,-0.761153649824274,-0.0261024087913442
