Q,P,EigValReal,EigValImag,AGPgrad,N,alpha,k,E0,lmd,period
0,0,1300.22677106628,0,5.09162659480433,2,4.78999999999994,1,1,5.33938082369956e-13,4.57060000000269
0.808227964853778,0,0.999943333200935,0.0106456745542434,-10.3511204123167
0.284725132995406,0,0.999943333200935,-0.0106456745542434,0.019520966116332
3.24871406158732e-18,0,0.000769096609943348,0,-5.07592789960379
