Q,P,EigValReal,EigValImag,AGPgrad,N,alpha,k,E0,lmd,period
0,0,229.376680663094,0,2.09445030413896,2,2.63999999999999,1,1,2.54718365748148e-13,5.14140000000136
0.925337077425226,0,0.999834052705615,0.018217218508904,-3.16378955196302
0.30388957296745,0,0.999834052705615,-0.018217218508904,-0.245627684127757
-9.6642150689179e-19,0,0.00435964108131352,0,-2.37881802443793
