Q,P,EigValReal,EigValImag,AGPgrad,N,alpha,k,E0,lmd,period
0,0,0.999985110745418,0.00545694855104391,0.975247152606369,4,0.78,1,1,8.50344333882197e-13,9.30819999999165
1.63254203582853,0,0.999985110745418,-0.00545694855104391,-0.406277131812699
0.521776382386848,0,0.0735832416794469,0.997289078724891,-0.0426147966350241
0.171484377512777,0,0.0735832416794469,-0.997289078724891,-0.239830834641479
0.0543684988927307,0,-0.502046541169843,0.864840604099616,0.243760077853844
-2.69485112018421e-17,0,-0.502046541169843,-0.864840604099616,0.442007721158374
,,-0.724977315055271,0.688772743838806,0.289364235606179
,,-0.724977315055271,-0.688772743838806,-0.0340512851842817
