Q,P,EigValReal,EigValImag,AGPgrad,N,alpha,k,E0,lmd,period
0,0,586.526756756099,0,3.30886563504208,2,3.56999999999997,1,1,4.89278869545199e-13,4.85960000000201
0.865208096321572,0,0.99978188215939,0.0208851168496045,-6.13536750710666
0.296188372950209,0,0.99978188215939,-0.0208851168496045,-0.125881346728711
1.65145864964377e-18,0,0.00170495205535196,0,-3.63960705564395
