Q,P,EigValReal,EigValImag,AGPgrad,N,alpha,k,E0,lmd,period
0,0,761.377384755942,0,11.1793955857918,4,3.35999999999997,1,1,2.37490876351736e-13,7.43139999999602
1.06398512770842,0,185.094849856695,0,-1.47960231369116
0.30288577352688,0,-0.131521129769779,0.991313367420778,-10.8949038050501
0.264024548846811,0,-0.131521129769779,-0.991313367420778,3.90609197052309
0.225466014930434,0,0.999921985900176,0.012490881174125,-0.316380050025083
2.50886161697514e-17,0,0.999921985900176,-0.012490881174125,-8.41675381055814
,,0.00131340911869987,0,-6.98277182800908
,,0.00540263546386736,0,1.58829984588971
