Q,P,EigValReal,EigValImag,AGPgrad,N,alpha,k,E0,lmd,period
0,0,1063.46283231426,0,4.56154768737267,2,4.42999999999995,1,1,2.44302756828419e-13,4.64840000000251
0.823228126942902,0,0.999858966086294,0.0167942828567499,-9.107668006455
0.288074955918363,0,0.999858966086294,-0.0167942828567499,-0.0226387446595862
2.89867521158855e-18,0,0.000940324352932804,0,-4.68506040117142
