Q,P,EigValReal,EigValImag,AGPgrad,N,alpha,k,E0,lmd,period
0,0,-0.86304365269387,0.505129343381314,0.773752036156384,4,0.16,1,1,1.49958220395129e-14,10.0816999999898
2.16923984132408,0,-0.86304365269387,-0.505129343381314,-0.293982507115284
0.304335759472775,0,0.721302793022972,0.692619867443365,-0.125940496713324
0.0366662460226422,0,0.721302793022972,-0.692619867443365,0.378973497169694
0.0039706232981836,0,0.963170199035572,0.268892483512961,-1.04944754684856
-6.39219477617169e-17,0,0.963170199035572,-0.268892483512961,-0.12520183376781
,,0.999999455748132,0.00104331368028568,0.237415462847073
,,0.999999455748132,-0.00104331368028568,0.855518255441307
