Q,P,EigValReal,EigValImag,AGPgrad,N,alpha,k,E0,lmd,period
0,0,617.91730890723,0,10.2554231348587,4,3.27999999999997,1,1,2.05528122334197e-13,7.46329999999594
1.07036783984121,0,163.136964822313,0,-1.30463286980849
0.309471523721944,0,-0.0576863180150759,0.998334757841734,-9.76224294122676
0.26407097601814,0,-0.0576863180150759,-0.998334757841734,3.39417766242358
0.220190822376963,0,0.999722507535986,0.0235564837258822,-0.337181797248996
2.34245273894198e-17,0,0.999722507535986,-0.0235564837258822,-7.86207377568802
,,0.00161833951768207,0,-6.4609842939656
,,0.00612981859182322,0,1.38467162390272
