Q,P,EigValReal,EigValImag,AGPgrad,N,alpha,k,E0,lmd,period
0,0,0.999963817665896,0.00850666556601321,0.14141593819351,2,0.840000000000001,1,1,1.6136744383963e-14,5.95119999999947
1.17305586055333,0,0.999963817665896,-0.00850666556601321,-0.0168088311048678
0.265733532617504,0,-0.664360581796146,0.747412213812093,0.420080270746628
-2.65748523309956e-17,0,-0.664360581796146,-0.747412213812093,0.29632301256259
