Q,P,EigValReal,EigValImag,AGPgrad,N,alpha,k,E0,lmd,period
0,0,0.999971530741696,0.00754570779411356,1.02828297519157,4,0.62,1,1,1.42911276307875e-13,9.51009999999117
1.72808038185824,0,0.999971530741696,-0.00754570779411356,-0.118045369195077
0.515799165847011,0,-0.495498931489496,0.868608547559117,0.0968585440412314
0.153788452178797,0,-0.495498931489496,-0.868608547559117,-0.246728845089687
0.0432578375565292,0,-0.163647727683707,0.986518839771431,-0.179668008492317
-3.24868220665185e-17,0,-0.163647727683707,-0.986518839771431,0.0726623072632933
,,-0.0411931534285036,0.999151201826137,0.352416124279364
,,-0.0411931534285036,-0.999151201826137,-0.00386001720163518
