Q,P,EigValReal,EigValImag,AGPgrad,N,alpha,k,E0,lmd,period
0,0,0.9999893304065,0.00461942346313856,0.324139306004544,2,0.57,1,1,6.00792531996541e-15,6.10379999999911
1.25659294438343,0,0.9999893304065,-0.00461942346313856,0.0316316933184247
0.221745622084099,0,-0.927981417114931,0.372626474488028,-0.06673613935822
-4.18118409156898e-17,0,-0.927981417114931,-0.372626474488028,0.217001036119828
