Q,P,EigValReal,EigValImag,AGPgrad,N,alpha,k,E0,lmd,period
0,0,-1.50103755010175,1.83304876756364,2.31943901664707,4,1.77,1,1,4.48593218368775e-14,8.31319999999396
1.30674680980172,0,-1.50103755010175,-1.83304876756364,-0.806049564772233
0.483710561220751,0,2.81359772774874,0,0.936667321222695
0.217143069129798,0,0.999817213710645,0.019119078634938,0.551595148324916
0.0720360834948705,0,0.999817213710645,-0.019119078634938,-0.667441790937795
-1.84087692944869e-17,0,-0.267412971972867,0.326561463217359,-0.310358911139096
,,-0.267412971972867,-0.326561463217359,0.315819717125291
,,0.355416835227578,0,0.362250814442798
