Q,P,EigValReal,EigValImag,AGPgrad,N,alpha,k,E0,lmd,period
0,0,870.591409793155,0,4.08973753257517,2,4.10999999999996,1,1,1.62281875323202e-13,4.72240000000233
0.837720226578583,0,0.999956832317121,0.00929158235466675,-7.99472364407468
0.291096674308445,0,0.999956832317121,-0.00929158235466675,-0.0606855235397721
2.51496301679028e-18,0,0.00114864445993913,0,-4.31323122834111
