Q,P,EigValReal,EigValImag,AGPgrad,N,alpha,k,E0,lmd,period
0,0,1075.99625301202,0,4.59078226805985,2,4.44999999999995,1,1,3.6714452028907e-13,4.64390000000252
0.822360500734401,0,0.999940561882841,0.0109028758491191,-9.17643066986376
0.287887188445142,0,0.999940561882841,-0.0109028758491191,-0.0202849852295694
2.92019242992167e-18,0,0.000929371266120658,0,-4.70720836755219
