Q,P,EigValReal,EigValImag,AGPgrad,N,alpha,k,E0,lmd,period
0,0,253.037681421804,0,7.22126214792902,4,2.98999999999998,1,1,1.79467162239441e-13,7.58449999999566
1.0961978643263,0,96.3637463130483,0,-0.73767841949457
0.336876847592031,0,0.292831116822855,0.95616417890403,-6.18507560785536
0.263371271521235,0,0.292831116822855,-0.95616417890403,2.02551571108432
0.196809420293459,0,0.999833798063947,0.0182311889176265,-0.399261763110307
1.61404450504232e-17,0,0.999833798063947,-0.0182311889176265,-5.8615346334222
,,0.010377346650563,0,-4.73341602783113
,,0.00395198056826585,0,0.880910511149464
