Q,P,EigValReal,EigValImag,AGPgrad,N,alpha,k,E0,lmd,period
0,0,-0.68393108155817,0.729546623375539,0.282383110188534,2,0.44,1,1,9.55455499616927e-15,6.17149999999896
1.30432589026008,0,-0.68393108155817,-0.729546623375539,0.0330544050040743
0.186968875596912,0,0.999990329562963,0.00439781543176423,-0.173130373452355
-5.25634708551129e-17,0,0.999990329562963,-0.00439781543176423,0.253990682356392
