Q,P,EigValReal,EigValImag,AGPgrad,N,alpha,k,E0,lmd,period
0,0,2026.91352050563,0,17.2083767560987,4,3.80999999999996,1,1,1.4089521390582e-13,7.26349999999641
1.03225093453574,0,341.489598520218,0,-2.65812391417028
0.271436206195077,0,-0.45010492946299,0.892975672942828,-18.5740063833131
0.262840730307026,0,-0.45010492946299,-0.892975672942828,7.93047248607261
0.248690054973391,0,0.999760210807344,0.0218979653340161,-0.169043434600739
3.25059648576543e-17,0,0.999760210807344,-0.0218979653340161,-11.691278175989
,,0.00292834687765831,0,-10.3438214478769
,,0.000493360959870994,0,3.17262137711914
