Q,P,EigValReal,EigValImag,AGPgrad,N,alpha,k,E0,lmd,period
0,0,-0.727137098981758,0.68649227183152,0.292171741865572,2,0.46,1,1,2.24733757504163e-15,6.16159999999898
1.29679469253169,0,-0.727137098981758,-0.68649227183152,0.0333700115243171
0.193051515890565,0,0.999998588889477,0.00167994614825424,-0.158676628298292
-5.07407578635647e-17,0,0.999998588889477,-0.00167994614825424,0.24727555703872
