Q,P,EigValReal,EigValImag,AGPgrad,N,alpha,k,E0,lmd,period
0,0,271.958560944854,0,2.2596302282059,2,2.77999999999998,1,1,9.76846994231193e-14,5.09450000000147
0.914912509432086,0,0.999915970388587,0.0129634934314693,-3.57793931777094
0.302931202813123,0,0.999915970388587,-0.0129634934314693,-0.226135056264776
-4.32636992072355e-19,0,0.00367703078177571,0,-2.57215277637485
