Q,P,EigValReal,EigValImag,AGPgrad,N,alpha,k,E0,lmd,period
0,0,47.7033704027934,0,3.82851037172563,4,2.61999999999999,1,1,6.30570202258638e-14,7.75569999999526
1.1382700654887,0,37.9116923482305,0,0.974130423852454
0.382720755570709,0,1.21003764700872,0,4.36123620452679
0.258682289746078,0,0.997717093627196,0.0675322225599772,-8.24812859290681
0.153366963699712,0,0.997717093627196,-0.0675322225599772,-0.82967541448482
2.96191775925484e-18,0,0.826420568377998,0,5.61195355849984
,,0.0263770868052266,0,2.05112226578097
,,0.0209628793847952,0,-9.47804748484887
