Q,P,EigValReal,EigValImag,AGPgrad,N,alpha,k,E0,lmd,period
0,0,-0.981773973170625,0.190052270717193,1.75429312204612,4,1.22,1,1,1.13229453856106e-14,8.81499999999279
1.44869948853437,0,-0.981773973170625,-0.190052270717193,0.673713821445186
0.512658666878935,0,0.220944098496992,0.975286473472965,0.0420479150514482
0.185978189178198,0,0.220944098496992,-0.975286473472965,0.342476614599542
0.0889439714440525,0,0.985441933441938,0.170012340182188,-0.816970950847487
-9.8557485701195e-18,0,0.985441933441938,-0.170012340182188,-0.38836226853313
,,0.999945770742675,0.0104142005841005,0.222137599365242
,,0.999945770742675,-0.0104142005841005,-0.823047013775138
