Q,P,EigValReal,EigValImag,AGPgrad,N,alpha,k,E0,lmd,period
0,0,0.999956939717456,0.00928001675115431,0.162714189345233,2,0.830000000000001,1,1,3.39938514217707e-15,5.95689999999946
1.17574288334122,0,0.999956939717456,-0.00928001675115431,-0.0135220634739703
0.264595994389969,0,-0.705294892611601,0.708914038834047,0.383739074006878
-2.70061272954225e-17,0,-0.705294892611601,-0.708914038834047,0.282550950156043
