Q,P,EigValReal,EigValImag,AGPgrad,N,alpha,k,E0,lmd,period
0,0,1320.99649480559,0,5.13604811060358,2,4.81999999999994,1,1,1.32753457000214e-13,4.5644000000027
0.807033762413847,0,0.999843222334063,0.0177067996282463,-10.4550258807482
0.284449255352834,0,0.999843222334063,-0.0177067996282463,0.023012001742769
3.27463236478239e-18,0,0.000757004280098395,0,-5.10768115715036
