Q,P,EigValReal,EigValImag,AGPgrad,N,alpha,k,E0,lmd,period
0,0,2845.20767587991,0,20.2237904795086,4,3.99999999999996,1,1,1.56061313635963e-13,7.19759999999656
1.02050590996549,0,425.963310207816,0,-3.27334175429746
0.260390472403359,0,-0.551705453069205,0.834039023703106,-22.5462869140851
0.262065934159149,0,-0.551705453069205,-0.834039023703106,10.261756871281
0.256044214030849,0,0.999816161119359,0.0191740439708781,-0.088954762278797
3.48929464837589e-17,0,0.999816161119359,-0.0191740439708781,-13.1845119251365
,,0.00234762003227654,0,-12.0006961187696
,,0.000351468190613172,0,4.05587008039005
