Q,P,EigValReal,EigValImag,AGPgrad,N,alpha,k,E0,lmd,period
0,0,0.999959709432284,0.00897660916614127,-3.32974155045954,2,1.02,1,1,1.3075418284412e-14,5.8502999999997
1.12929207359416,0,0.999959709432284,-0.00897660916614127,-0.0897916823750916
0.281907183245511,0,0.674906512855453,0.737903244948346,5.27723899188512
-2.00498584023767e-17,0,0.674906512855453,-0.737903244948346,3.11175190110181
