Q,P,EigValReal,EigValImag,AGPgrad,N,alpha,k,E0,lmd,period
0,0,32.3380057140434,0,1.24600217976744,2,1.59,1,1,3.59631691116779e-14,5.56010000000038
1.03109514368241,0,0.999997734733238,0.00212850378876504,-0.732213217051116
0.302891715478703,0,0.999997734733238,-0.00212850378876504,-0.516514905205157
-8.65570785361291e-18,0,0.0309233664203177,0,-1.07155782588929
