Q,P,EigValReal,EigValImag,AGPgrad,N,alpha,k,E0,lmd,period
0,0,93.032020073113,0,4.98297724654281,4,2.74999999999999,1,1,1.84589039714759e-13,7.69269999999541
1.12231807866374,0,54.5867707661479,0,-0.321816880926022
0.365513550295513,0,0.775034170149261,0.63191932641883,-3.80403364082652
0.260575337281033,0,0.775034170149261,-0.63191932641883,1.49188681035828
0.170255407269481,0,0.999879386134644,0.0155310393372707,-0.426692304554292
8.11193432871832e-18,0,0.999879386134644,-0.0155310393372707,-4.07408771868176
,,0.0107489872757563,0,-3.44164818628841
,,0.0183194570034134,0,0.847609892926915
