Q,P,EigValReal,EigValImag,AGPgrad,N,alpha,k,E0,lmd,period
0,0,4.45031941588837,0,2.04087963060941,2,1.14,1,1,2.38775637922576e-14,5.78519999999986
1.10429175540083,0,0.999949542119925,0.0100455569364432,-0.194939043070105
0.289216042723013,0,0.999949542119925,-0.0100455569364432,-1.96478291437585
-1.67318914296059e-17,0,0.224702972202341,0,-1.44453924637775
