Q,P,EigValReal,EigValImag,AGPgrad,N,alpha,k,E0,lmd,period
0,0,336.129395467079,0,2.49579615311687,2,2.96999999999998,1,1,3.36395326813612e-13,5.03360000000161
0.901656194812868,0,0.999999365420159,0.00112656967026254,-4.16276994572077
0.301473204668239,0,0.999999365420159,-0.00112656967026254,-0.200926385413373
1.95387597939507e-19,0,0.00297504476999224,0,-2.833980244814
