Q,P,EigValReal,EigValImag,AGPgrad,N,alpha,k,E0,lmd,period
0,0,911.313209347581,0,4.19278879327012,2,4.17999999999996,1,1,4.27419478791818e-13,4.70580000000237
0.8344475728364,0,0.999906809513761,0.0136518236260335,-8.238377448884
0.290433604824623,0,0.999906809513761,-0.0136518236260335,-0.0523218996102823
2.60570903649622e-18,0,0.00109731757310298,0,-4.39654250088228
