Q,P,EigValReal,EigValImag,AGPgrad,N,alpha,k,E0,lmd,period
0,0,268.788925374725,0,2.24758809924764,2,2.76999999999998,1,1,2.08794820387118e-13,5.09780000000146
0.915637679545845,0,0.999894661728231,0.0145143187006637,-3.54790720988621
0.303003325105896,0,0.999894661728231,-0.0145143187006637,-0.22749703628841
-4.68611932931743e-19,0,0.00372039137554186,0,-2.55837800178925
