Q,P,EigValReal,EigValImag,AGPgrad,N,alpha,k,E0,lmd,period
0,0,883.351714917354,0,11.8999140462657,4,3.41999999999997,1,1,7.02163501483389e-14,7.40799999999607
1.0593678323174,0,202.677607456348,0,-1.61686843236801
0.298172904699933,0,-0.182887291133993,0.983133886477517,-11.7881584950617
0.263946418683609,0,-0.182887291133993,-0.983133886477517,4.32879618957548
0.229155404665172,0,0.999740468869193,0.022781459690325,-0.299817931245869
2.6256740813667e-17,0,0.999740468869193,-0.022781459690325,-8.83662921158144
,,0.00113205191501561,0,-7.38822010023826
,,0.00493394417049544,0,1.75719588823239
