Q,P,EigValReal,EigValImag,AGPgrad,N,alpha,k,E0,lmd,period
0,0,-0.316887669056174,0.9484630752961,0.154863865988127,2,0.26,1,1,1.23344971200498e-14,6.24469999999878
1.36927088293341,0,-0.316887669056174,-0.9484630752961,0.025962375357805
0.119860330027068,0,0.999996040460505,0.00281408303291338,-0.276922033529804
-7.13901399433235e-17,0,0.999996040460505,-0.00281408303291338,0.313888880143711
