Q,P,EigValReal,EigValImag,AGPgrad,N,alpha,k,E0,lmd,period
0,0,75.1658290694522,0,1.42539146892465,2,1.94,1,1,1.45965810474428e-14,5.40560000000074
0.988786296819523,0,0.999940467839772,0.0109114974377855,-1.38247194234885
0.305784794259209,0,0.999940467839772,-0.0109114974377855,-0.376136779558472
-5.05059461917066e-18,0,0.0133039176497042,0,-1.4495765653037
