Q,P,EigValReal,EigValImag,AGPgrad,N,alpha,k,E0,lmd,period
0,0,166.746282075953,0,6.17599736261354,4,2.87999999999998,1,1,3.84405399380512e-13,7.63309999999555
1.10746368151586,0,75.839372243876,0,-0.543635885327535
0.349144551828977,0,0.479983033476045,0.877277771048688,-5.03138088468225
0.262488456269451,0,0.479983033476045,-0.877277771048688,1.70896202767997
0.185660341602898,0,0.999917848772833,0.0128177886290573,-0.415939092854529
1.27303276139406e-17,0,0.999917848772833,-0.0128177886290573,-5.07494626070974
,,0.00599713521365529,0,-4.13267946523848
,,0.0131857631516704,0,0.809626306589653
