Q,P,EigValReal,EigValImag,AGPgrad,N,alpha,k,E0,lmd,period
0,0,0.999996748998794,0.0025499003628837,0.625169385948705,4,1.99,1,1,2.86835154418234e-14,8.14249999999436
1.26181432245249,0,0.999996748998794,-0.0025499003628837,-2.16286581203371
0.471355570726574,0,-0.277928508898868,0.960601761366968,2.09106835142704
0.219485640533956,0,-0.277928508898868,-0.960601761366968,0.229320779213579
0.080273268167394,0,-0.796888170162279,0.944689546941722,0.077657488384121
-1.50103500754151e-17,0,-0.796888170162279,-0.944689546941722,2.8782037267307
,,-0.521704938142338,0.618467207952605,2.06765870857967
,,-0.521704938142338,-0.618467207952605,0.0373638288690932
