Q,P,EigValReal,EigValImag,AGPgrad,N,alpha,k,E0,lmd,period
0,0,-0.512768906123604,0.858526673384585,0.352576455315866,5,0.07,1,1,8.20198180477164e-15,12.1100999999851
2.67675067252526,0,-0.512768906123604,-0.858526673384585,0.0528849344350201
0.244175465424629,0,-0.16537633668372,0.986230534543053,-0.148844147696761
0.0198698653106086,0,-0.16537633668372,-0.986230534543053,0.0683313517017917
0.00144013303078461,0,-0.17608392009752,0.984375158708854,0.203729935613005
0.000109035905417637,0,-0.17608392009752,-0.984375158708854,-1.74858633618455
7.51074782803315e-16,0,0.89367872631165,0.448707403703104,-1.52326484215134
,,0.89367872631165,-0.448707403703104,0.167888403646587
,,0.999999278054994,0.00120161953558105,1.53250643975678
,,0.999999278054994,-0.00120161953558105,1.41927734502057
