Q,P,EigValReal,EigValImag,AGPgrad,N,alpha,k,E0,lmd,period
0,0,0.99995261866332,0.00973449682036602,0.927193460936502,4,0.81,1,1,1.16732183472888e-14,9.27159999999173
1.61684557395529,0,0.99995261866332,-0.00973449682036602,-0.475162614232417
0.521937839147435,0,0.192917531252096,0.981214974475826,-0.0787526240123044
0.174005853318578,0,0.192917531252096,-0.981214974475826,-0.250886544417438
0.0562608090769556,0,-0.560563859741065,0.828111199750482,0.348179742530114
-2.60213540091442e-17,0,-0.560563859741065,-0.828111199750482,0.538256729474776
,,-0.824199377400195,0.566299731849777,0.291692733252963
,,-0.824199377400195,-0.566299731849777,-0.0487482566351905
