Q,P,EigValReal,EigValImag,AGPgrad,N,alpha,k,E0,lmd,period
0,0,1057.07357146979,0,4.5464346573688,2,4.41999999999995,1,1,3.80110175835696e-13,4.6506000000025
0.823663539803853,0,0.999961779653281,0.00874295332314617,-9.07212519143162
0.2881689009663,0,0.999961779653281,-0.00874295332314617,-0.0238297146121521
2.88781649665384e-18,0,0.000946007947811496,0,-4.67336851211865
