Q,P,EigValReal,EigValImag,AGPgrad,N,alpha,k,E0,lmd,period
0,0,0.999987346226914,0.0050306446929342,54.7232843247603,2,1.05,1,1,2.17543152146312e-15,5.83379999999974
1.12276145218886,0,0.999987346226914,-0.0050306446929342,-0.31893993707832
0.283949435874621,0,1.25588287407226,0,-73.8641176091473
-1.91549181980488e-17,0,0.796252596993745,0,-45.4207930420722
