Q,P,EigValReal,EigValImag,AGPgrad,N,alpha,k,E0,lmd,period
0,0,-0.915689293182649,0.401886947226059,-0.105162064554843,4,1.12,1,1,6.15078942357239e-14,8.91839999999255
1.48371739527353,0,-0.915689293182649,-0.401886947226059,-0.251689337842658
0.515555065429029,0,-0.547088420479034,0.837074823524009,-0.0850280018613793
0.188644624043455,0,-0.547088420479034,-0.837074823524009,-0.0994302829059768
0.0760031763322442,0,0.999901323359107,0.0140479017901242,0.592891705814238
-1.63183757558024e-17,0,0.999901323359107,-0.0140479017901242,0.639331816594242
,,0.914335963006832,0,0.402402011615933
,,1.09368989130808,0,-0.49795768783314
