Q,P,EigValReal,EigValImag,AGPgrad,N,alpha,k,E0,lmd,period
0,0,1101.37606654838,0,4.64964623999704,2,4.48999999999995,1,1,3.14544150246422e-14,4.63500000000254
0.820637907343455,0,0.999987387643947,0.00502240506158591,-9.31480703758039
0.287512164674757,0,0.999987387643947,-0.00502240506158591,-0.0155729906191497
2.96244023808288e-18,0,0.000907955085303238,0,-4.75171387859488
