Q,P,EigValReal,EigValImag,AGPgrad,N,alpha,k,E0,lmd,period
0,0,160.788126420205,0,1.81136476986879,2,2.37999999999999,1,1,2.05051227849251e-13,5.23330000000114
0.946431712406769,0,0.999942939361164,0.0106826036994268,-2.43927382484176
0.305294442097059,0,0.999942939361164,-0.0106826036994268,-0.285312912676044
-2.1599241264803e-18,0,0.00621936471442319,0,-2.02194860849356
