Q,P,EigValReal,EigValImag,AGPgrad,N,alpha,k,E0,lmd,period
0,0,1232.54575067762,0,4.94507703867562,2,4.68999999999994,1,1,4.87749060789344e-13,4.59170000000264
0.812268271098929,0,0.999822344034039,0.0188488824666356,-10.0079842089295
0.285648651800895,0,0.999822344034039,-0.0188488824666356,0.0078968266046605
3.15893637974201e-18,0,0.000811328909774111,0,-4.97063999657301
