Q,P,EigValReal,EigValImag,AGPgrad,N,alpha,k,E0,lmd,period
0,0,-0.114829450118439,0.993385221042426,0.00888673387164898,2,0.03,1,1,3.29082381788121e-14,6.2827999999987
1.41357749020258,0,-0.114829450118439,-0.993385221042426,0.00693383018034431
0.0141414186502881,0,0.999999954970801,0.00030009732362621,-0.331311129213562
-9.69474112496631e-17,0,0.999999954970801,-0.00030009732362621,0.334814638010498
