Q,P,EigValReal,EigValImag,AGPgrad,N,alpha,k,E0,lmd,period
0,0,0.999992834981802,0.00378549667355907,1.04255829031622,4,0.67,1,1,2.55741158458747e-13,9.44589999999132
1.69586189524465,0,0.999992834981802,-0.00378549667355907,-0.199256681992654
0.518824017748673,0,-0.329720446053714,1.04374505676152,0.0603973890185861
0.160178766519302,0,-0.329720446053714,-1.04374505676152,-0.236038081662136
0.046940686067841,0,-0.275198339292294,0.871152849946444,-0.062931077949707
-3.06247180080353e-17,0,-0.275198339292294,-0.871152849946444,0.17197862743658
,,-0.273212039420731,0.961953835438878,0.319527121560769
,,-0.273212039420731,-0.961953835438878,-0.00599919445926393
