Q,P,EigValReal,EigValImag,AGPgrad,N,alpha,k,E0,lmd,period
0,0,-0.739898034629044,0.672719033737012,0.0703694066112636,4,0.02,1,1,6.37878964101656e-15,10.1648999999896
2.28584006328003,0,-0.739898034629044,-0.672719033737012,-0.0145305947194776
0.0454210135384234,0,0.815174149396131,0.579215940868608,-0.0127191524607425
0.000747939273882725,0,0.815174149396131,-0.579215940868608,0.0623765922715907
1.09474964760103e-05,0,0.884927771441472,0.465728289168314,-1.38869826831972
-8.7036862639899e-17,0,0.884927771441472,-0.465728289168314,-0.811552337481611
,,0.999999995405474,9.58596110818928e-05,0.85846229558207
,,0.999999995405474,-9.58596110818928e-05,1.32972286556279
