Q,P,EigValReal,EigValImag,AGPgrad,N,alpha,k,E0,lmd,period
0,0,369.162071295085,0,2.61222451604714,2,3.05999999999998,1,1,4.47027323228543e-13,5.00590000000167
0.89569901664905,0,0.999812578380452,0.0193599615732728,-4.44861112218948
0.300733992231664,0,0.999812578380452,-0.0193599615732728,-0.189330454635246
4.59791893542911e-19,0,0.00270883733142156,0,-2.95785084305446
