Q,P,EigValReal,EigValImag,AGPgrad,N,alpha,k,E0,lmd,period
0,0,291.463853304963,0,2.33297834694035,2,2.83999999999998,1,1,3.41861772697187e-13,5.07500000000151
0.910621078363863,0,0.999826873027236,0.018607094686087,-3.76038954288972
0.302487998686784,0,0.999826873027236,-0.018607094686087,-0.218045052436725
-2.23221554514691e-19,0,0.00343095717944527,0,-2.65526666504876
