Q,P,EigValReal,EigValImag,AGPgrad,N,alpha,k,E0,lmd,period
0,0,133.715603703806,0,1.69309865926258,2,2.26,1,1,1.01619928474604e-13,5.27810000000104
0.957051814708459,0,0.999929207356638,0.0118987509902564,-2.12806013821491
0.305718388425885,0,0.999929207356638,-0.0118987509902564,-0.306054989804664
-2.82089323296002e-18,0,0.00747855876440923,0,-1.86039325874894
