Q,P,EigValReal,EigValImag,AGPgrad,N,alpha,k,E0,lmd,period
0,0,3.19908644841535,0,3.13595891421071,4,1.64,1,1,1.09699189276857e-14,8.42149999999371
1.33592089619424,0,-1.13798727852432,1.95973928988092,-0.324979842326886
0.490148007302745,0,-1.13798727852432,-1.95973928988092,0.930592651971817
0.217824633142312,0,0.999957852580993,0.00918112529187022,0.705734193266591
0.0646591760143043,0,0.999957852580993,-0.00918112529187022,-1.2026454327104
-2.18921590624933e-17,0,-0.22158828583814,0.38159940636373,-1.36284791687521
,,-0.22158828583814,-0.38159940636373,-0.233841521948921
,,0.312589239498454,0,0.564302578359226
