Q,P,EigValReal,EigValImag,AGPgrad,N,alpha,k,E0,lmd,period
0,0,508.828306417129,0,9.47971882577127,4,3.20999999999998,1,1,4.92292556522619e-13,7.49169999999588
1.07618614243009,0,145.221050980346,0,-1.1587663244094
0.31554350648922,0,0.0136130555247884,0.99990733806542,-8.8244372172257
0.264045765319807,0,0.0136130555247884,-0.99990733806542,2.99416553912549
0.215205715918946,0,0.999729730026225,0.0232479440500586,-0.354114849082617
2.18585950494419e-17,0,0.999729730026225,-0.0232479440500586,-7.38009578002613
,,0.00196529946769313,0,-6.02146065785585
,,0.00688605400660272,0,1.22773464787745
