Q,P,EigValReal,EigValImag,AGPgrad,N,alpha,k,E0,lmd,period
0,0,69.1921841421019,0,1.3977336414256,2,1.9,1,1,3.84545210368817e-14,5.4224000000007
0.993164679140738,0,0.999973452542364,0.00728657742071703,-1.29881001681232
0.305647267312083,0,0.999973452542364,-0.00728657742071703,-0.387351415740513
-5.38933974583008e-18,0,0.014452499403016,0,-1.4013189407414
