Q,P,EigValReal,EigValImag,AGPgrad,N,alpha,k,E0,lmd,period
0,0,175.407465959101,0,1.87363346052276,2,2.43999999999999,1,1,2.32342306728249e-14,5.21150000000119
0.941343567303766,0,0.999905000920474,0.0137836546041664,-2.60072396415371
0.305022983985409,0,0.999905000920474,-0.0137836546041664,-0.275619024619477
-1.85774709630818e-18,0,0.0057010116106264,0,-2.10371257538195
