Q,P,EigValReal,EigValImag,AGPgrad,N,alpha,k,E0,lmd,period
0,0,0.999968176739632,0.00797781348628047,1.04172903710952,4,0.66,1,1,2.30638964236543e-13,9.45869999999129
1.70211855922502,0,0.999968176739632,-0.00797781348628047,-0.182603858164255
0.518320668156273,0,-0.312222311559508,1.00706125617529,0.0681096460468789
0.15896978599377,0,-0.312222311559508,-1.00706125617529,-0.237708889598701
0.0462207838322704,0,-0.251476062789845,0.96786351819031,-0.0870617517705335
-3.09860170500378e-17,0,-0.251476062789845,-0.96786351819031,0.151398894172758
,,-0.28086256139451,0.905911568195694,0.325107976061466
,,-0.28086256139451,-0.905911568195694,-0.00510133278374415
