Q,P,EigValReal,EigValImag,AGPgrad,N,alpha,k,E0,lmd,period
0,0,40.7936196091562,0,4.87360013679487,4,2.58999999999999,1,1,2.36445247894543e-13,7.77099999999523
1.14193980210279,0,34.8722518913502,0,0.827876398021126
0.386506481387371,0,1.29497924645387,0,3.51482940013021
0.25853762182097,0,0.998255581712378,0.0590406095855591,-8.53739308683462
0.149452720676061,0,0.998255581712378,-0.0590406095855591,-0.92526307583722
1.70180985488833e-18,0,0.772213147614935,0,4.31927181437548
,,0.0245136374163571,0,1.24795576357602
,,0.0286760947676409,0,-10.171174945434
