Q,P,EigValReal,EigValImag,AGPgrad,N,alpha,k,E0,lmd,period
0,0,262.497737753114,0,2.22355743586485,2,2.74999999999999,1,1,2.8363993163537e-13,5.10440000000144
0.917096733065338,0,0.999900750331049,0.0140886297209836,-3.48790529819077
0.303145989449285,0,0.999900750331049,-0.0140886297209836,-0.230233704753326
-5.41513081238798e-19,0,0.00380955664045136,0,-2.53071324072755
