Q,P,EigValReal,EigValImag,AGPgrad,N,alpha,k,E0,lmd,period
0,0,904.871636883902,0,12.022308695664,4,3.42999999999997,1,1,4.93543602462286e-13,7.40409999999608
1.05861154471863,0,205.691155023624,0,-1.64031648728787
0.297405184546131,0,-0.190994172002752,0.981591170632031,-11.9407516102031
0.263930241599043,0,-0.190994172002752,-0.981591170632031,4.40253422842026
0.22974956077961,0,0.999817595189639,0.0190991190578059,-0.29695839071724
2.64451945740799e-17,0,0.999817595189639,-0.0190991190578059,-8.90699521962166
,,0.00110512912508353,0,-7.45701694296028
,,0.00486165775990612,0,1.78666328317044
