Q,P,EigValReal,EigValImag,AGPgrad,N,alpha,k,E0,lmd,period
0,0,-0.766480035389236,0.642268133531261,0.939513231757876,4,0.53,1,1,5.51996647666111e-14,9.6273999999909
1.79255847817338,0,-0.766480035389236,-0.642268133531261,0.0230827999372395
0.506310961273486,0,0.999989245337774,0.0046378021495183,0.152496818771516
0.139842288859247,0,0.999989245337774,-0.0046378021495183,-0.279148480440399
0.0360797656970586,0,0.036952664206893,0.999317017071167,-0.374314646608999
-3.62514321464074e-17,0,0.036952664206893,-0.999317017071167,-0.096934412222607
,,0.390355839919309,0.920664063728394,0.448422528609999
,,0.390355839919309,-0.920664063728394,-0.0125163346457408
