Q,P,EigValReal,EigValImag,AGPgrad,N,alpha,k,E0,lmd,period
0,0,19.3342452853279,0,1.23894395279825,2,1.43,1,0.999999999999999,8.53117362746512e-14,5.6366000000002
1.05411129724432,0,0.999986423910924,0.0052107575087046,-0.500474480371426
0.299805681457406,0,0.999986423910924,-0.0052107575087046,-0.651225251543459
-1.09376596112799e-17,0,0.0517216982220219,0,-0.958784780938599
