Q,P,EigValReal,EigValImag,AGPgrad,N,alpha,k,E0,lmd,period
0,0,797.451211115242,0,3.89976418190252,2,3.97999999999996,1,1,1.841684764962e-14,4.75400000000226
0.843962150334284,0,0.999798926537628,0.0200525931977159,-7.54459925870585
0.292328986882417,0,0.999798926537628,-0.0200525931977159,-0.0762556704575735
2.33501973876796e-18,0,0.00125399521121648,0,-4.15673951471232
