Q,P,EigValReal,EigValImag,AGPgrad,N,alpha,k,E0,lmd,period
0,0,-0.285255131155514,0.958451621183587,0.138542615960881,2,0.24,1,0.999999999999999,2.11876772049158e-15,6.25059999999877
1.37548604854376,0,-0.285255131155514,-0.958451621183587,0.0250089325436646
0.111200834928589,0,0.99999809638001,0.00195121407065763,-0.285250185063968
-7.36663925429791e-17,0,0.99999809638001,-0.00195121407065763,0.318820141192964
