Q,P,EigValReal,EigValImag,AGPgrad,N,alpha,k,E0,lmd,period
0,0,759.157536934728,0,3.79734281816472,2,3.90999999999996,1,1,5.04399218951142e-14,4.77130000000222
0.847415793722885,0,0.999918862081791,0.0127384949200373,-7.30139690491358
0.292992173475669,0,0.999918862081791,-0.0127384949200373,-0.0846815598616743
2.2315016839036e-18,0,0.00131724964928915,0,-4.07029618490442
