Q,P,EigValReal,EigValImag,AGPgrad,N,alpha,k,E0,lmd,period
0,0,12.9686843871778,0,2.39299275657468,4,2.40999999999999,1,1,7.65618831731058e-14,7.86339999999501
1.1767552561975,0,2.88805117933828,6.13144484573136,0.331259805210011
0.423312138937717,0,2.88805117933828,-6.13144484573136,-1.91861378055069
0.242955934148809,0,0.999860100491361,0.0167266089040322,1.66792517446949
0.11535273586756,0,0.999860100491361,-0.0167266089040322,-0.355966064261279
-6.63484586064725e-18,0,0.0628719394905588,0.133479569921741,-1.36029438694531
,,0.0628719394905588,-0.133479569921741,-1.7983156987663
,,0.0771088238517995,0,1.68975208792503
