Q,P,EigValReal,EigValImag,AGPgrad,N,alpha,k,E0,lmd,period
0,0,-0.747375116913563,0.66440231382682,0.147655606060651,4,0.04,1,1,1.2764708183659e-14,10.1603999999897
2.27876753381914,0,-0.747375116913563,-0.66440231382682,-0.0315678463762891
0.0899102344986533,0,0.810452397466647,0.585804499334526,-0.0242254317237028
0.00294578021681025,0,0.810452397466647,-0.585804499334526,0.116162596152192
8.58479074831164e-05,0,0.889955322448322,0.456047721237508,-1.38315166837166
-8.31392078783567e-17,0,0.889955322448322,-0.456047721237508,-0.754578797074378
,,0.99999998515167,0.000172327229219926,0.843832828485879
,,0.99999998515167,-0.000172327229219926,1.26850171160199
