Q,P,EigValReal,EigValImag,AGPgrad,N,alpha,k,E0,lmd,period
0,0,-0.945471835841076,0.325703864931484,6.00714111682862,4,1.15,1,1,1.23988008211693e-14,8.88669999999263
1.47297863870044,0,-0.945471835841076,-0.325703864931484,3.35951978323011
0.514589936006127,0,-0.354034729160257,0.935232276254641,1.60759522180017
0.188715318011136,0,-0.354034729160257,-0.935232276254641,2.12034447607343
0.078742862382164,0,1.19216159565556,0,-5.46693514530253
-1.49562487957849e-17,0,0.999964703307175,0.00840191286442055,-5.38742795669277
,,0.999964703307175,-0.00840191286442055,-0.879656761592125
,,0.838812459354634,0,0.156251443775279
