Q,P,EigValReal,EigValImag,AGPgrad,N,alpha,k,E0,lmd,period
0,0,119.238635198333,0,1.62826429553117,2,2.19,1,1,2.44272850860404e-14,5.30500000000097
0.963542532014904,0,0.999870066238374,0.0161198833892885,-1.95412736124973
0.305880481843104,0,0.999870066238374,-0.0161198833892885,-0.319208620548338
-3.24543705047923e-18,0,0.00838654349167439,0,-1.76768793493091
