Q,P,EigValReal,EigValImag,AGPgrad,N,alpha,k,E0,lmd,period
0,0,67.6349861429186,0,4.44395028772999,4,2.68999999999999,1,1,2.46598227934764e-13,7.72109999999534
1.12992792340345,0,45.7867248238758,0,-0.218561918641522
0.373940600731003,0,0.957744566742886,0.287620139896227,-3.29118165633275
0.259183974830821,0,0.957744566742886,-0.287620139896227,1.45501175451539
0.16215244818176,0,0.999724595000259,0.0234677257425973,-0.427589178541818
5.73939233596706e-18,0,0.999724595000259,-0.0234677257425973,-3.56989675337973
,,0.0147852473553807,0,-3.12310109155695
,,0.0218403915947499,0,0.923831297721433
