Q,P,EigValReal,EigValImag,AGPgrad,N,alpha,k,E0,lmd,period
0,0,1358.76467466611,0,14.3454900684735,4,3.60999999999997,1,1,7.03773616196382e-13,7.33589999999624
1.04558597223147,0,264.761339764588,0,-2.09000608196131
0.284376495249011,0,-0.324893827381776,0.945750496129776,-14.8751351966268
0.263513244105714,0,-0.324893827381776,-0.945750496129776,5.89355966478256
0.239536107620889,0,0.999905080151932,0.013777905729172,-0.241302963666686
2.95631710554152e-17,0,0.999905080151932,-0.013777905729172,-10.1964313821289
,,0.000735962612143358,0,-8.75654644560008
,,0.003776986476699,0,2.37931842280741
