Q,P,EigValReal,EigValImag,AGPgrad,N,alpha,k,E0,lmd,period
0,0,288.146640988932,0,2.320585061143,2,2.82999999999998,1,0.999999999999999,8.87491980457326e-14,5.0782000000015
0.91132933170016,0,0.999894983474744,0.0144921365575019,-3.72961660363419
0.302563067133244,0,0.999894983474744,-0.0144921365575019,-0.219384243975062
-2.57375470824394e-19,0,0.00347045517034358,0,-2.64129352928535
