Q,P,EigValReal,EigValImag,AGPgrad,N,alpha,k,E0,lmd,period
0,0,1127.09246787497,0,4.70875889912715,2,4.52999999999995,1,1,2.64360786358889e-13,4.62620000000256
0.818931933074219,0,0.999960220714773,0.00891947239281602,-9.45367302874453
0.287137860096777,0,0.999960220714773,-0.00891947239281602,-0.0108622428673309
3.00366554251027e-18,0,0.000887238648749505,0,-4.7961737351518
