Q,P,EigValReal,EigValImag,AGPgrad,N,alpha,k,E0,lmd,period
0,0,-1.07171295934495,0.63114250304533,-0.806978957664513,4,1.03,1,1,5.08370099345856e-15,9.01609999999233
1.51780170216019,0,-1.07171295934495,-0.63114250304533,-1.87439874500228
0.51834151338343,0,-0.692809075818502,0.408002208456902,-0.81195397915015
0.186571293156335,0,-0.692809075818502,-0.408002208456902,-0.905677052247455
0.069558370294844,0,0.885154334862594,0.465297542948559,2.55464402773617
-1.95063233976685e-17,0,0.885154334862594,-0.465297542948559,2.76924717082643
,,0.999912477647914,0.0132301566130993,0.677111427395321
,,0.999912477647914,-0.0132301566130993,-0.392981278581409
