Q,P,EigValReal,EigValImag,AGPgrad,N,alpha,k,E0,lmd,period
0,0,882.279395411377,0,4.11966313393327,2,4.12999999999996,1,1,4.97410423686619e-13,4.71770000000234
0.836779030176099,0,0.999778102148652,0.0210652905044379,-8.06550180529654
0.290907160331805,0,0.999778102148652,-0.0210652905044379,-0.0582819799033354
2.54131155720359e-18,0,0.00113342780776419,0,-4.33776395078457
