Q,P,EigValReal,EigValImag,AGPgrad,N,alpha,k,E0,lmd,period
0,0,670.14846768141,0,3.55142483429775,2,3.73999999999996,1,1,2.01076723144804e-13,4.81460000000212
0.856091532007733,0,0.999854435458754,0.0170618842368504,-6.71572178766599
0.294597702654158,0,0.999854435458754,-0.0170618842368504,-0.105211026486783
1.95864036875025e-18,0,0.0014922066500205,0,-3.85763922594465
