Q,P,EigValReal,EigValImag,AGPgrad,N,alpha,k,E0,lmd,period
0,0,0.999969036013124,0.00786937195528612,-2.25487090758639,2,1.01,1,1,1.71707234966405e-15,5.85579999999969
1.1315133538049,0,0.999969036013124,-0.00786937195528612,-0.0876315043965566
0.281190930758224,0,0.566795577031544,0.823858467127375,3.80483987422005
-2.03588419855668e-17,0,0.566795577031544,-0.823858467127375,2.21875989491563
