Q,P,EigValReal,EigValImag,AGPgrad,N,alpha,k,E0,lmd,period
0,0,70.6602402513528,0,1.40451638888399,2,1.91,1,1,3.09993004176255e-14,5.41820000000071
0.992060380970122,0,0.999938847020046,0.0110590334221714,-1.3195438898516
0.305685394768628,0,0.999938847020046,-0.0110590334221714,-0.384474562440893
-5.30317291883635e-18,0,0.0141522303978273,0,-1.41332753404297
