Q,P,EigValReal,EigValImag,AGPgrad,N,alpha,k,E0,lmd,period
0,0,17.9699199079745,0,1.24456622907116,2,1.41,1,1,1.82728266847224e-14,5.64650000000018
1.0571916957232,0,0.999917498833982,0.0128450584116344,-0.474600473833448
0.299309413054911,0,0.999917498833982,-0.0128450584116344,-0.675656449985021
-1.12607252306431e-17,0,0.0556485507515388,0,-0.950277928926
