Q,P,EigValReal,EigValImag,AGPgrad,N,alpha,k,E0,lmd,period
0,0,526.265621009784,0,3.12616012771263,2,3.43999999999997,1,1,5.28195815711814e-13,4.89520000000193
0.872505165344487,0,0.999790473571804,0.0204697082269867,-5.69617914687008
0.297387469974606,0,0.999790473571804,-0.0204697082269867,-0.14180894027119
1.3898657908265e-18,0,0.00190018112500006,0,-3.46932014857033
