Q,P,EigValReal,EigValImag,AGPgrad,N,alpha,k,E0,lmd,period
0,0,156.087801936411,0,1.7911209619407,2,2.35999999999999,1,1,3.70714594712643e-13,5.24070000000112
0.948159620930988,0,0.999874390741119,0.0158493766476547,-2.38646994293633
0.30537664569381,0,0.999874390741119,-0.0158493766476547,-0.288635739698514
-2.26465930633521e-18,0,0.00640665053626612,0,-1.99495771789004
