Q,P,EigValReal,EigValImag,AGPgrad,N,alpha,k,E0,lmd,period
0,0,-2.09320718879965,2.94974925502928,-4.07381644278873,4,2.11,1,1,2.74295474083714e-14,8.05579999999456
1.23854849107578,0,-2.09320718879965,-2.94974925502928,-6.02653666474912
0.463013304075209,0,0.527307680268887,0.849674414308021,7.14634260850412
0.222422648415034,0,0.527307680268887,-0.849674414308021,-0.817087862738542
0.0852352537097921,0,0.999755681242871,0.0221037965654524,1.47685382173967
-1.34516818379547e-17,0,0.999755681242871,-0.0221037965654524,13.1149421322845
,,-0.16000009695007,0.225472265387101,7.70314204541871
,,-0.16000009695007,-0.225472265387101,-1.01288340994547
