Q,P,EigValReal,EigValImag,AGPgrad,N,alpha,k,E0,lmd,period
0,0,0.99993505046835,0.0113971419598054,-0.562223091405726,2,0.960000000000001,1,1,3.98253671826641e-15,5.88359999999963
1.14296859589146,0,0.99993505046835,-0.0113971419598054,-0.0657867331570387
0.27732168738853,0,0.0900847720241329,0.995934101157974,1.46305185892805
-2.19895098017071e-17,0,0.0900847720241329,-0.995934101157974,0.829843237090497
