Q,P,EigValReal,EigValImag,AGPgrad,N,alpha,k,E0,lmd,period
0,0,780.867483645133,0,11.2978453005148,4,3.36999999999997,1,1,2.09523157176059e-13,7.42749999999603
1.0632058665661,0,187.965869081632,0,-1.50207770149462
0.3020873080442,0,-0.140417572745549,0.990092372085889,-11.0411338017378
0.264013900575015,0,-0.140417572745549,-0.990092372085889,3.97419912365229
0.226096140710183,0,0.999814883309995,0.019240559019199,-0.313690882781488
2.52878737956561e-17,0,0.999814883309995,-0.019240559019199,-8.48646679041268
,,0.00128062702084884,0,-7.0494757592684
,,0.00532011478928171,0,1.61549401473972
