Q,P,EigValReal,EigValImag,AGPgrad,N,alpha,k,E0,lmd,period
0,0,0.769760751442318,0.638332503902907,0.080802199967609,4,0.980000000000001,1,1,5.19688305799822e-15,9.0720999999922
1.53815386801876,0,0.769760751442318,-0.638332503902907,-1.21361637950464
0.519679394191605,0,0.999922697355457,0.012433797223689,-0.471551222179808
0.184579077560731,0,0.999922697355457,-0.012433797223689,-0.546683072286772
0.0664701708042494,0,-1.00619326697668,0.483891469485536,1.50597753773646
-2.10252826364512e-17,0,-1.00619326697668,-0.483891469485536,1.68979684069985
,,-0.807165702122526,0.388176516915053,0.465973490454585
,,-0.807165702122526,-0.388176516915053,-0.241292109374466
