Q,P,EigValReal,EigValImag,AGPgrad,N,alpha,k,E0,lmd,period
0,0,16.6592987519169,0,1.25235071366532,2,1.39,1,1,1.14653339760668e-14,5.65640000000016
1.0603216744512,0,0.999912229792744,0.0132488758367011,-0.449391753910507
0.298784821349023,0,0.999912229792744,-0.0132488758367011,-0.702757385872495
-1.15933042211615e-17,0,0.0600265362240878,0,-0.943576880639466
