Q,P,EigValReal,EigValImag,AGPgrad,N,alpha,k,E0,lmd,period
0,0,0.999999137277539,0.00131356164232496,1.0839034675537,5,0.24,1,0.999999999999999,8.47630205201299e-15,11.8931999999856
2.37400604625128,0,0.999999137277539,-0.00131356164232496,-0.0454406570026078
0.552105746947181,0,0.741288480781943,0.671186552502337,-0.24525269546623
0.122876544071656,0,0.741288480781943,-0.671186552502337,0.0705169600859852
0.0246851847243036,0,-0.0202600926584012,0.999794743257566,0.211419301118333
0.00517677897106908,0,-0.0202600926584012,-0.999794743257566,-0.913189028318391
5.32407178310603e-16,0,-0.556684253931058,0.830724166872021,-0.444077844452207
,,-0.556684253931058,-0.830724166872021,0.0601593432797611
,,-0.659385434825806,0.751805060065152,0.336927615676204
,,-0.659385434825806,-0.751805060065152,0.437075974793901
