Q,P,EigValReal,EigValImag,AGPgrad,N,alpha,k,E0,lmd,period
0,0,0.999966077663381,0.00823671794721953,0.261783394194181,2,0.76,1,1,6.54770140665308e-15,5.99679999999936
1.19539237321578,0,0.999966077663381,-0.00823671794721953,0.00592746675134647
0.255749295206883,0,-0.911266161038144,0.411817901197601,0.195352242207267
-3.02719628093308e-17,0,-0.911266161038144,-0.411817901197601,0.225458770505074
