Q,P,EigValReal,EigValImag,AGPgrad,N,alpha,k,E0,lmd,period
0,0,-0.446507904418811,0.894779688689639,0.210850166496606,2,0.33,1,1,5.50841317103422e-15,6.22009999999884
1.34534909769333,0,-0.446507904418811,-0.894779688689639,0.0291670334596633
0.148482658179306,0,0.999996286351113,0.00272530438664294,-0.242320846983736
-6.3627523234624e-17,0,0.999996286351113,-0.00272530438664294,0.292576220402638
