Q,P,EigValReal,EigValImag,AGPgrad,N,alpha,k,E0,lmd,period
0,0,-1.19446510169229,1.45552460800818,0.313094260783764,4,2.01,1,1,2.6830832067798e-14,8.1277999999944
1.25791029750106,0,-1.19446510169229,-1.45552460800818,-2.41794000715425
0.470082467015136,0,0.999811864765088,0.0193967800141905,2.38735917327993
0.219868923130985,0,0.999811864765088,-0.0193967800141905,0.166049869588437
0.0810231492664229,0,-0.148318183341513,0.988939693050292,0.182877524640952
-1.47502492903137e-17,0,-0.148318183341513,-0.988939693050292,3.53754914929637
,,-0.336915216830156,0.410550620703779,2.42597566457486
,,-0.336915216830156,-0.410550620703779,-0.023725272120056
