Q,P,EigValReal,EigValImag,AGPgrad,N,alpha,k,E0,lmd,period
0,0,14.1976316824095,0,1.27591076058895,2,1.35,1,1,1.82134085296742e-15,5.67630000000011
1.0667362399128,0,0.999984286891344,0.00560588711933506,-0.401036834386055
0.297645417057772,0,0.999984286891344,-0.00560588711933506,-0.767056412226012
-1.22885309698507e-17,0,0.0704342824471328,0,-0.936959883442813
