Q,P,EigValReal,EigValImag,AGPgrad,N,alpha,k,E0,lmd,period
0,0,685.409963057322,0,3.59437863597495,2,3.76999999999996,1,1,1.70003084995743e-13,4.80680000000214
0.854529685598586,0,0.99995419606329,0.00957109061083201,-6.81821049315774
0.294315160070955,0,0.99995419606329,-0.00957109061083201,-0.101582944946928
2.00913921043983e-18,0,0.00145898083437458,0,-3.8952665873177
