Q,P,EigValReal,EigValImag,AGPgrad,N,alpha,k,E0,lmd,period
0,0,-0.920935396185228,0.389715275622009,1.46040182786908,4,0.21,1,0.999999999999999,4.12335288697925e-13,10.03089999999
2.1097615280029,0,-0.920935396185228,-0.389715275622009,-0.84348533379536
0.362666652590689,0,0.65773260363892,0.753251499905833,-0.357773688577123
0.0545973894702445,0,0.65773260363892,-0.753251499905833,0.827253510616411
0.00742898697106142,0,0.999998338733784,0.00182278074742047,-0.78951060639621
-5.80841547688583e-17,0,0.999998338733784,-0.00182278074742047,0.565269988106409
,,0.991192856087912,0.132426289082936,-0.673101641825919
,,0.991192856087912,-0.132426289082936,1.01830169129238
