Q,P,EigValReal,EigValImag,AGPgrad,N,alpha,k,E0,lmd,period
0,0,-0.146306277918412,0.989239340625745,0.0451778738511144,2,0.11,1,1,1.0563406846137e-15,6.27669999999871
1.40572385127738,0,-0.146306277918412,-0.989239340625745,0.0175502692038341
0.0517819985280999,0,0.999999991099807,0.000133418096309474,-0.321619715942845
-8.84079861865348e-17,0,0.999999991099807,-0.000133418096309474,0.335266445427862
