Q,P,EigValReal,EigValImag,AGPgrad,N,alpha,k,E0,lmd,period
0,0,188.138899109541,0,1.92697307986971,2,2.48999999999999,1,1,7.11948136408304e-14,5.19360000000123
0.937208770804413,0,0.999897715434346,0.0143024008144742,-2.73796302350114
0.304770426658877,0,0.999897715434346,-0.0143024008144742,-0.267819002302332
-1.61896745339171e-18,0,0.00531522191713873,0,-2.1721507179714
