Q,P,EigValReal,EigValImag,AGPgrad,N,alpha,k,E0,lmd,period
0,0,-0.947912494153117,0.318530851611594,0.73030041526055,4,0.43,1,1,1.27844056237626e-14,9.75889999999059
1.87578664488944,0,-0.947912494153117,-0.318530851611594,0.201568223681496
0.486339301933737,0,0.255977772588886,0.966682667652849,0.211732438210909
0.119817963609702,0,0.255977772588886,-0.966682667652849,-0.343775115091974
0.0272978369032155,0,0.999997602352551,0.00218981486714424,-0.588474841904014
-4.1274885425829e-17,0,0.999997602352551,-0.00218981486714424,-0.316154869525625
,,0.757341723053524,0.653018770421148,0.648780341032286
,,0.757341723053524,-0.653018770421148,-0.0398584874618879
