Q,P,EigValReal,EigValImag,AGPgrad,N,alpha,k,E0,lmd,period
0,0,888.031374541852,0,4.13420737646344,2,4.13999999999996,1,1,5.70835856254261e-15,4.71530000000235
0.836310290179418,0,0.999827851749172,0.018554429842216,-8.09990122991264
0.290812420658988,0,0.999827851749172,-0.018554429842216,-0.0570907885579779
2.55435811590596e-18,0,0.00112608634082781,0,-4.34947127617813
