Q,P,EigValReal,EigValImag,AGPgrad,N,alpha,k,E0,lmd,period
0,0,669.197754403878,0,10.5970664179421,4,3.30999999999997,1,1,1.40344733199764e-13,7.45119999999597
1.06794252201157,0,171.166863139946,0,-1.36925319375865
0.306959567718844,0,-0.0860020041259528,0.996294963996046,-10.1793231342025
0.264062092942542,0,-0.0860020041259528,-0.996294963996046,3.5793194461014
0.2222192184597,0,0.999986711267707,0.00515531650764154,-0.329530407729505
2.40635454443586e-17,0,0.999986711267707,-0.00515531650764154,-8.06951680464762
,,0.00149432659225663,0,-6.65422106397588
,,0.00584225230050359,0,1.45810106009835
