Q,P,EigValReal,EigValImag,AGPgrad,N,alpha,k,E0,lmd,period
0,0,439.657578795974,0,8.94349746131289,4,3.15999999999998,1,1,7.04980738108638e-13,7.51229999999583
1.08048911980052,0,133.146113208003,0,-1.05838594338746
0.320074145437416,0,0.0689433109133264,0.997620579119418,-8.18422075155997
0.263982010292527,0,0.0689433109133264,-0.997620579119418,2.7355751389477
0.211411676897235,0,0.999764723776848,0.0216909449298631,-0.365486685030366
2.06712362476825e-17,0,0.999764723776848,-0.0216909449298631,-7.03672789837881
,,0.00227449735427457,0,-5.71680281444969
,,0.00751054594048223,0,1.12848018473395
