Q,P,EigValReal,EigValImag,AGPgrad,N,alpha,k,E0,lmd,period
0,0,131.587044254264,0,1.68363355236794,2,2.25,1,1,6.37416357074148e-14,5.28190000000103
0.957965161651484,0,0.999934865618048,0.0114133483862548,-2.10283604095626
0.30574569484448,0,0.999934865618048,-0.0114133483862548,-0.307880488109538
-2.87967934081838e-18,0,0.00759953235245165,0,-1.84705277014199
