Q,P,EigValReal,EigValImag,AGPgrad,N,alpha,k,E0,lmd,period
0,0,71.5304987351364,0,4.52951693092179,4,2.69999999999999,1,1,2.63238134760856e-13,7.71629999999536
1.12861945956119,0,47.2103758599853,0,-0.236594877456324
0.372491436059306,0,0.924356391689839,0.381530157578966,-3.37275514923318
0.2594456528625,0,0.924356391689839,-0.381530157578966,1.45818712424011
0.163551719917213,0,0.999825126934402,0.0187006831538515,-0.42684474664933
6.14580516364892e-18,0,0.999825126934402,-0.0187006831538515,-3.6538078880857
,,0.0139800507152488,0,-3.17553210329761
,,0.0211817843384231,0,0.908012017210478
