Q,P,EigValReal,EigValImag,AGPgrad,N,alpha,k,E0,lmd,period
0,0,711.343206384649,0,3.66667985926918,2,3.81999999999996,1,0.999999999999999,4.18765729855353e-13,4.79400000000217
0.851956460445145,0,0.999928599099362,0.0119497574445396,-6.99052939642032
0.293843392701884,0,0.999928599099362,-0.0119497574445396,-0.0955362465711498
2.09101017785178e-18,0,0.00140579117231642,0,-3.95825691193634
