Q,P,EigValReal,EigValImag,AGPgrad,N,alpha,k,E0,lmd,period
0,0,235.21987457272,0,2.11756331261762,2,2.65999999999999,1,1,1.99256123660589e-13,5.13460000000137
0.923810892740254,0,0.999828580897074,0.0185150971254804,-3.22204783053839
0.303759900446845,0,0.999828580897074,-0.0185150971254804,-0.242781449588823
-8.8601808735099e-19,0,0.00425134143900966,0,-2.40645784361234
