Q,P,EigValReal,EigValImag,AGPgrad,N,alpha,k,E0,lmd,period
0,0,151.456113227515,0,1.77104770415094,2,2.33999999999999,1,1,1.34409007791067e-13,5.24810000000111
0.949903953091886,0,0.999875263227172,0.0157942390266758,-2.33393197234601
0.305454452877785,0,0.999875263227172,-0.0157942390266758,-0.292008006888921
-2.37148826498884e-18,0,0.00660257271030476,0,-1.96790865081461
