Q,P,EigValReal,EigValImag,AGPgrad,N,alpha,k,E0,lmd,period
0,0,5.17671972364177,0,1.82843557995093,2,1.16,1,1,1.85642539890031e-14,5.77449999999988
1.1003999226257,0,0.999987645238235,0.00497085212816741,-0.210783651786758
0.290230635520643,0,0.999987645238235,-0.00497085212816741,-1.66118920441796
-1.62415089315906e-17,0,0.193172521091513,0,-1.27890444330433
