Q,P,EigValReal,EigValImag,AGPgrad,N,alpha,k,E0,lmd,period
0,0,8.51752911009504,0,2.84155591053402,4,2.34999999999999,1,1,6.4020888415114e-14,7.89799999999493
1.18963203064995,0,0.33774915721396,5.93477076138417,0.635468720365343
0.434573579063824,0,0.33774915721396,-5.93477076138417,-2.34719360653186
0.2371339688551,0,0.999830903823647,0.0183892294333248,1.62683589561594
0.10572606480456,0,0.999830903823647,-0.0183892294333248,-0.450627922338789
-8.79225735415056e-18,0,0.00955833105646318,0.167954538063525,-2.32579119148066
,,0.00955833105646318,-0.167954538063525,-2.11117325296161
,,0.117404940690523,0,1.68045060937318
