Q,P,EigValReal,EigValImag,AGPgrad,N,alpha,k,E0,lmd,period
0,0,-0.742947992450785,0.669349146943022,0.108133095772605,4,0.03,1,1,1.18346946172775e-14,10.1630999999897
2.28286730652773,0,-0.742947992450785,-0.669349146943022,-0.02273819832335
0.0678373630246712,0,0.813259967584271,0.581900528548328,-0.0185321230533463
0.00167196138941161,0,0.813259967584271,-0.581900528548328,0.0904457942034728
3.66393916925722e-05,0,0.886967791695556,0.46183128574697,-1.38899819604208
-8.50701285437266e-17,0,0.886967791695556,-0.46183128574697,-0.785631614367792
,,0.999999879395194,0.00049113093598882,0.854558605174346
,,0.999999879395194,-0.00049113093598882,1.30155901057892
