Q,P,EigValReal,EigValImag,AGPgrad,N,alpha,k,E0,lmd,period
0,0,-1.87396329574862,4.54516820423826,6.27272527634798,4,2.24,1,1,1.16615887121132e-13,7.96709999999477
1.21289145783648,0,-1.87396329574862,-4.54516820423826,2.99081110403861
0.450646174744736,0,3.49408222921978,0,-5.69003557082942
0.228337397995125,0,0.999837603861308,0.0180212625779344,2.01725001529901
0.0933679643276635,0,0.999837603861308,-0.0180212625779344,-1.33675070842407
-1.14628327515783e-17,0,-0.0775316765614989,0.188047712528867,-9.7588382693273
,,-0.0775316765614989,-0.188047712528867,-5.68447681587693
,,0.28619818721995,0,2.02365625874492
