Q,P,EigValReal,EigValImag,AGPgrad,N,alpha,k,E0,lmd,period
0,0,36.1983529115358,0,1.25772432653972,2,1.63,1,1,1.17976437808413e-13,5.54160000000042
1.02574981862618,0,0.999962479155375,0.00866257937626931,-0.796845311010142
0.303453313417509,0,0.999962479155375,-0.00866257937626931,-0.493400894716725
-8.15864318683811e-18,0,0.0276255663466985,0,-1.10810645386665
