Q,P,EigValReal,EigValImag,AGPgrad,N,alpha,k,E0,lmd,period
0,0,0.999974188840666,0.00718482097716755,0.117546921987909,2,0.850000000000001,1,1,9.48586022415743e-17,5.94549999999948
1.17039783255268,0,0.999974188840666,-0.00718482097716755,-0.0202261280529184
0.266841985640679,0,-0.620321535578304,0.784347622229947,0.459864220828628
-2.61517968529734e-17,0,-0.620321535578304,-0.784347622229947,0.312159798975206
