Q,P,EigValReal,EigValImag,AGPgrad,N,alpha,k,E0,lmd,period
0,0,0.999944079364212,0.0105753555245871,-1.22310363513227,2,0.990000000000001,1,1,1.36820293953557e-15,5.86689999999967
1.13602462731357,0,0.999944079364212,-0.0105753555245871,-0.0796902824899217
0.279702326658177,0,0.363554776945582,0.931572822789525,2.38445824289443
-2.0993566980549e-17,0,0.363554776945582,-0.931572822789525,1.36694494260691
