Q,P,EigValReal,EigValImag,AGPgrad,N,alpha,k,E0,lmd,period
0,0,1286.61090746372,0,5.06247739417231,2,4.76999999999994,1,1,3.77037058178934e-13,4.57480000000268
0.809028633654888,0,0.999885970279464,0.0151012065172203,-10.2829027577472
0.284909359401562,0,0.999885970279464,-0.0151012065172203,0.0172051875971804
3.23117995419981e-18,0,0.000777235756150487,0,-5.0551929854061
