Q,P,EigValReal,EigValImag,AGPgrad,N,alpha,k,E0,lmd,period
0,0,1166.06043772488,0,4.79710431399324,2,4.58999999999995,1,1,9.96803060086227e-14,4.61310000000259
0.81640346988887,0,0.99999874733781,0.00158282121050645,-9.66105987336684
0.286577844619058,0,0.99999874733781,-0.00158282121050645,-0.00382035093385871
3.0636528624766e-18,0,0.000857588483013152,0,-4.861874269849
