Q,P,EigValReal,EigValImag,AGPgrad,N,alpha,k,E0,lmd,period
0,0,310.902911648743,0,7.81248188403068,4,3.04999999999998,1,1,5.13956107978525e-13,7.55859999999572
1.09044444482834,0,108.613262689706,0,-0.847597322967832
0.330677749976167,0,0.20653066872158,0.978440127385923,-6.86003053728698
0.263669873668827,0,0.20653066872158,-0.978440127385923,2.24612234636154
0.202291295532564,0,0.999888301925259,0.0149460253158504,-0.388260050406453
1.78336390012637e-17,0,0.999888301925259,-0.0149460253158504,-6.27933317047977
,,0.00920697873513128,0,-5.07190812768598
,,0.00321643819466015,0,0.951204701955015
