Q,P,EigValReal,EigValImag,AGPgrad,N,alpha,k,E0,lmd,period
0,0,195.364717560809,0,6.5511772404189,4,2.91999999999998,1,1,1.27702219476554e-13,7.61529999999559
1.10324865458426,0,83.0260046188278,0,-0.613167506597797
0.344536449259916,0,0.406697123485827,0.913563051873198,-5.43853478068417
0.262868984512187,0,0.406697123485827,-0.913563051873198,1.81054108097254
0.189892798402084,0,0.999728846679834,0.0232858995308647,-0.410535173207405
1.40191426232517e-17,0,0.999728846679834,-0.0232858995308647,-5.3651970621356
,,0.00511863151366185,0,-4.34854599224718
,,0.0120444191503172,0,0.82605310571554
