Q,P,EigValReal,EigValImag,AGPgrad,N,alpha,k,E0,lmd,period
0,0,1095.22656304327,0,4.63566363809089,2,4.47999999999995,1,1,1.90656120904948e-13,4.63730000000253
0.821066985571324,0,0.999767528226761,0.0215612964133383,-9.28192539680175
0.287605854940065,0,0.999767528226761,-0.0215612964133383,-0.0167300996462421
2.95197537025168e-18,0,0.000913053090500399,0,-4.74147820386223
