Q,P,EigValReal,EigValImag,AGPgrad,N,alpha,k,E0,lmd,period
0,0,37.2027040910318,0,1.26111168841202,2,1.64,1,1,2.25417916898417e-14,5.53700000000043
1.02443670982062,0,0.999966803351417,0.00814814059363372,-0.813401896416394
0.303582438580945,0,0.999966803351417,-0.00814814059363372,-0.488051479464847
-8.0384104176361e-18,0,0.0268797665232205,0,-1.1176027810791
