Q,P,EigValReal,EigValImag,AGPgrad,N,alpha,k,E0,lmd,period
0,0,9.40660576860486,0,1.39273311239311,2,1.26,1,1,2.21638105965695e-14,5.7222
1.08198079149869,0,0.999923250613365,0.0123892244636894,-0.302646461042071
0.294588158342755,0,0.999923250613365,-0.0123892244636894,-0.995290497377512
-1.40148878106531e-17,0,0.106308271506089,0,-0.97666848132348
