Q,P,EigValReal,EigValImag,AGPgrad,N,alpha,k,E0,lmd,period
0,0,365.377306826821,0,2.59901201807922,2,3.04999999999998,1,1,3.27548429830012e-13,5.00890000000167
0.896351354865268,0,0.999924970359802,0.0122496388040102,-4.41624528196916
0.30081741734042,0,0.999924970359802,-0.0122496388040102,-0.190611250519319
4.31364030510099e-19,0,0.00273689685008608,0,-2.94387612092316
