Q,P,EigValReal,EigValImag,AGPgrad,N,alpha,k,E0,lmd,period
0,0,1090.73224055208,0,13.026437817357,4,3.50999999999997,1,1,1.52028332560409e-13,7.37339999999615
1.05268962899481,0,230.82098666261,0,-1.83348869413665
0.291435846827232,0,-0.253403509057588,0.967360667795172,-13.20050749922
0.26377223679991,0,-0.253403509057588,-0.967360667795172,5.02652726460199
0.234303367796486,0,0.999930494428541,0.0117900937743443,-0.273248325586422
2.78927051912296e-17,0,0.999930494428541,-0.0117900937743443,-9.47441334942476
,,0.000916815294221245,0,-8.02006506185037
,,0.00433236169071827,0,2.03562823245628
