Q,P,EigValReal,EigValImag,AGPgrad,N,alpha,k,E0,lmd,period
0,0,-2.19724725092205,3.32336794515622,-11.6406098455655,4,2.14,1,1,5.98012440064214e-14,8.03479999999461
1.23273035636507,0,-2.19724725092205,-3.32336794515622,-12.3368075987048
0.460574209194121,0,0.999773469170785,0.0212840396124022,15.8859497489994
0.223461512542853,0,0.999773469170785,-0.0212840396124022,-2.63803556622569
0.0867453717532896,0,0.769263153376151,0.638932078438233,3.58717058002466
-1.30431259447917e-17,0,0.769263153376151,-0.638932078438233,29.7918672320293
,,-0.138429593358362,0.209376743120325,17.0591367600625
,,-0.138429593358362,-0.209376743120325,-2.89680739434728
