Q,P,EigValReal,EigValImag,AGPgrad,N,alpha,k,E0,lmd,period
0,0,415.654473613628,0,2.77067593212158,2,3.17999999999998,1,1,7.12416581390153e-13,4.96980000000176
0.888048660164706,0,0.999835191324675,0.0181546189381024,-4.83548678496508
0.299710972187913,0,0.999835191324675,-0.0181546189381024,-0.174116456816341
7.83712525099523e-19,0,0.00240584442950636,0,-3.12117183158286
