Q,P,EigValReal,EigValImag,AGPgrad,N,alpha,k,E0,lmd,period
0,0,215.100932153135,0,2.03732936033414,2,2.58999999999999,1,1,2.2068031059726e-13,5.15850000000132
0.929209280580069,0,0.9999595772585,0.00899132075153605,-3.0193157347447
0.304201928134396,0,0.9999595772585,-0.00899132075153605,-0.252848563855324
-1.17395046143092e-18,0,0.00464898031810833,0,-2.30955585709631
