Q,P,EigValReal,EigValImag,AGPgrad,N,alpha,k,E0,lmd,period
0,0,-0.975038764464515,0.222034699521274,-0.715846727793668,4,1.2,1,1,1.80767814241014e-13,8.83509999999275
1.45558465670966,0,-0.975038764464515,-0.222034699521274,-0.381006972226232
0.513103391721388,0,0.0302553511220637,0.99954220207476,-0.337058235240037
0.187458242862849,0,0.0302553511220637,-0.99954220207476,-0.344259944609466
0.0850550428791386,0,1.06442509056485,0,1.07923536337563
-1.18053894333498e-17,0,0.999959211664257,0.00903188838447292,1.29866078311812
,,0.999959211664257,-0.00903188838447292,0.660743906270774
,,0.939474284159652,0,-0.908473985869012
