Q,P,EigValReal,EigValImag,AGPgrad,N,alpha,k,E0,lmd,period
0,0,-1.48407951491973,1.86176291171825,2.37330261730976,4,1.76,1,1,1.68368845935689e-14,8.32129999999395
1.30890764953197,0,-1.48407951491973,-1.86176291171825,-0.76791675478398
0.484223949613033,0,2.8988936633133,0,0.923441290938525
0.217116641671197,0,0.999875082184741,0.0158056960017177,0.5617050357906
0.0715968175313771,0,0.999875082184741,-0.0158056960017177,-0.699556522117774
-1.86101806143358e-17,0,-0.261804608022767,0.328431262903111,-0.390461515854704
,,-0.261804608022767,-0.328431262903111,0.271995465820835
,,0.344959186552896,0,0.374296734394563
