Q,P,EigValReal,EigValImag,AGPgrad,N,alpha,k,E0,lmd,period
0,0,780.962566014723,0,3.85594132023502,2,3.94999999999996,1,1,4.0774820961437e-14,4.76140000000224
0.845434120905486,0,0.999807938941131,0.0195980925198379,-7.44058604317643
0.292613288049461,0,0.999807938941131,-0.0195980925198379,-0.07986185203447
2.29124859172624e-18,0,0.0012804711041072,0,-4.11996460912256
