Q,P,EigValReal,EigValImag,AGPgrad,N,alpha,k,E0,lmd,period
0,0,2143.54328012134,0,17.664729742678,4,3.83999999999996,1,1,8.68650794835492e-13,7.25289999999644
1.0303407268177,0,354.047988936352,0,-2.75015614196716
0.269616908668765,0,-0.467096589117887,0.884206297438937,-19.1706233669046
0.262725859878021,0,-0.467096589117887,-0.884206297438937,8.2721539795724
0.249930800810147,0,0.999806225151144,0.0196853282436377,-0.157169082333061
3.29071096371737e-17,0,0.999806225151144,-0.0196853282436377,-11.9219984388264
,,0.00282447586749288,0,-10.595523419974
,,0.000466517291032998,0,3.30366175495836
