Q,P,EigValReal,EigValImag,AGPgrad,N,alpha,k,E0,lmd,period
0,0,0.99990941303317,0.0134597818572467,0.434943300168174,4,0.940000000000001,1,1,8.28062544705957e-15,9.11779999999209
1.55526743335855,0,0.99990941303317,-0.0134597818572467,-0.937845352256126
0.52058026590122,0,0.656019352679068,0.754744068483178,-0.325988255777614
0.182621108871473,0,0.656019352679068,-0.754744068483178,-0.412064199151897
0.0640833573694598,0,-0.800142355294513,0.599810146016018,1.0690000716105
-2.21956722615717e-17,0,-0.800142355294513,-0.599810146016018,1.24465365256284
,,-0.992191520918569,0.124723637764725,0.384314055546198
,,-0.992191520918569,-0.124723637764725,-0.169836192843374
