Q,P,EigValReal,EigValImag,AGPgrad,N,alpha,k,E0,lmd,period
0,0,125.325424374066,0,1.65565664634677,2,2.22,1,1,6.19401760000663e-14,5.293400000001
0.96073272571658,0,0.999900731758954,0.0140899477589469,-2.02795754448872
0.305819466046428,0,0.999900731758954,-0.0140899477589469,-0.31346116364747
-3.05971202006337e-18,0,0.00797922692046117,0,-1.80725823359269
