Q,P,EigValReal,EigValImag,AGPgrad,N,alpha,k,E0,lmd,period
0,0,0.839509222826542,0.543345437810225,0.728090329537322,5,0.15,1,1,4.4146235405594e-15,12.0246999999853
2.536881040481,0,0.839509222826542,-0.543345437810225,0.037555146021353
0.436129466715594,0,0.999998576725469,0.00168717131207873,-0.217884390038572
0.0690463478685836,0,0.999998576725469,-0.00168717131207873,0.0883622955437975
0.00977288172619178,0,-0.372458421595738,0.928048880276475,0.232882026203689
0.00144474500231739,0,-0.372458421595738,-0.928048880276475,-1.31648483170659
6.23177299821554e-16,0,-0.325005800857439,0.945712022451348,-0.920801726390804
,,-0.325005800857439,-0.945712022451348,0.166586973006815
,,-0.331398053101612,0.943491033555951,0.860927203164502
,,-0.331398053101612,-0.943491033555951,0.813309819558889
