Q,P,EigValReal,EigValImag,AGPgrad,N,alpha,k,E0,lmd,period
0,0,2264.87349545988,0,18.1284903513783,4,3.86999999999996,1,1,9.37769149631737e-13,7.24239999999646
1.02845219622613,0,366.909713831939,0,-2.84404511752253
0.267826900228449,0,-0.483805427686876,0.87517558703999,-19.7786611405727
0.262607950219709,0,-0.483805427686876,-0.87517558703999,8.62366504293788
0.251140301383248,0,0.999752221208769,0.0222597436409996,-0.145019187469858
3.32987335897208e-17,0,0.999752221208769,-0.0222597436409996,-12.1546197824904
,,0.0027254661349098,0,-10.8509467388154
,,0.000441525763089777,0,3.43789923499665
