Q,P,EigValReal,EigValImag,AGPgrad,N,alpha,k,E0,lmd,period
0,0,1571.75675979329,0,15.3126743408419,4,3.67999999999997,1,1,1.76646826066325e-13,7.3101999999963
1.04079386520591,0,290.253984458649,0,-2.28015624437498
0.279678601464892,0,-0.371243796667976,0.928535429282022,-16.1156364730604
0.263298458840133,0,-0.371243796667976,-0.928535429282022,6.5596652376672
0.242925522267688,0,0.999791867237606,0.0204015245818033,-0.217333049239628
3.06495555430144e-17,0,0.999791867237606,-0.0204015245818033,-10.7114447830186
,,0.000636230763434791,0,-9.29442494864974
,,0.0034452584761351,0,2.64102646212844
