Q,P,EigValReal,EigValImag,AGPgrad,N,alpha,k,E0,lmd,period
0,0,1914.47319637971,0,16.7589489717175,4,3.77999999999996,1,1,6.14325390982167e-13,7.27409999999639
1.03418340698242,0,329.174377541186,0,-2.56796732344379
0.273285598248723,0,-0.432440804722726,0.901662326161435,-17.9882435363787
0.262952370728142,0,-0.432440804722726,-0.901662326161435,7.59825078445154
0.247417001094637,0,0.999951613733975,0.00983718435328739,-0.180620908305624
3.20949791226903e-17,0,0.999951613733975,-0.00983718435328739,-11.4622036893931
,,0.00303790352063609,0,-10.0956242845757
,,0.000522336901510371,0,3.04462394491458
