Q,P,EigValReal,EigValImag,AGPgrad,N,alpha,k,E0,lmd,period
0,0,-0.970624935119496,0.240597662757308,2.9828133045449,4,1.19,1,1,2.8306717119191e-14,8.84529999999272
1.4590281289827,0,-0.970624935119496,-0.240597662757308,1.27861707417998
0.513373355811786,0,-0.0551161649383827,0.998479948903573,0.501329657032421
0.187917238088135,0,-0.0551161649383827,-0.998479948903573,0.844503389410858
0.0835107856422471,0,1.13381628944296,0,-2.05654755797683
-1.2577798586218e-17,0,0.999941709790033,0.0107970839662546,-1.80168426780072
,,0.999941709790033,-0.0107970839662546,-0.12840214493678
,,0.881977097446092,0,-0.382197524494299
