Q,P,EigValReal,EigValImag,AGPgrad,N,alpha,k,E0,lmd,period
0,0,1032.08206011698,0,4.48733631629965,2,4.37999999999995,1,1,6.03186188416468e-13,4.65960000000248
0.825415974295141,0,0.999982371039494,0.00593781187877831,-8.93304427628718
0.288545072072835,0,0.999982371039494,-0.00593781187877831,-0.0285621617861515
2.84370214028051e-18,0,0.000968915204458687,0,-4.62797642137495
