Q,P,EigValReal,EigValImag,AGPgrad,N,alpha,k,E0,lmd,period
0,0,-0.874960612553284,0.484194100005762,0.857772161200968,4,0.17,1,1,9.21121097759171e-15,10.0721999999899
2.15747877115568,0,-0.874960612553284,-0.484194100005762,-0.350487151622152
0.317346528661581,0,0.709727347159469,0.704476467097362,-0.14811519680463
0.040238821184271,0,0.709727347159469,-0.704476467097362,0.42188041808708
0.00459107706536044,0,0.969736584748086,0.244153550457734,-1.00873037743729
-6.26646502908991e-17,0,0.969736584748086,-0.244153550457734,-0.0405597261606725
,,0.999996743857741,0.00255191573471917,0.130691901703226
,,0.999996743857741,-0.00255191573471917,0.849621589221996
