Q,P,EigValReal,EigValImag,AGPgrad,N,alpha,k,E0,lmd,period
0,0,0.999979203781783,0.00644918630093895,0.325804335661969,2,0.6,1,1,1.86868729056098e-14,6.08729999999915
1.24616505175256,0,0.999979203781783,-0.00644918630093895,0.0297913631917059
0.228290335528294,0,-0.964183997973648,0.265234270130305,-0.0368393368371663
-3.96863043965716e-17,0,-0.964183997973648,-0.265234270130305,0.211598749131859
