Q,P,EigValReal,EigValImag,AGPgrad,N,alpha,k,E0,lmd,period
0,0,-2.22118790110686,3.56635457868915,-62.5467381843537,4,2.16,1,1,1.86116850460345e-14,8.02089999999465
1.22882985880696,0,-2.22118790110686,-3.56635457868915,-55.0531965777749
0.458834947251463,0,-0.125828084789364,0.202030438799308,75.5029198780637
0.224246590463366,0,-0.125828084789364,-0.202030438799308,-15.150471111957
0.0878481256194714,0,0.948521535953201,0.316712639206081,17.6693395255973
-1.27593678017024e-17,0,0.948521535953201,-0.316712639206081,142.08711690971
,,0.999970908415251,0.00762773381804619,80.4810563633407
,,0.999970908415251,-0.00762773381804619,-15.933535357106
