Q,P,EigValReal,EigValImag,AGPgrad,N,alpha,k,E0,lmd,period
0,0,238.166162650323,0,2.12915578194701,2,2.66999999999999,1,1,5.13584223766099e-14,5.13120000000138
0.923052558037384,0,0.999850677492027,0.0172807036544311,-3.2512260435345
0.303694098557546,0,0.999850677492027,-0.0172807036544311,-0.241366722452698
-8.4635759100611e-19,0,0.00419874926325557,0,-2.42022820190561
