Q,P,EigValReal,EigValImag,AGPgrad,N,alpha,k,E0,lmd,period
0,0,0.999968381151893,0.0079521504292587,-13.6844541734723,2,1.04,1,1,9.27721891925402e-15,5.83929999999973
1.12491647791315,0,0.999968381151893,-0.0079521504292587,-0.0649142531406494
0.283285968708841,0,0.904474449605,0.426527806844715,19.4104192483683
-1.94480206957288e-17,0,0.904474449605,-0.426527806844715,11.7546783293349
