Q,P,EigValReal,EigValImag,AGPgrad,N,alpha,k,E0,lmd,period
0,0,1186.02920102202,0,4.84213195985914,2,4.61999999999995,1,1,7.19126320227338e-13,4.6067000000026
0.815152693641873,0,0.999779362627185,0.0210053818002172,-9.7666651000148
0.286298521861022,0,0.999779362627185,-0.0210053818002172,-0.000281647832306006
3.09284045676956e-18,0,0.000843149562717841,0,-4.89543792262214
