Q,P,EigValReal,EigValImag,AGPgrad,N,alpha,k,E0,lmd,period
0,0,-0.566487786744744,0.824070135042544,0.0457554206862141,5,0.01,1,1,6.85268427269063e-13,12.1375999999851
2.73080787716223,0,-0.566487786744744,-0.824070135042544,0.0107768754979412
0.0372648466391206,0,0.909393599471972,0.415936631278627,-0.0249422526922089
0.000448271523081523,0,0.909393599471972,-0.415936631278627,0.0111882860485237
4.80085088272464e-06,0,-0.11385045715007,0.993497898038399,0.0423430180541147
5.36968854658593e-08,0,-0.11385045715007,-0.993497898038399,-1.88566436371512
8.76664157171897e-16,0,-0.113640955499268,0.993521883620697,-1.85538232274317
,,-0.113640955499268,-0.993521883620697,0.030720301884649
,,0.999999996590275,8.25799847701645e-05,1.86026179089718
,,0.999999996590275,-8.25799847701645e-05,1.83264387741891
