Q,P,EigValReal,EigValImag,AGPgrad,N,alpha,k,E0,lmd,period
0,0,1252.60550318497,0,4.98880997005173,2,4.71999999999994,1,1,3.25313693465624e-13,4.58530000000265
0.811046405675047,0,0.999929879869282,0.0118421005434509,-10.1104380531709
0.285370977721471,0,0.999929879869282,-0.0118421005434509,0.0113826639449286
3.18642954336919e-18,0,0.000798335945734341,0,-5.00215204951952
