Q,P,EigValReal,EigValImag,AGPgrad,N,alpha,k,E0,lmd,period
0,0,1140.25551851944,0,4.73899355325568,2,4.54999999999995,1,1,8.81979098378466e-13,4.62190000000257
0.818085082776272,0,0.9997569352047,0.0220470068359192,-9.52464787993237
0.286950990996951,0,0.9997569352047,-0.0220470068359192,-0.00849077541581953
3.02390435827268e-18,0,0.000876996412352597,0,-4.8190657415674
