Q,P,EigValReal,EigValImag,AGPgrad,N,alpha,k,E0,lmd,period
0,0,29.9144159682121,0,6.74304752729203,4,2.52999999999999,1,1,1.09119287090331e-13,7.80209999999516
1.1497069411642,0,28.1193427325446,0,0.581652347058003
0.394426170565173,0,1.52153723656191,0,1.27155841764941
0.258107467294114,0,1.05673065920325,0,-7.70879542757515
0.141042486692163,0,0.946314930196043,0,-1.08150576564689
-9.99967610166624e-19,0,0.657230053902375,0,0.89553725698205
,,0.0334286987605309,0,-0.663102840084055
,,0.0355627088980335,0,-9.8931610325473
