Q,P,EigValReal,EigValImag,AGPgrad,N,alpha,k,E0,lmd,period
0,0,-2.21401082877738,3.44524819741427,-20.6131411130851,4,2.15,1,1,4.05920813017976e-14,8.02779999999463
1.23078281541379,0,-2.21401082877738,-3.44524819741427,-19.8546907958537
0.459716984578836,0,0.856883907790779,0.515509426266045,26.3628029122263
0.223844081707341,0,0.856883907790779,-0.515509426266045,-4.83255708775907
0.0872860518122642,0,0.999963856108225,0.00850214544561754,6.07291930531982
-1.29026019973472e-17,0,0.999963856108225,-0.00850214544561754,49.5820293511905
,,-0.132009682372098,0.205421813806019,28.2189052266989
,,-0.132009682372098,-0.205421813806019,-5.17965160325284
