Q,P,EigValReal,EigValImag,AGPgrad,N,alpha,k,E0,lmd,period
0,0,1239.33444788862,0,4.96003213905997,2,4.69999999999994,1,1,5.12814541893702e-15,4.58960000000264
0.811860039493054,0,0.999759797332199,0.021916834581426,-10.0430144225463
0.285556036313198,0,0.999759797332199,-0.021916834581426,0.00907047967317511
3.16815526333782e-18,0,0.000806884698623054,0,-4.98159035024235
