Q,P,EigValReal,EigValImag,AGPgrad,N,alpha,k,E0,lmd,period
0,0,59.4370665321444,0,1.35311866088648,2,1.83,1,1,4.14330316975527e-13,5.45240000000063
1.00108368855967,0,0.99990209607719,0.0139927931596326,-1.1581096166568
0.305305297092825,0,0.99990209607719,-0.0139927931596326,-0.409047465724128
-6.0217904622121e-18,0,0.0168245180716807,0,-1.31941333370083
