Q,P,EigValReal,EigValImag,AGPgrad,N,alpha,k,E0,lmd,period
0,0,-0.206650114804222,0.978414906903723,0.0914584586893389,2,0.18,1,1,6.75014326454324e-15,6.26529999999874
1.39186117652366,0,-0.206650114804222,-0.978414906903723,0.022106270483787
0.0842828087509572,0,0.99999965537018,0.000830216551303625,-0.305817600424267
-8.05339146352767e-17,0,0.99999965537018,-0.000830216551303625,0.329735632465603
