Q,P,EigValReal,EigValImag,AGPgrad,N,alpha,k,E0,lmd,period
0,0,55.328378076124,0,2.42761855230125,4,2.64999999999999,1,1,1.29247247802665e-13,7.7406999999953
1.13472792687164,0,41.0536359940481,0,1.14338869917123
0.379046857723039,0,1.12808022353989,0,5.65657035942615
0.258783903452516,0,0.998334120771095,0.0576973422645184,-8.19104593007201
0.15710266907338,0,0.998334120771095,-0.0576973422645184,-0.733629195994056
4.16686332654025e-18,0,0.886461777392278,0,7.38609420719444
,,0.0243583783940708,0,3.14989870519747
,,0.0180739077263286,0,-9.02650989708836
