Q,P,EigValReal,EigValImag,AGPgrad,N,alpha,k,E0,lmd,period
0,0,111.389271808591,0,1.59266046731272,2,2.15,1,1,1.4495288470648e-13,5.32060000000094
0.967356864225891,0,0.999871584346199,0.0160254428038694,-1.85729310582059
0.305940744165906,0,0.999871584346199,-0.0160254428038694,-0.327157919780126
-3.50234692468385e-18,0,0.0089775252478146,0,-1.71525713890651
