Q,P,EigValReal,EigValImag,AGPgrad,N,alpha,k,E0,lmd,period
0,0,620.220383765327,0,3.40795938031557,2,3.63999999999997,1,1,1.97582509555239e-13,4.84080000000206
0.861398056225485,0,0.999940385962669,0.0109189981568115,-6.37281842393849
0.295535884115904,0,0.999940385962669,-0.0109189981568115,-0.1173562338569
1.78244489503271e-18,0,0.00161233011140234,0,-3.72958680363472
