Q,P,EigValReal,EigValImag,AGPgrad,N,alpha,k,E0,lmd,period
0,0,-1.53989485018652,1.68172304597545,2.10171895114528,4,1.81,1,1,2.08665271113803e-14,8.28099999999404
1.29822474320989,0,-1.53989485018652,-1.68172304597545,-0.967316500294618
0.481624563268275,0,2.36808023184451,0,1.01047489540894
0.217328881876758,0,0.999896259224962,0.0144038462887321,0.511012776055991
0.0736868094217702,0,0.999896259224962,-0.0144038462887321,-0.544129833940315
-1.76644187115168e-17,0,-0.296163893384661,0.323441334212198,0.0314714163785902
,,-0.296163893384661,-0.323441334212198,0.50453891507736
,,0.422282989635501,0,0.315972225887758
