Q,P,EigValReal,EigValImag,AGPgrad,N,alpha,k,E0,lmd,period
0,0,5.93960679152605,0,1.68293045851734,2,1.18,1,1,1.4781640985456e-14,5.76389999999991
1.09658029006901,0,0.999992574723334,0.00385363441547316,-0.227566106126901
0.29119443541146,0,0.999992574723334,-0.00385363441547316,-1.44875024004365
-1.5767005291023e-17,0,0.168361313315676,0,-1.16939864581602
