Q,P,EigValReal,EigValImag,AGPgrad,N,alpha,k,E0,lmd,period
0,0,-0.13013264228864,0.991496593746537,0.0293998909370532,2,0.08,1,1,9.93305858957497e-15,6.2797999999987
1.40970555763972,0,-0.13013264228864,-0.991496593746537,0.0145476920215969
0.0376915534875762,0,0.999999965620506,0.000262219364127557,-0.32609443724038
-9.16783082207718e-17,0,0.999999965620506,-0.000262219364127557,0.335746092048546
