Q,P,EigValReal,EigValImag,AGPgrad,N,alpha,k,E0,lmd,period
0,0,0.810733290966334,0.585415690700988,0.852439994195441,5,0.18,1,0.999999999999999,1.39428695844606e-14,11.9836999999854
2.48067901777636,0,0.810733290966334,-0.585415690700988,0.0167556553044589
0.484087546084372,0,0.999999174840135,0.00128464744596134,-0.228331247079149
0.088143761117383,0,0.999999174840135,-0.00128464744596134,0.0846155981435292
0.0143872151950655,0,-0.237656787471976,0.971349191263628,0.225214182397459
0.00245210251763864,0,-0.237656787471976,-0.971349191263628,-1.16933203418021
5.87771015019067e-16,0,-0.465654933136899,0.884966374076017,-0.739858341406001
,,-0.465654933136899,-0.884966374076017,0.134801847723051
,,-0.399784967355852,0.916608956903801,0.654532687222983
,,-0.399784967355852,-0.916608956903801,0.65372899534795
