Q,P,EigValReal,EigValImag,AGPgrad,N,alpha,k,E0,lmd,period
0,0,-0.998137543873246,0.0610036352250403,0.154293885829018,4,0.32,1,1,3.22420995268593e-13,9.90079999999026
1.98408452357795,0,-0.998137543873246,-0.0610036352250403,0.642622111349186
0.444201375483491,0,0.476782261748173,0.879021430274767,0.374553324579964
0.0909633090378668,0,0.476782261748173,-0.879021430274767,-0.62922517025686
0.0170365209616524,0,0.999994226678089,0.00339803038411343,-0.891045542455802
-4.8337321591999e-17,0,0.999994226678089,-0.00339803038411343,-0.84863058605298
,,0.968303644238952,0.249776004759401,1.31223769690486
,,0.968303644238952,-0.249776004759401,-0.188710029126243
