Q,P,EigValReal,EigValImag,AGPgrad,N,alpha,k,E0,lmd,period
0,0,361.678358158042,0,2.58613264586975,2,3.03999999999998,1,1,1.25193201796353e-13,5.01200000000166
0.897006046091122,0,0.999855558607972,0.0169959383659038,-4.38467737826851
0.300900534555258,0,0.999855558607972,-0.0169959383659038,-0.191892191911246
4.02704488960616e-19,0,0.00276488757761046,0,-2.93037300149049
