Q,P,EigValReal,EigValImag,AGPgrad,N,alpha,k,E0,lmd,period
0,0,60.8252078246734,0,17.5319009894719,4,2.66999999999999,1,1,3.6078472888161e-13,7.73069999999532
1.1324261820298,0,43.2165891413346,0,0.0971101528947279
0.376648584188012,0,1.06390080597703,0,-30.4713058747104
0.258837498981028,0,0.999383069982978,0.0351209258391812,36.4602692994019
0.159507010334051,0,0.999383069982978,-0.0351209258391812,-0.0847370975517225
4.94224454288918e-18,0,0.939937252027859,0,-30.6332636771892
,,0.0231392624885794,0,-17.6917301417427
,,0.016440552128984,0,37.9401067651019
