Q,P,EigValReal,EigValImag,AGPgrad,N,alpha,k,E0,lmd,period
0,0,-0.539275438563799,0.842129444540348,0.248739832185874,5,0.05,1,1,6.72707103920871e-15,12.1234999999851
2.70249889175771,0,-0.539275438563799,-0.842129444540348,0.0443281817391445
0.180038691538991,0,-0.140131903215535,0.990132844471494,-0.114627397792226
0.0106387822022901,0,-0.140131903215535,-0.990132844471494,0.0527827034461303
0.00055977955284392,0,-0.14561919034734,0.989340715528572,0.167993555525053
3.07653634387672e-05,0,-0.14561919034734,-0.989340715528572,-1.83293634981858
7.90949034246192e-16,0,0.901450493643045,0.432882209741542,-1.67038704022493
,,0.901450493643045,-0.432882209741542,0.135280380075926
,,0.999999918193575,0.000404490831294484,1.6849109493032
,,0.999999918193575,-0.000404490831294484,1.58384698230094
