Q,P,EigValReal,EigValImag,AGPgrad,N,alpha,k,E0,lmd,period
0,0,-0.176629732899897,0.984277368151737,0.0700805715892263,2,0.15,1,0.999999999999999,6.62853097744651e-15,6.27099999999872
1.39855456467841,0,-0.176629732899897,-0.984277368151737,0.020496102499607
0.0704482424337127,0,0.999998877283959,0.00149847616846174,-0.313642421471706
-8.39416904461972e-17,0,0.999998877283959,-0.00149847616846174,0.333003351075793
