Q,P,EigValReal,EigValImag,AGPgrad,N,alpha,k,E0,lmd,period
0,0,0.999986891035447,0.00512032784529631,-0.329227280006553,2,0.940000000000001,1,1,3.12930941299693e-14,5.8946999999996
1.14772015504301,0,0.999986891035447,-0.00512032784529631,-0.0565795723193451
0.275629902494601,0,-0.0721154768004191,0.99739628934835,1.13182954460867
-2.26843219006884e-17,0,-0.0721154768004191,-0.99739628934835,0.644947961971827
