Q,P,EigValReal,EigValImag,AGPgrad,N,alpha,k,E0,lmd,period
0,0,40.3130089670633,0,1.27227787435018,2,1.67,1,1,4.28619225879895e-14,5.52330000000047
1.02055121490254,0,0.999963525022817,0.00854099666038368,-0.864051786432171
0.303944209912601,0,0.999963525022817,-0.00854099666038368,-0.472900217125858
-7.686949294328e-18,0,0.0248058883627117,0,-1.1469042881366
