Q,P,EigValReal,EigValImag,AGPgrad,N,alpha,k,E0,lmd,period
0,0,0.999999622853744,0.000868500074618918,0.325046280821893,2,0.62,1,1,2.43657315878472e-14,6.07609999999918
1.2393662862504,0,0.999999622853744,-0.000868500074618918,0.0281379641856563
0.232380426418695,0,-0.981985254139271,0.188957563100903,-0.0153059109082817
-3.83380277490408e-17,0,-0.981985254139271,-0.188957563100903,0.208937649625828
