Q,P,EigValReal,EigValImag,AGPgrad,N,alpha,k,E0,lmd,period
0,0,1266.20056087366,0,5.01841051401294,2,4.73999999999994,1,1,6.23461749450241e-13,4.58110000000266
0.810236516754846,0,0.999880230651464,0.0154765743357964,-10.1797474617167
0.285186152264838,0,0.999880230651464,-0.0154765743357964,0.0137172038914569
3.20448849180301e-18,0,0.000789764302407525,0,-5.0235733580432
