Q,P,EigValReal,EigValImag,AGPgrad,N,alpha,k,E0,lmd,period
0,0,905.536499530539,0,4.17838540539649,2,4.16999999999996,1,1,9.60145601052891e-13,4.70820000000237
0.834911428070413,0,0.999807905478507,0.0195997995569057,-8.20433394274823
0.290528285081651,0,0.999807905478507,-0.0195997995569057,-0.0535075126167315
2.59299525203318e-18,0,0.00110431771880667,0,-4.38511084287291
