Q,P,EigValReal,EigValImag,AGPgrad,N,alpha,k,E0,lmd,period
0,0,1218.97962965623,0,4.91504233845234,2,4.66999999999994,1,1,2.14101129519883e-13,4.59590000000263
0.813087584598929,0,0.999979418420404,0.00641581913566128,-9.93762010450912
0.285834052695215,0,0.999979418420404,-0.00641581913566128,0.00554446674142101
3.14033312523587e-18,0,0.000820358252510221,0,-4.94853935471002
