Q,P,EigValReal,EigValImag,AGPgrad,N,alpha,k,E0,lmd,period
0,0,138.024592681854,0,1.71217919152399,2,2.28,1,1,2.77776984711996e-13,5.27050000000106
0.955238617628903,0,0.999970362214546,0.00769900594258513,-2.17874410676645
0.30565984739316,0,0.999970362214546,-0.00769900594258513,-0.302452746365771
-2.70510853854447e-18,0,0.00724508568064438,0,-1.88705529525855
