Q,P,EigValReal,EigValImag,AGPgrad,N,alpha,k,E0,lmd,period
0,0,271.415415642002,0,7.41645710555568,4,3.00999999999998,1,1,5.23125289956802e-13,7.57579999999568
1.09425218487143,0,100.359452258379,0,-0.773982742761321
0.334775019789615,0,0.263084961227126,0.964772669168954,-6.40644041656212
0.263482794051445,0,0.263084961227126,-0.964772669168954,2.09539233973377
0.198680039103412,0,0.999904134712014,0.0138463491872262,-0.395706540265299
1.67171064184948e-17,0,0.999904134712014,-0.0138463491872262,-6.00140664993772
,,0.00996418351719468,0,-4.84531120961757
,,0.00368438910409695,0,0.902108517517214
