Q,P,EigValReal,EigValImag,AGPgrad,N,alpha,k,E0,lmd,period
0,0,0.999999769311505,0.00067924732654343,-0.17142957063238,2,0.920000000000001,1,1,3.94935036201681e-15,5.90589999999957
1.1525729509191,0,0.999999769311505,-0.00067924732654343,-0.0476851294800168
0.273849047353781,0,-0.218949867321555,0.975736109611557,0.903006658042723
-2.34051850835617e-17,0,-0.218949867321555,-0.975736109611557,0.522620603250993
