Q,P,EigValReal,EigValImag,AGPgrad,N,alpha,k,E0,lmd,period
0,0,118.145536695773,0,5.4387735370569,4,2.79999999999998,1,1,7.45273085304249e-13,7.66949999999546
1.11637083246397,0,62.3967043550008,0,-0.406616920240243
0.358940612457625,0,0.648788555445413,0.760968731502638,-4.25862195528273
0.261457929718519,0,0.648788555445413,-0.760968731502638,1.55400520695161
0.176503573724617,0,0.99987067976296,0.0160817832009765,-0.42414079555959
9.96996273547573e-18,0,0.99987067976296,-0.0160817832009765,-4.47223642573301
,,0.00846413692768936,0,-3.70654675141765
,,0.0160264874617868,0,0.81451588259251
