Q,P,EigValReal,EigValImag,AGPgrad,N,alpha,k,E0,lmd,period
0,0,737.668718682097,0,3.73896950223233,2,3.86999999999996,1,1,7.50827468612727e-13,4.7813000000022
0.849419664512672,0,0.999999986043744,0.000167070997565073,-7.16260780043606
0.293370756057359,0,0.999999986043744,-0.000167070997565073,-0.0895057979054196
2.17012103021082e-18,0,0.00135562207757233,0,-4.0204243687108
