Q,P,EigValReal,EigValImag,AGPgrad,N,alpha,k,E0,lmd,period
0,0,67.7500518242706,0,1.39108320429759,2,1.89,1,1,3.28284812962067e-14,5.42670000000069
0.994275569115382,0,0.999890232751064,0.0148162899874304,-1.27836094615249
0.305606561911732,0,0.999890232751064,-0.0148162899874304,-0.390279188067631
-5.47651946710591e-18,0,0.0147601363107832,0,-1.38950840786204
