Q,P,EigValReal,EigValImag,AGPgrad,N,alpha,k,E0,lmd,period
0,0,146.89393307108,0,1.75115469629356,2,2.31999999999999,1,1,4.11813737605322e-14,5.25550000000109
0.951665017227476,0,0.999944791357911,0.0105078178650396,-2.28167828849378
0.305527701869955,0,0.999944791357911,-0.0105078178650396,-0.295432563450712
-2.48046711925163e-18,0,0.00680763309358007,0,-1.94081283703299
