Q,P,EigValReal,EigValImag,AGPgrad,N,alpha,k,E0,lmd,period
0,0,601.391931073301,0,10.1427471735715,4,3.26999999999997,1,1,9.26580631879549e-14,7.46729999999594
1.07118511855956,0,160.498270208156,0,-1.2834262003971
0.310320567096416,0,-0.0478041132996285,0.998856729842067,-9.62528049373135
0.264071462337756,0,-0.0478041132996285,-0.998856729842067,3.33433291413878
0.219500705972073,0,0.999802146478003,0.0198914026496126,-0.33965951371402
2.32073591691189e-17,0,0.999802146478003,-0.0198914026496126,-7.7930814663635
,,0.00166280914018117,0,-6.39726122260145
,,0.00623059674574275,0,1.36102266270522
