Q,P,EigValReal,EigValImag,AGPgrad,N,alpha,k,E0,lmd,period
0,0,923.100190019773,0,4.22225364676981,2,4.19999999999995,1,1,5.36714779696981e-13,4.70110000000238
0.833523474097882,0,0.999897307068551,0.0143309216792068,-8.30798243798726
0.290244298437851,0,0.999897307068551,-0.0143309216792068,-0.0499364346953817
2.63089271924171e-18,0,0.00108330602719761,0,-4.42013839212631
