Q,P,EigValReal,EigValImag,AGPgrad,N,alpha,k,E0,lmd,period
0,0,14.7932162063638,0,1.26887952499319,2,1.36,1,1,2.04301096520762e-14,5.67130000000012
1.06511279935503,0,0.999968652696828,0.00791793051596225,-0.412861721483598
0.297941974838752,0,0.999968652696828,-0.00791793051596225,-0.749520723902011
-1.2110841211505e-17,0,0.0675985523397992,0,-0.93763535682784
