Q,P,EigValReal,EigValImag,AGPgrad,N,alpha,k,E0,lmd,period
0,0,-1.54097386788278,1.63419026960881,2.04561433712103,4,1.82,1,1,2.84381976889633e-14,8.27299999999406
1.2961230813815,0,-1.54097386788278,-1.63419026960881,-1.01042028582716
0.481094470896039,0,2.2268758775854,0,1.03458216127222
0.217393458787138,0,0.999993356444936,0.00364514279475453,0.50061351206724
0.0740782605490748,0,0.999993356444936,-0.00364514279475453,-0.514057960046522
-1.74913005741508e-17,0,-0.305434967135811,0.323911301609172,0.124186216209653
,,-0.305434967135811,-0.323911301609172,0.556002899153384
,,0.449059604114207,0,0.304615757812876
