Q,P,EigValReal,EigValImag,AGPgrad,N,alpha,k,E0,lmd,period
0,0,0.999935615502801,0.0113474600248869,2.97443568644267,2,1.1,1,1,1.99626323901509e-16,5.80669999999981
1.11230122653855,0,0.999935615502801,-0.0113474600248869,-0.167112133868268
0.287024073487728,0,3.08606494417898,0,-3.26521377880154
-1.77631508728671e-17,0,0.32403725070215,0,-2.20137166849833
