Q,P,EigValReal,EigValImag,AGPgrad,N,alpha,k,E0,lmd,period
0,0,49.3317139489818,0,1.3086171620901,2,1.75,1,1,2.48726657886655e-13,5.48740000000055
1.01056515176462,0,0.999942532965262,0.0107205768073317,-1.00612036652452
0.304735739393409,0,0.999942532965262,-0.0107205768073317,-0.437961740902771
-6.81298922762076e-18,0,0.0202709356709041,0,-1.23014003473149
