Q,P,EigValReal,EigValImag,AGPgrad,N,alpha,k,E0,lmd,period
0,0,0.999995879760099,0.00287062063614882,1.00883992048148,5,0.22,1,1,1.49802530359391e-14,11.9243999999855
2.40842252576169,0,0.999995879760099,-0.00287062063614882,-0.0215213811490072
0.532897281253968,0,0.766111172546192,0.64270807626784,-0.239396320078056
0.111917185762945,0,0.766111172546192,-0.64270807626784,0.0757607775889412
0.0211635512051001,0,-0.0964098901649703,0.995341716737719,0.214934062965818
0.00417775739769216,0,-0.0964098901649703,-0.995341716737719,-0.994071171503754
5.48903006217014e-16,0,-0.504146183068672,0.863618333581031,-0.535175159366205
,,-0.504146183068672,-0.863618333581031,0.0853460910730852
,,-0.595187530882302,0.803586836055847,0.430286535966006
,,-0.595187530882302,-0.803586836055847,0.496260413767133
