Q,P,EigValReal,EigValImag,AGPgrad,N,alpha,k,E0,lmd,period
0,0,227.072422563729,0,6.93163450736031,4,2.95999999999998,1,1,8.51424951872421e-13,7.59759999999563
1.09917203688906,0,90.5223880957746,0,-0.683900636381059
0.340099892221631,0,0.339777405399257,0.940505882375445,-5.85981745289037
0.2631787661124,0,0.339777405399257,-0.940505882375445,1.9277469889341
0.193917715835854,0,0.999857299337536,0.0168932223754589,-0.404299911907625
1.52514153405765e-17,0,0.999857299337536,-0.0168932223754589,-5.6502943755659
,,0.00440388131969504,0,-4.56728211709723
,,0.0110469909268702,0,0.853618625047171
