Q,P,EigValReal,EigValImag,AGPgrad,N,alpha,k,E0,lmd,period
0,0,-0.959651451590327,0.281192267782373,4.04697764431438,4,1.17,1,1,1.4597641003175e-14,8.86589999999268
1.46595938309453,0,-0.959651451590327,-0.281192267782373,1.9667560383415
0.513963159906534,0,-0.211891428006879,0.977293212263967,0.893129649753866
0.188482045203821,0,-0.211891428006879,-0.977293212263967,1.28759673197172
0.0809087188034427,0,1.18858731277694,0,-3.22854016704568
-1.38770645596153e-17,0,0.999921309779487,0.0125448893534139,-3.05528565131989
,,0.999921309779487,-0.0125448893534139,-0.40223597512585
,,0.841334910149483,0,-0.148825683668546
