Q,P,EigValReal,EigValImag,AGPgrad,N,alpha,k,E0,lmd,period
0,0,819.672141175684,0,3.95823714874439,2,4.01999999999996,1,1,3.17303319973106e-13,4.74420000000228
0.842018201696374,0,0.99980588588432,0.0197025518866767,-7.68327665523858
0.291949813651304,0,0.99980588588432,-0.0197025518866767,-0.0714544014341542
2.39203831012813e-18,0,0.00121999998524657,0,-4.20541918889556
