Q,P,EigValReal,EigValImag,AGPgrad,N,alpha,k,E0,lmd,period
0,0,365.6284352179,0,8.31864755068379,4,3.09999999999998,1,1,3.23507694585303e-13,7.53739999999577
1.08583063361658,0,119.427972486513,0,-0.941774901182242
0.32574318452457,0,0.140937270410767,0.990018528014301,-7.44776682201916
0.263844752401269,0,0.140937270410767,-0.990018528014301,2.45501065930408
0.206576844151319,0,0.999775089210516,0.0212078049860833,-0.378319053977044
1.91639494266707e-17,0,0.999775089210516,-0.0212078049860833,-6.62438312935873
,,0.00273501703793599,0,-5.36088276217537
,,0.00837324773376032,0,1.02443018909971
