Q,P,EigValReal,EigValImag,AGPgrad,N,alpha,k,E0,lmd,period
0,0,448.225912041592,0,2.87827882115505,2,3.25999999999997,1,0.999999999999999,2.70414416636965e-13,4.94630000000181
0.883122192843275,0,0.999905085394312,0.0137775252692228,-5.09698652613087
0.299009447019217,0,0.999905085394312,-0.0137775252692228,-0.164096834443915
9.83234430813695e-19,0,0.00223101782668754,0,-3.22900627824689
