Q,P,EigValReal,EigValImag,AGPgrad,N,alpha,k,E0,lmd,period
0,0,10.5765423683401,0,2.52983448281229,4,2.37999999999999,1,1,1.45822386571834e-13,7.88039999999497
1.18314246586384,0,1.46818235058744,6.16278439863421,0.452266028222033
0.429096720982243,0,1.46818235058744,-6.16278439863421,-2.07050026647044
0.240040782494979,0,0.999891292625658,0.0147445899004972,1.65064286376638
0.110323851054276,0,0.999891292625658,-0.0147445899004972,-0.385178862953397
-7.77836462599803e-18,0,0.0365806683096744,0.153549572271929,-1.67223104831778
,,0.0365806683096744,-0.153549572271929,-1.87911329143121
,,0.0945488577621847,0,1.69791616894147
