Q,P,EigValReal,EigValImag,AGPgrad,N,alpha,k,E0,lmd,period
0,0,742.355951628514,0,11.0616931590738,4,3.34999999999997,1,1,7.59860114941643e-13,7.43539999999601
1.06476838734682,0,182.272972729065,0,-1.4571795928708
0.303689577687856,0,-0.122855318903823,0.992424591903254,-10.7496926539523
0.264034190697731,0,-0.122855318903823,-0.992424591903254,3.83885531736341
0.224829602518965,0,0.999746804183674,0.0225017227178223,-0.319084167486849
2.4887474613738e-17,0,0.999746804183674,-0.0225017227178223,-8.34711303224138
,,0.00134706268320685,0,-6.9163567896625
,,0.00548627690167464,0,1.56146610725897
