Q,P,EigValReal,EigValImag,AGPgrad,N,alpha,k,E0,lmd,period
0,0,0.999934277534567,0.011464755182334,0.907496924300962,4,0.820000000000001,1,1,1.22396790924878e-14,9.25949999999176
1.61174776068403,0,0.999934277534567,-0.011464755182334,-0.49996875151268
0.521944160625547,0,0.232002081982387,0.972715289257782,-0.0918866397317368
0.17479867742637,0,0.232002081982387,-0.972715289257782,-0.255949443581168
0.0568814664072829,0,-0.579656955142156,0.814860610383957,0.386036386832593
-2.57176500723758e-17,0,-0.579656955142156,-0.814860610383957,0.57367263250222
,,-0.852959105487403,0.521977743171224,0.293636524605324
,,-0.852959105487403,-0.521977743171224,-0.054472070223509
