Q,P,EigValReal,EigValImag,AGPgrad,N,alpha,k,E0,lmd,period
0,0,-0.987331551446903,0.158670751928161,-0.368476060707935,4,0.29,1,1,3.79225129204998e-15,9.93799999999018
2.01684836171477,0,-0.987331551446903,-0.158670751928161,1.10480997243445
0.426968466192423,0,0.53092772230361,0.847417107267421,0.573993403004126
0.0817315589890343,0,0.53092772230361,-0.847417107267421,-1.01265725028793
0.0142643949369758,0,0.999994467646023,0.00332636097753758,-1.0579714653487
-5.06630937116692e-17,0,0.999994467646023,-0.00332636097753758,-1.3645585803243
,,0.990421864967999,0.13807436182466,2.00715877899042
,,0.990421864967999,-0.13807436182466,-0.431683137583064
