Q,P,EigValReal,EigValImag,AGPgrad,N,alpha,k,E0,lmd,period
0,0,864.860960445833,0,4.07509572982271,2,4.09999999999996,1,1,7.14657662948051e-13,4.72480000000233
0.838192695598433,0,0.999943736544599,0.0106077210180007,-7.96007503689004
0.291191446233257,0,0.999943736544599,-0.0106077210180007,-0.0618805637579177
2.50165963857865e-18,0,0.00115625522061059,0,-4.30132257803562
