Q,P,EigValReal,EigValImag,AGPgrad,N,alpha,k,E0,lmd,period
0,0,318.571614919612,0,2.43262109708757,2,2.91999999999998,1,1,9.44555230542326e-14,5.04940000000157
0.905052135988424,0,0.999850501763007,0.0172908682353726,-4.00703726749828
0.301871587203159,0,0.999850501763007,-0.0172908682353726,-0.207451410956352
3.97804534906897e-20,0,0.00313901161650833,0,-2.76555973559313
