Q,P,EigValReal,EigValImag,AGPgrad,N,alpha,k,E0,lmd,period
0,0,0.999952492962485,0.00974740058188921,-0.724998875770016,2,0.970000000000001,1,1,4.23403802762521e-15,5.87799999999964
1.14062984923831,0,0.999952492962485,-0.00974740058188921,-0.0704832680007861
0.278135629739131,0,0.177158676315987,0.984182301916652,1.69178477990879
-2.16514992618157e-17,0,0.177158676315987,-0.984182301916652,0.960871874164859
