Q,P,EigValReal,EigValImag,AGPgrad,N,alpha,k,E0,lmd,period
0,0,929.11334906907,0,4.23732245313133,2,4.20999999999995,1,1,2.52746480599605e-13,4.69880000000239
0.833063218608038,0,0.999788175403363,0.0205816501543292,-8.34356051248734
0.290149674479228,0,0.999788175403363,-0.0205816501543292,-0.0487362461428449
2.64336392547499e-18,0,0.00107629494322293,0,-4.43230925887246
