Q,P,EigValReal,EigValImag,AGPgrad,N,alpha,k,E0,lmd,period
0,0,0.999967832980122,0.00802078581223921,1.03988000602164,4,0.65,1,1,1.93764824957995e-13,9.47149999999126
1.70846669636437,0,0.999967832980122,-0.00802078581223921,-0.166196908812727
0.517769092519774,0,-0.366716999076638,0.930332544087445,0.0755935363665729
0.157727165646926,0,-0.366716999076638,-0.930332544087445,-0.239619018984549
0.0454926790903341,0,-0.229659938716307,0.973270934811475,-0.110747376306848
-3.13526681879865e-17,0,-0.229659938716307,-0.973270934811475,0.13123659041952
,,-0.213560558552768,0.976929827485382,0.331177297571374
,,-0.213560558552768,-0.976929827485382,-0.00445485128381197
