Q,P,EigValReal,EigValImag,AGPgrad,N,alpha,k,E0,lmd,period
0,0,62.1387485290204,0,1.36536940753274,2,1.85,1,1,5.84686776204481e-13,5.44380000000065
0.998786589195237,0,0.999871998835795,0.0159995607475992,-1.19763446233994
0.305416937293391,0,0.999871998835795,-0.0159995607475992,-0.402548326487819
-5.83569344861806e-18,0,0.0160930180231079,0,-1.34253464173143
