Q,P,EigValReal,EigValImag,AGPgrad,N,alpha,k,E0,lmd,period
0,0,15.6674808807352,0,2.40707692561047,4,2.43999999999999,1,1,1.31643825333137e-13,7.84689999999505
1.17057488589389,0,4.6215791663213,5.58779932734417,0.245242776837587
0.417385850875028,0,4.6215791663213,-5.58779932734417,-1.87071428561978
0.245739135513105,0,0.999869730351262,0.0161407040510884,1.66538773927562
0.120664047628549,0,0.999869730351262,-0.0161407040510884,-0.351025515994254
-5.3834757424746e-18,0,0.0878919712499618,0.106267290931209,-1.31735017162561
,,0.0878919712499618,-0.106267290931209,-1.82829007893092
,,0.0638264701015434,0,1.64368400015935
