Q,P,EigValReal,EigValImag,AGPgrad,N,alpha,k,E0,lmd,period
0,0,0.999990270972992,0.0044111177011264,-0.433439840054266,2,0.950000000000001,1,1,9.64499379830613e-15,5.88909999999961
1.1453319023347,0,0.999990270972992,-0.0044111177011264,-0.0611700852364856
0.276486639557508,0,0.0070392614142889,0.999975224092449,1.28073000356607
-2.23337336319347e-17,0,0.0070392614142889,-0.999975224092449,0.727164494053
