Q,P,EigValReal,EigValImag,AGPgrad,N,alpha,k,E0,lmd,period
0,0,553.709571294545,0,9.80845865676744,4,3.23999999999997,1,1,2.32506225064813e-13,7.47939999999591
1.07366435895374,0,152.739420669862,0,-1.22056921147748
0.312903961374176,0,-0.0175198428307003,0.99984651577224,-9.22041662606458
0.264064989617488,0,-0.0175198428307003,-0.99984651577224,3.16022508755744
0.217386941503981,0,0.999925903343585,0.0121732420639752,-0.34696732404795
2.25429641065279e-17,0,0.999925903343585,-0.0121732420639752,-7.58642390424548
,,0.00180600092891396,0,-6.2079896239413
,,0.00654709829108671,0,1.29252429782367
