Q,P,EigValReal,EigValImag,AGPgrad,N,alpha,k,E0,lmd,period
0,0,-1.07927044717471,0.610817672879538,-0.55773139471853,4,1.02,1,1,1.41533323829181e-14,9.0271999999923
1.52178484154891,0,-1.07927044717471,-0.610817672879538,-1.69043688235935
0.518624919349208,0,-0.701771478773778,0.397170535596474,-0.718180091468112
0.186214906358584,0,-0.701771478773778,-0.397170535596474,-0.803039747723371
0.0689255479401676,0,0.864673729484728,0.502333894475528,2.26297639751882
-1.98180445715714e-17,0,0.864673729484728,-0.502333894475528,2.46847070320871
,,0.999916996762531,0.0128840826378551,0.617596395237158
,,0.999916996762531,-0.0128840826378551,-0.353173002408303
