Q,P,EigValReal,EigValImag,AGPgrad,N,alpha,k,E0,lmd,period
0,0,0.999965633528591,0.00829046209482834,0.308227218875272,2,0.69,1,0.999999999999999,2.25862350969004e-15,6.03669999999927
1.21658256639875,0,0.999965633528591,-0.00829046209482834,0.0195886864212262
0.245130335987422,0,-0.994851782298231,0.101340669319021,0.0734190191227851
-3.40226567974124e-17,0,-0.994851782298231,-0.101340669319021,0.207521592162625
