Q,P,EigValReal,EigValImag,AGPgrad,N,alpha,k,E0,lmd,period
0,0,315.070103742546,0,2.41984332831809,2,2.90999999999998,1,1,1.76264984144671e-13,5.05250000000156
0.905739002648781,0,0.999982293678024,0.00595082601759925,-3.97547897304442
0.301950105491063,0,0.999982293678024,-0.00595082601759925,-0.208765514372571
7.87044572630282e-21,0,0.003173896818874,0,-2.75145697396118
