Q,P,EigValReal,EigValImag,AGPgrad,N,alpha,k,E0,lmd,period
0,0,0.999975601561447,0.00698543354566279,0.280172244018691,4,0.960000000000001,1,1,1.14854595199332e-14,9.09479999999214
1.54661364337871,0,0.999975601561447,-0.00698543354566279,-1.06045174522427
0.520151345200682,0,0.715109677308266,0.699012267002565,-0.390947942697766
0.183639731056093,0,0.715109677308266,-0.699012267002565,-0.469892783697877
0.0652718757530746,0,-0.84509978433806,0.534608599361945,1.26292268106735
-2.16132268166487e-17,0,-0.84509978433806,-0.534608599361945,1.44145448012272
,,-0.964346839736812,0.264641592894317,0.419572695504937
,,-0.964346839736812,-0.264641592894317,-0.202241735082841
