Q,P,EigValReal,EigValImag,AGPgrad,N,alpha,k,E0,lmd,period
0,0,-0.256296110435895,0.966598315628278,0.122407283507863,2,0.22,1,1,7.57509999898635e-15,6.25599999999876
1.38134836615917,0,-0.256296110435895,-0.966598315628278,0.0240568466279811
0.102368128267736,0,0.99999928148202,0.00119876412569201,-0.292847955064921
-7.59544377983593e-17,0,0.99999928148202,-0.00119876412569201,0.323120932668407
