Q,P,EigValReal,EigValImag,AGPgrad,N,alpha,k,E0,lmd,period
0,0,281.613298643241,0,2.29610439308386,2,2.80999999999998,1,1,1.16525753466915e-13,5.08470000000149
0.912754156009715,0,0.999892306092827,0.0146757015619948,-3.66876731743441
0.30271178951957,0,0.999892306092827,-0.0146757015619948,-0.22207312771261
-3.26571440231307e-19,0,0.00355096866826012,0,-2.61366965142475
