Q,P,EigValReal,EigValImag,AGPgrad,N,alpha,k,E0,lmd,period
0,0,899.553508328321,0,4.16318937410022,2,4.15999999999996,1,1,4.02357526925132e-13,4.71050000000236
0.835376495312363,0,0.999964453656969,0.00843157296556525,-8.16843109085656
0.290622981873411,0,0.999964453656969,-0.00843157296556525,-0.054712637037209
2.58019927979514e-18,0,0.00111166260885773,0,-4.37267791311271
