Q,P,EigValReal,EigValImag,AGPgrad,N,alpha,k,E0,lmd,period
0,0,444.07406351406,0,2.86469646236517,2,3.24999999999997,1,1,8.5930310374432e-14,4.9492000000018
0.883730717990702,0,0.999921467974993,0.012532273641011,-5.0640290843816
0.299097882713083,0,0.999921467974993,-0.012532273641011,-0.165345211689783
9.58967192006952e-19,0,0.00225187661692049,0,-3.21549832509746
