Q,P,EigValReal,EigValImag,AGPgrad,N,alpha,k,E0,lmd,period
0,0,185.564793184368,0,1.91626682488804,2,2.47999999999999,1,1,1.30192802587021e-14,5.19720000000123
0.938028295589833,0,0.999831302890174,0.018367519184334,-2.71049293942809
0.304822741264789,0,0.999831302890174,-0.018367519184334,-0.269360893814447
-1.6658152512569e-18,0,0.00538895327533978,0,-2.15857224867457
