Q,P,EigValReal,EigValImag,AGPgrad,N,alpha,k,E0,lmd,period
0,0,103.850095313874,0,1.55819147665571,2,2.11,1,1,6.62989130150426e-15,5.3364000000009
0.971251752101108,0,0.999853471758037,0.0171182654924833,-1.76246744375836
0.305975217971631,0,0.999853471758037,-0.0171182654924833,-0.335472361364025
-3.77042262094085e-18,0,0.00962926415224147,0,-1.66335652118056
