Q,P,EigValReal,EigValImag,AGPgrad,N,alpha,k,E0,lmd,period
0,0,247.146010667187,0,2.16428536029666,2,2.69999999999999,1,1,1.99305612482436e-13,5.1211000000014
0.920796277057735,0,0.999836800365959,0.0180657862845739,-3.33949169343925
0.303492967981475,0,0.999836800365959,-0.0180657862845739,-0.237154779804799
-7.29490030177465e-19,0,0.00404619114509884,0,-2.46172564479557
