Q,P,EigValReal,EigValImag,AGPgrad,N,alpha,k,E0,lmd,period
0,0,43.5686943409659,0,1.28484330845387,2,1.7,1,0.999999999999999,2.97007541921264e-14,5.5097000000005
1.01674408920598,0,0.999995037433195,0.00315041409339827,-0.916112428003461
0.304269363378199,0,0.999995037433195,-0.00315041409339827,-0.458952846005413
-7.3487964684828e-18,0,0.0229522599912483,0,-1.17727408061457
