Q,P,EigValReal,EigValImag,AGPgrad,N,alpha,k,E0,lmd,period
0,0,853.421668250614,0,4.04571505904935,2,4.07999999999996,1,1,5.15988099088386e-15,4.72960000000232
0.839141407270408,0,0.999954487070211,0.00954063876782517,-7.89052946215647
0.291381013777557,0,0.999954487070211,-0.00954063876782517,-0.0642744942490739
2.47479109342303e-18,0,0.0011717537030698,0,-4.27730333130861
