Q,P,EigValReal,EigValImag,AGPgrad,N,alpha,k,E0,lmd,period
0,0,0.999955764120101,0.00940583877183111,1.02451440963479,4,0.73,1,1,4.26932884244612e-13,9.3701999999915
1.66013536337157,0,0.999955764120101,-0.00940583877183111,-0.30534455997143
0.520956035927882,0,-0.133281532863298,0.991078217396387,0.00898130624548437
0.166772516741876,0,-0.133281532863298,-0.991078217396387,-0.232296321061122
0.0510969512419239,0,-0.518204155920912,0.85525695132299,0.0928164262510778
-2.85583217346884e-17,0,-0.518204155920912,-0.85525695132299,0.306860493730612
,,-0.400521587659252,0.916287322742661,0.295922490586898
,,-0.400521587659252,-0.916287322742661,-0.0167529215425685
