Q,P,EigValReal,EigValImag,AGPgrad,N,alpha,k,E0,lmd,period
0,0,3.22495270156195,0,3.05343370264601,4,1.65,1,1,1.73161989273465e-14,8.41299999999373
1.33358591045835,0,-1.1737377661886,1.96722447593139,-0.364342579628175
0.489671504701573,0,-1.1737377661886,-1.96722447593139,0.915720758726933
0.217654655164337,0,0.99983157096191,0.0183529209622871,0.690336193855724
0.0654273735196992,0,0.99983157096191,-0.0183529209622871,-1.1456643065771
-2.15234538077528e-17,0,-0.223669963570635,0.374878477579927,-1.2689787857599
,,-0.223669963570635,-0.374878477579927,-0.187488528535355
,,0.310082067099987,0,0.54276268165719
