Q,P,EigValReal,EigValImag,AGPgrad,N,alpha,k,E0,lmd,period
0,0,0.999993683638069,0.00355424871831099,0.610353021463193,4,0.910000000000001,1,1,5.52057545687552e-15,9.15249999999201
1.568629875585,0,0.999993683638069,-0.00355424871831099,-0.792407486649575
0.521132015656146,0,0.560174902557268,0.828374358937412,-0.248307551304819
0.180944451566867,0,0.560174902557268,-0.828374358937412,-0.349340056853623
0.0623063681016671,0,-0.744235357691078,0.667917459243603,0.839768892388993
-2.30654336640123e-17,0,-0.744235357691078,-0.667917459243603,1.0144526451274
,,-0.998398501775086,0.056572357678073,0.346120679521488
,,-0.998398501775086,-0.056572357678073,-0.13064126467908
