Q,P,EigValReal,EigValImag,AGPgrad,N,alpha,k,E0,lmd,period
0,0,127.382260710189,0,1.66486004230811,2,2.23,1,1,6.36194122214459e-15,5.28950000000101
0.959805572265249,0,0.999998112600376,0.00194288334417419,-2.05263500876648
0.305796258515193,0,0.999998112600376,-0.00194288334417419,-0.311582667850135
-2.99908028712722e-18,0,0.00785038665849077,0,-1.82036060475456
