Q,P,EigValReal,EigValImag,AGPgrad,N,alpha,k,E0,lmd,period
0,0,35.2093871018676,0,1.25451290626135,2,1.62,1,1,5.57774944476007e-14,5.54620000000041
1.02707209490157,0,0.999975190525305,0.00704402824305976,-0.78043908337768
0.303319772089552,0,0.999975190525305,-0.00704402824305976,-0.498913468805689
-8.28046087708947e-18,0,0.0284015168201728,0,-1.09873803748017
