Q,P,EigValReal,EigValImag,AGPgrad,N,alpha,k,E0,lmd,period
0,0,0.99981528627596,0.0192196079282022,0.75989597298263,4,1.98,1,1,5.58724918381823e-14,8.14999999999434
1.26377367543694,0,0.99981528627596,-0.0192196079282022,-2.05266200259086
0.471978899707715,0,-0.892192658663995,0.451655023027458,1.96761841291327
0.219306733481247,0,-0.892192658663995,-0.451655023027458,0.256128725550244
0.0799048651171273,0,-0.345538447739073,0.938404593517138,0.0305987970077193
-1.51415514998349e-17,0,-0.345538447739073,-0.938404593517138,2.59689926705112
,,-0.310920173828823,0.950436029149917,1.91460088308569
,,-0.310920173828823,-0.950436029149917,0.0630582448026478
