Q,P,EigValReal,EigValImag,AGPgrad,N,alpha,k,E0,lmd,period
0,0,220.737598365529,0,2.05997698082491,2,2.60999999999999,1,1,9.13167333654191e-14,5.15160000000133
0.927650537387471,0,0.99996540834459,0.00831757862855866,-3.07668149201848
0.304079075012452,0,0.99996540834459,-0.00831757862855866,-0.249941120394931
-1.08979849501768e-18,0,0.00453026583337686,0,-2.33712784732628
