Q,P,EigValReal,EigValImag,AGPgrad,N,alpha,k,E0,lmd,period
0,0,354.179941506808,0,8.21636750290116,4,3.08999999999998,1,1,9.84829798299307e-14,7.54159999999576
1.0867410770743,0,117.218042154332,0,-0.922753382361241
0.326714218332054,0,0.153690401077757,0.988119051844869,-7.32836956033671
0.263814532465611,0,0.153690401077757,-0.988119051844869,2.41143991118919
0.20573912426857,0,0.999847366155176,0.0174712447397929,-0.380351663316872
1.89034711950714e-17,0,0.999847366155176,-0.0174712447397929,-6.55553256208293
,,0.00282342358419369,0,-5.30257005109903
,,0.00853110990069983,0,1.00878597316491
