Q,P,EigValReal,EigValImag,AGPgrad,N,alpha,k,E0,lmd,period
0,0,58.1111547111686,0,1.34714813566418,2,1.82,1,1,5.04242543473056e-13,5.45670000000062
1.00224292327364,0,0.999943204040947,0.0106577996001618,-1.1385436623581
0.305245075118023,0,0.999943204040947,-0.0106577996001618,-0.412396809214117
-6.11652815817264e-18,0,0.0172084000908474,0,-1.30793443652203
