Q,P,EigValReal,EigValImag,AGPgrad,N,alpha,k,E0,lmd,period
0,0,0.999959367098072,0.00901466321133131,2.37593399284838,2,1.12,1,1,1.59782794811249e-14,5.79589999999983
1.10825807394906,0,0.999959367098072,-0.00901466321133131,-0.180200342720351
0.288148090099914,0,3.75578651413495,0,-2.43542525804254
-1.723885886732e-17,0,0.266255815189839,0,-1.71276221790338
