Q,P,EigValReal,EigValImag,AGPgrad,N,alpha,k,E0,lmd,period
0,0,2477.2301781716,0,18.9175661736457,4,3.91999999999996,1,1,4.39118711872037e-13,7.2249999999965
1.02535131267178,0,388.955160737027,0,-3.00479170955091
0.26490656476355,0,-0.510626686238278,0.859802528077276,-20.8171478924903
0.26240514969782,0,-0.510626686238278,-0.859802528077276,9.23126881429901
0.253089426484272,0,0.9998424416334,0.0177508283936968,-0.124114129557725
3.39311058581904e-17,0,0.9998424416334,-0.0177508283936968,-12.5463563898759
,,0.00257099044286423,0,-11.2847530220492
,,0.000403676654661954,0,3.66852569570807
