Q,P,EigValReal,EigValImag,AGPgrad,N,alpha,k,E0,lmd,period
0,0,-0.38778183108564,0.921751187403557,0.187399118364873,2,0.3,1,1,9.23173214893596e-15,6.23129999999882
1.35594971785348,0,-0.38778183108564,-0.921751187403557,0.0277823329056759
0.136567011726196,0,0.999998720787594,0.0015995071710715,-0.258115639373552
-6.69045281680704e-17,0,0.999998720787594,-0.0015995071710715,0.302345274234145
