Q,P,EigValReal,EigValImag,AGPgrad,N,alpha,k,E0,lmd,period
0,0,50.1640855065789,0,3.36230104736282,4,2.62999999999999,1,1,3.72978467118518e-13,7.75069999999528
1.13707688994294,0,38.9459312192395,0,1.02975257286405
0.381485598799846,0,1.18277906602201,0,4.81538228109474
0.258719228282639,0,0.997790678483833,0.0664361492803834,-8.27122062100122
0.154630068468403,0,0.997790678483833,-0.0664361492803834,-0.797813054175225
3.36934397591644e-18,0,0.845466434711038,0,6.23960507558199
,,0.0256766231721375,0,2.43247224534328
,,0.0199345804852805,0,-9.37374476873808
