Q,P,EigValReal,EigValImag,AGPgrad,N,alpha,k,E0,lmd,period
0,0,202.972423124667,0,6.64558195655803,4,2.92999999999998,1,1,1.30944257448828e-13,7.6107999999956
1.10221705031756,0,84.864813149212,0,-0.630828696371137
0.343411796265771,0,0.389645309965168,0.920965000650849,-5.54257941246519
0.262952593869806,0,0.389645309965168,-0.920965000650849,1.83849095420357
0.19091785564174,0,0.999922780371928,0.0124271192743347,-0.408980877157259
1.43323832344626e-17,0,0.999922780371928,-0.0124271192743347,-5.43689879799068
,,0.00492677766080725,0,-4.40300087496589
,,0.0117834466709643,0,0.832006716431449
