Q,P,EigValReal,EigValImag,AGPgrad,N,alpha,k,E0,lmd,period
0,0,0.999918415965883,0.0127734651639654,0.70033870434635,4,0.890000000000001,1,1,2.87089293773672e-14,9.17599999999195
1.57780524690748,0,0.999918415965883,-0.0127734651639654,-0.712762065317544
0.521430884139313,0,0.491832002563864,0.870690117811153,-0.205661714613362
0.179726195077096,0,0.491832002563864,-0.870690117811153,-0.318790965492593
0.0611185577123715,0,-0.708307567128657,0.705903952636829,0.715125725596932
-2.36462881075058e-17,0,-0.708307567128657,-0.705903952636829,0.890956478960038
,,-0.985537089260282,0.169459864547261,0.327742701352816
,,-0.985537089260282,-0.169459864547261,-0.109060651095661
