Q,P,EigValReal,EigValImag,AGPgrad,N,alpha,k,E0,lmd,period
0,0,1988.8336478544,0,17.0576691499222,4,3.79999999999996,1,1,8.62044006293539e-14,7.2669999999964
1.03289258929802,0,337.338782958478,0,-2.62788189587187
0.272049286626176,0,-0.444169592467428,0.895942728704848,-18.3774046185182
0.262878311771262,0,-0.444169592467428,-0.895942728704848,7.81859815298931
0.248269346097538,0,0.999908898958408,0.0134979177025318,-0.172926675171488
3.23700789681335e-17,0,0.999908898958408,-0.0134979177025318,-11.6146681259228
,,0.00296437898687493,0,-10.2606407607541
,,0.000502807261855231,0,3.12956666963976
