Q,P,EigValReal,EigValImag,AGPgrad,N,alpha,k,E0,lmd,period
0,0,21.4879730234569,0,1.23390895003993,2,1.46,1,1,2.34826662064925e-14,5.62200000000024
1.04958061107491,0,0.99994931145916,0.0100684910642145,-0.54063708211071
0.300499653722425,0,0.99994931145916,-0.0100684910642145,-0.618718072729395
-1.04701154134378e-17,0,0.0465376608071375,0,-0.974559272560768
