Q,P,EigValReal,EigValImag,AGPgrad,N,alpha,k,E0,lmd,period
0,0,149.166282036369,0,1.76107806010107,2,2.32999999999999,1,0.999999999999999,4.67077663578182e-15,5.2518000000011
0.950782374065997,0,0.999901494931224,0.0140356843169083,-2.30776845016754
0.3054916574911,0,0.999901494931224,-0.0140356843169083,-0.293713563250914
-2.42570537561371e-18,0,0.00670392790039566,0,-1.95436586455792
