Q,P,EigValReal,EigValImag,AGPgrad,N,alpha,k,E0,lmd,period
0,0,615.394482444901,0,3.39393852806529,2,3.62999999999997,1,1,2.11949489737538e-13,4.84350000000205
0.861937431075182,0,0.999844647295533,0.0176261531471152,-6.33924773098428
0.295629337314799,0,0.999844647295533,-0.0176261531471152,-0.118569390819718
1.76413121744612e-18,0,0.00162497394454683,0,-3.71702735087775
