Q,P,EigValReal,EigValImag,AGPgrad,N,alpha,k,E0,lmd,period
0,0,1259.40168424904,0,5.0036321528069,2,4.72999999999994,1,1,1.90026714152597e-13,4.58320000000266
0.810640995155235,0,0.999899711495459,0.0141621661971442,-10.1451459095294
0.285278535614514,0,0.999899711495459,-0.0141621661971442,0.0125508370026203
3.19548573869364e-18,0,0.000794027839630279,0,-5.01289666802877
