Q,P,EigValReal,EigValImag,AGPgrad,N,alpha,k,E0,lmd,period
0,0,-1.96236293123405,4.41931985998416,7.06041158330968,4,2.23,1,1,6.15687184205181e-14,7.97369999999476
1.21492339296756,0,-1.96236293123405,-4.41931985998416,3.61243891346844
0.451800872309848,0,3.17806179979386,0,-6.54973805313022
0.227729144029601,0,0.999810442336017,0.0194699613736939,2.17909225661009
0.0925558877575457,0,0.999810442336017,-0.0194699613736939,-1.55395034974357
-1.16444973215486e-17,0,-0.0839288918508779,0.189011223499735,-11.4920332581134
,,-0.0839288918508779,-0.189011223499735,-6.61417606388312
,,0.31465719139411,0,2.18490092405654
