Q,P,EigValReal,EigValImag,AGPgrad,N,alpha,k,E0,lmd,period
0,0,610.446084209588,0,3.37936209202724,2,3.61999999999997,1,1,7.72348377085695e-16,4.84610000000204
0.862478428825887,0,0.999984697612524,0.00553213710735119,-6.30434900290578
0.295722714561237,0,0.999984697612524,-0.00553213710735119,-0.119792523385446
1.74568668195902e-18,0,0.00163814631014809,0,-3.70367355041694
