Q,P,EigValReal,EigValImag,AGPgrad,N,alpha,k,E0,lmd,period
0,0,-0.805006738616581,0.593265666276006,0.464447998699735,4,0.11,1,1,1.00079986798706e-14,10.1236999999897
2.22454308422627,0,-0.805006738616581,-0.593265666276006,-0.129819785578021
0.228030510094198,0,0.770361356353942,0.637607544369207,-0.0655817675864489
0.0197263429911867,0,0.770361356353942,-0.637607544369207,0.254592886271096
0.00152583028753989,0,0.927908499796702,0.372808014942042,-1.22756566218948
-7.09779517006243e-17,0,0.927908499796702,-0.372808014942042,-0.443075853182235
,,0.999999004426906,0.00141107944518347,0.601673360895057
,,0.999999004426906,-0.00141107944518347,0.988907912863271
