Q,P,EigValReal,EigValImag,AGPgrad,N,alpha,k,E0,lmd,period
0,0,-0.557454345986053,0.830207595810387,0.144711268874133,5,0.03,1,1,6.07272366455506e-15,12.1328999999851
2.72105529633794,0,-0.557454345986053,-0.830207595810387,0.0298934532049109
0.110488374598023,0,-0.122501328757524,0.992468349345533,-0.0726787395266573
0.00396327015087666,0,-0.122501328757524,-0.992468349345533,0.0332964936349849
0.000126572871357422,0,-0.124432786639183,0.992228039116618,0.114518140781937
4.2218905927649e-06,0,-0.124432786639183,-0.992228039116618,-1.88370155488988
8.3315784813915e-16,0,0.906760787607583,0.421645436424111,-1.78792369416956
,,0.906760787607583,-0.421645436424111,0.088283354574249
,,0.999999857178417,0.00053445594093804,1.80044480170879
,,0.999999857178417,-0.00053445594093804,1.72799263119613
