Q,P,EigValReal,EigValImag,AGPgrad,N,alpha,k,E0,lmd,period
0,0,635.031852803602,0,3.45098794856698,2,3.66999999999997,1,1,8.83230700766548e-14,4.83290000000208
0.859789575005191,0,0.999863593211545,0.0165165059831678,-6.47576310473257
0.295255093577632,0,0.999863593211545,-0.0165165059831678,-0.113705232170216
1.8366126868806e-18,0,0.00157472415900716,0,-3.76836143997105
