Q,P,EigValReal,EigValImag,AGPgrad,N,alpha,k,E0,lmd,period
0,0,0.999990971187621,0.00424941681400128,1.22880291126223,5,0.28,1,1,5.36105743633415e-15,11.8287999999858
2.30905691117444,0,0.999990971187621,-0.00424941681400128,-0.1042322397488
0.582472698713297,0,0.687220949656231,0.726448460906622,-0.259984319104195
0.142813135935156,0,0.687220949656231,-0.726448460906622,0.059297537868032
0.0317765806382705,0,0.138851694095039,0.990313186344075,0.209868355164326
0.00738356578021565,0,0.138851694095039,-0.990313186344075,-0.759632789274409
5.04095856666937e-16,0,-0.658835780565566,0.752286789892365,-0.275289181156922
,,-0.658835780565566,-0.752286789892365,0.0112066910026445
,,-0.779826873617488,0.625995245336562,0.179020076560728
,,-0.779826873617488,-0.625995245336562,0.349353532891578
