Q,P,EigValReal,EigValImag,AGPgrad,N,alpha,k,E0,lmd,period
0,0,665.080640585517,0,3.53706009847271,2,3.72999999999996,1,1,4.39493292922156e-13,4.81720000000211
0.856615183242565,0,0.999847876702994,0.0174420025339148,-6.68143042281895
0.2946917849811,0,0.999847876702994,-0.0174420025339148,-0.106422648273172
1.94157187712901e-18,0,0.00150357706848128,0,-3.8449671820323
