Q,P,EigValReal,EigValImag,AGPgrad,N,alpha,k,E0,lmd,period
0,0,-0.976789424081024,0.21420182306289,0.633253367630699,4,0.4,1,1,2.54300581378378e-14,9.7981999999905
1.90348459336132,0,-0.976789424081024,-0.21420182306289,0.272428941427651
0.477477860652809,0,0.319073982334795,0.947729810545704,0.234904919699832
0.112710503826289,0,0.319073982334795,-0.947729810545704,-0.378288427347544
0.0245305625311244,0,0.999982073791243,0.00598766199467439,-0.657615613577419
-4.30104595949099e-17,0,0.999982073791243,-0.00598766199467439,-0.404571946501104
,,0.836033121647542,0.548678976732542,0.74787366154774
,,0.836033121647542,-0.548678976732542,-0.0552246934046672
