Q,P,EigValReal,EigValImag,AGPgrad,N,alpha,k,E0,lmd,period
0,0,-1.35956596453517,5.06320299193273,4.37749408791146,4,2.28,1,1,5.9906470259603e-14,7.94119999999483
1.2046194056821,0,-1.35956596453517,-5.06320299193273,1.58428974328165
0.445555216392669,0,4.94034496676999,0,-3.73495321322062
0.231092828880683,0,0.999849581241559,0.0173440160019039,1.70062684205628
0.0970771057933068,0,0.999849581241559,-0.0173440160019039,-0.824505408119648
-1.06530971092277e-17,0,-0.0494667440660122,0.184220680047373,-5.60816855290335
,,-0.0494667440660122,-0.184220680047373,-3.55994897545822
,,0.202415014887902,0,1.7238849885132
