Q,P,EigValReal,EigValImag,AGPgrad,N,alpha,k,E0,lmd,period
0,0,32.8152535008732,0,6.20158204357433,4,2.54999999999999,1,1,5.56926341866059e-13,7.79169999999518
1.14704994241941,0,30.7769624123219,0,0.650323779810598
0.391733408960531,0,1.43423058029054,0,2.00988253818572
0.258272911422389,0,1.01654860223041,0,-8.12476662948558
0.143936792268947,0,0.983720795843669,0,-1.03525467299235
-7.08344861420456e-20,0,0.697237957230469,0,2.04761397400787
,,0.030473633244307,0,-0.0449664704189225
,,0.0324918355036328,0,-10.1715768022764
