Q,P,EigValReal,EigValImag,AGPgrad,N,alpha,k,E0,lmd,period
0,0,2611.28980964922,0,19.4012375753464,4,3.94999999999996,1,1,2.88099728433188e-13,7.21469999999652
1.02351792188109,0,402.606492769649,0,-3.10382574091932
0.263190978322301,0,-0.526424588487542,0.850221825552597,-21.4559801039993
0.26227996145404,0,-0.526424588487542,-0.850221825552597,9.60936150359207
0.254220433504462,0,0.999728808025716,0.0232875588490286,-0.111188273809744
3.42987995433641e-17,0,0.999728808025716,-0.0232875588490286,-12.7841103620617
,,0.00248381488481458,0,-11.5501581710055
,,0.000382952515685792,0,3.81121337810658
