Q,P,EigValReal,EigValImag,AGPgrad,N,alpha,k,E0,lmd,period
0,0,836.514164083759,0,4.00212000011578,2,4.04999999999996,1,1,4.01520623968511e-14,4.7369000000023
0.840574006262045,0,0.999823893410959,0.0187665171098114,-7.78727265415447
0.291665405325126,0,0.999823893410959,-0.0187665171098114,-0.0678586738430591
2.4338228856105e-18,0,0.00119543702048597,0,-4.24166594552693
