Q,P,EigValReal,EigValImag,AGPgrad,N,alpha,k,E0,lmd,period
0,0,20.0376948271451,0,1.23684210558009,2,1.44,1,1,5.48472229365486e-15,5.63170000000021
1.05258925045843,0,0.99999321158842,0.00368466783848282,-0.51368136162114
0.300043581768484,0,0.99999321158842,-0.00368466783848282,-0.639879261061646
-1.07795810332175e-17,0,0.0499059402105038,0,-0.963666256360449
