Q,P,EigValReal,EigValImag,AGPgrad,N,alpha,k,E0,lmd,period
0,0,180.684530247628,0,6.36304143335521,4,2.89999999999998,1,1,1.46243476185522e-13,7.62419999999557
1.10533800619153,0,79.395434816706,0,-0.578240942514954
0.34681813254817,0,0.442435176031043,0.896800487852085,-5.23319607242856
0.262688335922582,0,0.442435176031043,-0.896800487852085,1.75774991561116
0.18780352744007,0,0.99974682151809,0.0225009525252401,-0.41336732431201
1.33820072749191e-17,0,0.99974682151809,-0.0225009525252401,-5.2208185055052
,,0.00553450812092601,0,-4.24027997463034
,,0.0125951826110544,0,0.816365334382286
