Q,P,EigValReal,EigValImag,AGPgrad,N,alpha,k,E0,lmd,period
0,0,38.6506401981388,0,5.25349749529846,4,2.57999999999999,1,1,1.00223819258689e-13,7.77609999999522
1.1431914787201,0,33.8737584214023,0,0.779550499184095
0.387791440430262,0,1.3266061366295,0,3.1035696913853
0.258481554106668,0,0.998639489687512,0.052145657888513,-8.45018942038769
0.148108343435783,0,0.998639489687512,-0.052145657888513,-0.954726564653761
1.26907918083172e-18,0,0.753803236988579,0,3.71598054833373
,,0.0258727926593299,0,0.898146400943741
,,0.0295213772135695,0,-10.1966087777072
