Q,P,EigValReal,EigValImag,AGPgrad,N,alpha,k,E0,lmd,period
0,0,0.99995884173293,0.00907275262235173,0.8857420699118,4,0.830000000000001,1,1,7.04809278165117e-15,9.24739999999179
1.60671478114731,0,0.99995884173293,-0.00907275262235173,-0.525919453705465
0.521928602818758,0,0.270739084593285,0.962652766096667,-0.105663608580828
0.175568471235461,0,0.270739084593285,-0.962652766096667,-0.26180403878964
0.0574975814195455,0,-0.598581428662893,0.801061965930157,0.425741922225382
-2.54163027625179e-17,0,-0.598581428662893,-0.801061965930157,0.611082877416182
,,-0.879466321725606,0.475961121259338,0.296225499432673
,,-0.879466321725606,-0.475961121259338,-0.0606793542369923
