Q,P,EigValReal,EigValImag,AGPgrad,N,alpha,k,E0,lmd,period
0,0,-0.93691444505136,0.349558754223232,8.02041343665206,4,1.14,1,1,1.02918294729316e-14,8.8971999999926
1.47652831690654,0,-0.93691444505136,-0.349558754223232,4.8353438986076
0.514910162995488,0,-0.420679569262902,0.907209292283082,2.33769448250754
0.188739903027323,0,-0.420679569262902,-0.907209292283082,2.98452045716512
0.0777740190930213,0,1.17688412932411,0,-7.79545933212084
-1.54383105874009e-17,0,0.999962526856471,0.00865707126115289,-7.7905263530682
,,0.999962526856471,-0.00865707126115289,-1.35886971343733
,,0.849701321551786,0,0.419695204523643
