Q,P,EigValReal,EigValImag,AGPgrad,N,alpha,k,E0,lmd,period
0,0,256.271755807081,0,2.19960527743478,2,2.72999999999999,1,0.999999999999999,1.121623508595e-13,5.11100000000143
0.918567557613638,0,0.999971387281004,0.00756469558350511,-3.42800133464772
0.303286481314616,0,0.999971387281004,-0.00756469558350511,-0.232987979503705
-6.1570731561197e-19,0,0.00390210773261832,0,-2.50290199671112
