Q,P,EigValReal,EigValImag,AGPgrad,N,alpha,k,E0,lmd,period
0,0,695.785246201738,0,3.62349064328124,2,3.78999999999996,1,1,1.12518741988154e-13,4.80170000000215
0.853495959279267,0,0.999858875968459,0.0167996472345475,-6.88761621242643
0.294126572635122,0,0.999858875968459,-0.0167996472345475,-0.0991586850056913
2.04222661334315e-18,0,0.00143722506990079,0,-3.92081432853682
