Q,P,EigValReal,EigValImag,AGPgrad,N,alpha,k,E0,lmd,period
0,0,17.3071481927279,0,1.24817903161654,2,1.4,1,1,1.21639501639235e-14,5.65140000000017
1.05875039868609,0,0.999957920293187,0.00917374748488899,-0.461892222891857
0.299050736332479,0,0.999957920293187,-0.00917374748488899,-0.68885083362796
-1.14258025737708e-17,0,0.0577795942383959,0,-0.94665603723479
