Q,P,EigValReal,EigValImag,AGPgrad,N,alpha,k,E0,lmd,period
0,0,1539.85580021972,0,15.1721224194403,4,3.66999999999997,1,1,1.40500846330607e-13,7.31379999999629
1.04146984496647,0,286.502476802676,0,-2.25247045920405
0.280338095378027,0,-0.364626267322544,0.931153953534233,-15.9347960631159
0.263330637212809,0,-0.364626267322544,-0.931153953534233,6.46140880957542
0.24245423029646,0,0.999958614278887,0.00909778703545938,-0.220827576216942
3.04982790834234e-17,0,0.999958614278887,-0.00909778703545938,-10.6372988749077
,,0.00064941145847554,0,-9.21639556459406
,,0.00349037122245962,0,2.6025440416689
