Q,P,EigValReal,EigValImag,AGPgrad,N,alpha,k,E0,lmd,period
0,0,-0.958844076565613,0.283933155575436,0.700417542974046,4,0.42,1,1,3.11001540421645e-14,9.77199999999056
1.88487091159528,0,-0.958844076565613,-0.283933155575436,0.223580608178312
0.483564596861824,0,0.277172999674131,0.960820029064577,0.218823899494845
0.117509481852131,0,0.277172999674131,-0.960820029064577,-0.353887694885233
0.0263806019116851,0,0.999999474429043,0.00102525198969204,-0.611016602259257
-4.18398400865872e-17,0,0.999999474429043,-0.00102525198969204,-0.34361754255112
,,0.785298462349346,0.619117375811536,0.678715770821906
,,0.785298462349346,-0.619117375811536,-0.044315043929328
