Q,P,EigValReal,EigValImag,AGPgrad,N,alpha,k,E0,lmd,period
0,0,1447.30502408414,0,14.755414926524,4,3.63999999999997,1,1,6.59581204316112e-13,7.32479999999627
1.04351482366756,0,275.494906132096,0,-2.17042284211668
0.282339612244677,0,-0.344985027246304,0.938608188210808,-15.3997104607698
0.263424249649549,0,-0.344985027246304,-0.938608188210808,6.1729412799719
0.241014847207863,0,0.999968924104992,0.00788357948142679,-0.231186835194148
3.00367000503042e-17,0,0.999968924104992,-0.00788357948142679,-10.4160945512186
,,0.000690939355245166,0,-8.98475258848556
,,0.0036298311794917,0,2.48933874289668
