Q,P,EigValReal,EigValImag,AGPgrad,N,alpha,k,E0,lmd,period
0,0,1636.52849792085,0,15.5957152497082,4,3.69999999999997,1,1,9.46431644915504e-13,7.30289999999632
1.03945026289583,0,297.789313468493,0,-2.33618433834578
0.278370912558155,0,-0.383848014507662,0.923396286416041,-16.4805388530553
0.263232699470517,0,-0.383848014507662,-0.923396286416041,6.75907677047599
0.24385564707078,0,0.999869488235954,0.0161556953847648,-0.210220155604945
3.09483217295821e-17,0,0.999869488235954,-0.0161556953847648,-10.8601105479093
,,0.000611049548430527,0,-9.45152532469749
,,0.00335807886824715,0,2.71893478442071
