Q,P,EigValReal,EigValImag,AGPgrad,N,alpha,k,E0,lmd,period
0,0,680.313366045567,0,3.5800848755171,2,3.75999999999996,1,1,2.51571270674431e-13,4.80940000000213
0.855048791717961,0,0.999907577698165,0.0135954427032535,-6.78411351299502
0.294409388115166,0,0.999907577698165,-0.0135954427032535,-0.102791154045882
1.99242299010451e-18,0,0.00146991085287034,0,-3.8827894823038
