Q,P,EigValReal,EigValImag,AGPgrad,N,alpha,k,E0,lmd,period
0,0,0.999971545051772,0.00754381115579892,0.303734645766961,2,0.7,1,1,1.74750635908674e-14,6.03099999999928
1.21345823207319,0,0.999971545051772,-0.00754381115579892,0.0179626851482458
0.246768854710742,0,-0.989419089689321,0.145085715900554,0.088325777633434
-3.34541962119717e-17,0,-0.989419089689321,-0.145085715900554,0.208616305386511
