Q,P,EigValReal,EigValImag,AGPgrad,N,alpha,k,E0,lmd,period
0,0,96.6035237648304,0,1.52482810799744,2,2.07,1,1,4.98628425216163e-14,5.35230000000086
0.97523057289606,0,0.999967710699187,0.00803601636627279,-1.66945984783028
0.305981924835423,0,0.999967710699187,-0.00803601636627279,-0.344198918677511
-4.0503225818374e-18,0,0.0103515892695272,0,-1.61182762138399
