Q,P,EigValReal,EigValImag,AGPgrad,N,alpha,k,E0,lmd,period
0,0,1159.60540182646,0,4.78264319091478,2,4.57999999999995,1,1,5.25058039877918e-13,4.61530000000258
0.81682237360353,0,0.999921364426815,0.0125405327925272,-9.627118955802
0.286671055686507,0,0.999921364426815,-0.0125405327925272,-0.00498523904853131
3.05380573868694e-18,0,0.000862362314487379,0,-4.8512778536427
