Q,P,EigValReal,EigValImag,AGPgrad,N,alpha,k,E0,lmd,period
0,0,-0.563050978180066,0.826422165706148,0.094277610133748,5,0.02,1,1,6.67653616219154e-15,12.1357999999851
2.72711135857549,0,-0.563050978180066,-0.826422165706148,0.0208707569844138
0.0741990760304835,0,0.908392396086855,0.418118708899231,-0.0493341319553194
0.00178105634218034,0,0.908392396086855,-0.418118708899231,0.0223663701012182
3.80624505075255e-05,0,-0.117019710453121,0.993129592432664,0.0806165128808734
8.49531980845475e-07,0,-0.117019710453121,-0.993129592432664,-1.89118996008894
8.54826402562139e-16,0,-0.117889510325608,0.993026718349103,-1.82871678335076
,,-0.117889510325608,-0.993026718349103,0.0604489835163464
,,0.999999986315083,0.000165438246330018,1.83793223216323
,,0.999999986315083,-0.000165438246330018,1.78600466316709
