Q,P,EigValReal,EigValImag,AGPgrad,N,alpha,k,E0,lmd,period
0,0,-1.51430342600371,4.93178146785653,4.73477874807318,4,2.27,1,1,7.43853482666898e-14,7.94759999999482
1.20670983779126,0,-1.51430342600371,-4.93178146785653,1.83468184480495
0.446903471101905,0,4.54664340392878,0,-4.08617138073933
0.230354202666213,0,0.999849841264575,0.0173290196843016,1.74800343363827
0.0960748215094997,0,0.999849841264575,-0.0173290196843016,-0.918891879176813
-1.08695828535233e-17,0,-0.0568953687097941,0.185296764302055,-6.38650902174946
,,-0.0568953687097941,-0.185296764302055,-3.94176437834182
,,0.219942474295621,0,1.76581837520589
