Q,P,EigValReal,EigValImag,AGPgrad,N,alpha,k,E0,lmd,period
0,0,76.7013900236634,0,1.43251891553306,2,1.95,1,1,4.94577662057763e-15,5.40140000000075
0.987707630794728,0,0.999976698734422,0.00682656489168256,-1.40368320680441
0.305813090117932,0,0.999976698734422,-0.00682656489168256,-0.373449447340867
-4.9683255432966e-18,0,0.0130375733699188,0,-1.46172602313076
