Q,P,EigValReal,EigValImag,AGPgrad,N,alpha,k,E0,lmd,period
0,0,1069.85816245236,0,4.5766246620217,2,4.43999999999995,1,1,1.04505861751412e-13,4.64620000000251
0.822793782245007,0,0.999767328940066,0.0215705350945533,-9.14312097990489
0.287981051505387,0,0.999767328940066,-0.0215705350945533,-0.021449178254329
2.90946702132405e-18,0,0.000934703342436075,0,-4.69668665722999
