Q,P,EigValReal,EigValImag,AGPgrad,N,alpha,k,E0,lmd,period
0,0,41.384137567842,0,1.2763217420404,2,1.68,1,1,1.86911805260406e-13,5.51880000000048
1.01927361281569,0,0.999916158059762,0.0129490096536632,-0.881292762947504
0.304056552979861,0,0.999916158059762,-0.0129490096536632,-0.46812424029783
-7.57278676336894e-18,0,0.0241638477632097,0,-1.1569629971869
