Q,P,EigValReal,EigValImag,AGPgrad,N,alpha,k,E0,lmd,period
0,0,392.03607386873,0,2.69090963417256,2,3.11999999999998,1,1,1.63141134536587e-13,4.98770000000171
0.891833490004922,0,0.999851636741499,0.0172251126287408,-4.64101548877359
0.300227305258816,0,0.999851636741499,-0.0172251126287408,-0.181693083917589
6.25628084998285e-19,0,0.00255078567107046,0,-3.03961924380022
