Q,P,EigValReal,EigValImag,AGPgrad,N,alpha,k,E0,lmd,period
0,0,0.999975388182644,0.00701591255395804,0.286303486336409,2,0.73,1,1,3.31883054866882e-15,6.01389999999932
1.20428049279397,0,0.999975388182644,-0.00701591255395804,0.012448367913151
0.251435004925038,0,-0.960557345925204,0.278081975663864,0.137577969361903
-3.18155233346802e-17,0,-0.960557345925204,-0.278081975663864,0.214545841300918
