Q,P,EigValReal,EigValImag,AGPgrad,N,alpha,k,E0,lmd,period
0,0,11.3377933110018,0,2.46560981151861,4,2.38999999999999,1,1,9.09990775313075e-14,7.87469999999499
1.18099646391186,0,1.90809389045988,6.1903406041508,0.406583533752968
0.427194809617478,0,1.90809389045988,-6.1903406041508,-2.0070717735801
0.241018927356096,0,0.999804021240565,0.0197969470149311,1.65803572541764
0.111958870304151,0,0.999804021240565,-0.0197969470149311,-0.372001628594326
-7.41081998687965e-18,0,0.0454728811426141,0.14752556146874,-1.53340221080389
,,0.0454728811426141,-0.14752556146874,-1.83735279479971
,,0.0882005847671659,0,1.69900137614245
