Q,P,EigValReal,EigValImag,AGPgrad,N,alpha,k,E0,lmd,period
0,0,538.46564226972,0,9.69828661557214,4,3.22999999999998,1,1,1.77769984170862e-13,7.4834999999959
1.07450013160359,0,150.211337158072,0,-1.19982802826784
0.313777455362284,0,-0.00732322742789204,0.999973184810671,-9.08742295539858
0.264060055741954,0,-0.00732322742789204,-0.999973184810671,3.1039570322875
0.216667515240744,0,0.999827307323337,0.0185837436968281,-0.34937881170829
2.23171020155017e-17,0,0.999827307323337,-0.0185837436968281,-7.51760567235671
,,0.00185712870339011,0,-6.14549236051858
,,0.00665728711954243,0,1.27049908465971
