Q,P,EigValReal,EigValImag,AGPgrad,N,alpha,k,E0,lmd,period
0,0,-0.662074745816694,0.749437809929387,0.27710285495698,2,0.43,1,1,4.75288197642726e-15,6.17629999999894
1.30810084675706,0,-0.662074745816694,-0.749437809929387,0.0328178574537446
0.183822269176291,0,0.999995230442822,0.00308854198679824,-0.180119546781691
-5.34978217854551e-17,0,0.999995230442822,-0.00308854198679824,0.257430283271589
