Q,P,EigValReal,EigValImag,AGPgrad,N,alpha,k,E0,lmd,period
0,0,539.782003865566,0,3.16764744808433,2,3.46999999999997,1,1,3.26961863264125e-13,4.88680000000195
0.870794813262741,0,0.99997736802354,0.00672781096881168,-5.79608370254751
0.29711246319449,0,0.99997736802354,-0.00672781096881168,-0.138128522750789
1.45246318569217e-18,0,0.00185259973913803,0,-3.50826907790518
