Q,P,EigValReal,EigValImag,AGPgrad,N,alpha,k,E0,lmd,period
0,0,-1.56367720772425,1.97614175495884,-0.313423929143265,4,2.04,1,1,6.10049810657938e-14,8.10589999999445
1.25208372758663,0,-1.56367720772425,-1.97614175495884,-2.92982156489701
0.468097995551773,0,0.999735862004567,0.0229827374778537,3.01418001176956
0.220513845537102,0,0.999735862004567,-0.0229827374778537,0.0351455252369646
0.0821911801233114,0,0.0432221853178241,0.999065484688772,0.382960290306199
-1.43634404090165e-17,0,0.0432221853178241,-0.999065484688772,4.88157667335447
,,-0.246239745435661,0.311192514850365,3.15750640724156
,,-0.246239745435661,-0.311192514850365,-0.151498111641657
