Q,P,EigValReal,EigValImag,AGPgrad,N,alpha,k,E0,lmd,period
0,0,212.326100632625,0,2.02614207743551,2,2.57999999999999,1,1,1.39196651970773e-13,5.16200000000131
0.929993666072327,0,0.999894516770258,0.0145243014573771,-2.990938203121
0.304262271937757,0,0.999894516770258,-0.0145243014573771,-0.254312506587651
-1.21661062141352e-18,0,0.00470973656579871,0,-2.29590555342836
