Q,P,EigValReal,EigValImag,AGPgrad,N,alpha,k,E0,lmd,period
0,0,72.1452197517918,0,1.41138826946804,2,1.92,1,1,1.32201070857123e-14,5.41400000000072
0.990962600048485,0,0.999921703183119,0.0125134928528227,-1.34040020435732
0.305720993191608,0,0.999921703183119,-0.0125134928528227,-0.381647676424794
-5.21800334011064e-18,0,0.0138609322063377,0,-1.42537495342179
