Q,P,EigValReal,EigValImag,AGPgrad,N,alpha,k,E0,lmd,period
0,0,20.7568826050382,0,1.23516124873641,2,1.45,1,1,1.79565856033076e-14,5.62690000000022
1.05107907681242,0,0.999910720339583,0.0133623108020967,-0.527100733178042
0.300274858410761,0,0.999910720339583,-0.0133623108020967,-0.629049864800358
-1.06237469255227e-17,0,0.0481767912373092,0,-0.968974661558177
