Q,P,EigValReal,EigValImag,AGPgrad,N,alpha,k,E0,lmd,period
0,0,11.9452276785512,0,1.31373950401379,2,1.31,1,0.999999999999999,2.93751582706278e-14,5.69660000000006
1.07336728567967,0,0.999905388285854,0.0137555253228404,-0.355545600445834
0.296376249387435,0,0.999905388285854,-0.0137555253228404,-0.849861399581939
-1.30265887273205e-17,0,0.0837154407525596,0,-0.942653038633059
