Q,P,EigValReal,EigValImag,AGPgrad,N,alpha,k,E0,lmd,period
0,0,18.6305665317028,0,2.5345068201505,4,2.46999999999999,1,1,3.47554090942345e-13,7.83079999999509
1.16467429193772,0,6.68881052776744,3.87573209838609,0.176930765755943
0.411473071176706,0,6.68881052776744,-3.87573209838609,-1.9060207310805
0.248287981011837,0,0.999982513433137,0.00591378287231255,1.64224114879274
0.126098838954262,0,0.999982513433137,-0.00591378287231255,-0.359404791156844
-4.05599336585356e-18,0,0.111925104662753,0.0648533426020783,-1.45716555115655
,,0.111925104662753,-0.0648533426020783,-1.9301461951213
,,0.0536752330262411,0,1.5640386025053
