Q,P,EigValReal,EigValImag,AGPgrad,N,alpha,k,E0,lmd,period
0,0,-0.7668970761536,0.641770110387719,0.274381289223993,4,0.07,1,1,1.35495613271181e-14,10.1483999999897
2.26034665324553,0,-0.7668970761536,-0.641770110387719,-0.0641282545036678
0.153133319204101,0,0.797641448212847,0.603131925943987,-0.0405389062336635
0.0086613031766834,0,0.797641448212847,-0.603131925943987,0.182084566849805
0.000436526292552808,0,0.902995100942614,0.429650843911259,-1.33709591633632
-7.7612119534477e-17,0,0.902995100942614,-0.429650843911259,-0.638284457093067
,,0.999999755707916,0.000698987934604005,0.774631360162396
,,0.999999755707916,-0.000698987934604005,1.15201339278002
