Q,P,EigValReal,EigValImag,AGPgrad,N,alpha,k,E0,lmd,period
0,0,84.6774143647359,0,1.46957901849526,2,2,1,1,1.83077118658573e-14,5.3808000000008
0.982406383206713,0,0.999865049429846,0.0164281139716871,-1.51221009012836
0.305920300774943,0,0.999865049429846,-0.0164281139716871,-0.360633227655201
-4.57075975458612e-18,0,0.0118095245053483,0,-1.52360797230674
