Q,P,EigValReal,EigValImag,AGPgrad,N,alpha,k,E0,lmd,period
0,0,-0.573970532519837,0.818875953853137,0.253283979101077,2,0.39,1,1,3.79670898280419e-15,6.1948999999989
1.32318784747057,0,-0.573970532519837,-0.818875953853137,0.0316278589173987
0.170527037793684,0,0.999991565530546,0.00410717271966709,-0.206703803739343
-5.73846670505151e-17,0,0.999991565530546,-0.00410717271966709,0.271540763019486
