Q,P,EigValReal,EigValImag,AGPgrad,N,alpha,k,E0,lmd,period
0,0,808.545734576795,0,3.92906043843695,2,3.99999999999996,1,1,1.49809889717833e-13,4.74910000000227
0.84298753098994,0,0.999777262008053,0.0211051266638344,-7.61409324235631
0.292139410388375,0,0.999777262008053,-0.0211051266638344,-0.0738526094270984
2.36371818793582e-18,0,0.00123678841974019,0,-4.18121262723349
