Q,P,EigValReal,EigValImag,AGPgrad,N,alpha,k,E0,lmd,period
0,0,-0.854592985324135,0.519298401147931,0.872230542266284,4,0.49,1,1,2.98627114888531e-14,9.67999999999078
1.82425685155584,0,-0.854592985324135,-0.519298401147931,0.0887196654167172
0.499806860157028,0,0.125720523160966,0.992065698457583,0.175173511364326
0.132466496366975,0,0.125720523160966,-0.992065698457583,-0.299628898116668
0.0326613605844306,0,0.999991911480514,0.00402206085804829,-0.4587169919929
-3.81366281548867e-17,0,0.999991911480514,-0.00402206085804829,-0.176603418210498
,,0.554790997127152,0.831989753246199,0.512155652090163
,,0.554790997127152,-0.831989753246199,-0.020806505681512
