Q,P,EigValReal,EigValImag,AGPgrad,N,alpha,k,E0,lmd,period
0,0,10.89359720717,0,1.34010687596929,2,1.29,1,1,1.83530418779991e-14,5.70680000000004
1.07676808943686,0,0.99990713030318,0.0136283076289273,-0.333849745358131
0.295689155956487,0,0.99990713030318,-0.0136283076289273,-0.90106710214297
-1.34127854670071e-17,0,0.0917970419671175,0,-0.951821304780579
