Q,P,EigValReal,EigValImag,AGPgrad,N,alpha,k,E0,lmd,period
0,0,-0.705640109368799,0.708570417142847,0.28740782210623,2,0.45,1,1,4.05484926285265e-16,6.16659999999897
1.30055620446405,0,-0.705640109368799,-0.708570417142847,0.0332394852442018
0.190045126276585,0,0.999990948490519,0.0042547546386003,-0.16598415031289
-5.16444161011157e-17,0,0.999990948490519,-0.0042547546386003,0.250602779984982
