Q,P,EigValReal,EigValImag,AGPgrad,N,alpha,k,E0,lmd,period
0,0,163.190301447435,0,1.82168824680524,2,2.38999999999999,1,1,9.32256224024181e-14,5.22970000000115
0.945573822770755,0,0.999839315621737,0.0179260407583102,-2.46615004089558
0.305251740729626,0,0.999839315621737,-0.0179260407583102,-0.283670168344134
-2.10832462870443e-18,0,0.00612781514003664,0,-2.03571623036287
