Q,P,EigValReal,EigValImag,AGPgrad,N,alpha,k,E0,lmd,period
0,0,389.266541532233,0,8.524759403353,4,3.11999999999998,1,1,1.9623002177056e-13,7.52899999999579
1.08402745715892,0,123.910869010705,0,-0.980183544707618
0.323824042962916,0,0.116152467360763,0.993231395155573,-7.68942958014443
0.263898614587896,0,0.116152467360763,-0.993231395155573,2.54490845664736
0.208224323968664,0,0.999734528158971,0.0230406858971431,-0.374151478875737
1.96768114411577e-17,0,0.999734528158971,-0.0230406858971431,-6.76195079281884
,,0.00256893386257774,0,-5.47837372349893
,,0.00807031705937101,0,1.05721127356121
