Q,P,EigValReal,EigValImag,AGPgrad,N,alpha,k,E0,lmd,period
0,0,63.5144906003526,0,1.37164469264376,2,1.86,1,1,7.01311643648003e-13,5.43950000000066
0.997648558177858,0,0.999883378887253,0.0152718245485708,-1.21758944012084
0.305468468646996,0,0.999883378887253,-0.0152718245485708,-0.399393486632431
-5.74429837189218e-18,0,0.0157444386398969,0,-1.354171257636
