Q,P,EigValReal,EigValImag,AGPgrad,N,alpha,k,E0,lmd,period
0,0,135.108945472705,0,5.71393651834402,4,2.82999999999998,1,1,7.09657045160659e-13,7.6557999999955
1.11294979047172,0,67.3014531218349,0,-0.457624337329202
0.355169979151191,0,0.581196651250172,0.813763142798617,-4.54189618898746
0.261892525622633,0,0.581196651250172,-0.813763142798617,1.60424294768618
0.180052085998838,0,0.999732528733243,0.0231272781104136,-0.421654490472278
1.10348012507821e-17,0,0.999732528733243,-0.0231272781104136,-4.7024983900179
,,0.00740143442384326,0,-3.86569032301999
,,0.0148585201895297,0,0.806205754226157
