Q,P,EigValReal,EigValImag,AGPgrad,N,alpha,k,E0,lmd,period
0,0,4.80936696857225,0,1.92378863809465,2,1.15,1,1,6.84864867439211e-15,5.77989999999987
1.10233666908329,0,0.999921326839853,0.0125435294406873,-0.20275368563047
0.289729849014302,0,0.999921326839853,-0.0125435294406873,-1.7982020455578
-1.64846709744002e-17,0,0.207927572700278,0,-1.35266216508123
