Q,P,EigValReal,EigValImag,AGPgrad,N,alpha,k,E0,lmd,period
0,0,0.999970030742939,0.00774193877296886,1.01558164680018,4,0.6,1,1,1.69387485204737e-13,9.53599999999111
1.74165176879472,0,0.999970030742939,-0.00774193877296886,-0.0865669855983535
0.514194712509157,0,-0.564947985950165,0.825126519493124,0.110155941918211
0.150977455502895,0,-0.564947985950165,-0.825126519493124,-0.252531571592564
0.0417247567279316,0,-0.119262976657612,0.992862700678577,-0.224171573470665
-3.32736144207526e-17,0,-0.119262976657612,-0.992862700678577,0.0347271380971954
,,0.0609027623032194,0.998143703854223,0.369258743862905
,,0.0609027623032194,-0.998143703854223,-0.00450303089218787
