Q,P,EigValReal,EigValImag,AGPgrad,N,alpha,k,E0,lmd,period
0,0,-0.784534702923458,0.620084913466533,0.365859234257407,4,0.09,1,1,1.77371960470065e-14,10.1371999999897
2.24376084474618,0,-0.784534702923458,-0.620084913466533,-0.0927786220371335
0.192073194860776,0,0.785416808599357,0.618967234003211,-0.0520410559286776
0.0137950260850636,0,0.785416808599357,-0.618967234003211,0.219095043848458
0.000884271379913759,0,0.914634709077374,0.404281274548967,-1.28744340680278
-7.41840164686623e-17,0,0.914634709077374,-0.404281274548967,-0.545614486926654
,,0.999999283296483,0.00119724956055141,0.699259920808147
,,0.999999283296483,-0.00119724956055141,1.06850376620871
