Q,P,EigValReal,EigValImag,AGPgrad,N,alpha,k,E0,lmd,period
0,0,427.691425674765,0,2.81071880449695,2,3.20999999999998,1,1,6.63989887115173e-14,4.96090000000178
0.886185489372173,0,0.999928731476201,0.0119386753283722,-4.9329097643138
0.299449542909123,0,0.999928731476201,-0.0119386753283722,-0.170350174336785
8.59994961685494e-19,0,0.00233813431724915,0,-3.16151090754704
