Q,P,EigValReal,EigValImag,AGPgrad,N,alpha,k,E0,lmd,period
0,0,-1.34495929703007,1.07862254639292,1.53372411851028,4,1.9,1,1,2.32511300189256e-14,8.2104999999942
1.27967875263419,0,-1.34495929703007,-1.07862254639292,-1.41951571282224
0.476707705456806,0,-0.452491418566743,0.36288640644607,1.33465295513596
0.218141683911016,0,-0.452491418566743,-0.36288640644607,0.405327639586986
0.0770326317593676,0,0.734229484463097,0.678901365549633,-0.269349259305903
-1.6239871881935e-17,0,0.734229484463097,-0.678901365549633,1.04378416042154
,,0.999923323406926,0.0123833479639727,1.06538934214041
,,0.999923323406926,-0.0123833479639727,0.206867242357934
