Q,P,EigValReal,EigValImag,AGPgrad,N,alpha,k,E0,lmd,period
0,0,1878.17263064018,0,16.6109133459271,4,3.76999999999996,1,1,9.70770816659432e-13,7.27769999999638
1.0348326160947,0,325.159211421619,0,-2.53828945006933
0.273908892350893,0,-0.426646010139044,0.904418698403675,-17.7956502682375
0.262988832655224,0,-0.426646010139044,-0.904418698403675,7.4897526961387
0.246985281573575,0,0.999846544943977,0.0175181781444538,-0.184432763908978
3.19557401182088e-17,0,0.999846544943977,-0.0175181781444538,-11.386334297913
,,0.00307541648727788,0,-10.0137740429978
,,0.000532432420856549,0,3.00272724587574
