Q,P,EigValReal,EigValImag,AGPgrad,N,alpha,k,E0,lmd,period
0,0,0.999914452345393,0.0130800608110456,0.362190676071934,4,0.950000000000001,1,1,1.96142892929499e-14,9.10629999999212
1.5509157849356,0,0.999914452345393,-0.0130800608110456,-0.995929472435672
0.520371488799518,0,0.686067452940608,0.727537937165901,-0.356837187896355
0.183140302305904,0,0.686067452940608,-0.727537937165901,-0.439005889349132
0.0646767822869338,0,-0.820927061743045,0.571033063226587,1.16084334080033
-2.19049390928545e-17,0,-0.820927061743045,-0.571033063226587,1.33767796643014
,,-0.981587835328845,0.191011312582373,0.400750621437704
,,-0.981587835328845,-0.191011312582373,-0.185277741659058
