Q,P,EigValReal,EigValImag,AGPgrad,N,alpha,k,E0,lmd,period
0,0,1330.06506712649,0,14.2102904199754,4,3.59999999999997,1,1,2.85226985123436e-13,7.33959999999623
1.04628231052575,0,261.234520459879,0,-2.0635752846652
0.285063501258123,0,-0.318008497629654,0.948087862717299,-14.7025507427285
0.26354182832251,0,-0.318008497629654,-0.948087862717299,5.80241656008869
0.239034197641682,0,0.99994034360773,0.0109228763039603,-0.244614483408599
2.94025980829128e-17,0,0.99994034360773,-0.0109228763039603,-10.1235236993834
,,0.000751842917270712,0,-8.68122251997424
,,0.00382797801271303,0,2.3433415221915
