Q,P,EigValReal,EigValImag,AGPgrad,N,alpha,k,E0,lmd,period
0,0,8.93404827351192,0,1.41479084681936,2,1.25,1,1,2.17178775202047e-14,5.72729999999999
1.0837490035643,0,0.999986079036795,0.00527652656772747,-0.292591056101493
0.294201498029366,0,0.999986079036795,-0.00527652656772747,-1.03273104870361
-1.42219257437283e-17,0,0.111931340573229,0,-0.988732482951711
