Q,P,EigValReal,EigValImag,AGPgrad,N,alpha,k,E0,lmd,period
0,0,7.58592892438377,0,1.49968630486552,2,1.22,1,1,2.99688659070228e-14,5.74289999999995
1.08914888622231,0,0.999984700529888,0.00553160972810255,-0.263583059481815
0.29297920060583,0,0.999984700529888,-0.00553160972810255,-1.17035643563026
-1.48629922093541e-17,0,0.131823012048782,0,-1.04088555097254
