Q,P,EigValReal,EigValImag,AGPgrad,N,alpha,k,E0,lmd,period
0,0,12.1354150633255,0,2.42030697388885,4,2.39999999999999,1,1,5.78836602593087e-14,7.868999999995
1.17886606246622,0,2.38095114171394,6.18284694353722,0.36658431828014
0.425264491524663,0,2.38095114171394,-6.18284694353722,-1.95669924866361
0.2419924365537,0,0.999887343954081,0.0150099766986346,1.66399075036803
0.113637066252768,0,0.999887343954081,-0.0150099766986346,-0.36241571837121
-7.02936861991136e-18,0,0.0542400830090462,0.140850488518504,-1.43034054913985
,,0.0542400830090462,-0.140850488518504,-1.81093126110655
,,0.0824034443636558,0,1.6964716430417
