Q,P,EigValReal,EigValImag,AGPgrad,N,alpha,k,E0,lmd,period
0,0,-1.00000280277843,0.663055715588419,-2.07774998708065,4,1.06,1,1,1.39137321090763e-14,8.9830999999924
1.5060991131294,0,-1.00000280277843,-0.663055715588419,-2.810264352671
0.517452645775185,0,-0.694615950653171,0.460567785350025,-1.28158014750338
0.18750446819006,0,-0.694615950653171,-0.460567785350025,-1.43931754635884
0.0715268978179172,0,0.938223924387521,0.346028709367999,4.03348237686576
-1.85350926309723e-17,0,0.938223924387521,-0.346028709367999,4.2942987415989
,,0.999891674812024,0.0147186494501563,0.980004396182687
,,0.999891674812024,-0.0147186494501563,-0.577269260557725
