Q,P,EigValReal,EigValImag,AGPgrad,N,alpha,k,E0,lmd,period
0,0,1273.00188763162,0,5.03314452459062,2,4.74999999999994,1,1,4.47676673750908e-13,4.57900000000267
0.809832966399021,0,0.999871443196118,0.0160342471331454,-10.2142415525333
0.285093828140329,0,0.999871443196118,-0.0160342471331454,0.0148817366142256
3.21343819005604e-18,0,0.000785544790308577,0,-5.03418183036766
