Q,P,EigValReal,EigValImag,AGPgrad,N,alpha,k,E0,lmd,period
0,0,2565.92094496842,0,19.239034969944,4,3.93999999999996,1,1,2.88036840322194e-13,7.21809999999652
1.02412683500116,0,398.005190786786,0,-3.07060112035554
0.26375985085598,0,-0.521102832495561,0.853493900358247,-21.2415686658443
0.262321969718291,0,-0.521102832495561,-0.853493900358247,9.48210148478413
0.253846556652843,0,0.999854705770825,0.0170460360641735,-0.115524594058445
3.41771882189099e-17,0,0.999854705770825,-0.0170460360641735,-12.7045618356016
,,0.00251253004532545,0,-11.4611979377036
,,0.000389723621484188,0,3.76324124664748
