Q,P,EigValReal,EigValImag,AGPgrad,N,alpha,k,E0,lmd,period
0,0,16.6280860838286,0,2.43898100122168,4,2.44999999999999,1,1,6.35831724123528e-14,7.84149999999506
1.16857453165711,0,5.27267193061753,5.20903024930639,0.22110519650554
0.41540681959696,0,5.27267193061753,-5.20903024930639,-1.87427824110219
0.246618331142517,0,0.999876722618271,0.0157015784586432,1.65970923287192
0.122469259991199,0,0.999876722618271,-0.0157015784586432,-0.35280362799437
-4.94776263742353e-18,0,0.0959800792029941,0.0948215899790101,-1.3478453008211
,,0.0959800792029941,-0.0948215899790101,-1.85600642907312
,,0.0601392123518847,0,1.62030172380855
