Q,P,EigValReal,EigValImag,AGPgrad,N,alpha,k,E0,lmd,period
0,0,201.357807165664,0,1.98149658568251,2,2.53999999999999,1,1,1.05648811194881e-13,5.17590000000128
0.933165299937526,0,0.999976121337162,0.00691062625979412,-2.87736736555975
0.304496117189443,0,0.999976121337162,-0.00691062625979412,-0.260237678786683
-1.39125894760263e-18,0,0.00496628372189109,0,-2.2406650567203
