Q,P,EigValReal,EigValImag,AGPgrad,N,alpha,k,E0,lmd,period
0,0,123.266664208052,0,1.64640434606835,2,2.21,1,1,4.21385393206086e-14,5.29720000000099
0.961664572435706,0,0.999975681658437,0.00697395810892966,-2.00306877924046
0.305841256518216,0,0.999975681658437,-0.00697395810892966,-0.315357299905438
-3.12097617020593e-18,0,0.00811249340116549,0,-1.79390721623194
