Q,P,EigValReal,EigValImag,AGPgrad,N,alpha,k,E0,lmd,period
0,0,0.99999643074373,0.00267179710872422,0.477082787244813,4,2,1,1,4.30038916990626e-14,8.13509999999438
1.25986001408539,0,0.99999643074373,-0.00267179710872422,-2.28393918050372
0.470723605918135,0,-1.03167590423122,1.2408913702871,2.2300166418596
0.219672909821609,0,-1.03167590423122,-1.2408913702871,0.199495744508545
0.0806458064960463,0,-0.212494544775944,0.977162252873337,0.128184356776065
-1.4879968667403e-17,0,-0.212494544775944,-0.977162252873337,3.18989240452419
,,-0.396163562809173,0.476502304934808,2.23709165019135
,,-0.396163562809173,-0.476502304934808,0.00864564804941408
