Q,P,EigValReal,EigValImag,AGPgrad,N,alpha,k,E0,lmd,period
0,0,-0.122347242943314,0.992487356163389,0.0203558680619938,2,0.06,1,1,8.17179926527623e-15,6.2812999999987
1.41167333420247,0,-0.122347242943314,-0.992487356163389,0.011947342797226
0.0282770222443959,0,0.999999972998804,0.000232384154805277,-0.328467182428101
-9.38144036381019e-17,0,0.999999972998804,-0.000232384154805277,0.335593235053916
