Q,P,EigValReal,EigValImag,AGPgrad,N,alpha,k,E0,lmd,period
0,0,-0.714989478519789,0.699135212677789,0.966390312155844,4,0.55,1,1,9.16157315936143e-14,9.60119999999096
1.77744541580722,0,-0.714989478519789,-0.699135212677789,-0.00851113782510038
0.508969765469489,0,0.999975513311618,0.00699805524178148,0.140928393696281
0.143242341198219,0,0.999975513311618,-0.00699805524178148,-0.270511518678972
0.0377370632731795,0,-0.00767041562132226,0.999970581929388,-0.332014202273951
-3.53619549063367e-17,0,-0.00767041562132226,-0.999970581929388,-0.0589195439952805
,,0.300957701761666,0.953637489694254,0.422172097484701
,,0.300957701761666,-0.953637489694254,-0.00936891968996575
