Q,P,EigValReal,EigValImag,AGPgrad,N,alpha,k,E0,lmd,period
0,0,-0.125957530771165,0.992035634663398,0.0247361130522914,2,0.07,1,1,1.91823619806816e-15,6.2805999999987
1.41075881335635,0,-0.125957530771165,-0.992035634663398,0.0133112633154073
0.0329856694748987,0,0.999999982899113,0.000184937154634223,-0.327333302252163
-9.27509674950099e-17,0,0.999999982899113,-0.000184937154634223,0.33570949889151
