Q,P,EigValReal,EigValImag,AGPgrad,N,alpha,k,E0,lmd,period
0,0,5.80567557242884,0,3.79576503513775,4,2.29999999999999,1,1,4.24983252912569e-14,7.92859999999486
1.20039431276181,0,-0.990874103081457,5.32718094817306,1.19896607175189
0.442696071260715,0,-0.990874103081457,-5.32718094817306,-3.18640672633192
0.232670234832093,0,0.999737111444281,0.0229283231185608,1.64341290737136
0.0992480901550923,0,0.999737111444281,-0.0229283231185608,-0.675245815762682
-1.01869946793058e-17,0,-0.0337483267256708,0.181439238957454,-4.34963559169986
,,-0.0337483267256708,-0.181439238957454,-2.96786248197386
,,0.172245243042728,0,1.67812162800658
