Q,P,EigValReal,EigValImag,AGPgrad,N,alpha,k,E0,lmd,period
0,0,0.999905469368969,0.0137496300322047,0.739092857859381,4,0.880000000000001,1,1,1.11550136954608e-14,9.18779999999193
1.58247641584907,0,0.999905469368969,-0.0137496300322047,-0.676900589906581
0.521557438615954,0,0.456533215574479,0.889706369021384,-0.186434421839656
0.179086347773627,0,0.456533215574479,-0.889706369021384,-0.306102649253537
0.0605221488843719,0,-0.690343335345472,0.723481913626093,0.659207587900432
-2.39378386633061e-17,0,-0.690343335345472,-0.723481913626093,0.836044090228561
,,-0.974606103356726,0.223926200565741,0.320261935236772
,,-0.974606103356726,-0.223926200565741,-0.0994401492734857
