Q,P,EigValReal,EigValImag,AGPgrad,N,alpha,k,E0,lmd,period
0,0,-0.931487809426315,0.363772540044106,1.80674337043812,4,0.22,1,1,6.1687512157715e-15,10.01999999999
2.09783741929824,0,-0.931487809426315,-0.363772540044106,-1.15971181567441
0.372459129617784,0,0.643503945735624,0.765442794611519,-0.498838902916921
0.0581465336679259,0,0.643503945735624,-0.765442794611519,1.10146182312019
0.00821378604042844,0,0.99999368845747,0.00355289251362946,-0.691624334280393
-5.70408274527174e-17,0,0.99999368845747,-0.00355289251362946,0.916209412838248
,,0.994805399545,0.101794975495523,-1.14952350466466
,,0.994805399545,-0.101794975495523,1.18901937829619
