Q,P,EigValReal,EigValImag,AGPgrad,N,alpha,k,E0,lmd,period
0,0,-0.991950438505284,0.126626725256459,-0.132062999397714,4,0.3,1,1,7.63154842510705e-15,9.92569999999021
2.00577905024623,0,-0.991950438505284,-0.126626725256459,0.890689462401222
0.433060435956956,0,0.513226345550686,0.858253294915136,0.479958756995323
0.0848729639725202,0,0.513226345550686,-0.858253294915136,-0.83087354700452
0.015181555367775,0,0.999995397227922,0.00303406047922152,-0.98805704385391
-4.98644196090186e-17,0,0.999995397227922,-0.00303406047922152,-1.12870686035782
,,0.98457598406277,0.174957513719258,1.68776442746779
,,0.98457598406277,-0.174957513719258,-0.313373804481854
