Q,P,EigValReal,EigValImag,AGPgrad,N,alpha,k,E0,lmd,period
0,0,-0.195994926460639,0.980604909635729,0.0841427337017617,2,0.17,1,1,3.1951885372989e-15,6.26729999999873
1.39421190152189,0,-0.195994926460639,-0.980604909635729,0.0215756300246984
0.0796921378752194,0,0.9999997944514,0.000641168574477785,-0.308593078538743
-8.16738730556771e-17,0,0.9999997944514,-0.000641168574477785,0.330972515046616
