Q,P,EigValReal,EigValImag,AGPgrad,N,alpha,k,E0,lmd,period
0,0,6.33598244764503,0,1.62643368753756,2,1.19,1,1,1.21701969219348e-15,5.75869999999992
1.09469685502705,0,0.999928770222029,0.011935429705451,-0.236292792284069
0.29165805157832,0,0.999928770222029,-0.011935429705451,-1.36466822234596
-1.55354970210376e-17,0,0.157828720054559,0,-1.1283408874602
