Q,P,EigValReal,EigValImag,AGPgrad,N,alpha,k,E0,lmd,period
0,0,241.128704692663,0,2.14077077886246,2,2.67999999999999,1,1,2.15472720477749e-14,5.12780000000139
0.922297360739106,0,0.999889414568933,0.0148714031935834,-3.28043395068155
0.303627668326267,0,0.999889414568933,-0.0148714031935834,-0.23995741041253
-8.07052205691686e-19,0,0.00414716282431465,0,-2.43396401118233
