Q,P,EigValReal,EigValImag,AGPgrad,N,alpha,k,E0,lmd,period
0,0,1179.27058806595,0,4.82684467449837,2,4.60999999999995,1,1,1.60359615105945e-13,4.6088000000026
0.815568634374921,0,0.999928094255987,0.011991927191537,-9.73082387663709
0.286391577120938,0,0.999928094255987,-0.011991927191537,-0.00146875046381168
3.08316978151974e-18,0,0.000847981802887209,0,-4.88395091543996
