Q,P,EigValReal,EigValImag,AGPgrad,N,alpha,k,E0,lmd,period
0,0,687.073985536677,0,10.7123178707362,4,3.31999999999997,1,1,1.30670443785954e-13,7.44729999999598
1.06714271301732,0,173.920322877694,0,-1.39094993066068
0.306133715807676,0,-0.0956228445281848,0.995417636776517,-10.3203323882691
0.264056776888033,0,-0.0956228445281848,-0.995417636776517,3.64277381526742
0.222881711499225,0,0.999723840066841,0.0234998638858171,-0.326984396881607
2.42724846394574e-17,0,0.999723840066841,-0.0234998638858171,-8.13876541281127
,,0.00145544733320746,0,-6.71921099398251
,,0.00574975933624066,0,1.48333035051652
