Q,P,EigValReal,EigValImag,AGPgrad,N,alpha,k,E0,lmd,period
0,0,232.289996242918,0,2.10599445713097,2,2.64999999999999,1,1,2.90592683395374e-14,5.13800000000136
0.924572390536537,0,0.999823061170312,0.0188108041272529,-3.1929015778982
0.30382506248514,0,0.999823061170312,-0.0188108041272529,-0.244201724377557
-9.26037952292363e-19,0,0.00430496369295397,0,-2.39265406987205
