Q,P,EigValReal,EigValImag,AGPgrad,N,alpha,k,E0,lmd,period
0,0,0.830422921313253,0.557133531352724,0.770300252671405,5,0.16,1,1,9.29198703544839e-15,12.0114999999853
2.518054891196,0,0.830422921313253,-0.557133531352724,0.0313719925643784
0.453353374818575,0,0.99999577977801,0.00290524115820079,-0.221800367769222
0.0754954594275495,0,0.99999577977801,-0.00290524115820079,0.0875369774647165
0.0112491000121188,0,-0.402707087603763,0.915328903506122,0.230650627422106
0.00175051639808294,0,-0.402707087603763,-0.915328903506122,-1.26590839115257
6.10704396443623e-16,0,-0.301586753553938,0.953438739553203,-0.85754585402016
,,-0.301586753553938,-0.953438739553203,0.156908182064869
,,-0.34930482823761,0.937009144549787,0.788373622173943
,,-0.34930482823761,-0.937009144549787,0.755790686396013
