Q,P,EigValReal,EigValImag,AGPgrad,N,alpha,k,E0,lmd,period
0,0,6.78915716168107,0,3.34188213685608,4,2.31999999999999,1,1,1.00430155936192e-13,7.91609999999489
1.19611614802992,0,-0.534779138292979,5.58605661373057,0.921018364070241
0.439612906952087,0,-0.534779138292979,-5.58605661373057,-2.77970115237375
0.234375282247528,0,0.999988514784589,0.00479273397809855,1.62128935490601
0.101655212721916,0,0.999988514784589,-0.00479273397809855,-0.564420503116955
-9.6712254884053e-18,0,-0.0169824974874541,0.177391348342638,-3.37942312614569
,,-0.0169824974874541,-0.177391348342638,-2.5390497700513
,,0.147293688477911,0,1.66639954512591
