Q,P,EigValReal,EigValImag,AGPgrad,N,alpha,k,E0,lmd,period
0,0,377.323104464841,0,8.42144230102563,4,3.10999999999998,1,1,8.9356014172657e-13,7.53319999999578
1.08492612845229,0,121.658907060595,0,-0.960917821755851
0.324779833437774,0,0.128426602645995,0.991719016522632,-7.5681192071469
0.263872755036777,0,0.128426602645995,-0.991719016522632,2.49950081563061
0.207405192386099,0,0.999737491485015,0.0229117463086198,-0.376252027466502
1.94217164421112e-17,0,0.999737491485015,-0.0229117463086198,-6.69318632377552
,,0.00821970231455371,0,-5.41948304105698
,,0.00265024852237806,0,1.04057451121412
