Q,P,EigValReal,EigValImag,AGPgrad,N,alpha,k,E0,lmd,period
0,0,569.344109884276,0,9.91931317997531,4,3.24999999999997,1,1,1.32874916499859e-13,7.47539999999592
1.07283330907697,0,155.309999016174,0,-1.24133986135845
0.31203670153213,0,-0.0279085345947053,0.999610480987862,-9.35433332505244
0.264068510401905,0,-0.0279085345947053,-0.999610480987862,3.21731074522726
0.218098877730154,0,0.999749497254652,0.0223817501372806,-0.344577131268603
2.27666080976221e-17,0,0.999749497254652,-0.0223817501372806,-7.65523571188867
,,0.00175640703476242,0,-6.27072503572871
,,0.00643873547310612,0,1.3149210621794
