Q,P,EigValReal,EigValImag,AGPgrad,N,alpha,k,E0,lmd,period
0,0,-0.737926683815473,0.674880885277608,0.0341686997871386,4,0.01,1,1,1.0802012220805e-13,10.1660999999896
2.28764191431809,0,-0.737926683815473,-0.674880885277608,-0.00704965323273852
0.0227700342500338,0,0.816402792191259,0.577482883644467,-0.00649784200859723
0.00018772148860402,0,0.816402792191259,-0.577482883644467,0.0323260681260439
1.37539469458048e-06,0,0.883590081819944,0.468261216960593,-1.38296159281367
-8.90331279033336e-17,0,0.883590081819944,-0.468261216960593,-0.83240644552173
,,0.999999988524455,0.000151496138709956,0.856160643667754
,,0.999999988524455,-0.000151496138709956,1.35326307169973
