Q,P,EigValReal,EigValImag,AGPgrad,N,alpha,k,E0,lmd,period
0,0,244.107342154174,0,2.15240721956372,2,2.68999999999999,1,1,1.04812433761268e-13,5.1244000000014
0.921545275462178,0,0.999944853774229,0.0105018765194366,-3.30966928625013
0.303560621069616,0,0.999944853774229,-0.0105018765194366,-0.238553385531514
-7.68097736262841e-19,0,0.00409655846937823,0,-2.44766414806788
