Q,P,EigValReal,EigValImag,AGPgrad,N,alpha,k,E0,lmd,period
0,0,716.6543085685,0,3.68143600509501,2,3.82999999999996,1,1,3.57210579842024e-13,4.79150000000217
0.851446219007761,0,0.999824678334295,0.0187246520174018,-7.02566473713469
0.293748927446902,0,0.999824678334295,-0.0187246520174018,-0.0943230561871162
2.10704930473163e-18,0,0.00139537290046451,0,-3.97114410552882
