Q,P,EigValReal,EigValImag,AGPgrad,N,alpha,k,E0,lmd,period
0,0,1166.95263173351,0,13.4146635116291,4,3.53999999999997,1,1,1.20161202215074e-13,7.36209999999618
1.05052509106841,0,240.721317194819,0,-1.90859362313244
0.28927294129129,0,-0.275743865449533,0.961231148406459,-13.6911238924739
0.263701099191766,0,-0.275743865449533,-0.961231148406459,5.27637732954374
0.235924303130157,0,0.999780721791409,0.0209405905524495,-0.263957643460801
2.8409322034245e-17,0,0.999780721791409,-0.0209405905524495,-9.68946010524296
,,0.000856932812068864,0,-8.23714872039858
,,0.00415418132245387,0,2.13499495953208
