Q,P,EigValReal,EigValImag,AGPgrad,N,alpha,k,E0,lmd,period
0,0,466.461117870051,0,9.15622491738138,4,3.17999999999998,1,1,1.54993471014969e-13,7.50399999999585
1.07875245591733,0,137.900254759092,0,-1.09820529828064
0.31824161192887,0,0.0464345841089266,0.998921332937531,-8.43740934093987
0.264012568350419,0,0.0464345841089266,-0.998921332937531,2.8363356235421
0.212953839620289,0,0.999832835269449,0.0182839141772761,-0.36099591340694
2.11533909640841e-17,0,0.999832835269449,-0.0182839141772761,-7.17406155201685
,,0.00214380140497909,0,-5.8377884482454
,,0.00725161821982787,0,1.16687166854856
