Q,P,EigValReal,EigValImag,AGPgrad,N,alpha,k,E0,lmd,period
0,0,244.188680213275,0,7.12438945696709,4,2.97999999999998,1,1,3.88766690026802e-13,7.58889999999565
1.09718166963219,0,94.4006575846427,0,-0.719609695372688
0.337941637445843,0,0.308014198481314,0.95138176014321,-6.0757158162114
0.263310602917024,0,0.308014198481314,-0.95138176014321,1.9919271786456
0.195857171994131,0,0.999706662739314,0.0242195886716421,-0.401016485567729
1.58473554322543e-17,0,0.999706662739314,-0.0242195886716421,-5.79131619383614
,,0.0105931465483079,0,-4.6777765945475
,,0.00409519392636627,0,0.871164359623857
