Q,P,EigValReal,EigValImag,AGPgrad,N,alpha,k,E0,lmd,period
0,0,60.7796018910274,0,1.35919325361354,2,1.84,1,1,6.10886489637459e-13,5.44810000000064
0.999931605151847,0,0.999878298629425,0.0156008951639034,-1.1778071981553
0.305362565429018,0,0.999878298629425,-0.0156008951639034,-0.405765499686176
-5.92818491066058e-18,0,0.0164528882862503,0,-1.33094771365535
