Q,P,EigValReal,EigValImag,AGPgrad,N,alpha,k,E0,lmd,period
0,0,460.76144019113,0,2.91899289249003,2,3.28999999999997,1,1,4.35430335684052e-13,4.93760000000183
0.881308804217383,0,0.999944086189079,0.0105747101773374,-5.19569810256681
0.298742961089974,0,0.999944086189079,-0.0105747101773374,-0.160360584201172
1.05492442686265e-18,0,0.00217032050122774,0,-3.26919781417623
