Q,P,EigValReal,EigValImag,AGPgrad,N,alpha,k,E0,lmd,period
0,0,426.615114021319,0,8.83792296690133,4,3.14999999999998,1,1,4.26896139107056e-13,7.51639999999582
1.08136544547987,0,130.793114340745,0,-1.03873239069144
0.32100085869813,0,0.080692699442507,0.996739027157091,-8.05914635960225
0.263964034404982,0,0.080692699442507,-0.996739027157091,2.68662510917201
0.210627921376702,0,0.999933097600664,0.0115672089487232,-0.367656447738702
2.04264478870169e-17,0,0.999933097600664,-0.0115672089487232,-6.96809923917383
,,0.00234403322133784,0,-5.65681982461026
,,0.00764566242651404,0,1.11000774146582
