Q,P,EigValReal,EigValImag,AGPgrad,N,alpha,k,E0,lmd,period
0,0,140.226880831221,0,1.72190971454427,2,2.29,1,1,2.36042252218969e-13,5.26680000000106
0.954338681226758,0,0.999858705005988,0.0168098192662521,-2.20452824050965
0.305628659938876,0,0.999858705005988,-0.0168098192662521,-0.300675994385422
-2.64809384926278e-18,0,0.00713130031906534,0,-1.90064072334416
