Q,P,EigValReal,EigValImag,AGPgrad,N,alpha,k,E0,lmd,period
0,0,934.912491853898,0,4.25157868262732,2,4.21999999999995,1,1,9.55872456429092e-13,4.69640000000239
0.832604151160184,0,0.999936034978115,0.0113104355705663,-8.37723456093486
0.290055071392107,0,0.999936034978115,-0.0113104355705663,-0.0475564634624112
2.65575555833996e-18,0,0.00106961882351576,0,-4.44346225177465
