Q,P,EigValReal,EigValImag,AGPgrad,N,alpha,k,E0,lmd,period
0,0,294.742651966362,0,2.34512251068292,2,2.84999999999998,1,1,2.36706870370148e-14,5.07170000000152
0.909915569583919,0,0.999962055021855,0.00871140152734483,-3.79051941075732
0.302412470170058,0,0.999962055021855,-0.00871140152734483,-0.216709893396358
-1.89359279932109e-19,0,0.00339279026439134,0,-2.66875116841155
