Q,P,EigValReal,EigValImag,AGPgrad,N,alpha,k,E0,lmd,period
0,0,-0.828482893544167,0.560014370444808,0.311433483628221,2,0.51,1,1,2.67089927749869e-15,6.13599999999904
1.2781971336334,0,-0.828482893544167,-0.560014370444808,0.0334397011332726
0.207060251271501,0,0.999991895321658,0.00402607638081703,-0.119792315292547
-4.6454353591507e-17,0,0.999991895321658,-0.00402607638081703,0.231850543901501
