Q,P,EigValReal,EigValImag,AGPgrad,N,alpha,k,E0,lmd,period
0,0,-0.140213687632342,0.990121266209615,0.0395754648576965,2,0.1,1,1,5.26635023568981e-15,6.27789999999871
1.40718682915365,0,-0.140213687632342,-0.990121266209615,0.0166992114550324
0.0470909868539308,0,0.999999684288143,0.000794621672606628,-0.323270646280136
-8.95064602257986e-17,0,0.999999684288143,-0.000794621672606628,0.335554171968841
