Q,P,EigValReal,EigValImag,AGPgrad,N,alpha,k,E0,lmd,period
0,0,-1.0327020836746,0.658219013544278,-1.5270926581567,4,1.05,1,1,1.13231060086399e-14,8.99399999999238
1.5099597730677,0,-1.0327020836746,-0.658219013544278,-2.40498166268233
0.51775479122998,0,-0.688593901635889,0.438892886760364,-1.07928363568142
0.187216964831649,0,-0.688593901635889,-0.438892886760364,-1.20660140823149
0.0708571639454278,0,0.921983732577625,0.387228610593585,3.39367898949029
-1.88657959367675e-17,0,0.921983732577625,-0.387228610593585,3.63471691146721
,,0.99996435986568,0.00844268905209297,0.849065119094477
,,0.99996435986568,-0.00844268905209297,-0.500571905301415
