Q,P,EigValReal,EigValImag,AGPgrad,N,alpha,k,E0,lmd,period
0,0,206.79027731655,0,2.00366657917381,2,2.55999999999999,1,1,2.51702444992478e-13,5.16890000000129
0.931572606725534,0,0.999988603175626,0.00477425584175655,-2.93382367038048
0.304380727775829,0,0.999988603175626,-0.00477425584175655,-0.257260352247011
-1.30312337967903e-18,0,0.00483581729749796,0,-2.26816259456626
