Q,P,EigValReal,EigValImag,AGPgrad,N,alpha,k,E0,lmd,period
0,0,-2.04165005382973,2.82137516870744,-3.07240882909135,4,2.1,1,1,7.76853791694415e-14,8.06279999999455
1.24048256657504,0,-2.04165005382973,-2.82137516870744,-5.19761608671623
0.463786954399633,0,0.452494612373596,0.891767136517738,6.01450936866513
0.222109232158135,0,0.452494612373596,-0.891767136517738,-0.5829977055482
0.0847642029693345,0,0.999926793082078,0.0120999370492719,1.19314781195503
-1.35845185415576e-17,0,0.999926793082078,-0.0120999370492719,10.9123930316703
,,-0.168335018211994,0.232623724872084,6.47825545949349
,,-0.168335018211994,-0.232623724872084,-0.773242827367218
