Q,P,EigValReal,EigValImag,AGPgrad,N,alpha,k,E0,lmd,period
0,0,52.7053535041216,0,2.88788675483653,4,2.63999999999999,1,1,1.02040373204209e-13,7.74569999999529
1.13589631369641,0,39.993063695667,0,1.086818681635
0.380261049719027,0,1.15569437174417,0,5.2593874380092
0.258753037702522,0,0.997997191687912,0.0632582435959789,-8.26130727533951
0.155875137705651,0,0.997997191687912,-0.0632582435959789,-0.765736657230183
3.77094238978949e-18,0,0.865280669741715,0,6.845668197886
,,0.0250043359420734,0,2.8070742053606
,,0.018973404664188,0,-9.23210594726759
