Q,P,EigValReal,EigValImag,AGPgrad,N,alpha,k,E0,lmd,period
0,0,723.51945284404,0,10.9445321982738,4,3.33999999999997,1,1,1.28989605870786e-13,7.439299999996
1.06555570521147,0,179.449052430154,0,-1.43501904079757
0.304498794626572,0,-0.11367687329385,0.993517774617632,-10.605558471187
0.264042792423301,0,-0.11367687329385,-0.993517774617632,3.77261219904958
0.22418680457071,0,0.99991602159957,0.0129595427362867,-0.321716370567145
2.46844217470405e-17,0,0.99991602159957,-0.0129595427362867,-8.27759443936557
,,0.0013821328454405,0,-6.85034119704024
,,0.00557261231703798,0,1.53504882019395
