Q,P,EigValReal,EigValImag,AGPgrad,N,alpha,k,E0,lmd,period
0,0,339.724216644043,0,2.50863499175414,2,2.97999999999998,1,1,1.84834970586327e-15,5.03050000000161
0.900984554846425,0,0.999960460273038,0.0088925750213573,-4.19436246427047
0.30139242041076,0,0.999960460273038,-0.0088925750213573,-0.199628693022082
2.25740355823889e-19,0,0.00294356407563224,0,-2.84781830589715
