Q,P,EigValReal,EigValImag,AGPgrad,N,alpha,k,E0,lmd,period
0,0,-0.112694198779973,0.993629718537716,0.00267140744643452,2,0.01,1,1,3.05385985311154e-15,6.2831999999987
1.41414285565334,0,-0.112694198779973,-0.993629718537716,0.00256871619895467
0.00471402078170713,0,0.999999994235069,0.000107377223007362,-0.332752387571102
-9.89870783718619e-17,0,0.999999994235069,-0.000107377223007362,0.333914270697346
