Q,P,EigValReal,EigValImag,AGPgrad,N,alpha,k,E0,lmd,period
0,0,0.999978162361303,0.00660869128588105,-0.93681327646792,2,0.980000000000001,1,1,2.42367311811937e-14,5.87239999999965
1.13831530975359,0,0.999978162361303,-0.00660869128588105,-0.0751670641669729
0.278929002594752,0,0.268297960267259,0.963335976965684,1.98738087917961
-2.13195633895632e-17,0,0.268297960267259,-0.963335976965684,1.13281612696645
