Q,P,EigValReal,EigValImag,AGPgrad,N,alpha,k,E0,lmd,period
0,0,830.828485320271,0,3.98728869623754,2,4.03999999999996,1,1,8.58882448428325e-13,4.73930000000229
0.841054107339394,0,0.999884903037255,0.0151717065012659,-7.75213720136594
0.291760208013529,0,0.999884903037255,-0.0151717065012659,-0.0690612543925454
2.41998640807256e-18,0,0.00120361785552842,0,-4.22935546382594
