Q,P,EigValReal,EigValImag,AGPgrad,N,alpha,k,E0,lmd,period
0,0,876.328735280173,0,4.10434607642116,2,4.11999999999996,1,1,4.57880519710192e-13,4.72000000000234
0.837249006893125,0,0.999982257918675,0.00595683199046079,-8.02928748577344
0.291001911929847,0,0.999982257918675,-0.00595683199046079,-0.0594918027054801
2.52818008568921e-18,0,0.00114112428462408,0,-4.32507197743881
