Q,P,EigValReal,EigValImag,AGPgrad,N,alpha,k,E0,lmd,period
0,0,-1.49918718580164,1.40047995333152,1.80739119711006,4,1.86,1,1,5.86223156054004e-14,8.24149999999413
1.28782298847908,0,-1.49918718580164,-1.40047995333152,-1.19808874117677
0.478935866619132,0,-0.356194002103912,0.332742011249688,1.15777072530082
0.217717272457407,0,-0.356194002103912,-0.332742011249688,0.456406708753744
0.0755853543555224,0,1.44944356671728,0,-0.394022981625583
-1.68396400042588e-17,0,0.999952178567947,0.00977960005335097,0.536620341402584
,,0.999952178567947,-0.00977960005335097,0.784926469260896
,,0.689919927179161,0,0.258035602454079
