Q,P,EigValReal,EigValImag,AGPgrad,N,alpha,k,E0,lmd,period
0,0,153.763322360212,0,1.78106240961589,2,2.34999999999999,1,1,2.24026398604625e-13,5.24440000000112
0.949029714979885,0,0.999866196141533,0.0163581726813186,-2.360166567907
0.305416108810453,0,0.999866196141533,-0.0163581726813186,-0.290315519735824
-2.31780859903912e-18,0,0.00650350151566587,0,-1.98143974704925
