Q,P,EigValReal,EigValImag,AGPgrad,N,alpha,k,E0,lmd,period
0,0,0.999972639487076,0.00739731554237226,0.02597920510005,2,0.880000000000001,1,1,2.5735989919929e-14,5.92849999999952
1.16259411845971,0,0.999972639487076,-0.00739731554237226,-0.0312333755847949
0.270000451152725,0,-0.468869962243679,0.883267206741899,0.606037525187724
-2.49300770609455e-17,0,-0.468869962243679,-0.883267206741899,0.375844849603514
