Q,P,EigValReal,EigValImag,AGPgrad,N,alpha,k,E0,lmd,period
0,0,58.0345077985776,0,16.5497857517455,4,2.65999999999999,1,1,3.93719953582143e-14,7.73569999999531
1.1335713413524,0,42.1280422657329,0,0.331639779586414
0.377842782685116,0,1.09863615001351,0,-29.7994993447329
0.25881199967969,0,0.998798018030069,0.0490154993742493,37.9038578214992
0.158313138477717,0,0.998798018030069,-0.0490154993742493,-0.0061764862970419
4.55725088299491e-18,0,0.910219457085203,0,-29.6128460047258
,,0.0237371581070727,0,-16.8724119602123
,,0.0172311274437751,0,39.9970602697824
