Q,P,EigValReal,EigValImag,AGPgrad,N,alpha,k,E0,lmd,period
0,0,946.973374363257,0,4.28154865102927,2,4.23999999999995,1,1,8.79833093446937e-13,4.6918000000024
0.831689556781342,0,0.999777045973575,0.0211153580203653,-8.44796601449438
0.289865932135557,0,0.999777045973575,-0.0211153580203653,-0.0451626101995983
2.68030268601816e-18,0,0.00105599589960025,0,-4.46747139200139
