Q,P,EigValReal,EigValImag,AGPgrad,N,alpha,k,E0,lmd,period
0,0,395.923852752336,0,2.70414437819646,2,3.12999999999998,1,1,3.55541581153944e-13,4.98470000000172
0.891197170805248,0,0.999844827189435,0.0176159456885904,-4.67332077663901
0.300141888005816,0,0.999844827189435,-0.0176159456885904,-0.180426247366743
6.52500759439978e-19,0,0.00252573820209793,0,-3.05324885674065
