Q,P,EigValReal,EigValImag,AGPgrad,N,alpha,k,E0,lmd,period
0,0,45.8269684546607,0,1.29395719716822,2,1.72,1,1,5.88909155431078e-14,5.50080000000052
1.01424809198477,0,0.999897405520022,0.0143240509052554,-0.951711582172127
0.304466866911277,0,0.999897405520022,-0.0143240509052554,-0.450241125046705
-7.13042347388489e-18,0,0.0218212121317784,0,-1.19818692021561
