Q,P,EigValReal,EigValImag,AGPgrad,N,alpha,k,E0,lmd,period
0,0,558.194768978569,0,3.22371513742003,2,3.50999999999997,1,1,1.21690788868725e-13,4.87580000000198
0.868539294772195,0,0.999993767921677,0.00353045577852274,-5.93092813977659
0.296744108326409,0,0.999993767921677,-0.00353045577852274,-0.133224915765297
1.53380604603262e-18,0,0.00179148937922511,0,-3.56069651105887
