Q,P,EigValReal,EigValImag,AGPgrad,N,alpha,k,E0,lmd,period
0,0,384.303878741031,0,2.66444489388531,2,3.09999999999998,1,1,1.09267940752852e-13,4.9937000000017
0.893112867252454,0,0.999910429910766,0.0133840261367369,-4.57636887617527
0.300397331178816,0,0.999910429910766,-0.0133840261367369,-0.184232452250412
5.71234752488948e-19,0,0.0026021074861874,0,-3.01220834932459
