Q,P,EigValReal,EigValImag,AGPgrad,N,alpha,k,E0,lmd,period
0,0,-0.113579991386147,0.993528854919027,0.00570173612667127,2,0.02,1,1,7.27539872142083e-15,6.2829999999987
1.41393078323734,0,-0.113579991386147,-0.993528854919027,0.00480401384490989
0.00942788867300803,0,0.999999994593791,0.000103982699581469,-0.332042548735402
-9.7972201475486e-17,0,0.999999994593791,-0.000103982699581469,0.334371296495129
