Q,P,EigValReal,EigValImag,AGPgrad,N,alpha,k,E0,lmd,period
0,0,158.429441254377,0,1.80122215077073,2,2.36999999999999,1,1,5.50837463254604e-15,5.23700000000113
0.947293632663903,0,0.999899941305107,0.0141459314992165,-2.41283979724636
0.305336083564256,0,0.999899941305107,-0.0141459314992165,-0.286968316783061
-2.21203343017578e-18,0,0.00631195813097063,0,-2.00846114129931
