Q,P,EigValReal,EigValImag,AGPgrad,N,alpha,k,E0,lmd,period
0,0,-0.748276432069773,0.663387052337416,0.296612978746642,2,0.47,1,1,4.80822670730029e-15,6.15659999999899
1.29304405061876,0,-0.748276432069773,-0.663387052337416,0.0334844877322995
0.19598865250879,0,0.999994967147475,0.00317264553985122,-0.151234365938794
-4.98525577934111e-17,0,0.999994967147475,-0.00317264553985122,0.244020008197528
