Q,P,EigValReal,EigValImag,AGPgrad,N,alpha,k,E0,lmd,period
0,0,2183.50883981768,0,17.8185371209554,4,3.84999999999996,1,1,9.82933024516669e-13,7.24939999999644
1.02970883585605,0,358.307928034154,0,-2.78123950936829
0.269017023197084,0,-0.472737599788423,0.881203246555658,-19.3720816567528
0.262686885657856,0,-0.472737599788423,-0.881203246555658,8.38825966884644
0.250337388862558,0,0.999762216782057,0.0218061893698596,-0.153152754855099
3.3038693561245e-17,0,0.999762216782057,-0.0218061893698596,-11.999351622778
,,0.00279089554437867,0,-10.6802718726832
,,0.000457978454937021,0,3.34807088748275
