Q,P,EigValReal,EigValImag,AGPgrad,N,alpha,k,E0,lmd,period
0,0,-0.230083911845155,0.973170793596897,0.106649743001121,2,0.2,1,1,1.14078922790503e-15,6.26089999999875
1.38681867902644,0,-0.230083911845155,-0.973170793596897,0.0230973982228544
0.0933870799186305,0,0.999999699405821,0.000775363296843198,-0.299704063331594
-7.82462318560701e-17,0,0.999999699405821,-0.000775363296843198,0.326761493600151
