Q,P,EigValReal,EigValImag,AGPgrad,N,alpha,k,E0,lmd,period
0,0,-0.15283447545818,0.988251801471382,0.0509524075367158,2,0.12,1,1,2.37699835507595e-15,6.27549999999871
1.40412716763228,0,-0.15283447545818,-0.988251801471382,0.0184265118151026
0.0564651522165113,0,0.999999450359791,0.00104846559620825,-0.319883424312702
-8.73017252757825e-17,0,0.999999450359791,-0.00104846559620825,0.334915010539044
