Q,P,EigValReal,EigValImag,AGPgrad,N,alpha,k,E0,lmd,period
0,0,503.871107737316,0,3.05630640137068,2,3.38999999999997,1,1,2.02794409314254e-13,4.9091000000019
0.875392286394183,0,0.999977396743744,0.00672354085234507,-5.52774648284907
0.297843155324341,0,0.999977396743744,-0.00672354085234507,-0.147973633288529
1.28238957077493e-18,0,0.0019846345316271,0,-3.402558402979
