Q,P,EigValReal,EigValImag,AGPgrad,N,alpha,k,E0,lmd,period
0,0,27.8645560729256,0,1.23601416527954,2,1.54,1,1,3.936068797932e-14,5.58360000000033
1.03799525373315,0,0.999989014991264,0.00468720564866505,-0.65516935087455
0.302080879576446,0,0.999989014991264,-0.00468720564866505,-0.550036032779503
-9.31557074068696e-18,0,0.0358878855769687,0,-1.02975321157725
