Q,P,EigValReal,EigValImag,AGPgrad,N,alpha,k,E0,lmd,period
0,0,-0.65859127494345,0.752500852204396,0.989115018127632,4,0.57,1,1,8.97790999372604e-14,9.57499999999102
1.7627966004439,0,-0.65859127494345,-0.752500852204396,-0.0397967835934868
0.511286505192952,0,0.999998071115608,0.00196411940611679,0.128958761116103
0.14646304430585,0,0.999998071115608,-0.00196411940611679,-0.262695340347282
0.0393588672168227,0,-0.0524055541252891,0.998625884852177,-0.289283697508179
-3.45045331036986e-17,0,-0.0524055541252891,-0.998625884852177,-0.0213963523172488
,,0.207441084146008,0.978247512957899,0.398993051774027
,,0.207441084146008,-0.978247512957899,-0.00690642776554929
