Q,P,EigValReal,EigValImag,AGPgrad,N,alpha,k,E0,lmd,period
0,0,0.863889198561448,0.503681896248876,0.595656112210252,5,0.12,1,0.999999999999999,6.44905676387423e-15,12.0615999999852
2.59291669447687,0,0.863889198561448,-0.503681896248876,0.0510942139705304
0.376058872108133,0,0.999997649775296,0.00216805070964461,-0.201749328440754
0.0495824290575442,0,0.999997649775296,-0.00216805070964461,0.0874463309020011
0.00583294967351422,0,-0.412275415352117,0.911059263657549,0.235373489345803
0.000716825244320235,0,-0.412275415352117,-0.911059263657549,-1.4776159113556
6.65056132952414e-16,0,-0.256465172818851,0.966553472463364,-1.13023595598356
,,-0.256465172818851,-0.966553472463364,0.18653064563753
,,-0.287500913615308,0.957780363481283,1.100235831183
,,-0.287500913615308,-0.957780363481283,1.01333415184351
