Q,P,EigValReal,EigValImag,AGPgrad,N,alpha,k,E0,lmd,period
0,0,-1.52672228045334,1.76482859301643,2.2114594633622,4,1.79,1,1,1.46613372040108e-14,8.296999999994
1.30246209863646,0,-1.52672228045334,-1.76482859301643,-0.884722902110658
0.482674225940541,0,2.61258130326299,0,0.969232955238234
0.21722082117792,0,0.999937047045937,0.011220603595079,0.531439433585611
0.0728804284473017,0,0.999937047045937,-0.011220603595079,-0.604942582532182
-1.80253500848743e-17,0,-0.280363976220811,0.324089304270405,-0.144396231750037
,,-0.280363976220811,-0.324089304270405,0.407209392359866
,,0.382763207694658,0,0.338896564982607
