Q,P,EigValReal,EigValImag,AGPgrad,N,alpha,k,E0,lmd,period
0,0,-0.882077289639739,0.471104717766452,0.319258944933861,2,0.54,1,1,2.34348183722739e-15,6.12009999999908
1.2672795426424,0,-0.882077289639739,-0.471104717766452,0.0328381924919642
0.21467972695347,0,0.999981265379573,0.00612118370072239,-0.0942688617249722
-4.40662196986618e-17,0,0.999981265379573,-0.00612118370072239,0.223832918402813
