Q,P,EigValReal,EigValImag,AGPgrad,N,alpha,k,E0,lmd,period
0,0,413.909999500991,0,8.73299179204719,4,3.13999999999998,1,1,8.61200858708616e-14,7.52059999999581
1.08224721300257,0,128.477955579918,0,-1.01908928834215
0.321934670362218,0,0.0922909961509697,0.995732078439398,-7.934938788612
0.263944187011505,0,0.0922909961509697,-0.995732078439398,2.63847119934173
0.209835541304389,0,0.999832359599184,0.018309907103283,-0.369852987686445
2.01791393741677e-17,0,0.999832359599184,-0.018309907103283,-6.89939844901953
,,0.00778343643048289,0,-5.59703873718484
,,0.00241598415408403,0,1.0919342133557
