Q,P,EigValReal,EigValImag,AGPgrad,N,alpha,k,E0,lmd,period
0,0,1114.22605297799,0,4.67928411978691,2,4.50999999999995,1,1,3.71752368072896e-14,4.63060000000255
0.819782862014875,0,0.999951315198814,0.00986748359541993,-9.38444037323881
0.287324919750627,0,0.999951315198814,-0.00986748359541993,-0.0132143549400019
2.9831787656262e-18,0,0.00089748395075063,0,-4.77408065920867
