Q,P,EigValReal,EigValImag,AGPgrad,N,alpha,k,E0,lmd,period
0,0,-0.955235791098283,0.658991020109764,-2.87018815911431,4,1.07,1,1,2.69005702447813e-14,8.97219999999243
1.50227737659932,0,-0.955235791098283,-0.658991020109764,-3.3949833572286
0.517145382548491,0,-0.709292470485365,0.489321456583957,-1.57112338984809
0.187766997203739,0,-0.709292470485365,-0.489321456583957,-1.77661721174133
0.0722131659962201,0,0.95301560180806,0.302921215352155,4.95409176133333
-1.81959519573856e-17,0,0.95301560180806,-0.302921215352155,5.24273168886132
,,0.999882561743787,0.0153252315058777,1.16811016844521
,,0.999882561743787,-0.0153252315058777,-0.682970893199633
