Q,P,EigValReal,EigValImag,AGPgrad,N,alpha,k,E0,lmd,period
0,0,553.632774141768,0,3.209963737854,2,3.49999999999997,1,1,1.02769977557042e-13,4.87860000000197
0.869100533582568,0,0.999860178828934,0.0167219254928605,-5.89786666361901
0.296836367613903,0,0.999860178828934,-0.0167219254928605,-0.134445532204936
1.51369323018469e-18,0,0.00180625144759369,0,-3.54802254725081
