Q,P,EigValReal,EigValImag,AGPgrad,N,alpha,k,E0,lmd,period
0,0,0.999985930679919,0.00530456805457948,1.04102200535408,4,0.69,1,1,2.90354406728794e-13,9.42049999999138
1.68361514136368,0,0.999985930679919,-0.00530456805457948,-0.233287610105221
0.519695416369887,0,-0.339145879391655,1.03438045955643,0.0443100589777729
0.162499219922113,0,-0.339145879391655,-1.03438045955643,-0.233535540135298
0.0483564886939949,0,-0.286208023972686,0.872922259579438,-0.0133316511570844
-2.99173764638247e-17,0,-0.286208023972686,-0.872922259579438,0.214510585075153
,,-0.316234985507283,0.948680891523166,0.309787989411348
,,-0.316234985507283,-0.948680891523166,-0.00850771006441231
