Q,P,EigValReal,EigValImag,AGPgrad,N,alpha,k,E0,lmd,period
0,0,81.4311702805305,0,1.45449450432271,2,1.98,1,1,6.57444672063522e-14,5.38900000000078
0.98450873641566,0,0.999913337961953,0.0131649749638339,-1.46837881490252
0.305884098080952,0,0.999913337961953,-0.0131649749638339,-0.365640977896073
-4.72708580784795e-18,0,0.0122803098194362,0,-1.49870065192821
