Q,P,EigValReal,EigValImag,AGPgrad,N,alpha,k,E0,lmd,period
0,0,-0.496318337576052,0.868140603696052,0.403470620090661,5,0.08,1,0.999999999999999,1.91582720190472e-14,12.1018999999851
2.66176399473048,0,-0.496318337576052,-0.868140603696052,0.0550777736859282
0.273880204196967,0,-0.180775117335536,0.983524456712865,-0.162904775971512
0.0252232158468726,0,-0.180775117335536,-0.983524456712865,0.0742740314171501
0.00206941849275688,0,-0.194781878515142,0.980846583213774,0.215603526550281
0.000177365692523718,0,-0.194781878515142,-0.980846583213774,-1.69795648700374
7.32234192676703e-16,0,0.888837737976973,0.458222081034937,-1.44391767218598
,,0.888837737976973,-0.458222081034937,0.178409981158272
,,0.999999757175251,0.000696885535334263,1.44782938741478
,,0.999999757175251,-0.000696885535334263,1.33416206504801
