Q,P,EigValReal,EigValImag,AGPgrad,N,alpha,k,E0,lmd,period
0,0,321.34112785206,0,7.91265647112679,4,3.05999999999998,1,1,2.8593480450797e-13,7.55429999999573
1.08950913214602,0,110.727074071976,0,-0.866276435913301
0.329674689575547,0,0.193104976359295,0.981178102133879,-6.97575987921255
0.263709776356982,0,0.193104976359295,-0.981178102133879,2.28613152582621
0.203168129918961,0,0.99997428012761,0.00717210451440548,-0.386302689536115
1.81053676610081e-17,0,0.99997428012761,-0.00717210451440548,-6.34853640154602
,,0.00903121488927651,0,-5.1292157796687
,,0.00311195770918527,0,0.964852394513355
