Q,P,EigValReal,EigValImag,AGPgrad,N,alpha,k,E0,lmd,period
0,0,0.999967403680014,0.00807413013523094,0.318343426131909,2,0.66,1,1,1.07069838601858e-14,6.05369999999923
1.22615177510548,0,0.999967403680014,-0.00807413013523094,0.0238391182688928
0.239949777675755,0,-0.999635812993126,0.0269859478536693,0.0324064753372783
-3.57981222249403e-17,0,-0.999635812993126,-0.0269859478536693,0.206388761371503
