Q,P,EigValReal,EigValImag,AGPgrad,N,alpha,k,E0,lmd,period
0,0,0.9999760753432,0.00691727845254557,0.292820505063543,2,0.72,1,1,1.40236879561225e-15,6.01959999999931
1.20730732019333,0,0.9999760753432,-0.00691727845254557,0.0143951070511031
0.249920106962489,0,-0.972347087160721,0.233540450650544,0.120333151988113
-3.23508678677785e-17,0,-0.972347087160721,-0.233540450650544,0.212086245572997
