Q,P,EigValReal,EigValImag,AGPgrad,N,alpha,k,E0,lmd,period
0,0,-0.4878045011128,0.872952901761672,0.225757789107759,2,0.35,1,1,1.03507433442011e-14,6.21209999999886
1.33807126422067,0,-0.4878045011128,-0.872952901761672,0.0300523149101481
0.156104181681292,0,0.999993783908275,0.00352592467725695,-0.231029516939902
-6.14963040815998e-17,0,0.999993783908275,-0.00352592467725695,0.285705049557666
