Q,P,EigValReal,EigValImag,AGPgrad,N,alpha,k,E0,lmd,period
0,0,1508.68719721637,0,15.0325766304751,4,3.65999999999997,1,1,1.65124783023904e-14,7.31749999999628
1.04214864459193,0,282.822375031124,0,-2.22490458622253
0.281001402000306,0,-0.358292426730802,0.933609413480078,-15.7553632724537
0.263362336497452,0,-0.358292426730802,-0.933609413480078,6.36429020804647
0.241978722632595,0,0.999824950995365,0.0187100872842862,-0.224321744908376
3.0345721484808e-17,0,0.999824950995365,-0.0187100872842862,-10.5634400334506
,,0.000662827922222883,0,-9.13883321543655
,,0.00353578814160274,0,2.56449038850033
