Q,P,EigValReal,EigValImag,AGPgrad,N,alpha,k,E0,lmd,period
0,0,1018.29674395394,0,12.6447665203473,4,3.47999999999997,1,1,4.1540580384529e-13,7.38489999999613
1.05488422107542,0,221.211129865551,0,-1.75977783292079
0.293639224716035,0,-0.230822155361066,0.972995957135966,-12.7199505459864
0.263837157489736,0,-0.230822155361066,-0.972995957135966,4.78537632051287
0.232636154395583,0,0.999703858473385,0.0243350642892246,-0.282350249228552
2.73620988780576e-17,0,0.999703858473385,-0.0243350642892246,-9.26066874157275
,,0.000982032012594323,0,-7.806245201063
,,0.00452056820454408,0,1.93953520474588
