Q,P,EigValReal,EigValImag,AGPgrad,N,alpha,k,E0,lmd,period
0,0,-0.985239145803233,0.171183601950991,0.579957883707932,4,1.24,1,1,1.86364058140636e-14,8.79549999999284
1.44166195263112,0,-0.985239145803233,-0.171183601950991,0.352224486310377
0.512501918282846,0,0.459984386502151,0.887927003854607,-0.402479896920839
0.183020114055431,0,0.459984386502151,-0.887927003854607,-0.150830605785462
0.0949925886365591,0,0.999915888185183,0.0129698324904139,0.227600610841176
-6.81128640243842e-18,0,0.999915888185183,-0.0129698324904139,0.929038496691012
,,0.963532462616161,0.267591467511246,0.603692814701128
,,0.963532462616161,-0.267591467511246,-1.47461079998653
