Q,P,EigValReal,EigValImag,AGPgrad,N,alpha,k,E0,lmd,period
0,0,562.886760604573,0,3.23794199998365,2,3.51999999999997,1,1,6.5566079216666e-13,4.87310000000198
0.867979798734401,0,0.999924161575295,0.0123154820345789,-5.96511214214898
0.29665174040125,0,0.999924161575295,-0.0123154820345789,-0.131998293792238
1.553772595434e-18,0,0.00177655626331166,0,-3.57399679040717
