Q,P,EigValReal,EigValImag,AGPgrad,N,alpha,k,E0,lmd,period
0,0,107.56919921501,0,1.57521848315041,2,2.13,1,1,9.18605537529459e-14,5.32840000000092
0.969294032500671,0,0.999976802333627,0.00681137244735906,-1.80943626649934
0.305961324433607,0,0.999976802333627,-0.00681137244735906,-0.331266312940795
-3.63494905391618e-18,0,0.0092963413997562,0,-1.68907258592845
