Q,P,EigValReal,EigValImag,AGPgrad,N,alpha,k,E0,lmd,period
0,0,16.0232068849501,0,1.25717537558457,2,1.38,1,1,1.48461080991302e-14,5.66130000000014
1.06190570918723,0,0.999982766034283,0.00587091427698116,-0.437020675197254
0.298511501334883,0,0.999982766034283,-0.00587091427698116,-0.717464925948419
-1.17632787102315e-17,0,0.0624094793994832,0,-0.940971437916032
