Q,P,EigValReal,EigValImag,AGPgrad,N,alpha,k,E0,lmd,period
0,0,173.609455371988,0,6.26922867158502,4,2.88999999999998,1,1,1.37072475765964e-13,7.62859999999556
1.10639619162298,0,77.604090082779,0,-0.560978432794142
0.34797563222229,0,0.461154070613708,0.887320079315318,-5.13188617386043
0.262590901658479,0,0.461154070613708,-0.887320079315318,1.73292879646513
0.18673880111937,0,0.999957741768265,0.00919318647013417,-0.414628720826847
1.30580102528192e-17,0,0.999957741768265,-0.00919318647013417,-5.14807003013967
,,0.00576005493399963,0,-4.18644469152395
,,0.0128859187569658,0,0.812671807768191
