Q,P,EigValReal,EigValImag,AGPgrad,N,alpha,k,E0,lmd,period
0,0,721.813845314927,0,3.69554927993445,2,3.83999999999996,1,1,8.06960558136951e-14,4.78890000000218
0.850937426627143,0,0.999964189289755,0.00846286821863102,-7.05927638896146
0.293654429308895,0,0.999964189289755,-0.00846286821863102,-0.0931230779259088
2.12297900104555e-18,0,0.00138539875207664,0,-3.98315833356622
