Q,P,EigValReal,EigValImag,AGPgrad,N,alpha,k,E0,lmd,period
0,0,1314.18280539859,0,5.12163454255596,2,4.80999999999994,1,1,4.41033434134353e-13,4.5665000000027
0.807430928331928,0,0.999777348714681,0.0211010188653453,-10.4213055963372
0.284541152416968,0,0.999777348714681,-0.0211010188653453,0.0218608589023799
3.26604349236988e-18,0,0.000760929146232567,0,-5.09755444327891
