Q,P,EigValReal,EigValImag,AGPgrad,N,alpha,k,E0,lmd,period
0,0,1120.65733027729,0,4.6940421857899,2,4.51999999999995,1,1,5.33528580467964e-13,4.62840000000255
0.819356885366339,0,0.999950142008934,0.00998566452066438,-9.41910741792511
0.287231366432028,0,0.999950142008934,-0.00998566452066438,-0.0120374691817931
2.99345338469898e-18,0,0.000892333430947581,0,-4.78516157735384
