Q,P,EigValReal,EigValImag,AGPgrad,N,alpha,k,E0,lmd,period
0,0,342.975014211117,0,8.11459459170907,4,3.07999999999998,1,1,5.06800806443793e-13,7.54579999999575
1.08765756628196,0,115.029090589363,0,-0.903851926774214
0.327693060064692,0,0.166692119650812,0.986008994505328,-7.20992518801158
0.263782017999845,0,0.166692119650812,-0.986008994505328,2.36879106004329
0.204891874503654,0,0.999954374574935,0.00955242212679773,-0.382348869266695
1.86402419897375e-17,0,0.999954374574935,-0.00955242212679773,-6.486626038932
,,0.00291566428652871,0,-5.24454229956424
,,0.00869345306414337,0,0.993650117592378
