Q,P,EigValReal,EigValImag,AGPgrad,N,alpha,k,E0,lmd,period
0,0,2390.52465360151,0,18.5992802947193,4,3.89999999999996,1,1,1.54380172886049e-13,7.23189999999648
1.02658478613197,0,380.015998897059,0,-2.93986254219697
0.266065413058682,0,-0.499883206239971,0.866092824189127,-20.3977086195712
0.262487175272026,0,-0.499883206239971,-0.866092824189127,8.98478322077275
0.252319565735932,0,0.999932019149372,0.0116600634150894,-0.132564962937057
3.36811415442314e-17,0,0.999932019149372,-0.0116600634150894,-12.3889276045775
,,0.00263146815583616,0,-11.1099006860395
,,0.000418318214606454,0,3.57515228926221
