Q,P,EigValReal,EigValImag,AGPgrad,N,alpha,k,E0,lmd,period
0,0,-1.27551050789643,1.97399897934934,2.83738050843473,4,1.68,1,1,3.68211421125701e-14,8.38749999999379
1.3266783777147,0,-1.27551050789643,-1.97399897934934,-0.476483762448615
0.488222293388738,0,3.24587822148312,0,0.890002585806681
0.217306005813475,0,-0.230920184799834,0.357375502815587,0.649575594841496
0.0674515752767603,0,-0.230920184799834,-0.357375502815587,-0.998082569938316
-2.05558350366597e-17,0,0.999965586649257,0.00829611458440852,-1.01278199327697
,,0.999965586649257,-0.00829611458440852,-0.0583175866001014
,,0.308083030774669,0,0.486858592597447
