Q,P,EigValReal,EigValImag,AGPgrad,N,alpha,k,E0,lmd,period
0,0,-0.816018545977907,0.578025719687372,0.51734152654575,4,0.12,1,0.999999999999999,4.91860939635018e-15,10.1161999999898
2.21416117943086,0,-0.816018545977907,-0.578025719687372,-0.152663872204388
0.244841356867316,0,0.76183521565604,0.647770873215451,-0.0737189051710086
0.022922008817286,0,0.76183521565604,-0.647770873215451,0.273373283281419
0.00192068421142044,0,0.934907955226857,0.354890286220314,-1.19489480839186
-6.94589170516497e-17,0,0.934907955226857,-0.354890286220314,-0.387966447436234
,,0.999998457314036,0.00175652200133818,0.5443045773405
,,0.999998457314036,-0.00175652200133818,0.952833365775296
