Q,P,EigValReal,EigValImag,AGPgrad,N,alpha,k,E0,lmd,period
0,0,-0.794488329626383,0.607279420108643,0.414130318870207,4,0.1,1,1,7.50272431360197e-15,10.1306999999897
2.23443738182504,0,-0.794488329626383,-0.607279420108643,-0.11003972941786
0.210437330772382,0,0.7782198094451,0.627991980989605,-0.0584568771516169
0.0166750390617719,0,0.7782198094451,-0.627991980989605,0.23672518260831
0.0011803380374103,0,0.92112760246491,0.389260760901024,-1.25850622235605
-7.25529211344016e-17,0,0.92112760246491,-0.389260760901024,-0.495533011315737
,,0.999999404507036,0.00109132285445653,0.65321458979135
,,0.999999404507036,-0.00109132285445653,1.02773571896391
