Q,P,EigValReal,EigValImag,AGPgrad,N,alpha,k,E0,lmd,period
0,0,521.673996840627,0,3.11184110533119,2,3.42999999999997,1,1,5.58621874143722e-13,4.89790000000192
0.873078905951239,0,0.999970767385746,0.00764619994727423,-5.66168342154461
0.297478881874933,0,0.999970767385746,-0.00764619994727423,-0.143044400163554
1.36868929169744e-18,0,0.00191690597240708,0,-3.45555664094456
