Q,P,EigValReal,EigValImag,AGPgrad,N,alpha,k,E0,lmd,period
0,0,2702.98650975635,0,19.7275007421303,4,3.96999999999996,1,1,1.1978558318387e-13,7.20779999999654
1.02230666129649,0,411.82253414263,0,-3.17096847757928
0.262062080685965,0,-0.53650946095482,0.843894305172679,-21.8879044759764
0.262195131094869,0,-0.53650946095482,-0.843894305172679,9.8667483354498
0.254958968164786,0,0.999893135731456,0.0146190668856404,-0.102388741844316
3.45392105954059e-17,0,0.999893135731456,-0.0146190668856404,-12.9434846896695
,,0.00242823040716711,0,-11.7289930986193
,,0.00036996115160777,0,3.9079324497892
