Q,P,EigValReal,EigValImag,AGPgrad,N,alpha,k,E0,lmd,period
0,0,129.278974280374,0,5.62175935018618,4,2.81999999999998,1,1,3.07531967697338e-13,7.66029999999549
1.11407873452854,0,65.6447656795379,0,-0.440695240590888
0.356413283221785,0,0.603313782992422,0.797503905476926,-4.44661294897044
0.261754689409119,0,0.603313782992422,-0.797503905476926,1.58652953847438
0.178885158503329,0,0.999928464820271,0.0119609883444316,-0.422470862641525
1.06839128601034e-17,0,0.999928464820271,-0.0119609883444316,-4.62629922612759
,,0.00773520988693226,0,-3.81261317737283
,,0.0152335070384397,0,0.80813976753338
