Q,P,EigValReal,EigValImag,AGPgrad,N,alpha,k,E0,lmd,period
0,0,0.999942152816914,0.0107559760078968,10.1802189264389,2,1.06,1,1,2.57090590051732e-14,5.82839999999976
1.12062784885381,0,0.999942152816914,-0.0107559760078968,-0.164733239308331
0.284596180061017,0,0.579746851267383,0,-13.1181121500308
-1.88668775663118e-17,0,1.72489078261294,0,-8.20086155723583
