Q,P,EigValReal,EigValImag,AGPgrad,N,alpha,k,E0,lmd,period
0,0,311.643648042962,0,2.40736136020549,2,2.89999999999998,1,1,5.96493412402736e-14,5.05570000000156
0.906428473056464,0,0.999939147286092,0.0110318504690561,-3.94463291164849
0.302028220406519,0,0.999939147286092,-0.0110318504690561,-0.210081643501654
-2.43092214001928e-20,0,0.00320879314004842,0,-2.73778206329888
