Q,P,EigValReal,EigValImag,AGPgrad,N,alpha,k,E0,lmd,period
0,0,280.952667593139,0,7.5147853533446,4,3.01999999999998,1,1,2.72100043803948e-13,7.57149999999569
1.09329000940056,0,102.39275676796,0,-0.792224456043468
0.333737643729618,0,0.248502191501055,0.968631333800105,-6.5184473791692
0.263533891750151,0,0.248502191501055,-0.968631333800105,2.13167299163351
0.199598812037647,0,0.999846137669109,0.0175414078117905,-0.393905248545215
1.70007706612291e-17,0,0.999846137669109,-0.0175414078117905,-6.07108247000476
,,0.00976631581732424,0,-4.90157531857685
,,0.00355931840266356,0,0.91353854983623
