Q,P,EigValReal,EigValImag,AGPgrad,N,alpha,k,E0,lmd,period
0,0,654.975406331967,0,3.50826508576064,2,3.70999999999996,1,1,1.21680038091468e-13,4.8224000000021
0.857667091099326,0,0.999874691382467,0.0158303990041507,-6.61266519701662
0.294879789100168,0,0.999874691382467,-0.0158303990041507,-0.108849162459873
1.90707521806793e-18,0,0.001526774884531,0,-3.81943207919182
