Q,P,EigValReal,EigValImag,AGPgrad,N,alpha,k,E0,lmd,period
0,0,1477.93365670925,0,14.8937592078578,4,3.64999999999997,1,1,3.56010543400186e-13,7.32119999999628
1.04283029342006,0,279.167570037147,0,-2.19753014283926
0.281668560251218,0,-0.351869757522597,0.936048969731305,-15.5770765267346
0.263393545205689,0,-0.351869757522597,-0.936048969731305,6.2681716452308
0.24149894703509,0,0.999719478443569,0.0236846873965062,-0.227785331034641
3.01918672891083e-17,0,0.999719478443569,-0.0236846873965062,-10.4897417839252
,,0.000676620357361737,0,-9.0616442208886
,,0.00358207796043797,0,2.52677941581628
