Q,P,EigValReal,EigValImag,AGPgrad,N,alpha,k,E0,lmd,period
0,0,105.701140932079,0,1.56667439270185,2,2.12,1,1,1.14424096890595e-14,5.33240000000091
0.970270296899684,0,0.999906082061164,0.0137050011682615,-1.78590543914009
0.305969122579849,0,0.999906082061164,-0.0137050011682615,-0.33335690079778
-3.70232173962313e-18,0,0.00946063581922454,0,-1.67621160016077
