Q,P,EigValReal,EigValImag,AGPgrad,N,alpha,k,E0,lmd,period
0,0,357.924374901704,0,2.57293375988844,2,3.02999999999998,1,1,4.71527151755963e-13,5.01500000000165
0.897663107123478,0,0.999997937451974,0.0020310321921548,-4.35230977544534
0.300983337631095,0,0.999997937451974,-0.0020310321921548,-0.193177284398621
3.73810756595195e-19,0,0.00279388627949448,0,-2.91630600368534
