Q,P,EigValReal,EigValImag,AGPgrad,N,alpha,k,E0,lmd,period
0,0,100.184752741598,0,1.54133863158916,2,2.09,1,1,6.97004770739424e-14,5.34430000000088
0.973230451961385,0,0.999949352779002,0.0100643865618037,-1.7156419008602
0.305982172068815,0,0.999949352779002,-0.0100643865618037,-0.339780726268194
-3.90885155739642e-18,0,0.00998155879638866,0,-1.63746198273866
