Q,P,EigValReal,EigValImag,AGPgrad,N,alpha,k,E0,lmd,period
0,0,-1.18149508428679,0.861879395626497,1.37607434660328,4,1.92,1,1,1.49693923120948e-14,8.19519999999424
1.27565873252743,0,-1.18149508428679,-0.861879395626497,-1.54821227227004
0.475563153276069,0,-0.55241886339561,0.402979616629836,1.45009139459619
0.218391812225592,0,-0.55241886339561,-0.402979616629836,0.375575787181028
0.0777464690595265,0,0.537021267037598,0.843568704225879,-0.202896316741564
-1.59548584737398e-17,0,0.537021267037598,-0.843568704225879,1.34831794941059
,,0.999874481077454,0.0158436766604792,1.2328918668916
,,0.999874481077454,-0.0158436766604792,0.177823405684472
