Q,P,EigValReal,EigValImag,AGPgrad,N,alpha,k,E0,lmd,period
0,0,1172.80959957355,0,4.81247027847053,2,4.59999999999995,1,1,1.23813827602184e-13,4.61100000000259
0.815985558297261,0,0.999828452809896,0.0185220126340641,-9.69709436146829
0.286484684910481,0,0.999828452809896,-0.0185220126340641,-0.00263011068751063
3.07344073217967e-18,0,0.000852653320689134,0,-4.87349323285215
