Q,P,EigValReal,EigValImag,AGPgrad,N,alpha,k,E0,lmd,period
0,0,-0.185990170036285,0.982551605082332,0.0770106333485984,2,0.16,1,1,3.42859176221306e-15,6.26919999999873
1.39644411634635,0,-0.185990170036285,-0.982551605082332,0.0210413256191301
0.0750796908981949,0,0.999999469784881,0.00102977180696835,-0.311200033494529
-8.28100712511189e-17,0,0.999999469784881,-0.00102977180696835,0.332059727815236
