Q,P,EigValReal,EigValImag,AGPgrad,N,alpha,k,E0,lmd,period
0,0,0.8197696142198,0.572693442953492,-0.185159072479056,4,1,1,1,1.42235789424139e-14,9.04949999999225
1.52988016382887,0,0.8197696142198,-0.572693442953492,-1.4139879110466
0.519169081964945,0,0.999982829952021,0.00586001716379511,-0.575840150700303
0.185438197269163,0,0.999982829952021,-0.00586001716379511,-0.651992511483953
0.0676852322152741,0,-1.06875154642417,0.558113408096183,1.8240043496891
-2.0428313419528e-17,0,-1.06875154642417,-0.558113408096183,2.01633612734607
,,-0.735183680348478,0.383920725812097,0.528888613695254
,,-0.735183680348478,-0.383920725812097,-0.290082987138131
