Q,P,EigValReal,EigValImag,AGPgrad,N,alpha,k,E0,lmd,period
0,0,376.704436129912,0,2.63833117906923,2,3.07999999999998,1,1,5.54241772480798e-14,4.99980000000169
0.894401333692882,0,0.999830762214647,0.0183969271725747,-4.51251386579369
0.300566242067838,0,0.999830762214647,-0.0183969271725747,-0.186777286059041
5.15962253602257e-19,0,0.00265460107161951,0,-2.98513161355549
