Q,P,EigValReal,EigValImag,AGPgrad,N,alpha,k,E0,lmd,period
0,0,372.889652561164,0,2.6251089557778,2,3.06999999999998,1,1,1.55050590234993e-14,5.00280000000168
0.895049015084783,0,0.999912992073967,0.0131912198710342,-4.48015817614855
0.300650265112481,0,0.999912992073967,-0.0131912198710342,-0.188053916219639
4.87990482606043e-19,0,0.00268175851323982,0,-2.97125272237222
