Q,P,EigValReal,EigValImag,AGPgrad,N,alpha,k,E0,lmd,period
0,0,-1.66404276470466,2.12955089574467,-0.586214428768398,4,2.05,1,1,4.12066225608942e-14,8.09859999999446
1.25014730985245,0,-1.66404276470466,-2.12955089574467,-3.15291831941411
0.467413905347304,0,0.999873712292112,0.0158921196573405,3.29688603131903
0.220749442366884,0,0.999873712292112,-0.0158921196573405,-0.0232562696715874
0.082595101751071,0,0.108075416304925,0.994142698203102,0.466924412492104
-1.42347261896322e-17,0,0.108075416304925,-0.994142698203102,5.47211372014545
,,-0.227825436956753,0.291558530607124,3.47992022476383
,,-0.227825436956753,-0.291558530607124,-0.209063826587009
