Q,P,EigValReal,EigValImag,AGPgrad,N,alpha,k,E0,lmd,period
0,0,-0.35121350919035,0.936295397277061,0.171262509270918,2,0.28,1,0.999999999999999,1.14057498858692e-15,6.2381999999988
1.36274444909658,0,-0.35121350919035,-0.936295397277061,0.0268443377255823
0.128322942263936,0,0.999999559258766,0.000938872869284118,-0.267842311660538
-6.91336409363519e-17,0,0.999999559258766,-0.000938872869284118,0.308359131750139
