Q,P,EigValReal,EigValImag,AGPgrad,N,alpha,k,E0,lmd,period
0,0,298.091418783222,0,2.35754407628252,2,2.85999999999998,1,1,3.68766650868813e-14,5.06850000000153
0.909212784417629,0,0.999925822750545,0.0121798602916045,-3.82131925855037
0.302336490227836,0,0.999925822750545,-0.0121798602916045,-0.215377679454717
-1.55785332636756e-19,0,0.00335467556869388,0,-2.68264157348197
