Q,P,EigValReal,EigValImag,AGPgrad,N,alpha,k,E0,lmd,period
0,0,548.964843277082,0,3.19570969364219,2,3.48999999999997,1,1,3.88664569475373e-13,4.88130000000196
0.869663525809359,0,0.999957505365052,0.00921886455798067,-5.86359575822242
0.29692851520899,0,0.999957505365052,-0.00921886455798067,-0.135674383873319
1.49343274736111e-18,0,0.00182161027665698,0,-3.53460338152739
