Q,P,EigValReal,EigValImag,AGPgrad,N,alpha,k,E0,lmd,period
0,0,0.999987977560867,0.00490354297789402,0.987958862431974,4,0.77,1,1,7.84246633249839e-13,9.32049999999162
1.63791336172953,0,0.999987977560867,-0.00490354297789402,-0.384878531323721
0.521671043672077,0,0.0331747784215512,0.999449565549292,-0.0315178198238613
0.170594486717481,0,0.0331747784215512,-0.999449565549292,-0.237346017933128
0.0537266563902204,0,-0.482131633954294,0.876098788687981,0.211546953169956
-2.72635321359195e-17,0,-0.482131633954294,-0.876098788687981,0.412763718192846
,,-0.687799035802054,0.725901154668975,0.289675618858486
,,-0.687799035802054,-0.725901154668975,-0.0299134330946311
