Q,P,EigValReal,EigValImag,AGPgrad,N,alpha,k,E0,lmd,period
0,0,9.16639365861547,0,2.71738849219296,4,2.35999999999999,1,1,6.17068752595562e-14,7.89209999999495
1.18746443272401,0,0.684283423472941,6.02951708864327,0.565346833874268
0.432791398927044,0,0.684283423472941,-6.02951708864327,-2.23960666764517
0.23809284119967,0,0.999763983424931,0.0217250419175072,1.63412735285747
0.107203386771534,0,0.999763983424931,-0.0217250419175072,-0.424064297069289
-8.46938895715392e-18,0,0.0185828822912467,0.163741810027799,-2.06641715262187
,,0.0185828822912467,-0.163741810027799,-2.01450438432073
,,0.109094158209129,0,1.6875726174788
