Q,P,EigValReal,EigValImag,AGPgrad,N,alpha,k,E0,lmd,period
0,0,98.3854969411694,0,1.53304985660167,2,2.08,1,1,4.37603647257667e-14,5.34830000000087
0.97422780666413,0,0.999949735106107,0.0100263283997693,-1.69250001883636
0.305982965457489,0,0.999949735106107,-0.0100263283997693,-0.341975710843526
-3.97920124785055e-18,0,0.0101640997007768,0,-1.62463820166121
