Q,P,EigValReal,EigValImag,AGPgrad,N,alpha,k,E0,lmd,period
0,0,26.1815454517504,0,1.23370598699087,2,1.52,1,1,6.54937996032619e-14,5.5931000000003
1.04082667557723,0,0.999989809697522,0.00451447683903706,-0.625517113442167
0.301719971904188,0,0.999989809697522,-0.00451447683903706,-0.565216499907878
-9.59232041536705e-18,0,0.0381948423114507,0,-1.01443783160254
