Q,P,EigValReal,EigValImag,AGPgrad,N,alpha,k,E0,lmd,period
0,0,30.5039594916158,0,1.24133393171809,2,1.57,1,1,1.15336658066812e-13,5.56950000000036
1.03382528021291,0,0.999943751519359,0.0106063093185652,-0.700929227818549
0.302582507879175,0,0.999943751519359,-0.0106063093185652,-0.52923342653884
-8.91432978518902e-18,0,0.0327826294247378,0,-1.05431647097199
