Q,P,EigValReal,EigValImag,AGPgrad,N,alpha,k,E0,lmd,period
0,0,46.9773278060971,0,1.29870918195309,2,1.73,1,0.999999999999999,1.20555811568276e-13,5.49630000000053
1.01301240579018,0,0.99993649542197,0.0112696549730837,-0.969671335548157
0.304560068688158,0,0.99993649542197,-0.0112696549730837,-0.446048628460412
-7.02328476247746e-18,0,0.0212868642535525,0,-1.20871705613089
