Q,P,EigValReal,EigValImag,AGPgrad,N,alpha,k,E0,lmd,period
0,0,0.99999056728116,0.00434342591936711,1.02243913500958,4,0.61,1,1,1.60499526212371e-13,9.52299999999114
1.73481506302805,0,0.99999056728116,-0.00434342591936711,-0.102281539404846
0.515028094036437,0,-0.531004710283405,0.847368867528696,0.103573264286049
0.152402127266375,0,-0.531004710283405,-0.847368867528696,-0.249514055770613
0.0424956764576619,0,-0.141516928113526,0.989935835828428,-0.202014861430175
-3.28769976159482e-17,0,-0.141516928113526,-0.989935835828428,0.0536314401627362
,,0.0103125086751396,0.999946824668613,0.360556365737233
,,0.0103125086751396,-0.999946824668613,-0.00409302463315659
