Q,P,EigValReal,EigValImag,AGPgrad,N,alpha,k,E0,lmd,period
0,0,399.825820054895,0,2.71737943451862,2,3.13999999999998,1,1,1.65430837083557e-13,4.98170000000173
0.890563077386508,0,0.999853127195512,0.0171383790851394,-4.70561130147583
0.300056208445285,0,0.999853127195512,-0.0171383790851394,-0.179161279384007
6.79160420630747e-19,0,0.0025010890990855,0,-3.06682678700575
