Q,P,EigValReal,EigValImag,AGPgrad,N,alpha,k,E0,lmd,period
0,0,-0.640036436019896,0.768344558493737,0.271510387884176,2,0.42,1,1,8.46285293090744e-15,6.18109999999893
1.311877960883,0,-0.640036436019896,-0.768344558493737,0.0325803901728118
0.180604935207585,0,0.999988620359659,0.00477065521552836,-0.186988356096888
-5.44473276482259e-17,0,0.999988620359659,-0.00477065521552836,0.260917249681439
