Q,P,EigValReal,EigValImag,AGPgrad,N,alpha,k,E0,lmd,period
0,0,147.245164876319,0,5.89810103057394,4,2.84999999999998,1,1,7.06480876252435e-13,7.64669999999552
1.11072452232192,0,70.6615454237909,0,-0.491867707841453
0.352722509358526,0,0.539133170372691,0.842220532048293,-4.7350768688468
0.262148677552407,0,0.539133170372691,-0.842220532048293,1.64303821077117
0.182339744026432,0,0.999745283313226,0.0225691934528972,-0.419576046565578
1.17246407668459e-17,0,0.999745283313226,-0.0225691934528972,-4.85298168048247
,,0.0067913944803315,0,-3.97215130280358
,,0.0141519689953642,0,0.805104460300374
