Q,P,EigValReal,EigValImag,AGPgrad,N,alpha,k,E0,lmd,period
0,0,226.480078037,0,2.08293194459847,2,2.62999999999999,1,1,4.49313629384896e-13,5.14480000000135
0.926104979720201,0,0.999861487875779,0.0166434690755852,-3.13471401883466
0.303953419989187,0,0.999861487875779,-0.0166434690755852,-0.247059471035439
-1.00717313681495e-18,0,0.00441539939696514,0,-2.36495086119444
