Q,P,EigValReal,EigValImag,AGPgrad,N,alpha,k,E0,lmd,period
0,0,700.909851822581,0,3.63771047800207,2,3.79999999999996,1,1,1.25797661101476e-13,4.79910000000215
0.852981322470409,0,0.999945316435505,0.0104577310594366,-6.92151261513068
0.294032217202882,0,0.999945316435505,-0.0104577310594366,-0.0979539177697036
2.05859981008921e-18,0,0.00142671699704174,0,-3.93309523602808
