Q,P,EigValReal,EigValImag,AGPgrad,N,alpha,k,E0,lmd,period
0,0,-0.898510906627311,0.43895119395185,1.07940414634152,4,0.19,1,1,4.40461861118202e-14,10.0520999999899
2.13367801688735,0,-0.898510906627311,-0.43895119395185,-0.517758471743516
0.34129500453155,0,0.684786286419246,0.72874394812728,-0.216793131093037
0.0474298797332329,0,0.684786286419246,-0.72874394812728,0.554250864299301
0.0059442746911533,0,0.981660181312463,0.190639157639669,-0.916185240803866
-6.02888365871784e-17,0,0.981660181312463,-0.190639157639669,0.181775385836776
,,0.999997707166852,0.00214141565863131,-0.158946447951438
,,0.999997707166852,-0.00214141565863131,0.878983320962358
