Q,P,EigValReal,EigValImag,AGPgrad,N,alpha,k,E0,lmd,period
0,0,350.599857708081,0,2.54719728992117,2,3.00999999999998,1,1,2.4335177066904e-13,5.02120000000164
0.898984405993557,0,0.999936368724061,0.0112808910517791,-4.28914241839168
0.301147976588842,0,0.999936368724061,-0.0112808910517791,-0.195750602106111
3.15310699340971e-19,0,0.00285225443776584,0,-2.88905510474833
