Q,P,EigValReal,EigValImag,AGPgrad,N,alpha,k,E0,lmd,period
0,0,-0.909922750996115,0.414777756418619,1.23835473644273,4,0.2,1,1,1.20141910801113e-13,10.0415999999899
2.12171759841507,0,-0.909922750996115,-0.414777756418619,-0.649433513940606
0.352288412317122,0,0.671493972067022,0.741010017123706,-0.272954276006545
0.0510221075432444,0,0.671493972067022,-0.741010017123706,0.662823418788526
0.00667156881968012,0,0.999999790877609,0.000646718452263832,-0.859734651299837
-5.91661468296376e-17,0,0.999999790877609,-0.000646718452263832,0.34142256563055
,,0.986782953067872,0.16204753479965,-0.371627610949801
,,0.986782953067872,-0.16204753479965,0.927658558295688
