Q,P,EigValReal,EigValImag,AGPgrad,N,alpha,k,E0,lmd,period
0,0,24.5591927335629,0,1.23249919466856,2,1.5,1,1,5.21231178636483e-14,5.60270000000028
1.04370057733198,0,0.999946718691138,0.0103227796064143,-0.596561286615555
0.301336792916731,0,0.999946718691138,-0.0103227796064143,-0.581605275924284
-9.8767977138941e-18,0,0.0407179507423923,0,-1.00008501601773
