Q,P,EigValReal,EigValImag,AGPgrad,N,alpha,k,E0,lmd,period
0,0,218.840098106927,0,6.83592910090326,4,2.94999999999998,1,1,4.06527823089494e-13,7.60199999999562
1.10017893011909,0,88.6173762866345,0,-0.666118963130206
0.34119372275008,0,0.356018816563376,0.93447878641158,-5.75317405932874
0.263107321026788,0,0.356018816563376,-0.93447878641158,1.89702601492052
0.192930082681053,0,0.999841658565301,0.0177948812334885,-0.405912658646051
1.49484705892625e-17,0,0.999841658565301,-0.0177948812334885,-5.57942463941892
,,0.0112844685980903,0,-4.51231413145074
,,0.00456954647967307,0,0.845754361208515
