Q,P,EigValReal,EigValImag,AGPgrad,N,alpha,k,E0,lmd,period
0,0,-0.116789746639249,0.993156661901799,0.0124360870243086,2,0.04,1,1,1.23397498012194e-13,6.2823999999987
1.41308322427255,0,-0.116789746639249,-0.993156661901799,0.00877431064949837
0.0188543642103726,0,0.999999951494873,0.000311464681221382,-0.330449380330425
-9.59127774967171e-17,0,0.999999951494873,-0.000311464681221382,0.335142088328544
