Q,P,EigValReal,EigValImag,AGPgrad,N,alpha,k,E0,lmd,period
0,0,-0.886833022953938,0.462090023045698,0.957162377320024,4,0.18,1,1,1.4488296643175e-14,10.0622999999899
2.14561072672047,0,-0.886833022953938,-0.462090023045698,-0.42262007885518
0.329657216040659,0,0.697530332546072,0.716555256193253,-0.177249405161055
0.0438313642592512,0,0.697530332546072,-0.716555256193253,0.478017098063012
0.00524986131120278,0,0.97594652651462,0.218010039640532,-0.964826733380105
-6.14543052338013e-17,0,0.97594652651462,-0.218010039640532,0.0592073997774337
,,0.999997168974035,0.00237950497682904,0.00202702212869985
,,0.999997168974035,-0.00237950497682904,0.855857369705585
