Q,P,EigValReal,EigValImag,AGPgrad,N,alpha,k,E0,lmd,period
0,0,530.75965016947,0,3.14000403033307,2,3.44999999999997,1,1,2.06718472224619e-13,4.89240000000194
0.871933243837257,0,0.999838410794799,0.0179764373362087,-5.72952715491776
0.297295927348023,0,0.999838410794799,-0.0179764373362087,-0.140580867803327
1.41088594148897e-18,0,0.00188409198043542,0,-3.48236464685814
