Q,P,EigValReal,EigValImag,AGPgrad,N,alpha,k,E0,lmd,period
0,0,135.861485301733,0,1.70261429590325,2,2.27,1,1,1.33648076336246e-13,5.27430000000105
0.956142981159389,0,0.999941004523299,0.0108622038700918,-2.1533635889482
0.305689764693922,0,0.999941004523299,-0.0108622038700918,-0.304245898939874
-2.76270566668085e-18,0,0.00736043771178296,0,-1.87372794545623
