Q,P,EigValReal,EigValImag,AGPgrad,N,alpha,k,E0,lmd,period
0,0,235.50720345012,0,7.02771790888619,4,2.96999999999998,1,1,2.81050433656406e-13,7.59319999999564
1.0981730105534,0,92.4466181801001,0,-0.701775720012771
0.33901593093276,0,0.323900298367944,0.946091220081052,-5.96736411222405
0.263246475241654,0,0.323900298367944,-0.946091220081052,1.95942924006975
0.194893334986865,0,0.999910345827163,0.0133903064924786,-0.402638367025616
1.55510267397834e-17,0,0.999910345827163,-0.0133903064924786,-5.7209304462164
,,0.0108170533402199,0,-4.62246806260959
,,0.00424615461990289,0,0.862123733280164
