Q,P,EigValReal,EigValImag,AGPgrad,N,alpha,k,E0,lmd,period
0,0,14.7359998747161,0,2.38785207290458,4,2.42999999999999,1,1,2.57908092061335e-13,7.85229999999504
1.1726066812823,0,4.00728757175819,5.85081394455189,0.271292026299601
0.419366759526556,0,4.00728757175819,-5.85081394455189,-1.87642655102201
0.244833445725206,0,0.999995229548294,0.00308883159649656,1.66874609455408
0.118872313789203,0,0.999995229548294,-0.00308883159649656,-0.350714732320454
-5.81072692363317e-18,0,0.0796829885007198,0.116340624903075,-1.3071413614843
,,0.0796829885007198,-0.116340624903075,-1.80852796080866
,,0.0678610212066355,0,1.66331181092743
