Q,P,EigValReal,EigValImag,AGPgrad,N,alpha,k,E0,lmd,period
0,0,84.0198116021986,0,4.80130696981928,4,2.72999999999999,1,1,1.07588104221807e-13,7.70209999999539
1.1247926576962,0,51.5856867667984,0,-0.287836106371231
0.368252969053156,0,0.831470017101378,0.555569627195302,-3.62856688138437
0.260156813791425,0,0.831470017101378,-0.555569627195302,1.4748998123567
0.167631125344782,0,0.999839436573345,0.0179192933066136,-0.42706020070829
7.33864380083062e-18,0,0.999839436573345,-0.0179192933066136,-3.90886439286002
,,0.0193852221938945,0,-3.3354418205108
,,0.0119019548000836,0,0.86826582936399
