Q,P,EigValReal,EigValImag,AGPgrad,N,alpha,k,E0,lmd,period
0,0,-0.790449384925901,0.612527362548208,0.924402828509686,4,0.52,1,1,5.83311089980242e-14,9.64059999999087
1.80029528232164,0,-0.790449384925901,-0.612527362548208,0.0391558907929636
0.504841324736973,0,0.999962334230092,0.00867929266080676,0.158237920377145
0.138072094493827,0,0.999962334230092,-0.00867929266080676,-0.28387764912547
0.0352379609790378,0,0.0592902289741861,0.998240786958828,-0.395468689747877
-3.67089526589955e-17,0,0.0592902289741861,-0.998240786958828,-0.116341215856747
,,0.433470552964049,0.901167731176085,0.462855098646031
,,0.433470552964049,-0.901167731176085,-0.0143223055080363
