Q,P,EigValReal,EigValImag,AGPgrad,N,alpha,k,E0,lmd,period
0,0,958.83382606555,0,4.31058709341313,2,4.25999999999995,1,1,3.90151123930904e-13,4.68710000000242
0.830779644496726,0,0.999911751006602,0.0132849614031991,-8.51649769573546
0.289676888791689,0,0.999911751006602,-0.0132849614031991,-0.0427939006570834
2.70453911067283e-18,0,0.00104293358542343,0,-4.490248787876
