Q,P,EigValReal,EigValImag,AGPgrad,N,alpha,k,E0,lmd,period
0,0,9.85265306832413,0,2.61359458764184,4,2.36999999999999,1,1,1.98571928706137e-13,7.88619999999496
1.18529986969532,0,1.06061971524949,6.10718108461825,0.504759280386309
0.430964126113122,0,1.06061971524949,-6.10718108461825,-2.14772176250675
0.23906356578496,0,0.999877441496453,0.0156557333431947,1.64240027768615
0.108737194664762,0,0.999877441496453,-0.0156557333431947,-0.402386573250798
-8.13136130037804e-18,0,0.0276040769205247,0.158947730277877,-1.84919230349637
,,0.0276040769205247,-0.158947730277877,-1.93766521776112
,,0.101495505125849,0,1.69379945397629
