Q,P,EigValReal,EigValImag,AGPgrad,N,alpha,k,E0,lmd,period
0,0,0.999975974191226,0.00693188576921934,0.998924812174123,4,0.58,1,1,1.10831626575731e-13,9.56199999999105
1.75564023433699,0,0.999975974191226,-0.00693188576921934,-0.0553535762913692
0.51232754144367,0,-0.628650833706406,0.777687681064991,0.122838378791251
0.148008972267834,0,-0.628650833706406,-0.777687681064991,-0.259124192621519
0.0401563933413069,0,-0.0746970340769904,0.997206274097847,-0.267778482075508
-3.40871309624665e-17,0,-0.0746970340769904,-0.997206274097847,-0.00273981506919383
,,0.159448404726401,0.987206263265283,0.388449048426969
,,0.159448404726401,-0.987206263265283,-0.00591747627437349
