Q,P,EigValReal,EigValImag,AGPgrad,N,alpha,k,E0,lmd,period
0,0,343.334358641596,0,2.52148212126599,2,2.98999999999998,1,1,1.97303840631654e-14,5.02740000000162
0.900315388546607,0,0.999936961948242,0.0112281846212024,-4.22595680375455
0.301311283166514,0,0.999936961948242,-0.0112281846212024,-0.198333527243554
2.5584333926512e-19,0,0.00291261266087007,0,-2.86161075176588
