Q,P,EigValReal,EigValImag,AGPgrad,N,alpha,k,E0,lmd,period
0,0,743.027154421692,0,3.75360163474563,2,3.87999999999996,1,1,5.6628245416518e-14,4.7788000000022
0.84891658946309,0,0.999960518505967,0.00888602437928534,-7.19740874121231
0.293276144620538,0,0.999960518505967,-0.00888602437928534,-0.0882980732619275
2.18562245015937e-18,0,0.00134584583481665,0,-4.03298951713432
