Q,P,EigValReal,EigValImag,AGPgrad,N,alpha,k,E0,lmd,period
0,0,144.662080960027,0,1.74140095162639,2,2.30999999999999,1,1,8.72978182050988e-14,5.25930000000108
0.952551922306432,0,0.999845262121448,0.0175912425143369,-2.25600262853296
0.305562564978113,0,0.999845262121448,-0.0175912425143369,-0.297166332987061
-2.53578076712284e-18,0,0.00691266151659743,0,-1.92752400363175
