Q,P,EigValReal,EigValImag,AGPgrad,N,alpha,k,E0,lmd,period
0,0,259.376515322212,0,2.21157101396961,2,2.73999999999999,1,1,6.47144775777305e-14,5.10770000000143
0.917830662329036,0,0.999928030637416,0.0119972307477923,-3.4579399566021
0.303216511934971,0,0.999928030637416,-0.0119972307477923,-0.231608589842805
-5.78446681090656e-19,0,0.00385539916268077,0,-2.51682538935303
