Q,P,EigValReal,EigValImag,AGPgrad,N,alpha,k,E0,lmd,period
0,0,2104.05364010463,0,17.5117015414034,4,3.82999999999996,1,1,4.61760586640446e-13,7.25639999999643
1.03097502630721,0,349.815449446558,0,-2.71928481223825
0.270220048399925,0,-0.461383156156018,0.887200982426302,-18.970385437161
0.262764496380915,0,-0.461383156156018,-0.887200982426302,8.15711152870416
0.249520741218127,0,0.999876269535946,0.0157304043690721,-0.161151900815827
3.27744679008441e-17,0,0.999876269535946,-0.0157304043690721,-11.8448330969323
,,0.00285865018681183,0,-10.5111685323097
,,0.000475273053284007,0,3.25959108776558
