Q,P,EigValReal,EigValImag,AGPgrad,N,alpha,k,E0,lmd,period
0,0,13.8358972916015,0,2.38265272365326,4,2.41999999999999,1,1,2.05662015458837e-13,7.85779999999503
1.17466771693087,0,3.42972878938351,6.02556572596722,0.299751373628002
0.421344149891776,0,3.42972878938351,-6.02556572596722,-1.89212777991165
0.243904428993167,0,0.999989714037109,0.00453561681914732,1.66959045724536
0.117099860967802,0,0.999989714037109,-0.00453561681914732,-0.352218944063347
-6.2282555438896e-18,0,0.0713479177817169,0.125348560893899,-1.32033534536015
,,0.0713479177817169,-0.125348560893899,-1.79803850418823
,,0.0722757605757963,0,1.67873514432356
