Q,P,EigValReal,EigValImag,AGPgrad,N,alpha,k,E0,lmd,period
0,0,577.035644443094,0,3.28054165884645,2,3.54999999999997,1,1,1.45007554003428e-13,4.865000000002
0.86631166286252,0,0.999797542680228,0.0201214723766862,-6.0674055887958
0.296374014062037,0,0.999797542680228,-0.0201214723766862,-0.128324845965362
1.61280823310159e-18,0,0.00173299519652642,0,-3.61354377872652
