Q,P,EigValReal,EigValImag,AGPgrad,N,alpha,k,E0,lmd,period
0,0,0.999941751179274,0.0107932501381005,2.62634117701707,2,1.11,1,1,1.39994089896279e-15,5.80129999999982
1.11026989469827,0,0.999941751179274,-0.0107932501381005,-0.173396993048664
0.2875932664585,0,3.41850886279971,0,-2.78373085569604
-1.74987911285999e-17,0,0.292525203278552,0,-1.91622965211233
