Q,P,EigValReal,EigValImag,AGPgrad,N,alpha,k,E0,lmd,period
0,0,-1.36649353960729,1.95529245223701,2.65162729712043,4,1.71,1,1,4.94588060524631e-14,8.36239999999385
1.31990881014622,0,-1.36649353960729,-1.95529245223701,-0.584716526279443
0.486745297148066,0,3.1843828206257,0,0.887002926606535
0.217135598828527,0,0.999956312645623,0.00934734187835686,0.614298288965028
0.0691694941267855,0,0.999956312645623,-0.00934734187835686,-0.874602679071024
-1.97416627907234e-17,0,-0.240137067581021,0.343608061168347,-0.777236456278982
,,-0.240137067581021,-0.343608061168347,0.0641246652084292
,,0.314032594800752,0,0.440093985341211
