Q,P,EigValReal,EigValImag,AGPgrad,N,alpha,k,E0,lmd,period
0,0,22.9941368204981,0,1.23252348306801,2,1.48,1,1,5.21899730383248e-14,5.61230000000026
1.04661814581598,0,0.999969363382655,0.00782766223797762,-0.568248067773566
0.300930363086931,0,0.999969363382655,-0.00782766223797762,-0.599375687121329
-1.01692943227414e-17,0,0.0434893472107216,0,-0.986726498177041
