Q,P,EigValReal,EigValImag,AGPgrad,N,alpha,k,E0,lmd,period
0,0,1225.76073031548,0,4.93008025672605,2,4.67999999999994,1,1,8.75757619105346e-13,4.59380000000263
0.812677451396908,0,0.999895553571193,0.0144527488083148,-9.97285237202011
0.285741324096989,0,0.999895553571193,-0.0144527488083148,0.00672147963658708
3.1496624687721e-18,0,0.000815819902565715,0,-4.95962289497317
