Q,P,EigValReal,EigValImag,AGPgrad,N,alpha,k,E0,lmd,period
0,0,2656.60639761925,0,19.5636937597466,4,3.95999999999996,1,1,6.95441989361463e-13,7.21119999999653
1.02291120454452,0,407.165407586357,0,-3.13729695017513
0.26262506457878,0,-0.531317133445358,0.847173006953025,-21.6709820650613
0.262237679247439,0,-0.531317133445358,-0.847173006953025,9.73729487191977
0.254591224867203,0,0.999968677121807,0.00791484527865055,-0.106795467563909
3.44194699869347e-17,0,0.999968677121807,-0.00791484527865055,-12.8635439092984
,,0.00245600432099495,0,-11.6392335579844
,,0.000376420082762265,0,3.85929185082917
