Q,P,EigValReal,EigValImag,AGPgrad,N,alpha,k,E0,lmd,period
0,0,109.470457334655,0,1.58390833114143,2,2.14,1,1,3.38229933774934e-14,5.32450000000093
0.968322905690417,0,0.999915593206507,0.012992554115562,-1.83331613765401
0.305951854804009,0,0.999915593206507,-0.012992554115562,-0.329200392978186
-3.5682941682759e-18,0,0.00913488464681108,0,-1.70216085991125
