Q,P,EigValReal,EigValImag,AGPgrad,N,alpha,k,E0,lmd,period
0,0,165.583202655337,0,1.8319124588197,2,2.39999999999999,1,1,4.95929113843479e-14,5.22600000000116
0.94471992733156,0,0.999916948635718,0.0128878171553475,-2.49271072947993
0.3052079980889,0,0.999916948635718,-0.0128878171553475,-0.282037825762036
-2.05722841041249e-18,0,0.00603925992449403,0,-2.04917065171991
