Q,P,EigValReal,EigValImag,AGPgrad,N,alpha,k,E0,lmd,period
0,0,265.63526226749,0,2.23556348343633,2,2.75999999999999,1,1,3.21060780209328e-15,5.10110000000145
0.916365746491506,0,0.999889607568216,0.014858421085076,-3.51789512655527
0.30307492388519,0,0.999889607568216,-0.014858421085076,-0.228863220290136
-5.04902739423381e-19,0,0.00376456044053069,0,-2.54456446898432
