Q,P,EigValReal,EigValImag,AGPgrad,N,alpha,k,E0,lmd,period
0,0,-0.134881502592234,0.990861736196555,0.0343470932194793,2,0.09,1,1,1.03355693160447e-14,6.27889999999871
1.40851451577014,0,-0.134881502592234,-0.990861736196555,0.0156720231571311
0.0423937135983938,0,0.999999884307603,0.000481024727386219,-0.324742842193419
-9.05966966700171e-17,0,0.999999884307603,-0.000481024727386219,0.335696693754484
