Q,P,EigValReal,EigValImag,AGPgrad,N,alpha,k,E0,lmd,period
0,0,0.999951009440667,0.0098984200046871,0.99628085892308,4,1.96,1,1,1.47129541197343e-14,8.16489999999431
1.26770916716754,0,0.999951009440667,-0.0098984200046871,-1.85915292227735
0.473201622219132,0,0.0496648875563783,0.998765938017479,1.75871946132862
0.21897267971558,0,0.0496648875563783,-0.998765938017479,0.302628055493913
0.0791779157908392,0,-0.49329264796685,0.869863416555644,-0.0549322871342133
-1.54070418568867e-17,0,-0.49329264796685,-0.869863416555644,2.10912252057657
,,-0.998624753434967,0.052427109656597,1.64902639836835
,,-0.998624753434967,-0.052427109656597,0.107664007725294
