Q,P,EigValReal,EigValImag,AGPgrad,N,alpha,k,E0,lmd,period
0,0,-1.41941284635292,1.92763134425265,2.53741730609338,4,1.73,1,1,2.81887939519317e-14,8.34589999999389
1.31546773819811,0,-1.41941284635292,-1.92763134425265,-0.656937671003703
0.485745732552286,0,3.09801043762764,0,0.895650452713406
0.217094418172535,0,0.999823953620552,0.0187633090533241,0.592634636891525
0.0701937402962222,0,0.999823953620552,-0.0187633090533241,-0.801087065142218
-1.92608968967002e-17,0,-0.247694612839683,0.336381272537515,-0.623845288851704
,,-0.247694612839683,-0.336381272537515,0.145662003918567
,,0.322787808541352,0,0.412339056632735
