Q,P,EigValReal,EigValImag,AGPgrad,N,alpha,k,E0,lmd,period
0,0,0.999955964179053,0.00938454595151172,4.32861704448224,2,1.08,1,1,1.05411274262445e-14,5.81749999999978
1.11642365993287,0,0.999955964179053,-0.00938454595151172,-0.157405799908652
0.285841106635717,0,2.42570920779454,0,-5.12534501323741
-1.83055526619158e-17,0,0.4122505685293,0,-3.32165530176405
