Q,P,EigValReal,EigValImag,AGPgrad,N,alpha,k,E0,lmd,period
0,0,-1.33759489349382,1.9645364789183,2.71124573984449,4,1.7,1,1,3.03975001417678e-14,8.37079999999383
1.32215061449107,0,-1.33759489349382,-1.9645364789183,-0.548755143486296
0.487240626986196,0,3.21412306222851,0,0.885809370430486
0.217176348172422,0,0.999802859430355,0.0198555351204739,0.625604252470249
0.0686240174806837,0,0.999802859430355,-0.0198555351204739,-0.913784606535626
-1.99992573678759e-17,0,-0.236802658196642,0.347793986501397,-0.854608575035531
,,-0.236802658196642,-0.347793986501397,0.0234895934793303
,,0.311126855020505,0,0.454837191476617
