Q,P,EigValReal,EigValImag,AGPgrad,N,alpha,k,E0,lmd,period
0,0,-0.935669359810807,0.352877952146685,0.758102484464807,4,0.44,1,1,3.19653708590748e-14,9.74579999999063
1.86684796609081,0,-0.935669359810807,-0.352877952146685,0.180778761453271
0.488948131418709,0,0.23463248507498,0.972084151165695,0.205083555917784
0.122067232359283,0,0.23463248507498,-0.972084151165695,-0.334714041717227
0.0282091339245915,0,0.999989272277977,0.00463198974038,-0.566314745716387
-4.07227400227062e-17,0,0.999989272277977,-0.00463198974038,-0.290258847662854
,,0.727687852943574,0.68590844044841,0.621355129327959
,,0.727687852943574,-0.68590844044841,-0.0358859139516039
