Q,P,EigValReal,EigValImag,AGPgrad,N,alpha,k,E0,lmd,period
0,0,842.208178253723,0,4.01692215474561,2,4.05999999999996,1,1,5.78506022541197e-13,4.7345000000023
0.840095193641745,0,0.999775137783687,0.0212055150677926,-7.82233233806445
0.291570604515929,0,0.999775137783687,-0.0212055150677926,-0.0666572526491873
2.44756866138007e-18,0,0.001187354890537,0,-4.25391122030702
