Q,P,EigValReal,EigValImag,AGPgrad,N,alpha,k,E0,lmd,period
0,0,121.244108102916,0,1.63730726378183,2,2.2,1,1,1.36096155415998e-13,5.30110000000098
0.962601158756678,0,0.999913914567264,0.0131211072221906,-1.97855627035432
0.305861604028,0,0.999913914567264,-0.0131211072221906,-0.317273191329918
-3.18288150792658e-18,0,0.00824782346688556,0,-1.78079862898874
