Q,P,EigValReal,EigValImag,AGPgrad,N,alpha,k,E0,lmd,period
0,0,182.976808568068,0,1.9054337099346,2,2.46999999999999,1,1,6.76408960041458e-14,5.20070000000122
0.938851504933741,0,0.999950664281655,0.00993322720627808,-2.68264830983023
0.304874170393058,0,0.999950664281655,-0.00993322720627808,-0.270910783484661
-1.71311138902106e-18,0,0.00546517347052005,0,-2.14464650117843
