Q,P,EigValReal,EigValImag,AGPgrad,N,alpha,k,E0,lmd,period
0,0,0.999949723545447,0.0100274813089426,0.0603693589672441,2,0.870000000000001,1,1,6.71755217231963e-15,5.93419999999951
1.16516732923335,0,0.999949723545447,-0.0100274813089426,-0.0274232344236402
0.268974700662348,0,-0.522674331726949,0.852532429268112,0.552065413956876
-2.53295930838889e-17,0,-0.522674331726949,-0.852532429268112,0.351456203433019
