Q,P,EigValReal,EigValImag,AGPgrad,N,alpha,k,E0,lmd,period
0,0,223.60033575256,0,2.07144047171102,2,2.61999999999999,1,1,2.72621932798544e-13,5.14820000000134
0.926876124054959,0,0.999905297006025,0.0137621589622392,-3.10567724401999
0.304016591442492,0,0.999905297006025,-0.0137621589622392,-0.248497232325603
-1.04829729344303e-18,0,0.00447226519946825,0,-2.3510537441406
