Q,P,EigValReal,EigValImag,AGPgrad,N,alpha,k,E0,lmd,period
0,0,486.474292694161,0,3.00148694799905,2,3.34999999999997,1,1,1.76765817438162e-13,4.92050000000187
0.877735695396218,0,0.9997901878394,0.0204836593441323,-5.39533217108293
0.298205061440215,0,0.9997901878394,-0.0204836593441323,-0.152912286327834
1.19346453303855e-18,0,0.00205560707924442,0,-3.34990367525617
