Q,P,EigValReal,EigValImag,AGPgrad,N,alpha,k,E0,lmd,period
0,0,123.632818608691,0,5.53022701928139,4,2.80999999999998,1,1,3.34893001014258e-13,7.66489999999547
1.115218963528,0,64.0120780124659,0,-0.423629366477863
0.357670042158847,0,0.625712679234372,0.780053615494631,-4.35218083054556
0.261609942544733,0,0.625712679234372,-0.780053615494631,1.56972142235819
0.177702434460088,0,0.999879248611518,0.0155398904786516,-0.423356498194836
1.03289835945465e-17,0,0.999879248611518,-0.0155398904786516,-4.54960418982289
,,0.008088467214826,0,-3.75955277105437
,,0.0156220518229704,0,0.810858299775855
