Q,P,EigValReal,EigValImag,AGPgrad,N,alpha,k,E0,lmd,period
0,0,-0.887584668680284,0.637262438100277,-4.11644062263986,4,1.08,1,1,1.6299640319322e-14,8.96129999999245
1.49849359024196,0,-0.887584668680284,-0.637262438100277,-4.31757718634008
0.516833572529954,0,-0.743426806957013,0.533760886445834,-2.02448667240206
0.188003203300061,0,-0.743426806957013,-0.533760886445834,-2.3103483408005
0.0729186309783655,0,0.966323911920077,0.257328772684801,6.40263106828622
-1.78470535579166e-17,0,0.966323911920077,-0.257328772684801,6.73379771484769
,,0.999939598291037,0.0109908948475615,1.4633147913967
,,0.999939598291037,-0.0109908948475615,-0.842398215462521
