Q,P,EigValReal,EigValImag,AGPgrad,N,alpha,k,E0,lmd,period
0,0,210.807633602423,0,6.7405842608094,4,2.93999999999998,1,0.999999999999999,4.81516043768405e-13,7.60639999999561
1.10119387177887,0,86.7315347129563,0,-0.64842887289999
0.342297622101036,0,0.37263705746798,0.927977167499887,-5.64742929199094
0.263031984637526,0,0.37263705746798,-0.927977167499887,1.86727183364942
0.191930207133642,0,0.99986346723757,0.0165241303409867,-0.407473965476028
1.46421431239745e-17,0,0.99986346723757,-0.0165241303409867,-5.50830003358961
,,0.00474366123731148,0,-4.4575562915551
,,0.0115298317195371,0,0.838545245409927
