Q,P,EigValReal,EigValImag,AGPgrad,N,alpha,k,E0,lmd,period
0,0,1013.51689262089,0,4.44303532236586,2,4.34999999999995,1,1,1.61751067517177e-13,4.66640000000246
0.826741766646452,0,0.999993548012172,0.00359220459018722,-8.82872467601043
0.288827588513067,0,0.999993548012172,-0.00359220459018722,-0.0321161584579496
2.80988795918964e-18,0,0.000986663376786137,0,-4.59372225457009
