Q,P,EigValReal,EigValImag,AGPgrad,N,alpha,k,E0,lmd,period
0,0,-0.775314757319808,0.631575036778796,0.319363340932365,4,0.08,1,1,1.38998034796273e-14,10.1430999999897
2.25242675842989,0,-0.775314757319808,-0.631575036778796,-0.0775883911110789
0.172960384059779,0,0.791888217555549,0.61066607151264,-0.0461346682749146
0.0111142870348936,0,0.791888217555549,-0.61066607151264,0.201036383569255
0.000636886360254496,0,0.908570064710132,0.417732495160016,-1.31378795551472
-7.58708018571621e-17,0,0.908570064710132,-0.417732495160016,-0.593232360247698
,,0.99999955998581,0.000938098170334136,0.739739969184461
,,0.99999955998581,-0.000938098170334136,1.1102178283712
