Q,P,EigValReal,EigValImag,AGPgrad,N,alpha,k,E0,lmd,period
0,0,1044.56793695978,0,4.51696298977682,2,4.39999999999995,1,1,2.83433950683023e-14,4.65510000000249
0.82453759022311,0,0.99994904441583,0.0100949775653011,-9.00277674326821
0.288356909906339,0,0.99994904441583,-0.0100949775653011,-0.0261928763109546
2.86589627314278e-18,0,0.000957333616371456,0,-4.65080906537509
