Q,P,EigValReal,EigValImag,AGPgrad,N,alpha,k,E0,lmd,period
0,0,0.795359687828726,0.606137745877136,-0.0419243432656525,4,0.990000000000001,1,1,2.31598892409668e-14,9.06079999999222
1.53399424402955,0,0.795359687828726,-0.606137745877136,-1.3064335098383
0.519428750692292,0,0.999923101510134,0.0124012526121476,-0.520030438110967
0.185018767007164,0,0.999923101510134,-0.0124012526121476,-0.594932772877095
0.0670751151922021,0,-1.04706004882156,0.524864738492193,1.65335103594779
-2.07281726219636e-17,0,-1.04706004882156,-0.524864738492193,1.84095102555825
,,-0.763264695180657,0.38260530051472,0.494893603856871
,,-0.763264695180657,-0.38260530051472,-0.264199986514618
