Q,P,EigValReal,EigValImag,AGPgrad,N,alpha,k,E0,lmd,period
0,0,452.885582393926,0,9.04953518905163,4,3.16999999999998,1,1,1.7620740663176e-13,7.50809999999584
1.0796181551385,0,135.503855964836,0,-1.07828833944277
0.319154434460816,0,0.0577695634315134,0.998329944227085,-8.31037657549063
0.263998166504392,0,0.0577695634315134,-0.998329944227085,2.78555618678649
0.212186934196167,0,0.999933884245286,0.011499005953668,-0.363228326052996
2.0913537998423e-17,0,0.999933884245286,-0.011499005953668,-7.10542332675049
,,0.00220806322573901,0,-5.7771910332996
,,0.00737986378962944,0,1.14748079837579
