Q,P,EigValReal,EigValImag,AGPgrad,N,alpha,k,E0,lmd,period
0,0,0.999951705313038,0.00982787065078523,0.198867668686415,2,0.81,1,1,4.13559035983255e-15,5.96829999999943
1.18120531370725,0,0.999951705313038,-0.00982787065078523,-0.00733651005372603
0.262230463147365,0,-0.778151656725028,0.62807642778254,0.319633583304487
-2.78941132938545e-17,0,-0.778151656725028,-0.62807642778254,0.260133562465818
