Q,P,EigValReal,EigValImag,AGPgrad,N,alpha,k,E0,lmd,period
0,0,0.999957951324619,0.00917036436894348,0.240489826277643,2,0.78,1,1,1.45121098399838e-14,5.98539999999939
1.18962495621109,0,0.999957951324619,-0.00917036436894348,0.000990963004275768
0.258443444497864,0,-0.866044939718244,0.499966161243387,0.240064853425292
-2.92927078927369e-17,0,-0.866044939718244,-0.499966161243387,0.236373419962957
