Q,P,EigValReal,EigValImag,AGPgrad,N,alpha,k,E0,lmd,period
0,0,1603.76759901235,0,15.4536830198292,4,3.68999999999997,1,1,4.50548813307368e-13,7.30649999999631
1.04012068138459,0,293.985243319361,0,-2.30810815415867
0.279022887249525,0,-0.377403096479375,0.92604908227009,-16.2973708193698
0.263265808696175,0,-0.377403096479375,-0.92604908227009,6.65879247702259
0.243392643332305,0,0.999981358646903,0.00610592814622862,-0.213777189848415
3.07995645252896e-17,0,0.999981358646903,-0.00610592814622862,-10.7856280990051
,,0.000623531739955086,0,-9.37273608205565
,,0.00340153127586174,0,2.67976336023823
