Q,P,EigValReal,EigValImag,AGPgrad,N,alpha,k,E0,lmd,period
0,0,-0.999979509795567,0.00640156144907963,0.330766731721132,4,0.34,1,1,1.52705045083346e-13,9.87549999999032
1.96300139582935,0,-0.999979509795567,-0.00640156144907963,0.4991096682724
0.454081059152307,0,0.438993882985208,0.898490050418794,0.316800321495464
0.0967920764779467,0,0.438993882985208,-0.898490050418794,-0.521218570277057
0.0189088104671298,0,0.945559116682316,0.32545039078014,-0.819431044289413
-4.68961525511787e-17,0,0.945559116682316,-0.32545039078014,-0.68098972799626
,,0.999999391690391,0.00110300446933075,1.09182632776112
,,0.999999391690391,-0.00110300446933075,-0.127084306717574
