Q,P,EigValReal,EigValImag,AGPgrad,N,alpha,k,E0,lmd,period
0,0,452.391231751874,0,2.89185628654053,2,3.26999999999997,1,1,4.22191745505927e-13,4.94340000000182
0.882515707685649,0,0.999903372830302,0.013901259036175,-5.12991849766108
0.298920811971963,0,0.999903372830302,-0.013901259036175,-0.162849941557309
1.00731514625571e-18,0,0.00221047608748528,0,-3.24245935540041
