Q,P,EigValReal,EigValImag,AGPgrad,N,alpha,k,E0,lmd,period
0,0,-0.90196476717369,0.431809632566609,-44.1234973927676,4,1.11,1,1,3.47840470585886e-14,8.92899999999253
1.48735979054967,0,-0.90196476717369,-0.431809632566609,-34.1483914281497
0.515878150686862,0,-0.608022424348585,0.793919852056419,-16.4779973295047
0.188534522469661,0,-0.608022424348585,-0.793919852056419,-19.6143274794571
0.0751838928235783,0,0.999979458376999,0.00640958844385971,53.0001611003975
-1.67247998202887e-17,0,0.999979458376999,-0.00640958844385971,54.5766880486839
,,0.996964301088418,0.0778600176938035,10.8630430480051
,,0.996964301088418,-0.0778600176938035,-5.49965270166212
