Q,P,EigValReal,EigValImag,AGPgrad,N,alpha,k,E0,lmd,period
0,0,0.999996433018753,0.00267094548613417,1.15715386744073,5,0.26,1,1,1.16431319305999e-14,11.8612999999857
2.34087426435313,0,0.999996433018753,-0.00267094548613417,-0.0728815812836515
0.568496363396594,0,0.714969355978949,0.69915579094436,-0.251982574742039
0.133175103804251,0,0.714969355978949,-0.69915579094436,0.0650021597159458
0.0282344996051371,0,0.0584053589525617,0.998292950012981,0.209621701633787
0.00624942850544188,0,0.0584053589525617,-0.998292950012981,-0.83542926281558
5.17541242200522e-16,0,-0.608435913741674,0.793603010874665,-0.358049609109022
,,-0.608435913741674,-0.793603010874665,0.0353863806705218
,,-0.721333275014448,0.692588121726698,0.253773974721278
,,-0.721333275014448,-0.692588121726698,0.388593773773925
