Q,P,EigValReal,EigValImag,AGPgrad,N,alpha,k,E0,lmd,period
0,0,0.999954619305032,0.00952676915445642,0.228047233889959,2,0.79,1,1,1.8709713438672e-15,5.9796999999994
1.18678784500289,0,0.999954619305032,-0.00952676915445642,-0.00166007593681921
0.259738770182325,0,-0.839498111958738,0.543362604544801,0.264723630829347
-2.88173518302038e-17,0,-0.839498111958738,-0.543362604544801,0.243189029652316
