Q,P,EigValReal,EigValImag,AGPgrad,N,alpha,k,E0,lmd,period
0,0,-1.65091842662273,4.80143077539444,5.15338391841637,4,2.26,1,1,2.16205908397441e-13,7.9539999999948
1.20878518970139,0,-1.65091842662273,-4.80143077539444,2.1386930825746
0.448199896194213,0,4.17598800341676,0,-4.50966264340515
0.229649083469672,0,0.999994120111938,0.00342924796052118,1.81247834769677
0.0951244686807802,0,0.999994120111938,-0.00342924796052118,-1.03121391508742
-1.1076154645579e-17,0,-0.064040544264877,0.186251625245703,-7.30186745203816
,,-0.064040544264877,-0.186251625245703,-4.40268156902786
,,0.239464289452387,0,1.82543118010343
