Q,P,EigValReal,EigValImag,AGPgrad,N,alpha,k,E0,lmd,period
0,0,-2.13654135229357,3.07600127537528,-5.5032063986625,4,2.12,1,1,4.75830818219009e-14,8.04869999999458
1.23661221703489,0,-2.13654135229357,-3.07600127537528,-7.21383275829292
0.462220890206736,0,0.604938896218902,0.796271895674622,8.77893488302901
0.22275188197561,0,0.604938896218902,-0.796271895674622,-1.15558493262276
0.0857215434298454,0,0.999947784946017,0.0102189716488634,1.87863389907447
-1.33173496027145e-17,0,0.999947784946017,-0.0102189716488634,16.2623347939381
,,-0.15232076551596,0.219297823788995,9.46074513760026
,,-0.15232076551596,-0.219297823788995,-1.36101536765168
