Q,P,EigValReal,EigValImag,AGPgrad,N,alpha,k,E0,lmd,period
0,0,0.99992451487989,0.0122867628858676,0.806257336783335,4,0.860000000000001,1,1,1.7887796055976e-14,9.21149999999187
1.59199157305472,0,0.99992451487989,-0.0122867628858676,-0.61153970820781
0.52176082471713,0,0.383943200653889,0.923356712582763,-0.151395082470378
0.177743905067837,0,0.383943200653889,-0.923356712582763,-0.28496242787185
0.0593220450182072,0,-0.654123700339706,0.756387588907883,0.557695088101433
-2.45244101139413e-17,0,-0.654123700339706,-0.756387588907883,0.737288717007729
,,-0.944359015358808,0.32891647892822,0.30820007046337
,,-0.944359015358808,-0.32891647892822,-0.082221883962596
