Q,P,EigValReal,EigValImag,AGPgrad,N,alpha,k,E0,lmd,period
0,0,1669.72577714214,0,15.7384959374126,4,3.70999999999996,1,1,8.20817845730884e-13,7.29929999999633
1.03878258415896,0,301.619975610981,0,-2.36445807279502
0.277722642707237,0,-0.390208237882718,0.92072663211729,-16.6648824144596
0.263199139985505,0,-0.390208237882718,-0.92072663211729,6.86038372417367
0.244314580131132,0,0.999784816907005,0.0207441529899595,-0.206631557649819
3.10958411826913e-17,0,0.999784816907005,-0.0207441529899595,-10.9347667277071
,,0.000598900738064283,0,-9.5306989771724
,,0.00331543027955814,0,2.75845207434134
