Q,P,EigValReal,EigValImag,AGPgrad,N,alpha,k,E0,lmd,period
0,0,0.800219416890699,0.599707332647448,0.892439664995897,5,0.19,1,1,1.56800040477398e-14,11.9692999999854
2.46224462466928,0,0.800219416890699,-0.599707332647448,0.0083228153855392
0.497758893249867,0,0.999999491308857,0.0010086535697333,-0.231202212116112
0.0942990971156474,0,0.999999491308857,-0.0010086535697333,0.0827007559691927
0.0160309017111297,0,-0.203905814297443,0.978990510115245,0.222412814519869
0.00284543857494918,0,-0.203905814297443,-0.978990510115245,-1.12345936768157
5.77234471262856e-16,0,-0.497811567252176,0.867285214626608,-0.685227073718791
,,-0.497811567252176,-0.867285214626608,0.122836053149238
,,-0.425587614246645,0.904917224170172,0.593271230441534
,,-0.425587614246645,-0.904917224170172,0.608888350642371
