Q,P,EigValReal,EigValImag,AGPgrad,N,alpha,k,E0,lmd,period
0,0,102.001227753811,0,1.54969294603832,2,2.1,1,1,4.05383239865179e-14,5.34030000000089
0.972238452366726,0,0.999966697016852,0.00816117989151141,-1.73888328941678
0.305979578466451,0,0.999966697016852,-0.00816117989151141,-0.337613079047238
-3.83926235235786e-18,0,0.00980380356227907,0,-1.65029710665648
