Q,P,EigValReal,EigValImag,AGPgrad,N,alpha,k,E0,lmd,period
0,0,-0.891004603292094,0.453994269691043,0.831019728460841,4,0.47,1,1,3.0218719434629e-14,9.70639999999072
1.84088252144386,0,-0.891004603292094,-0.453994269691043,0.123725652237743
0.495868442580389,0,0.169701233926779,0.985495556156237,0.186744687521186
0.128471392577394,0,0.169701233926779,-0.985495556156237,-0.312075215122032
0.0309028005304884,0,0.999967817045303,0.00802277219132224,-0.501337506442873
-3.91380142709159e-17,0,0.999967817045303,-0.00802277219132224,-0.219576263674538
,,0.628741038430801,0.777614754613706,0.551097804018934
,,0.628741038430801,-0.777614754613706,-0.0260681679426616
