Q,P,EigValReal,EigValImag,AGPgrad,N,alpha,k,E0,lmd,period
0,0,-0.809243900964775,0.587472815329631,0.308198870927445,2,0.5,1,1,5.02331500689291e-15,6.14119999999903
1.28188129432258,0,-0.809243900964775,-0.587472815329631,0.0335185020862103
0.204392127725648,0,0.999998248243503,0.00187176652839412,-0.127906756638094
-4.72807913849864e-17,0,0.999998248243503,-0.00187176652839412,0.234749206822896
