Q,P,EigValReal,EigValImag,AGPgrad,N,alpha,k,E0,lmd,period
0,0,1141.23922070698,0,13.284616887856,4,3.52999999999997,1,1,7.44025767237813e-14,7.36589999999617
1.05124332420926,0,237.408122698209,0,-1.88335119203692
0.289989491062999,0,-0.268527959836325,0.963271890374761,-13.5265133813713
0.263725477136699,0,-0.268527959836325,-0.963271890374761,5.19213497708647
0.235389026716626,0,0.999694340023532,0.0247229958389133,-0.267095734829052
2.82386394608464e-17,0,0.999694340023532,-0.0247229958389133,-9.61765286835966
,,0.000876240478188002,0,-8.16442871288576
,,0.0042121557963621,0,2.10152454751084
