Q,P,EigValReal,EigValImag,AGPgrad,N,alpha,k,E0,lmd,period
0,0,477.752365414563,0,2.97359220918612,2,3.32999999999997,1,1,3.41371396613034e-13,4.92610000000186
0.878918900006904,0,0.999993351108194,0.00364660654646268,-5.32788570965021
0.298385053449178,0,0.999993351108194,-0.00364660654646268,-0.155394574980447
1.14798504578425e-18,0,0.00209313458691649,0,-3.32260419386077
