Q,P,EigValReal,EigValImag,AGPgrad,N,alpha,k,E0,lmd,period
0,0,0.999947851446103,0.0102124624028956,1.03508429609158,4,0.71,1,1,3.77089444553349e-13,9.39529999999144
1.67171116160208,0,0.999947851446103,-0.0102124624028956,-0.268533794884266
0.520400835469004,0,-0.228316186662999,0.973587037150582,0.0272229851382935
0.164695089175905,0,-0.228316186662999,-0.973587037150582,-0.23224164020733
0.0497414119502164,0,-0.412733059771225,0.910852030448352,0.0384150131040966
-2.92290814597027e-17,0,-0.412733059771225,-0.910852030448352,0.259285815983516
,,-0.358664282041881,0.933466621142592,0.301918711060709
,,-0.358664282041881,-0.933466621142592,-0.012050969772551
