Q,P,EigValReal,EigValImag,AGPgrad,N,alpha,k,E0,lmd,period
0,0,-2.14505166964455,4.04967046011186,11.9304568938037,4,2.2,1,1,4.22831713116584e-14,7.99369999999471
1.22094367673022,0,-2.14505166964455,-4.04967046011186,7.59949958372448
0.455021213923656,0,2.29464065809048,0,-12.0800502821545
0.226081001446891,0,0.999875107092741,0.0158041202313315,3.29495688105594
0.0903497622416485,0,0.999875107092741,-0.0158041202313315,-2.90359225896231
-1.2151216508353e-17,0,-0.102140076838782,0.192831556377501,-22.2261881072665
,,-0.102140076838782,-0.192831556377501,-12.5472616382593
,,0.435798083013348,0,3.32702527640095
