Q,P,EigValReal,EigValImag,AGPgrad,N,alpha,k,E0,lmd,period
0,0,983.082220083391,0,4.36982512077793,2,4.29999999999995,1,0.999999999999999,5.69861150494629e-13,4.67790000000244
0.828973683445466,0,0.999830177014266,0.0184287040030356,-8.65619427563079
0.289299121492093,0,0.999830177014266,-0.0184287040030356,-0.0380336045312484
2.75209948675364e-18,0,0.00101720891762318,0,-4.53692105804908
