Q,P,EigValReal,EigValImag,AGPgrad,N,alpha,k,E0,lmd,period
0,0,-1.39381157622076,1.94301087705442,2.59381039524047,4,1.72,1,1,2.54452541147497e-14,8.35409999999387
1.31768129304098,0,-1.39381157622076,-1.94301087705442,-0.620735595523306
0.486246998251975,0,3.14568142867709,0,0.8903057496553
0.217108725275872,0,0.99996451113702,0.00842475320188555,0.603331575754899
0.0696918889997485,0,0.99996451113702,-0.00842475320188555,-0.83711373771341
-1.94959394661722e-17,0,-0.243758498422357,0.339805911996584,-0.700461606606154
,,-0.243758498422357,-0.339805911996584,0.104782170830898
,,0.317896145135259,0,0.425959281051174
