Q,P,EigValReal,EigValImag,AGPgrad,N,alpha,k,E0,lmd,period
0,0,29.609313215399,0,1.23932635061057,2,1.56,1,1,1.26551065382363e-14,5.57420000000035
1.03520516804773,0,0.999942268711433,0.0107451963325428,-0.685519004826902
0.302420447573952,0,0.999942268711433,-0.0107451963325428,-0.535924284844067
-9.04627020589123e-18,0,0.0337731575441694,0,-1.04594611683868
