Q,P,EigValReal,EigValImag,AGPgrad,N,alpha,k,E0,lmd,period
0,0,1088.81128481262,0,4.62074142640752,2,4.46999999999995,1,1,1.4366052718625e-13,4.63950000000253
0.821497107306661,0,0.99981399552001,0.0192866368744161,-9.24685512111118
0.287699589450609,0,0.99981399552001,-0.0192866368744161,-0.0179135541913793
2.94144610628866e-18,0,0.000918432802012113,0,-4.73012187293408
