Q,P,EigValReal,EigValImag,AGPgrad,N,alpha,k,E0,lmd,period
0,0,567.591051616334,0,3.25215593365944,2,3.52999999999997,1,1,1.80915423174723e-13,4.87040000000199
0.867422034987076,0,0.999868237882363,0.0162328948122256,-5.99925427202182
0.296559266781758,0,0.999868237882363,-0.0162328948122256,-0.130772734132809
1.57359424385178e-18,0,0.00176183186281466,0,-3.58723853317254
