Q,P,EigValReal,EigValImag,AGPgrad,N,alpha,k,E0,lmd,period
0,0,0.883428908176672,0.468565218723887,0.453292180105671,5,0.09,1,1,1.53637063744523e-14,12.0928999999852
2.64567957673838,0,0.883428908176672,-0.468565218723887,0.0558839543858062
0.301922860026815,0,0.999999945741366,0.000329419560009175,-0.175058705017787
0.0309505259326456,0,0.999999945741366,-0.000329419560009175,0.0791062635049347
0.00282728610305716,0,-0.477992550302703,0.878363889202597,0.224237853364912
0.000269807074888745,0,-0.477992550302703,-0.878363889202597,-1.64437166357979
7.14194575823897e-16,0,-0.197696591354667,0.980263259419003,-1.36370185621738
,,-0.197696591354667,-0.980263259419003,0.185249905891924
,,-0.215393364720279,0.976527366966482,1.3607381284383
,,-0.215393364720279,-0.976527366966482,1.24989211293828
