Q,P,EigValReal,EigValImag,AGPgrad,N,alpha,k,E0,lmd,period
0,0,18.6444607495598,0,1.2415145416578,2,1.42,1,1,3.61785050896796e-14,5.64150000000019
1.05564538812302,0,0.999995438642851,0.00302037970191707,-0.48743322072199
0.299561008883152,0,0.999995438642851,-0.00302037970191707,-0.663139147266652
-1.10980262660433e-17,0,0.0536352331897406,0,-0.954293028155741
