Q,P,EigValReal,EigValImag,AGPgrad,N,alpha,k,E0,lmd,period
0,0,769.954632972785,0,3.82636692116667,2,3.92999999999996,1,1,6.47307046860353e-13,4.76630000000223
0.846422212317912,0,0.999955205140025,0.0094650786560395,-7.37036073264581
0.292802762084856,0,0.999955205140025,-0.0094650786560395,-0.0822763402758958
2.2615758667493e-18,0,0.00129877781924157,0,-4.09483822806813
