Q,P,EigValReal,EigValImag,AGPgrad,N,alpha,k,E0,lmd,period
0,0,1193.04587070496,0,13.5454081837364,4,3.54999999999997,1,1,6.41454853159316e-13,7.35829999999619
1.04981008759963,0,244.059021495192,0,-1.93401441807329
0.288560745648422,0,-0.282855116634513,0.9591626467898,-13.8568402356348
0.263676077984109,0,-0.282855116634513,-0.9591626467898,5.36158782963133
0.236454631652114,0,0.999896489506151,0.0143878516436707,-0.260790401964539
2.85785070368489e-17,0,0.999896489506151,-0.0143878516436707,-9.76140827550507
,,0.000838190739211045,0,-8.31023145244138
,,0.00409736953705331,0,2.16881930910697
