Q,P,EigValReal,EigValImag,AGPgrad,N,alpha,k,E0,lmd,period
0,0,407.671509903337,0,2.74384669083383,2,3.15999999999998,1,1,5.23837615586413e-13,4.97570000000174
0.889301507321535,0,0.999915203022384,0.013022548325744,-4.77013984085379
0.299884083568606,0,0.999915203022384,-0.013022548325744,-0.176636869129006
7.31849475717641e-19,0,0.0024529553224409,0,-3.09382426923324
