Q,P,EigValReal,EigValImag,AGPgrad,N,alpha,k,E0,lmd,period
0,0,-1.53039450285536,1.52657859298298,1.92978212803277,4,1.84,1,1,6.70283215837918e-15,8.25719999999409
1.29195232514523,0,-1.53039450285536,-1.52657859298298,-1.10085875714844
0.48002311975134,0,1.89638666749151,0,1.09047584076176
0.217542556853429,0,0.999939204362922,0.0110266757483278,0.47911819154705
0.074842011629915,0,0.999939204362922,-0.0110266757483278,-0.454212051192784
-1.71579337222411e-17,0,-0.327528791597943,0.3267121261258,0.321041390847039
,,-0.327528791597943,-0.3267121261258,0.665291497891541
,,0.527318619742651,0,0.281621059142427
