Q,P,EigValReal,EigValImag,AGPgrad,N,alpha,k,E0,lmd,period
0,0,0.848134598930987,0.529780805707561,0.684956924297708,5,0.14,1,1,5.21292710617108e-15,12.0374999999853
2.55569971038544,0,0.848134598930987,-0.529780805707561,0.0429337144980912
0.417558544627827,0,0.999998734425931,0.00159095774323482,-0.213351995590579
0.0625521978575703,0,0.999998734425931,-0.00159095774323482,0.0886896112491409
0.00837145332303535,0,-0.301329147265922,0.95352018594678,0.23460247535249
0.00117024623268303,0,-0.301329147265922,-0.95352018594678,-1.36876609947166
6.36370871669181e-16,0,-0.359865476930068,0.933004200694668,-0.987364149035732
,,-0.359865476930068,-0.933004200694668,0.174970214554628
,,-0.343036014926131,0.939322251659991,0.937270553963183
,,-0.343036014926131,-0.939322251659991,0.875412370918517
