Q,P,EigValReal,EigValImag,AGPgrad,N,alpha,k,E0,lmd,period
0,0,435.811612945713,0,2.83752072784862,2,3.22999999999998,1,1,2.68223770024209e-13,4.95500000000179
0.884953942163422,0,0.99999810814162,0.00194517689419964,-4.99804575320451
0.299274138370423,0,0.99999810814162,-0.00194517689419964,-0.167846451216904
9.09865584579243e-19,0,0.00229456942074663,0,-3.18832090488949
