Q,P,EigValReal,EigValImag,AGPgrad,N,alpha,k,E0,lmd,period
0,0,-0.813077041195919,0.582156100268732,0.908217285995286,4,0.51,1,1,5.82003372729834e-14,9.65369999999084
1.80815558599017,0,-0.813077041195919,-0.582156100268732,0.055375139645693
0.503271244505356,0,0.99998336842405,0.005767397618811,0.163870033494106
0.136253540044071,0,0.99998336842405,-0.005767397618811,-0.288800802036521
0.0343875276691526,0,0.0814749956407346,0.996675386013596,-0.416501642133676
-3.71754251158391e-17,0,0.0814749956407346,-0.996675386013596,-0.135991396641379
,,0.47520132501009,0.879877094092503,0.478218943784329
,,0.47520132501009,-0.879877094092503,-0.0163145246642405
