Q,P,EigValReal,EigValImag,AGPgrad,N,toda,k,E0,lmd,period
0,0,-0.691520586221068,0.722356753157659,14.1206375369519,5,1.01,1,1,1.99882351616289e-14,9.34309999999156
1.65520596822584,0,-0.691520586221068,-0.722356753157659,0.452225002569845
0.638256066913697,0,-0.653427765477044,0.756988873962943,1.7573858458219
0.275145267814451,0,-0.653427765477044,-0.756988873962943,0.866635113808628
0.11044098589628,0,0.353418165315771,0.935465445874322,-0.684431342978214
0.0362658836600927,0,0.353418165315771,-0.935465445874322,-1.68318186910191
3.15801633945302e-16,0,0.875673409747097,0.482903799386459,-1.95316503409886
,,0.875673409747097,-0.482903799386459,0.871575960222967
,,0.9999967526306,0.00254847567523867,0.281185344117862
,,0.9999967526306,-0.00254847567523867,1.04695238303106
