Q,P,EigValReal,EigValImag,AGPgrad,N,toda,k,E0,lmd,period
0,0,0.998933570330851,0.0461705757605953,-195.177169420489,2,2.17,1,1,1.29437683862954e-14,3.044000000002
1.01211882811867,0,0.998933570330851,-0.0461705757605953,-2.39838920998985
0.262301858980699,0,0.377978396943148,0.925814415228169,8.63393846932206
-1.59237065087073e-17,0,0.377978396943148,-0.925814415228169,17.7418835658694
