Q,P,EigValReal,EigValImag,AGPgrad,N,toda,k,E0,lmd,period
0,0,-0.550028751681105,0.835145719215591,-228.615182541425,5,2.14,1,1,4.139438293001e-13,5.89979999999959
1.33083917629708,0,-0.550028751681105,-0.835145719215591,-1.11279229670927
0.558107440708394,0,-0.579484632675561,0.814983165772694,-5.06880222566393
0.275758134410283,0,-0.579484632675561,-0.814983165772694,-4.91011663773987
0.132705232928286,0,0.796028550926683,0.605259073545847,-2.77014403077657
0.0526780681370222,0,0.796028550926683,-0.605259073545847,5.79513882890532
2.52550785251396e-16,0,0.997243821242368,0.0741940765419488,12.7115726376249
,,0.997243821242368,-0.0741940765419488,12.7035485953701
,,0.943809663066047,0.330489515572209,0.242521696099181
,,0.943809663066047,-0.330489515572209,11.8863224545391
