Q,P,EigValReal,EigValImag,AGPgrad,N,toda,k,E0,lmd,period
0,0,0.508920809697478,0.860813341820922,-3283.52593877014,3,3.74999999999996,1,1,3.31263301552933e-15,1.9711999999998
0.971929808197749,0,0.508920809697478,-0.860813341820922,-13.3004236518989
0.356381496122986,0,0.994466141542023,0.105057571485773,5.2680849374676
0.128489604426261,0,0.994466141542023,-0.105057571485773,22.7888444301366
4.36471905198426e-17,0,0.826090520621522,0.56353744484222,82.022586113296
,,0.826090520621522,-0.56353744484222,15.4780171862781
