Q,P,EigValReal,EigValImag,AGPgrad,N,toda,k,E0,lmd,period
0,0,0.991983341060783,0.126368710754883,-6603.58002219399,2,3.46999999999997,1,1,9.48657205585657e-15,1.65779999999983
0.912841808515026,0,0.991983341060783,-0.126368710754883,-6.9556233011796
0.257205010043189,0,0.911492559505445,0.411316561745551,72.0982742468804
-9.9854416133671e-18,0,0.911492559505445,-0.411316561745551,189.338622258173
