Q,P,EigValReal,EigValImag,AGPgrad,N,toda,k,E0,lmd,period
0,0,-0.515726221640573,0.856753444295579,0.377070496627712,5,0.07,1,1,5.0504520845118e-15,12.1024999999851
2.67638720229892,0,-0.515726221640573,-0.856753444295579,0.0584677503932895
0.245038525698651,0,-0.162366463761653,0.986730526256054,-0.154175066060436
0.0201673462828679,0,-0.162366463761653,-0.986730526256054,0.0738278928263718
0.00140074915091892,0,-0.180676259926579,0.983542621902551,0.215527969182794
6.97406431405534e-05,0,-0.180676259926579,-0.983542621902551,-1.83114877888012
7.50663186755595e-16,0,0.894622698696412,0.446822366245424,-1.60572269042819
,,0.894622698696412,-0.446822366245424,0.165992059650417
,,0.999999515976298,0.000983893883939934,1.59858755120251
,,0.999999515976298,-0.000983893883939934,1.48544697566434
