Q,P,EigValReal,EigValImag,AGPgrad,N,toda,k,E0,lmd,period
0,0,-0.559993843057353,0.828496768694887,-159.707319592991,5,2.13,1,0.999999999999999,3.57225588405664e-13,5.92519999999953
1.3326694626888,0,-0.559993843057353,-0.828496768694887,-0.209360224925999
0.558672842248972,0,-0.5607881965915,0.827959297649148,-4.09917869871649
0.275871521151193,0,-0.5607881965915,-0.827959297649148,-3.57002805442621
0.132654854185539,0,0.814566264184223,0.58007051403513,-2.39277944868293
0.0526174097241023,0,0.814566264184223,-0.58007051403513,4.14684971851978
2.52894671485988e-16,0,0.997435856258991,0.0715661417768633,9.88134891090522
,,0.997435856258991,-0.0715661417768633,10.6261752056244
,,0.931040118818598,0.364916835936989,-1.59375106653493
,,0.931040118818598,-0.364916835936989,10.2332168949815
