Q,P,EigValReal,EigValImag,AGPgrad,N,toda,k,E0,lmd,period
0,0,-0.978930338235489,0.204194497678498,-358.354546872876,5,1.33,1,0.999999999999999,1.32148954981972e-14,8.26509999999408
1.52903661258118,0,-0.978930338235489,-0.204194497678498,-41.0991785206672
0.612452701072086,0,-0.773150481892238,0.634222620496775,-6.61129720046822
0.280519979813744,0,-0.773150481892238,-0.634222620496775,-7.45793425324879
0.122018812298976,0,-0.671702972310761,0.740820570036297,-24.5667743827833
0.0436892602609646,0,-0.671702972310761,-0.740820570036297,31.2372400304528
2.90402406549576e-16,0,0.997170658076332,0.0751709962128305,40.8436001200823
,,0.997170658076332,-0.0751709962128305,21.2434152312031
,,0.999602598772146,0.0281894400089746,-1.14788383861929
,,0.999602598772146,-0.0281894400089746,-2.86201697256726
