Q,P,EigValReal,EigValImag,AGPgrad,N,toda,k,E0,lmd,period
0,0,0.999952119149717,0.0097856736097415,0.555613384670029,2,0.46,1,1,3.27184995859056e-15,5.90879999999957
1.31488738018895,0,0.999952119149717,-0.0097856736097415,0.0719185411529339
0.168254254984026,0,-0.644812232084803,0.764341013784972,-0.287996527661065
-5.72798738134516e-17,0,-0.644812232084803,-0.764341013784972,0.560924594463109
