Q,P,EigValReal,EigValImag,AGPgrad,N,toda,k,E0,lmd,period
0,0,0.997632324931839,0.0687731361154515,-3354.43586943158,2,3.19999999999998,1,1,1.91046378209978e-15,1.88269999999981
0.929803985840477,0,0.997632324931839,-0.0687731361154515,-5.87448595248351
0.258895742109197,0,0.865860943439846,0.500284745545432,47.4453169650342
-1.08261229182109e-17,0,0.865860943439846,-0.500284745545432,119.378462308132
