Q,P,EigValReal,EigValImag,AGPgrad,N,toda,k,E0,lmd,period
0,0,-0.762216132408045,0.647322614696026,2.67014172769516,4,0.54,1,1,1.26340304700248e-14,9.21279999999187
1.77508714662647,0,-0.762216132408045,-0.647322614696026,0.00484174518238452
0.516164721244339,0,0.999930130279183,0.0118209373502165,0.19423720554329
0.143531017299019,0,0.999930130279183,-0.0118209373502165,-0.330492925782393
0.0309479369452178,0,0.0563950849784207,0.998408530808046,-0.689716149884845
-3.72354711904513e-17,0,0.0563950849784207,-0.998408530808046,-0.35592353331895
,,0.296167062230011,0.95513615325254,0.53052510948273
,,0.296167062230011,-0.95513615325254,-0.0770587262004857
