Q,P,EigValReal,EigValImag,AGPgrad,N,toda,k,E0,lmd,period
0,0,0.583348193467336,0.8122221895383,-7503.80497516891,3,3.88999999999996,1,1,1.2459500351707e-14,1.85169999999981
0.962350682409908,0,0.583348193467336,-0.8122221895383,-13.7502789232421
0.354075789007539,0,0.996843940707483,0.0793861315012132,0.357728808830914
0.128220534772763,0,0.996843940707483,-0.0793861315012132,46.0205777608908
4.33640903511101e-17,0,0.853923035649667,0.520399317050716,147.504086377185
,,0.853923035649667,-0.520399317050716,73.4333911804493
