Q,P,EigValReal,EigValImag,AGPgrad,N,toda,k,E0,lmd,period
0,0,0.99477864989692,0.102056051800681,-358.441751082302,4,2.85999999999998,1,1,2.98952436095155e-14,3.63020000000324
1.1363956419715,0,0.99477864989692,-0.102056051800681,-6.43705155458834
0.455450896612394,0,0.274372077035891,0.961623607937644,1.57748695458271
0.206098112602524,0,0.274372077035891,-0.961623607937644,0.743737451640925
0.079792070013502,0,-0.729608998476954,0.683864540198906,4.79077747104205
-9.35971301154243e-18,0,-0.729608998476954,-0.683864540198906,12.6280284958482
,,-0.999774376363503,0.0212413833582089,8.68574025671986
,,-0.999774376363503,-0.0212413833582089,3.28192819439215
