Q,P,EigValReal,EigValImag,AGPgrad,N,toda,k,E0,lmd,period
0,0,0.987280957667129,0.158985252863389,-2186.8286282759,5,3.67999999999997,1,1,1.60273680030008e-13,3.01250000000193
1.13408717999623,0,0.987280957667129,-0.158985252863389,-15.3771418806888
0.491846677037837,0,0.610175170243834,0.792266534455355,1.74708114391352
0.256795164467179,0,0.610175170243834,-0.792266534455355,0.48647957601104
0.132588846650418,0,-0.167846521724888,0.985813139060766,0.424151677564083
0.0562149970969875,0,-0.167846521724888,-0.985813139060766,11.1481234319584
2.15704456207976e-16,0,-0.733355045481027,0.679845848165247,34.9267291088299
,,-0.733355045481027,-0.679845848165247,28.1355071061437
,,-0.94690807405749,0.321504431205432,16.9410030407096
,,-0.94690807405749,-0.321504431205432,8.03336390110689
