Q,P,EigValReal,EigValImag,AGPgrad,N,toda,k,E0,lmd,period
0,0,-0.278410571968612,0.960462156160313,1.73791091170204,3,0.56,1,1,1.61801094603134e-14,7.45169999999597
1.54215659292376,0,-0.278410571968612,-0.960462156160313,-1.00570843385311
0.358421652367934,0,0.999935546178063,0.0113535672615892,-0.014323987345547
0.0665062256392144,0,0.999935546178063,-0.0113535672615892,0.0749124753156913
5.39972192077803e-17,0,0.290752017069599,0.956798445112638,0.867069396885041
,,0.290752017069599,-0.956798445112638,-0.327124531707751
