Q,P,EigValReal,EigValImag,AGPgrad,N,toda,k,E0,lmd,period
0,0,0.634295432616195,0.773090747688933,-5555.60444124091,3,3.99999999999996,1,1,3.27565520954556e-13,1.76309999999982
0.955109217318307,0,0.634295432616195,-0.773090747688933,-15.6060224330256
0.352299249907575,0,0.989031139287804,0.147707161366649,6.33066150614359
0.127990328697737,0,0.989031139287804,-0.147707161366649,31.0908501474344
4.31462574552189e-17,0,0.872634758750352,0.488373399992989,118.595165627887
,,0.872634758750352,-0.488373399992989,20.4621342453531
