Q,P,EigValReal,EigValImag,AGPgrad,N,toda,k,E0,lmd,period
0,0,-0.566918622495924,0.823773801153772,189.049916949401,5,0.930000000000001,1,1,1.4094102186552e-14,9.61879999999092
1.69458632420286,0,-0.566918622495924,-0.823773801153772,37.1135231403146
0.644597344722781,0,-0.298246789279971,0.954488791282641,29.1740484929359
0.272068236723601,0,-0.298246789279971,-0.954488791282641,15.2911116508506
0.106239233012399,0,0.059356444929456,0.998236851877013,-0.536451720376791
0.0338459938773106,0,0.059356444929456,-0.998236851877013,-41.1333765036171
3.2407734403313e-16,0,0.999897943593133,0.0142864410632288,-42.8071991373651
,,0.999897943593133,-0.0142864410632288,0.380350104129607
,,0.999603828002021,0.0281458175171551,2.90960170357165
,,0.999603828002021,-0.0281458175171551,22.8930309564907
