Q,P,EigValReal,EigValImag,AGPgrad,N,toda,k,E0,lmd,period
0,0,0.979528648417818,0.20130481099292,-3959.89904402184,5,3.91999999999996,1,1,1.62738805587551e-13,2.7131000000013
1.11298560241827,0,0.979528648417818,-0.20130481099292,-19.2069467151258
0.484167250193096,0,0.695632675466323,0.718397648119453,1.37058607522819
0.254021155553642,0,0.695632675466323,-0.718397648119453,0.315483393333835
0.131940000008983,0,0.0462987733365516,0.998927636812349,0.400347691719915
0.0562359341539696,0,0.0462987733365516,-0.998927636812349,16.3822962172555
2.11749466852063e-16,0,-0.780667175893336,0.624947006139502,54.3655896258
,,-0.780667175893336,-0.624947006139502,43.3030028792705
,,-0.50329521887729,0.86411453098258,27.3511989266589
,,-0.50329521887729,-0.86411453098258,13.1853813242297
