Q,P,EigValReal,EigValImag,AGPgrad,N,toda,k,E0,lmd,period
0,0,0.999978640076349,0.00653600727204813,1.64747495875723,3,0.48,1,1,7.76752885144388e-15,7.61619999999559
1.58653747015674,0,0.999978640076349,-0.00653600727204813,-0.687262930233159
0.341188193369607,0,-0.106969656825978,0.99426228557585,0.0903497198668548
0.0570520476839442,0,-0.106969656825978,-0.99426228557585,-0.234780624139891
5.55638137987824e-17,0,0.0188306955173684,0.999822686733154,0.557862817115476
,,0.0188306955173684,-0.999822686733154,-0.0984213752428927
