Q,P,EigValReal,EigValImag,AGPgrad,N,toda,k,E0,lmd,period
0,0,-0.954769092566817,0.297348246806901,26.6605825777105,3,1.02,1,1,1.089940434942e-13,6.40349999999841
1.35474983348978,0,-0.954769092566817,-0.297348246806901,4.7320306678721
0.395348883387491,0,0.999580386119434,0.0289663888901449,5.55233715957085
0.101959395239653,0,0.999580386119434,-0.0289663888901449,-6.04638485281777
5.04503812792375e-17,0,0.938683010459018,0.344781388528426,-6.73740884694684
,,0.938683010459018,-0.344781388528426,3.9541317700443
