Q,P,EigValReal,EigValImag,AGPgrad,N,toda,k,E0,lmd,period
0,0,0.996131001207842,0.0878807625861169,12.060541405948,4,2.34999999999999,1,1,1.12749282508484e-14,4.54070000000276
1.20131326772813,0,0.996131001207842,-0.0878807625861169,-2.56205803751558
0.473004318826102,0,-0.176831817010235,0.984241082506155,2.75643358185077
0.208079806253435,0,-0.176831817010235,-0.984241082506155,1.56584552503177
0.0781164881633078,0,-0.473904306333048,0.880576350147447,-0.114215629297756
-1.13466026931386e-17,0,-0.473904306333048,-0.880576350147447,0.551401641491506
,,-0.996106477200964,0.0881583012443184,0.540998728372409
,,-0.996106477200964,-0.0881583012443184,-1.23016592922936
