Q,P,EigValReal,EigValImag,AGPgrad,N,toda,k,E0,lmd,period
0,0,0.435723797181978,0.900080425611672,-2538.35782213073,3,3.62999999999997,1,1,4.25186051373044e-14,2.07989999999996
0.980485470773316,0,0.435723797181978,-0.900080425611672,-12.2668027903252
0.35839892746611,0,0.992933103597931,0.118675405116245,4.78861571306356
0.128695718215953,0,0.992933103597931,-0.118675405116245,19.5954058823237
4.38950642780379e-17,0,0.798111491008234,0.602509790725907,68.3496539835578
,,0.798111491008234,-0.602509790725907,13.5399490358462
