Q,P,EigValReal,EigValImag,AGPgrad,N,toda,k,E0,lmd,period
0,0,0.998734648029714,0.0502901861692395,-68.7683441096174,2,1.85,1,1,9.33780114401381e-15,3.517000000003
1.04628086056048,0,0.998734648029714,-0.0502901861692395,-1.57061987723257
0.260981595316131,0,0.0493986538486412,0.998779141250942,4.72159614469447
-1.86191813464393e-17,0,0.0493986538486412,-0.998779141250942,9.12320902513685
