Q,P,EigValReal,EigValImag,AGPgrad,N,toda,k,E0,lmd,period
0,0,-0.627629592566376,0.77851210301123,0.740524221155705,3,0.25,1,1,3.10520502267373e-15,8.01549999999466
1.73516759023679,0,-0.627629592566376,-0.77851210301123,-0.222260857100704
0.244285061966693,0,0.349272909759714,0.93702104272422,0.176486451661128
0.0244599563921236,0,0.349272909759714,-0.93702104272422,-0.70542936096958
6.53344714162387e-17,0,0.999998853532539,0.00151424357704095,0.204284671263652
,,0.999998853532539,-0.00151424357704095,0.4124315172586
