Q,P,EigValReal,EigValImag,AGPgrad,N,toda,k,E0,lmd,period
0,0,-0.835850565905227,0.548957039736164,590.925204886779,4,1.7,1,1,1.08048036836177e-14,5.99839999999936
1.31523488360539,0,-0.835850565905227,-0.548957039736164,17.5920067215375
0.499244487517991,0,0.0140239219425636,0.999901659971292,24.1704711191947
0.20692919932856,0,0.0140239219425636,-0.999901659971292,23.2949493418004
0.0725670924348791,0,0.999920625708788,0.0125992968890711,-31.4928450941349
-1.54426038490647e-17,0,0.999920625708788,-0.0125992968890711,-48.7265589633968
,,0.993519526060467,0.113661564904691,-19.3666705540339
,,0.993519526060467,-0.113661564904691,-17.01812061359
