Q,P,EigValReal,EigValImag,AGPgrad,N,toda,k,E0,lmd,period
0,0,-0.941788221780456,0.336206700283607,556.379037857311,5,2.42999999999999,1,1,1.00105509137507e-13,5.20450000000121
1.28206512061564,0,-0.941788221780456,-0.336206700283607,1.95115707969726
0.542665164320725,0,-0.258500990148998,0.966010992738683,8.13937404472321
0.272288829126988,0,-0.258500990148998,-0.966010992738683,7.72196930592765
0.133697669913415,0,0.0823154537290363,0.996606324522058,2.20285331853816
0.0541132715915154,0,0.0823154537290363,-0.996606324522058,-9.5295560936428
2.43403094919792e-16,0,0.998750766745974,0.0499690496642668,-17.5438368017131
,,0.998750766745974,-0.0499690496642668,-12.7831776919559
,,0.797488241592881,0.603334488091892,-14.9141881394539
,,0.797488241592881,-0.603334488091892,-10.8938920753495
