Q,P,EigValReal,EigValImag,AGPgrad,N,toda,k,E0,lmd,period
0,0,-0.979607340610404,0.200921522546043,166.741294414992,4,1.23,1,1,7.68363291093231e-15,7.25459999999643
1.43769480180436,0,-0.979607340610404,-0.200921522546043,18.7394285333423
0.51966796969499,0,-0.179502816019758,0.983757459458884,8.60901664778818
0.198940859720139,0,-0.179502816019758,-0.983757459458884,13.4111883120361
0.0634174653018484,0,0.99941022009277,0.0343396559993544,-20.1867403842616
-2.0600297117351e-17,0,0.99941022009277,-0.0343396559993544,-25.2123095824604
,,0.992869544900005,0.119205984791264,-3.98643918918236
,,0.992869544900005,-0.119205984791264,4.58414317050479
