Q,P,EigValReal,EigValImag,AGPgrad,N,toda,k,E0,lmd,period
0,0,0.998579025370683,0.0532909944520338,-310.449047083504,4,2.81999999999998,1,1,2.28087626424124e-13,3.69470000000337
1.1409486829778,0,0.998579025370683,-0.0532909944520338,-6.10743071797224
0.456737630061051,0,0.244496404761652,0.969650198813271,1.64658547206407
0.206297286089278,0,0.244496404761652,-0.969650198813271,0.781613377596711
0.0797107070005388,0,-0.767476889513328,0.641076613255328,4.33802783460755
-9.490634431119e-18,0,-0.767476889513328,-0.641076613255328,11.3517882078839
,,-0.99857515686676,0.0533634340020685,7.80376401414688
,,-0.99857515686676,-0.0533634340020685,2.81519918045596
