Q,P,EigValReal,EigValImag,AGPgrad,N,toda,k,E0,lmd,period
0,0,0.99733271380376,0.0729894374328395,-311.643845140146,3,2.56999999999999,1,1,1.5724179974723e-13,3.34270000000263
1.07462484288263,0,0.99733271380376,-0.0729894374328395,-4.67398751101921
0.377756329801602,0,0.279963646016605,0.960010602498282,0.808541533700991
0.128684224022819,0,0.279963646016605,-0.960010602498282,6.89232640420952
4.62964316800389e-17,0,-0.61137146480999,0.791343750854266,16.811487495186
,,-0.61137146480999,-0.791343750854266,8.3389950469965
