Q,P,EigValReal,EigValImag,AGPgrad,N,toda,k,E0,lmd,period
0,0,0.999272302839194,0.0381426897114891,-76.4721304808494,3,2.15,1,1,2.6037692907785e-14,4.02430000000396
1.12567146228769,0,0.999272302839194,-0.0381426897114891,-2.64891876341002
0.385827473487718,0,-0.12141506045908,0.992601825050568,1.20182374316891
0.126805559264064,0,-0.12141506045908,-0.992601825050568,2.8735296872013
4.73419812871907e-17,0,-0.977649540157755,0.210241234369814,6.53724862144916
,,-0.977649540157755,-0.210241234369814,3.24725356842753
