Q,P,EigValReal,EigValImag,AGPgrad,N,toda,k,E0,lmd,period
0,0,0.999858615786995,0.0168151252305906,0.802269467527145,2,0.8,1,1,6.7703462010532e-15,5.35590000000086
1.2216748284114,0,0.999858615786995,-0.0168151252305906,0.0372792605350179
0.22100980673536,0,-0.989532171645547,0.144312443255724,0.0137936838090875
-3.94990324779951e-17,0,-0.989532171645547,-0.144312443255724,0.976605626842055
