Q,P,EigValReal,EigValImag,AGPgrad,N,toda,k,E0,lmd,period
0,0,0.976859043126289,0.213884103810017,-4245.45300657208,5,3.94999999999996,1,1,1.68188517913665e-13,2.67790000000123
1.1104638451802,0,0.976859043126289,-0.213884103810017,-19.698107154445
0.483242619581489,0,0.704959354163308,0.709247706360499,1.32965332344286
0.25368069402786,0,0.704959354163308,-0.709247706360499,0.298705148774014
0.131854545178119,0,0.0711083542473031,0.997468596977476,0.398257026694629
0.0562338669075634,0,0.0711083542473031,-0.997468596977476,17.1215739282336
2.11276745962385e-16,0,-0.75491497902143,0.65582266997189,57.2221783110231
,,-0.75491497902143,-0.65582266997189,45.5090215326747
,,-0.473449439555228,0.88082099667573,28.8530110782738
,,-0.473449439555228,-0.88082099667573,13.9273722314482
