Q,P,EigValReal,EigValImag,AGPgrad,N,toda,k,E0,lmd,period
0,0,0.999973403441919,0.00729331260778168,0.731371994500253,2,0.56,1,1,1.12712626110208e-14,5.75939999999992
1.28542923462646,0,0.999973403441919,-0.00729331260778168,0.0804426087478165
0.188377923361669,0,-0.789581820180302,0.613645295949345,-0.237422091626579
-5.09285022839013e-17,0,-0.789581820180302,-0.613645295949345,0.652928762330379
