Q,P,EigValReal,EigValImag,AGPgrad,N,toda,k,E0,lmd,period
0,0,0.629904615270471,0.776672502191846,-5441.13805749776,3,3.98999999999996,1,1,3.33615430878167e-13,1.77099999999982
0.955759305956048,0,0.629904615270471,-0.776672502191846,-15.5119341957465
0.352458610353839,0,0.984576363476577,0.174955378548786,6.28582627871417
0.128011504491199,0,0.984576363476577,-0.174955378548786,30.7089815627841
4.31659789189144e-17,0,0.87103035890293,0.491229186703537,116.881555464106
,,0.87103035890293,-0.491229186703537,20.2347091885401
