Q,P,EigValReal,EigValImag,AGPgrad,N,toda,k,E0,lmd,period
0,0,0.98964015585779,0.143570059252555,-142.616366063824,5,3.04999999999998,1,1,8.58266792050094e-15,3.96940000000395
1.19897213253636,0,0.98964015585779,-0.143570059252555,-6.72794464678315
0.514811867912942,0,0.270711611964176,0.962660492150658,3.32685700423873
0.264468778250476,0,0.270711611964176,-0.962660492150658,1.59452665353658
0.133829265294101,0,-0.96829149721488,0.249823090248613,0.615612824203449
0.0557170988157911,0,-0.96829149721488,-0.249823090248613,1.40592930139611
2.27852624442565e-16,0,-0.661415399341503,0.750019779415119,4.35400389937463
,,-0.661415399341503,-0.750019779415119,3.74974482266264
,,-0.780454521171691,0.62521255616203,-0.721482271691159
,,-0.780454521171691,-0.62521255616203,-0.924031248337406
