Q,P,EigValReal,EigValImag,AGPgrad,N,toda,k,E0,lmd,period
0,0,-0.822770643208861,0.568373529181004,1193.3483030202,5,2.29999999999999,1,1,4.48938991336526e-15,5.50640000000051
1.30295823572362,0,-0.822770643208861,-0.568373529181004,9.02254612503765
0.54936713567289,0,-0.388636914346584,0.921390985850834,17.4589897865251
0.273879734766748,0,-0.388636914346584,-0.921390985850834,19.2620733859586
0.133355399695612,0,0.427872697095157,0.90383900949258,5.84446127675905
0.0535417430031492,0,0.427872697095157,-0.90383900949258,-24.0105982530089
2.47318253707525e-16,0,0.996020886432894,0.0891201087818973,-43.5501851892307
,,0.996020886432894,-0.0891201087818973,-32.5422879657881
,,0.974759717584851,0.22325656311493,-30.4677628035577
,,0.974759717584851,-0.22325656311493,-27.1152804764516
