Q,P,EigValReal,EigValImag,AGPgrad,N,toda,k,E0,lmd,period
0,0,0.998099727191731,0.0616192711721446,-900.236134519139,2,2.69999999999999,1,1,1.13364652679279e-13,2.3813000000006
0.965627183084461,0,0.998099727191731,-0.0616192711721446,-4.01723705844842
0.261420647046129,0,0.712527169748647,0.701644519945795,21.3424463958115
-1.28234323182239e-17,0,0.712527169748647,-0.701644519945795,49.0490305775709
