Q,P,EigValReal,EigValImag,AGPgrad,N,toda,k,E0,lmd,period
0,0,-0.995715078685194,0.0924742238622845,66.7725429981138,4,1.29,1,1,5.31971977231074e-15,7.08649999999682
1.419156814753,0,-0.995715078685194,-0.0924742238622845,5.74330775854363
0.517166434646307,0,0.0789754373281974,0.996876562217618,3.1877659520035
0.200597570642034,0,0.0789754373281974,-0.996876562217618,4.83603874212639
0.0649752568450342,0,0.999549797529858,0.0300033707775879,-6.8741485060296
-1.97773334947536e-17,0,0.999549797529858,-0.0300033707775879,-8.47545409173116
,,0.949210612552293,0.314641403852243,-1.09405088989762
,,0.949210612552293,-0.314641403852243,1.43495038531966
