Q,P,EigValReal,EigValImag,AGPgrad,N,toda,k,E0,lmd,period
0,0,0.9936034040013,0.112925973793088,-1570.13825304584,5,3.55999999999997,1,1,1.21601331034916e-13,3.17470000000228
1.14530440053598,0,0.9936034040013,-0.112925973793088,-13.5840448697624
0.495888033572071,0,0.559429213247954,0.828878130586626,1.97233337255525
0.258215358513042,0,0.559429213247954,-0.828878130586626,0.606231523483737
0.132885447130366,0,-0.283729820613015,0.958904264718283,0.442276849589321
0.0561759661670507,0,-0.283729820613015,-0.958904264718283,8.92093746828118
2.17805840258335e-16,0,-0.834410953446354,0.551142777117458,27.1399892315376
,,-0.834410953446354,-0.551142777117458,22.0015200368817
,,-0.990933948578059,0.134349951825428,12.6601318958405
,,-0.990933948578059,-0.134349951825428,5.90485142227754
