Q,P,EigValReal,EigValImag,AGPgrad,N,toda,k,E0,lmd,period
0,0,-0.729276554308653,0.684219049234753,0.507158054157263,3,0.19,1,1,1.70295768846602e-14,8.09229999999448
1.77490151693942,0,-0.729276554308653,-0.684219049234753,-0.161179059375407
0.20057220613907,0,0.439674293907246,0.89815728871794,0.168547672821224
0.0157491414084112,0,0.439674293907246,-0.89815728871794,-0.771810825826344
7.01279128244108e-17,0,0.999999397583847,0.00109764837860924,0.172892650398974
,,0.999999397583847,-0.00109764837860924,0.550080692632409
