Q,P,EigValReal,EigValImag,AGPgrad,N,toda,k,E0,lmd,period
0,0,0.999368488558801,0.0355334219528026,-26.1361691996425,3,1.93,1,1,1.61159616552169e-14,4.42810000000302
1.15734618961847,0,0.999368488558801,-0.0355334219528026,-1.74594003513116
0.389875541949385,0,-0.372049772605498,0.928212780942065,1.48430794653425
0.124947164130081,0,-0.372049772605498,-0.928212780942065,1.42057938165834
4.79035394576801e-17,0,-0.972199099244562,0.234155741821691,3.41612549714465
,,-0.972199099244562,-0.234155741821691,1.83398450753139
