Q,P,EigValReal,EigValImag,AGPgrad,N,toda,k,E0,lmd,period
0,0,-0.341309097615744,0.939951115688846,1.68462104009567,3,0.59,1,1,4.79989378683363e-14,7.38769999999612
1.52659043886048,0,-0.341309097615744,-0.939951115688846,-1.16208745207962
0.363559056353698,0,0.999990288522368,0.00440713750073548,-0.0770078440927085
0.0697588212733443,0,0.999990288522368,-0.00440713750073548,0.227676235474756
5.35401007320532e-17,0,0.390157928481787,0.920747951853694,1.02900416734715
,,0.390157928481787,-0.920747951853694,-0.435472732197733
