Q,P,EigValReal,EigValImag,AGPgrad,N,toda,k,E0,lmd,period
0,0,-0.988420849752324,0.151737351284729,12.4522147171075,4,1.43,1,1,6.47313041531385e-13,6.70219999999772
1.37964685354663,0,-0.988420849752324,-0.151737351284729,0.0648684676340507
0.511104958838259,0,0.999179639382477,0.0404975091025086,0.436249276014793
0.20359839747162,0,0.999179639382477,-0.0404975091025086,0.725634571490032
0.0681059993399899,0,0.718688619904618,0.695332055653694,-0.686043652432191
-1.80703233682076e-17,0,0.718688619904618,-0.695332055653694,-0.351598998468333
,,0.613745148827932,0.789504206632342,0.615422177843361
,,0.613745148827932,-0.789504206632342,0.744183415790048
