Q,P,EigValReal,EigValImag,AGPgrad,N,toda,k,E0,lmd,period
0,0,-0.0803781456022239,0.996764442438407,-1058.7929144523,3,3.02999999999998,1,1,3.17320882668175e-13,2.72150000000132
1.02897921119077,0,-0.0803781456022239,-0.996764442438407,-7.34989977502726
0.369048417752832,0,0.997437167565874,0.0715478634068012,0.553601355552967
0.129228024654252,0,0.997437167565874,-0.0715478634068012,14.3436987663476
4.52081766359156e-17,0,0.578850260966448,0.815433857145418,38.9682513731091
,,0.578850260966448,-0.815433857145418,19.4605264254199
