Q,P,EigValReal,EigValImag,AGPgrad,N,toda,k,E0,lmd,period
0,0,0.999986310699418,0.00523243861003098,-12.2561541382526,2,1.42,1,1,1.55004928493014e-14,4.23420000000347
1.1030252228398,0,0.999986310699418,-0.00523243861003098,-0.662925833265037
0.254586973205041,0,-0.519505305404315,0.854467224448513,1.79200979622231
-2.39876879588903e-17,0,-0.519505305404315,-0.854467224448513,3.52327751507638
