Q,P,EigValReal,EigValImag,AGPgrad,N,toda,k,E0,lmd,period
0,0,-0.579842672819937,0.814728466899886,-47.4646757958014,5,2.11,1,1,2.98000592942187e-13,5.97629999999941
1.33636310921805,0,-0.579842672819937,-0.814728466899886,1.44335122164619
0.559810655576787,0,-0.522217408576226,0.852812393308139,-2.57900781928501
0.276096589912614,0,-0.522217408576226,-0.852812393308139,-1.30868698379954
0.132550305324475,0,0.997414679055137,0.0718606846975598,-1.80348015369759
0.0524935129925948,0,0.997414679055137,-0.0718606846975598,1.37489066444827
2.53588817884036e-16,0,0.849501176286571,0.527586724139009,5.24471512203427
,,0.849501176286571,-0.527586724139009,7.31016697974757
,,0.901498467207992,0.432782293562994,-4.7559069035145
,,0.901498467207992,-0.432782293562994,7.66632520179649
