Q,P,EigValReal,EigValImag,AGPgrad,N,toda,k,E0,lmd,period
0,0,0.997609923737457,0.0690973231070866,97.411996193063,4,2.04,1,1,2.16712944628486e-14,5.19300000000124
1.25001493783833,0,0.997609923737457,-0.0690973231070866,-0.224957397107146
0.48498183431566,0,0.343433721060397,0.939176915835677,4.09322024102909
0.208323007814183,0,0.343433721060397,-0.939176915835677,2.90383566307823
0.0761381719107529,0,-0.741474175514629,0.670981405886117,-3.04937767773803
-1.30054268368974e-17,0,-0.741474175514629,-0.670981405886117,-4.71567143413016
,,-0.504363488009925,0.863491442900534,-2.21537157552956
,,-0.504363488009925,-0.863491442900534,-3.00688604114145
