Q,P,EigValReal,EigValImag,AGPgrad,N,toda,k,E0,lmd,period
0,0,0.999310698387488,0.0371231476076011,1.80871136983296,3,1.68,1,1,9.90855493317569e-15,4.92600000000186
1.19890200373364,0,0.999310698387488,-0.0371231476076011,-0.828687101295053
0.393983306878332,0,-0.660322523941225,0.750982133193524,1.871778098169
0.121703233927576,0,-0.660322523941225,-0.750982133193524,0.104202572691319
4.85493785723584e-17,0,-0.680348068318205,0.732889149828053,1.02341379748902
,,-0.680348068318205,-0.732889149828053,1.00913173370212
