Q,P,EigValReal,EigValImag,AGPgrad,N,toda,k,E0,lmd,period
0,0,-0.583521821651768,0.812097459456806,65.1733871259703,5,0.940000000000001,1,0.999999999999999,1.69504330992405e-14,9.584299999991
1.68944445099212,0,-0.583521821651768,-0.812097459456806,11.2509288540236
0.643819626310125,0,-0.347019220034854,0.937858017466617,9.54208722904032
0.272508052170921,0,-0.347019220034854,-0.937858017466617,4.98817823847715
0.106801319985609,0,0.0972896809462764,0.995256106729002,-0.539189714975838
0.0341628629273484,0,0.0972896809462764,-0.995256106729002,-13.1344503540931
3.22985572099402e-16,0,0.999854742836381,0.0170438618727365,-13.8512523179664
,,0.999854742836381,-0.0170438618727365,0.549979627571417
,,0.99612853487251,0.0879087140888029,1.07486523175375
,,0.99612853487251,-0.0879087140888029,7.24523159378977
