Q,P,EigValReal,EigValImag,AGPgrad,N,toda,k,E0,lmd,period
0,0,-0.974047856564062,0.226342159402419,463.988717842234,5,2.48999999999999,1,1,8.65224185666426e-14,5.07050000000152
1.27289696551867,0,-0.974047856564062,-0.226342159402419,0.637936393037944
0.539684360654048,0,0.995664394578157,0.0930183496371192,6.9439622321147
0.271541974558553,0,0.995664394578157,-0.0930183496371192,6.12030788826957
0.133808568576138,0,0.672839238678856,0.739788725849513,1.73733852523621
0.0543430032337357,0,0.672839238678856,-0.739788725849513,-7.3948019094656
2.4168614401925e-16,0,-0.199848164147055,0.979826878222387,-13.751026106914
,,-0.199848164147055,-0.979826878222387,-9.99988579633654
,,-0.0750703834873071,0.997178237589991,-12.5293161455964
,,-0.0750703834873071,-0.997178237589991,-8.75387201340544
