Q,P,EigValReal,EigValImag,AGPgrad,N,toda,k,E0,lmd,period
0,0,0.999387193763665,0.0350033847102832,-14405.2511664378,2,3.78999999999996,1,1,1.48946408344169e-15,1.42579999999986
0.894461064459999,0,0.999387193763665,-0.0350033847102832,-8.66296666250633
0.255050754519546,0,0.945950900196432,0.324309874067282,117.40846588953
-9.14278082567956e-18,0,0.945950900196432,-0.324309874067282,322.620990717482
