Q,P,EigValReal,EigValImag,AGPgrad,N,toda,k,E0,lmd,period
0,0,0.997993813083072,0.0633115238158688,-742.767275097435,2,2.62999999999999,1,1,8.47077126251849e-14,2.46050000000077
0.971192865149622,0,0.997993813083072,-0.0633115238158688,-3.78408566534109
0.261675875044495,0,0.680718407006423,0.73254518656711,19.0199867598257
-1.31628162581596e-17,0,0.680718407006423,-0.73254518656711,43.1035670862271
