Q,P,EigValReal,EigValImag,AGPgrad,N,toda,k,E0,lmd,period
0,0,-0.8088249466099,0.588049492595216,0.27566973406514,3,0.12,1,0.999999999999999,5.12217155968306e-15,8.16069999999432
1.81526872399624,0,-0.8088249466099,-0.588049492595216,-0.101028429387137
0.136606232369979,0,0.519804157539894,0.854285454519878,0.136842513737662
0.00697952886561415,0,0.519804157539894,-0.854285454519878,-0.830126079255358
7.74163861095598e-17,0,0.999996866040953,0.00250357908841974,0.131434776158174
,,0.999996866040953,-0.00250357908841974,0.701411757430656
