Q,P,EigValReal,EigValImag,AGPgrad,N,toda,k,E0,lmd,period
0,0,-0.903997770052426,0.427537170010105,2.22991074251357,4,0.47,1,1,7.19754981615904e-15,9.39449999999144
1.83172034291793,0,-0.903997770052426,-0.427537170010105,0.207539567075181
0.503931952214089,0,0.207271629799288,0.978283431056836,0.24448609350156
0.13023303710335,0,0.207271629799288,-0.978283431056836,-0.360457459972385
0.0257453252236538,0,0.999920283313817,0.0126264412097932,-0.889136820206988
-4.02968139650573e-17,0,0.999920283313817,-0.0126264412097932,-0.56567220885441
,,0.586564952389869,0.809902189543819,0.642117030522962
,,0.586564952389869,-0.809902189543819,-0.0675545446580802
