Q,P,EigValReal,EigValImag,AGPgrad,N,toda,k,E0,lmd,period
0,0,0.997869659060412,0.0652391257350056,-167.124463661391,2,2.12,1,1,3.0563572901575e-15,3.11430000000215
1.01710113505422,0,0.997869659060412,-0.0652391257350056,-2.26034593990588
0.262218704843467,0,0.333458159831421,0.942764899453645,7.88685284784765
-1.62936188436677e-17,0,0.333458159831421,-0.942764899453645,16.0363197786747
