Q,P,EigValReal,EigValImag,AGPgrad,N,toda,k,E0,lmd,period
0,0,0.992507278919084,0.122185519979559,-871.991040030454,4,3.14999999999998,1,1,2.65106384464407e-14,3.19430000000232
1.10558966391242,0,0.992507278919084,-0.122185519979559,-9.0291768791107
0.44653709702956,0,0.46310396569524,0.886303964200405,1.15135985786089
0.204519253760801,0,0.46310396569524,-0.886303964200405,0.544185962347057
0.080200312899925,0,-0.427547592273234,0.903992840868433,8.62860317565896
-8.50701964578848e-18,0,-0.427547592273234,-0.903992840868433,24.2649346779831
,,-0.871632372959418,0.490160184438861,16.7671591207593
,,-0.871632372959418,-0.490160184438861,7.46326856163628
