Q,P,EigValReal,EigValImag,AGPgrad,N,toda,k,E0,lmd,period
0,0,0.999295259740718,0.0375364337638629,-32.9731460374867,2,1.65,1,1,3.73241355800535e-15,3.83990000000368
1.07083602246545,0,0.999295259740718,-0.0375364337638629,-1.11549199949451
0.258891050998369,0,-0.204459460905026,0.978875032292906,3.1076879835514
-2.07987903675009e-17,0,-0.204459460905026,-0.978875032292906,5.89584435859187
