Q,P,EigValReal,EigValImag,AGPgrad,N,toda,k,E0,lmd,period
0,0,-0.179121737092931,0.983826917349191,-845.372398440729,3,2.93999999999998,1,1,5.10565921973632e-14,2.83350000000156
1.03723409642986,0,-0.179121737092931,-0.983826917349191,-6.78415350168743
0.370721409173223,0,0.995376401544158,0.0960511283069067,0.592392653739705
0.129206750373452,0,0.995376401544158,-0.0960511283069067,12.544971342647
4.54157461053942e-17,0,0.530986369848113,0.847380360307889,33.3938830778203
,,0.530986369848113,-0.847380360307889,16.6654999062459
