Q,P,EigValReal,EigValImag,AGPgrad,N,toda,k,E0,lmd,period
0,0,0.988915140595026,0.148481799227858,-2605.63814016428,4,3.58999999999997,1,1,1.48809138818116e-14,2.63090000000113
1.0650174984142,0,0.988915140595026,-0.148481799227858,-13.5659388856493
0.434266992269677,0,0.666601014127608,0.745414708711891,0.71995568683716
0.201841412091341,0,0.666601014127608,-0.745414708711891,0.395418019078522
0.0803650083929209,0,-0.443702362253415,0.896174209476451,17.056943026316
-7.47090033576531e-18,0,-0.443702362253415,-0.896174209476451,53.2428304278831
,,0.0166268182214902,0.999861764903437,36.6206380419914
,,0.0166268182214902,-0.999861764903437,17.455859824459
