Q,P,EigValReal,EigValImag,AGPgrad,N,toda,k,E0,lmd,period
0,0,0.999488211438931,0.0319892981265636,-24.9096098389756,2,1.58,1,1,2.48739848557002e-14,3.95750000000393
1.0801404500241,0,0.999488211438931,-0.0319892981265636,-0.969023991646583
0.257834228893331,0,-0.299385177473574,0.954132336475988,2.65411319101238
-2.16808279373834e-17,0,-0.299385177473574,-0.954132336475988,5.04518886387986
