Q,P,EigValReal,EigValImag,AGPgrad,N,toda,k,E0,lmd,period
0,0,0.994680752871248,0.103005824435037,-2073.16681243455,5,3.65999999999997,1,1,1.68395553678962e-13,3.03890000000199
1.13592362785116,0,0.994680752871248,-0.103005824435037,-15.0929145593072
0.492510641139931,0,0.602128193793714,0.798399422744477,1.78144426442574
0.257030450014283,0,0.602128193793714,-0.798399422744477,0.50558016409444
0.132639788913264,0,-0.186794039282508,0.982399097560925,0.426913473797704
0.0562099652934454,0,-0.186794039282508,-0.982399097560925,10.760177191882
2.16048409410944e-16,0,-0.751111274500135,0.660175623087358,33.5268458159708
,,-0.751111274500135,-0.660175623087358,27.0570396053539
,,-0.956462453240511,0.291855401767949,16.1903228263723
,,-0.956462453240511,-0.291855401767949,7.66044604934196
