Q,P,EigValReal,EigValImag,AGPgrad,N,toda,k,E0,lmd,period
0,0,0.995900537984007,0.0904550631158216,-236.597581760927,4,2.74999999999999,1,1,5.41047524494731e-14,3.81040000000362
1.1491132768248,0,0.995900537984007,-0.0904550631158216,-5.53473667178849
0.45902444814082,0,0.189811120739424,0.981820624372723,1.77778995014866
0.206631975158657,0,0.189811120739424,-0.981820624372723,0.855148326045564
0.0795511377135598,0,-0.829580156279929,0.55838764698601,3.58237640522149
-9.72859928773424e-18,0,-0.829580156279929,-0.55838764698601,9.29715465629093
,,-0.982289945985144,0.187367185004487,6.37393433062464
,,-0.982289945985144,-0.187367185004487,2.05154926026797
