Q,P,EigValReal,EigValImag,AGPgrad,N,toda,k,E0,lmd,period
0,0,0.998831673270047,0.0483248225302177,-1148.86771848463,2,2.78999999999998,1,1,1.13953438000304e-13,2.28300000000039
0.958689334347452,0,0.998831673270047,-0.0483248225302177,-4.32876196163441
0.261049024270867,0,0.749031541635225,0.662534338457684,24.7149604404201
-1.24117183955756e-17,0,0.749031541635225,-0.662534338457684,57.8022674766528
