Q,P,EigValReal,EigValImag,AGPgrad,N,toda,k,E0,lmd,period
0,0,-0.975144314213684,0.22157068049881,1.76083968598982,4,0.41,1,1,6.85112668062799e-15,9.5428999999911
1.88585338607269,0,-0.975144314213684,-0.22157068049881,0.374329938521635
0.488132350275394,0,0.33124758884774,0.943543870142002,0.288529357427152
0.116698119207673,0,0.33124758884774,-0.943543870142002,-0.408319930687397
0.0210679847738688,0,0.999997265453122,0.00233860776233288,-1.04199221330761
-4.33381180018588e-17,0,0.999997265453122,-0.00233860776233288,-0.75224912362312
,,0.781027330555175,0.624496844608388,0.803259484477333
,,0.781027330555175,-0.624496844608388,-0.0710064281672328
