Q,P,EigValReal,EigValImag,AGPgrad,N,toda,k,E0,lmd,period
0,0,0.999864384585865,0.0164685286753301,2.9651143493707,4,0.62,1,1,6.76036102047721e-14,8.99669999999237
1.71779773334641,0,0.999864384585865,-0.0164685286753301,-0.273600217084638
0.524550842544305,0,-0.532381722763332,0.846504401209794,0.123999953051337
0.155976135169602,0,-0.532381722763332,-0.846504401209794,-0.316849375146154
0.0364577817122177,0,-0.118138516791762,0.992997125298074,-0.419533031976756
-3.42307199531803e-17,0,-0.118138516791762,-0.992997125298074,-0.0869552620244389
,,-0.0817069371103377,0.996656398378134,0.464009174776802
,,-0.0817069371103377,-0.996656398378134,-0.108810367427341
