Q,P,EigValReal,EigValImag,AGPgrad,N,toda,k,E0,lmd,period
0,0,0.99965169939657,0.0263909055078939,-138.041713284934,3,2.30999999999999,1,1,4.66218810326656e-14,3.75100000000349
1.10493929463107,0,0.99965169939657,-0.0263909055078939,-3.3740381763717
0.382772295647696,0,0.0457586718115134,0.998952523373386,1.03030008834071
0.127733641211158,0,0.0457586718115134,-0.998952523373386,4.17734206684548
4.69388546063698e-17,0,-0.876936847592772,0.480605623494009,9.65588936480657
,,-0.876936847592772,-0.480605623494009,4.76543824327342
