Q,P,EigValReal,EigValImag,AGPgrad,N,toda,k,E0,lmd,period
0,0,0.996928267440888,0.0783200458205628,-4430.80599880141,2,3.30999999999997,1,1,4.09091800087626e-15,1.78759999999982
0.922716681907824,0,0.996928267440888,-0.0783200458205628,-6.32819579690733
0.258226206653161,0,0.886751973434587,0.462245538226053,56.3145221209738
-1.04670335260824e-17,0,0.886751973434587,-0.462245538226053,144.245008054379
