Q,P,EigValReal,EigValImag,AGPgrad,N,toda,k,E0,lmd,period
0,0,-0.84827669168624,0.529553259211826,-180.563446287545,5,1.81,1,1,3.45941330059612e-13,6.78939999999752
1.39776233300703,0,-0.84827669168624,-0.529553259211826,-8.0793821544621
0.578071426641416,0,-0.0829429870760565,0.996554294002536,-0.729253048993601
0.279088624411266,0,-0.0829429870760565,-0.996554294002536,-6.97993132237187
0.130255506434821,0,0.197681290910871,0.980266345042933,0.773768761776471
0.0501583317665515,0,0.197681290910871,-0.980266345042933,7.25673887909288
2.65169279447829e-16,0,0.99797962865522,0.0635347211306309,8.25033050935506
,,0.99797962865522,-0.0635347211306309,5.44255853874383
,,0.890599197395631,0.454789038564325,9.95686563648928
,,0.890599197395631,-0.454789038564325,1.78861081507005
