Q,P,EigValReal,EigValImag,AGPgrad,N,toda,k,E0,lmd,period
0,0,0.999930127748879,0.0118211513900675,-199.521272697928,4,2.70999999999999,1,1,8.40920999810456e-14,3.87800000000376
1.15389545955102,0,0.999930127748879,-0.0118211513900675,-5.22002084859104
0.460351726351953,0,0.157280198527899,0.987554018345847,1.85555183966724
0.206814628078233,0,0.157280198527899,-0.987554018345847,0.902392015905058
0.0794495459000638,0,-0.862085833238064,0.506762287596704,3.16965641089619
-9.86987073627953e-18,0,-0.862085833238064,-0.506762287596704,8.20015742550753
,,-0.964260191640986,0.264957133922636,5.62093738562377
,,-0.964260191640986,-0.264957133922636,1.6451822999261
