Q,P,EigValReal,EigValImag,AGPgrad,N,toda,k,E0,lmd,period
0,0,-0.744135515421918,0.668028693012332,209.440817313099,5,2.24,1,1,2.88311323608347e-14,5.65100000000017
1.31311544291428,0,-0.744135515421918,-0.668028693012332,3.56975072345852
0.552578748696115,0,-0.449309219468609,0.893376306659474,2.47898678677703
0.274596803887136,0,-0.449309219468609,-0.893376306659474,2.20234877347978
0.13314427814407,0,0.578402416772325,0.815751582451379,1.26749939563332
0.0532397872894964,0,0.578402416772325,-0.815751582451379,-4.34218342349868
2.49222777454377e-16,0,0.999315644088308,0.0369897753520145,-7.26775708189965
,,0.999315644088308,-0.0369897753520145,-3.5391308946187
,,0.999798754418482,0.0200611730278214,-8.36487879126445
,,0.999798754418482,-0.0200611730278214,-1.38466697413583
