Q,P,EigValReal,EigValImag,AGPgrad,N,toda,k,E0,lmd,period
0,0,0.607266663970502,0.794498079815242,-4902.5965115495,3,3.93999999999996,1,1,2.32051322750803e-13,1.81089999999982
0.959030108719097,0,0.607266663970502,-0.794498079815242,-15.0337990996962
0.35326394312648,0,0.988668749022764,0.150113639305958,6.06710451850706
0.128117564431117,0,0.988668749022764,-0.150113639305958,28.8694949544401
4.32646278235831e-17,0,0.862738806917383,0.505649830454569,108.682874646738
,,0.862738806917383,-0.505649830454569,19.1339252549832
