Q,P,EigValReal,EigValImag,AGPgrad,N,toda,k,E0,lmd,period
0,0,0.993738420244164,0.111731607572156,-3713.15730218705,2,3.23999999999997,1,1,3.53471231457681e-13,1.84759999999981
0.927198050935538,0,0.993738420244164,-0.111731607572156,-6.00189624646064
0.258655128666001,0,0.873855674187076,0.486185418015614,50.5022620429829
-1.06929079812753e-17,0,0.873855674187076,-0.486185418015614,127.930530075244
