Q,P,EigValReal,EigValImag,AGPgrad,N,toda,k,E0,lmd,period
0,0,-0.10191196227458,0.994793421744113,-1007.59240812872,3,3.00999999999998,1,1,2.97726914502354e-13,2.74600000000137
1.03078823120502,0,-0.10191196227458,-0.994793421744113,-7.22346390154526
0.369418666856791,0,0.997395563441109,0.0721255157897467,0.561774638554315
0.129226225610436,0,0.997395563441109,-0.0721255157897467,13.9270040529299
4.52540676104414e-17,0,0.568620056564977,0.822600286452686,37.665986367091
,,0.568620056564977,-0.822600286452686,18.8084795019318
