Q,P,EigValReal,EigValImag,AGPgrad,N,toda,k,E0,lmd,period
0,0,0.0433896223510389,0.999058226867798,-1418.36989356252,3,3.14999999999998,1,1,7.14510359957199e-13,2.57900000000102
1.01841480081343,0,0.0433896223510389,-0.999058226867798,-8.12280182428853
0.366846287206591,0,0.995862005809382,0.0908782998592984,0.509200291640545
0.129206768257782,0,0.995862005809382,-0.0908782998592984,17.0654838089467
4.49356793755358e-17,0,0.635657669044629,0.771971066675907,47.6095227023096
,,0.635657669044629,-0.771971066675907,23.7793074249249
