Q,P,EigValReal,EigValImag,AGPgrad,N,toda,k,E0,lmd,period
0,0,0.999530111623981,0.0306521770342336,-628.680665320666,2,2.56999999999999,1,1,1.62651184193713e-14,2.53030000000092
0.976088144137436,0,0.999530111623981,-0.0306521770342336,-3.59340086177999
0.261868156880056,0,0.650873898249958,0.759185859046987,17.2173387463474
-1.34681511661709e-17,0,0.650873898249958,-0.759185859046987,38.5392800548923
