Q,P,EigValReal,EigValImag,AGPgrad,N,toda,k,E0,lmd,period
0,0,0.998963464606323,0.0455191869618587,-14.6162610431813,3,1.85,1,1,1.30957422805976e-14,4.58300000000266
1.16992816531879,0,0.998963464606323,-0.0455191869618587,-1.44202095004788
0.391267258281493,0,-0.465859368234295,0.88485877349346,1.60067593468942
0.124061090528812,0,-0.465859368234295,-0.88485877349346,0.96840387621844
4.81093704669034e-17,0,-0.915225859052944,0.402941220180816,2.54207593622673
,,-0.915225859052944,-0.402941220180816,1.48696164903943
