Q,P,EigValReal,EigValImag,AGPgrad,N,toda,k,E0,lmd,period
0,0,0.981193750228551,0.193025450426753,-2245.5128480816,5,3.68999999999997,1,0.999999999999999,1.3533966213035e-13,2.99940000000191
1.13317434556951,0,0.981193750228551,-0.193025450426753,-15.5110039245166
0.491515953227009,0,0.614136149349796,0.789200095072085,1.73055035436099
0.256677646912656,0,0.614136149349796,-0.789200095072085,0.47676938838862
0.132563108031017,0,-0.158438661624057,0.987368821921568,0.42278380201731
0.0562172755075737,0,-0.158438661624057,-0.987368821921568,11.3449026438266
2.15533622422377e-16,0,-0.72436828675969,0.689413217988194,35.6482610198502
,,-0.72436828675969,-0.689413217988194,28.6822648691394
,,-0.941834260439795,0.336077708070385,17.3219256243641
,,-0.941834260439795,-0.336077708070385,8.22263913870181
