Q,P,EigValReal,EigValImag,AGPgrad,N,toda,k,E0,lmd,period
0,0,-0.986837823008626,0.161713051667454,20.8949105650497,3,1.09,1,1,1.24873082173836e-14,6.2395999999988
1.3336217124996,0,-0.986837823008626,-0.161713051667454,2.61607780865567
0.396615429847217,0,0.999593732876234,0.0285020910558136,3.97986857131845
0.105269430143234,0,0.999593732876234,-0.0285020910558136,-3.83734848950084
5.02021491002425e-17,0,0.832098024862385,0.554628593763527,-4.09113534273244
,,0.832098024862385,-0.554628593763527,2.42545598524122
