Q,P,EigValReal,EigValImag,AGPgrad,N,toda,k,E0,lmd,period
0,0,0.999872783868485,0.0159504256718942,-0.021795520031494,2,0.980000000000001,1,1,1.24781604151842e-14,5.03130000000161
1.18112046660056,0,0.999872783868485,-0.0159504256718942,-0.0759938447897571
0.235933576931963,0,-0.974002348897475,0.226537909282712,0.337181860409104
-3.34660794529499e-17,0,-0.974002348897475,-0.226537909282712,1.36917372615007
