Q,P,EigValReal,EigValImag,AGPgrad,N,toda,k,E0,lmd,period
0,0,0.99474887967041,0.102345817669491,-1901.57108150155,2,2.97999999999998,1,1,9.63588083345287e-14,2.08819999999998
0.944784286904061,0,0.99474887967041,-0.102345817669491,-4.99456720930212
0.260130776248545,0,0.812016180850415,0.583634921879323,33.5332654646287
-1.16233360178886e-17,0,0.812016180850415,-0.583634921879323,81.2548181007729
