Q,P,EigValReal,EigValImag,AGPgrad,N,toda,k,E0,lmd,period
0,0,-0.982742313942761,0.184979848595548,4.92084087759438,4,1.45,1,1,5.67396255248184e-13,6.64829999999784
1.37438455979166,0,-0.982742313942761,-0.184979848595548,-0.444018170099983
0.510225451024792,0,0.999104007473408,0.0423223611179324,0.0915707340245068
0.203943329787259,0,0.999104007473408,-0.0423223611179324,0.280665749703947
0.0685018265248968,0,0.674313004710228,0.738445645717187,-0.0486654289342822
-1.78481362792252e-17,0,0.674313004710228,-0.738445645717187,0.549130503091516
,,0.67510199892351,0.737724400470446,0.869246331622993
,,0.67510199892351,-0.737724400470446,0.829488849916707
