Q,P,EigValReal,EigValImag,AGPgrad,N,toda,k,E0,lmd,period
0,0,-0.757552062828449,0.652774748366037,0.242002362943871,4,0.06,1,1,7.84376200908888e-15,10.1475999999897
2.26738032476265,0,-0.757552062828449,-0.652774748366037,-0.0534899398113363
0.132841929618688,0,0.80390635097409,0.594755898552933,-0.035408268630533
0.00644741961429585,0,0.80390635097409,-0.594755898552933,0.168715639608425
0.00021834087382494,0,0.899424469050442,0.437076222727026,-1.39242543644267
-7.94065078162187e-17,0,0.899424469050442,-0.437076222727026,-0.699184107100493
,,0.999999632654202,0.000857141437523718,0.831248018246773
,,0.999999632654202,-0.000857141437523718,1.23457887082534
