Q,P,EigValReal,EigValImag,AGPgrad,N,toda,k,E0,lmd,period
0,0,0.996613614001204,0.0822271511573923,-5980.19366917687,2,3.42999999999997,1,1,1.21300890336832e-14,1.68929999999983
0.915263706261561,0,0.996613614001204,-0.0822271511573923,-6.84950442997211
0.257465586172768,0,0.905871509382681,0.42355260415764,67.796275660692
-1.01014098139136e-17,0,0.905871509382681,-0.42355260415764,176.926996485642
