Q,P,EigValReal,EigValImag,AGPgrad,N,toda,k,E0,lmd,period
0,0,0.990207006591127,0.139606891297752,-1.68149103496007,5,2.94999999999998,1,1,2.36560806703662e-14,4.14720000000367
1.2108410701867,0,0.990207006591127,-0.139606891297752,-5.51499718801034
0.518901818635625,0,0.198523393294551,0.980096149525551,3.69461466235501
0.265727515982217,0,0.198523393294551,-0.980096149525551,1.95237220514569
0.133930107945875,0,-0.474432359222724,0.88029196095521,0.686934581729355
0.0555543866890617,0,-0.474432359222724,-0.88029196095521,0.137688380200196
2.30073373716634e-16,0,-0.860697926590486,0.509115978105999,1.20915513896134
,,-0.860697926590486,-0.509115978105999,1.24730859144277
,,-0.901820143458949,0.432111593054016,-2.72451813514663
,,-0.901820143458949,-0.432111593054016,-2.02097922884332
