Q,P,EigValReal,EigValImag,AGPgrad,N,toda,k,E0,lmd,period
0,0,0.993810257141156,0.111090831309439,-618.933589418714,4,3.02999999999998,1,1,4.96570110401466e-14,3.36800000000268
1.11789151357456,0,0.993810257141156,-0.111090831309439,-7.91914011446959
0.450139649415689,0,0.390848127074792,0.920455181723756,1.31124750120948
0.205197738941616,0,0.390848127074792,-0.920455181723756,0.613207962503365
0.0800669360603954,0,-0.555895372497346,0.831252269071209,6.91038761499258
-8.84061982370058e-18,0,-0.555895372497346,-0.831252269071209,18.8831483210972
,,-0.949420373516185,0.31400788899706,13.0365028226951
,,-0.949420373516185,-0.31400788899706,5.54944937266021
