Q,P,EigValReal,EigValImag,AGPgrad,N,toda,k,E0,lmd,period
0,0,0.999604370019914,0.028126561060168,-190.801315787807,4,2.69999999999999,1,1,1.28216728074078e-13,3.8951000000038
1.15510474888602,0,0.999604370019914,-0.028126561060168,-5.14105781591744
0.460685898039289,0,0.148984770331196,0.98883949061987,1.87595986449433
0.206859232672511,0,0.148984770331196,-0.98883949061987,0.914748123757266
0.0794229002224865,0,-0.869836388440377,0.493340305818414,3.0685026861035
-9.90581802660901e-18,0,-0.869836388440377,-0.493340305818414,7.93729784330048
,,-0.958701288184148,0.284414908248609,5.43917593283396
,,-0.958701288184148,-0.284414908248609,1.54657328291357
