Q,P,EigValReal,EigValImag,AGPgrad,N,toda,k,E0,lmd,period
0,0,0.995504341752152,0.0947159202701609,356.831417756952,5,2.58999999999999,1,1,4.39476466140144e-14,4.85430000000203
1.25822540637713,0,0.995504341752152,-0.0947159202701609,-1.00432998172691
0.534865052199552,0,0.428379024547449,0.903599143053914,5.74831343658033
0.270285830763979,0,0.428379024547449,-0.903599143053914,4.49301060635979
0.133936163320926,0,-0.104847347315099,0.99448832761425,1.29102095781844
0.0546837111497952,0,-0.104847347315099,-0.99448832761425,-5.05033751499217
2.38939570115661e-16,0,-0.320762296978389,0.947159727203994,-9.52084192097714
,,-0.320762296978389,-0.947159727203994,-6.91391956003777
,,-0.998963780433818,0.0455122552877534,-9.79246865075732
,,-0.998963780433818,-0.0455122552877534,-6.54325091615135
