Q,P,EigValReal,EigValImag,AGPgrad,N,toda,k,E0,lmd,period
0,0,0.997831110071174,0.0658261025288542,-73.4387170513805,3,2.14,1,1,2.10809222541796e-14,4.04200000000392
1.12702719741153,0,0.997831110071174,-0.0658261025288542,-2.60475220057261
0.38601626551141,0,-0.132402933817292,0.991195976140224,1.21375769566524
0.126736930756824,0,-0.132402933817292,-0.991195976140224,2.79958993048345
4.73673422502096e-17,0,-0.981491599711573,0.191505194957245,6.3699540680273
,,-0.981491599711573,-0.191505194957245,3.16685662687799
