Q,P,EigValReal,EigValImag,AGPgrad,N,toda,k,E0,lmd,period
0,0,-0.982427352174069,0.186645379530937,1.6747689682684,4,0.4,1,1,2.33124403495486e-14,9.56689999999104
1.89542045867097,0,-0.982427352174069,-0.186645379530937,0.404342526210583
0.484883769781565,0,0.351243293490192,0.936284224356128,0.297270915693942
0.114229770615179,0,0.351243293490192,-0.936284224356128,-0.420450836835854
0.0202756367081061,0,0.999987557755981,0.00498841991475241,-1.06677041607351
-4.38904298418768e-17,0,0.999987557755981,-0.00498841991475241,-0.78694807570742
,,0.807648139304617,0.589664720903125,0.839584180167902
,,0.807648139304617,-0.589664720903125,-0.0733586840183153
