Q,P,EigValReal,EigValImag,AGPgrad,N,toda,k,E0,lmd,period
0,0,0.998676294591865,0.0514359662132582,-2804.85683187481,2,3.12999999999998,1,1,8.86206800257006e-13,1.9457999999998
0.934449333753414,0,0.998676294591865,-0.0514359662132582,-5.59938588640497
0.25930540175746,0,0.850629996518713,0.525764784882541,42.5136779101893
-1.10676773404754e-17,0,0.850629996518713,-0.525764784882541,105.719715456942
