Q,P,EigValReal,EigValImag,AGPgrad,N,toda,k,E0,lmd,period
0,0,-0.298995645711344,0.954254475412952,0.180014987948406,2,0.24,1,1,5.97875256635008e-15,6.16919999999896
1.37878359513283,0,-0.298995645711344,-0.954254475412952,0.0350251354741695
0.103829109519686,0,0.999990864991595,0.00427433425807189,-0.313927203030957
-7.54631995141118e-17,0,0.999990864991595,-0.00427433425807189,0.423330545249082
