Q,P,EigValReal,EigValImag,AGPgrad,N,toda,k,E0,lmd,period
0,0,0.99977681798238,0.0211261502651914,2.7111021188003,4,0.73,1,1,2.70272988383047e-13,8.68919999999309
1.64968600583036,0,0.99977681798238,-0.0211261502651914,-0.78985468975163
0.529857929507461,0,-0.137841608927657,0.990454285087516,-0.0118921953424108
0.169304948569282,0,-0.137841608927657,-0.990454285087516,-0.356758363506417
0.0432026328665063,0,-0.577824296589777,0.816161186451853,0.0635326375068254
-3.07527664246858e-17,0,-0.577824296589777,-0.816161186451853,0.402706262475104
,,-0.349954344682291,0.936766756795939,0.450405928061246
,,-0.349954344682291,-0.936766756795939,-0.212021065197802
