Q,P,EigValReal,EigValImag,AGPgrad,N,toda,k,E0,lmd,period
0,0,0.997238991429595,0.0742589656036906,-852.318355191088,2,2.67999999999999,1,1,1.76312991195306e-13,2.40370000000065
0.967201880169586,0,0.997238991429595,-0.0742589656036906,-3.94729834017875
0.261496720895203,0,0.703750675734037,0.710447032792653,20.6532714667445
-1.29186348925604e-17,0,0.703750675734037,-0.710447032792653,47.2794351756412
