Q,P,EigValReal,EigValImag,AGPgrad,N,toda,k,E0,lmd,period
0,0,0.999761122720318,0.0218562919314312,-1.12895185568663,2,1.08,1,1,7.84128586188833e-15,4.84830000000204
1.16101223221237,0,0.999761122720318,-0.0218562919314312,-0.171906547689264
0.24193135716213,0,-0.910878198206968,0.412675305817117,0.575228110866771
-3.0772106980625e-17,0,-0.910878198206968,-0.412675305817117,1.67639604284806
