Q,P,EigValReal,EigValImag,AGPgrad,N,toda,k,E0,lmd,period
0,0,-0.890913286622848,0.454173442331081,1.45155841277646,4,0.19,1,1,8.74822030337034e-14,9.99729999999004
2.13142731343835,0,-0.890913286622848,-0.454173442331081,-0.667933181835617
0.344422302372691,0,0.695755971298951,0.718278238847484,-0.295201669593755
0.0478054457234054,0,0.695755971298951,-0.718278238847484,0.779119589761277
0.00474768163675679,0,0.999991485569205,0.00412659533811217,-1.11889167666568
-6.0435334253017e-17,0,0.999991485569205,-0.00412659533811217,0.173127103586638
,,0.985910940976061,0.167271086753485,-0.286049631670105
,,0.985910940976061,-0.167271086753485,1.1185775206664
