Q,P,EigValReal,EigValImag,AGPgrad,N,toda,k,E0,lmd,period
0,0,0.996770438744785,0.0803037511233661,-38.9633901247268,4,2.46999999999999,1,1,2.29156686983088e-14,4.3088000000033
1.18455862272474,0,0.996770438744785,-0.0803037511233661,-3.41453187938203
0.468641115702856,0,-0.0578538756727689,0.998325061825877,2.41214268796841
0.207747068461306,0,-0.0578538756727689,-0.998325061825877,1.28421961840595
0.0786550087919477,0,-0.705041210455427,0.709166335607895,0.920536523187211
-1.08090768143928e-17,0,-0.705041210455427,-0.709166335607895,2.75037846733057
,,-0.991170758762739,0.132591579573136,1.9330749358616
,,-0.991170758762739,-0.132591579573136,-0.409704273964431
