Q,P,EigValReal,EigValImag,AGPgrad,N,toda,k,E0,lmd,period
0,0,-0.234061086019178,0.972221892374126,0.11959001589382,2,0.19,1,1,1.33898347753503e-14,6.21029999999887
1.39090523150983,0,-0.234061086019178,-0.972221892374126,0.0279360505770807
0.0846939381203279,0,0.999998940611153,0.00145560179888219,-0.312426633242211
-8.0379117802047e-17,0,0.999998940611153,-0.00145560179888219,0.401129811511163
