Q,P,EigValReal,EigValImag,AGPgrad,N,toda,k,E0,lmd,period
0,0,0.998713936183322,0.0506998389862485,-9314.95223192051,2,3.60999999999997,1,1,1.57097749104564e-14,1.55189999999985
0.904586780918376,0,0.998713936183322,-0.0506998389862485,-7.72734948147063
0.25627865800496,0,0.92868304222439,0.370874381812592,89.3355857373986
-9.59826296258504e-18,0,0.92868304222439,-0.370874381812592,239.400150247595
