Q,P,EigValReal,EigValImag,AGPgrad,N,toda,k,E0,lmd,period
0,0,0.991244914023576,0.132036057281791,-3518.60209989151,5,3.86999999999996,1,0.999999999999999,1.69584018806327e-13,2.77280000000143
1.11724264691808,0,0.991244914023576,-0.132036057281791,-18.4289449246082
0.485725459253736,0,0.679468216614696,0.733704942473779,1.4411015026403
0.254591882346108,0,0.679468216614696,-0.733704942473779,0.34667715789067
0.132080573075054,0,0.00395948463643503,0.99999216120998,0.404298317190487
0.0562372655106291,0,0.00395948463643503,-0.99999216120998,15.1942434133294
2.12547222431643e-16,0,-0.552787122552648,0.833322504880288,49.7998306573971
,,-0.552787122552648,-0.833322504880288,39.7968300424772
,,-0.82162910687546,0.570022465114336,24.9559291760492
,,-0.82162910687546,-0.570022465114336,12.0011740929024
