Q,P,EigValReal,EigValImag,AGPgrad,N,toda,k,E0,lmd,period
0,0,0.997455970273292,0.0712852534973987,-1278.95076011935,2,2.82999999999998,1,0.999999999999999,3.31319371542253e-13,2.2406000000003
0.955680934529102,0,0.997455970273292,-0.0712852534973987,-4.46375781765574
0.260869689652926,0,0.763782630733963,0.645473541664671,26.3672615101019
-1.22370490095874e-17,0,0.763782630733963,-0.645473541664671,62.1428322222416
