Q,P,EigValReal,EigValImag,AGPgrad,N,toda,k,E0,lmd,period
0,0,0.999965705605684,0.00828176385675342,12.9446429886229,3,1.44,1,1,6.72662543815882e-15,5.44030000000066
1.24612019994,0,0.999965705605684,-0.00828176385675342,0.0375597329844256
0.3968678910983,0,-0.889665171927895,0.456613492856388,2.3266857763597
0.116932658156892,0,-0.889665171927895,-0.456613492856388,-1.01100983289763
4.91808853676557e-17,0,-0.102928351896207,0.994688772619819,-0.629511507835838
,,-0.102928351896207,-0.994688772619819,0.884837951516711
