Q,P,EigValReal,EigValImag,AGPgrad,N,toda,k,E0,lmd,period
0,0,-0.588616267230406,0.808412574093041,-175.87222268894,5,1.31,1,1,7.20019733459523e-13,8.33069999999392
1.53576642575286,0,-0.588616267230406,-0.808412574093041,-21.868846071207
0.614022212734321,0,-0.971072707063384,0.238783997781633,-3.16738828949529
0.28040390923341,0,-0.971072707063384,-0.238783997781633,-3.79801654119584
0.121484173292653,0,-0.827956330513088,0.560792577307599,-12.5482014608517
0.0433152122524403,0,-0.827956330513088,-0.560792577307599,16.1991402954204
2.91722786769422e-16,0,0.989890470843967,0.141833901914569,20.8071642333933
,,0.989890470843967,-0.141833901914569,11.3119656697129
,,0.999957278726396,0.00924341506769405,-0.512109521871357
,,0.999957278726396,-0.00924341506769405,-1.68664599939922
