Q,P,EigValReal,EigValImag,AGPgrad,N,toda,k,E0,lmd,period
0,0,0.987138083657877,0.15986995900498,-484.109861075047,5,3.22999999999998,1,1,3.19865320974059e-14,3.66830000000332
1.17880704788531,0,0.987138083657877,-0.15986995900498,-8.99627583035874
0.507782522849794,0,0.387251644190789,0.921974058242165,2.76537266761999
0.262225671294727,0,0.387251644190789,-0.921974058242165,1.12191417342033
0.133567700595515,0,-0.613517213609066,0.789681346243769,0.528152192672384
0.0559425645939494,0,-0.613517213609066,-0.789681346243769,3.79001211479185
2.24078966114026e-16,0,-0.892360882089428,0.451322563269996,10.8856310801844
,,-0.892360882089428,-0.451322563269996,8.98903180798061
,,-0.99750201069614,0.0706380822020511,3.2859796492102
,,-0.99750201069614,-0.0706380822020511,1.17780435612844
