Q,P,EigValReal,EigValImag,AGPgrad,N,toda,k,E0,lmd,period
0,0,-0.836704812527701,0.547654139665698,0.16658523222075,3,0.08,1,1,1.6886940159772e-15,8.18739999999426
1.83262725624795,0,-0.836704812527701,-0.547654139665698,-0.0679792816329736
0.0939894948311228,0,0.550877618723859,0.834586034623829,0.104417381014407
0.00324084987640549,0,0.550877618723859,-0.834586034623829,-0.852136309912939
8.24106068930937e-17,0,0.99999866183168,0.00163595074699387,0.0965815489498431
,,0.99999866183168,-0.00163595074699387,0.772257144169902
