Q,P,EigValReal,EigValImag,AGPgrad,N,toda,k,E0,lmd,period
0,0,-0.98314700076492,0.182816779555193,0.270264919884987,4,0.29,1,1,5.59005071080123e-13,9.81259999999047
2.01149137550345,0,-0.98314700076492,-0.182816779555193,1.1505502263387
0.432618927834574,0,0.552439968638048,0.833552686427906,0.593249311608153
0.0827220251907265,0,0.552439968638048,-0.833552686427906,-0.972020402698481
0.0116058468349604,0,0.999986438180937,0.00520801825859652,-1.41658211163199
-5.11161565075544e-17,0,0.999986438180937,-0.00520801825859652,-1.62522049367346
,,0.984279556699814,0.176617536679726,1.91885681541008
,,0.984279556699814,-0.176617536679726,-0.348525124737515
