Q,P,EigValReal,EigValImag,AGPgrad,N,toda,k,E0,lmd,period
0,0,0.999796029551067,0.0201965168789118,-45.1113481941189,3,2.03,1,1,3.65393564628192e-14,4.24050000000346
1.14244994348445,0,0.999796029551067,-0.0201965168789118,-2.14362254945235
0.388067244893814,0,-0.255980841957476,0.966681854878189,1.34902031273453
0.125887577145391,0,-0.255980841957476,-0.966681854878189,2.03887654865812
4.76473957296312e-17,0,-0.999684648333728,0.0251118276094026,4.69032616168599
,,-0.999684648333728,-0.0251118276094026,2.38837306105827
