Q,P,EigValReal,EigValImag,AGPgrad,N,toda,k,E0,lmd,period
0,0,0.991578056520767,0.129510454506638,-565.477343374134,4,2.99999999999998,1,1,4.79320442139172e-14,3.41290000000278
1.12106202172482,0,0.991578056520767,-0.129510454506638,-7.64626494046296
0.451058804215189,0,0.371505729863504,0.928430661212014,1.35526985971722
0.205362261585636,0,0.371505729863504,-0.928430661212014,0.633029707577356
0.0800261699244089,0,-0.587589558606188,0.809159138004994,6.51136818890078
-8.92809227282964e-18,0,-0.587589558606188,-0.809159138004994,17.675006591942
,,-0.964049539284133,0.265722573008101,12.1927177045568
,,-0.964049539284133,-0.265722573008101,5.11341079223559
