Q,P,EigValReal,EigValImag,AGPgrad,N,toda,k,E0,lmd,period
0,0,0.138915875012827,0.990304185424588,-1798.91173580816,3,3.24999999999997,1,1,4.66142811163219e-13,2.46590000000078
1.0099696108527,0,0.138915875012827,-0.990304185424588,-8.80444703562228
0.365037816660801,0,0.998046102905527,0.0624818091537277,0.477234474777051
0.129151255368372,0,0.998046102905527,-0.0624818091537277,19.6529871606109
4.47123452361208e-17,0,0.67744770969928,0.73557093514035,55.9967445687451
,,0.67744770969928,-0.73557093514035,27.9695399535293
