Q,P,EigValReal,EigValImag,AGPgrad,N,toda,k,E0,lmd,period
0,0,0.497350958479355,0.867549436112832,-3146.40353483774,3,3.72999999999996,1,1,2.50940942917862e-14,1.9888999999998
0.973332859028438,0,0.497350958479355,-0.867549436112832,-13.1249094492544
0.356715139983543,0,0.994934720370553,0.100523142614993,5.18690378657868
0.128525656310409,0,0.994934720370553,-0.100523142614993,22.2246545452504
4.36881617851137e-17,0,0.821709590907048,0.569906438120682,79.5887092911614
,,0.821709590907048,-0.569906438120682,15.1367724974317
