Q,P,EigValReal,EigValImag,AGPgrad,N,toda,k,E0,lmd,period
0,0,0.999979422013743,0.00641525908059578,2.97983178749284,4,0.63,1,0.999999999999999,8.24006804333789e-14,8.96909999999244
1.71113058030379,0,0.999979422013743,-0.00641525908059578,-0.313387866937045
0.525285429048568,0,-0.499402508578156,0.866370090911407,0.113743839192341
0.157353647591131,0,-0.499402508578156,-0.866370090911407,-0.316939474875933
0.0371110711134635,0,-0.139861298361802,0.990171105022028,-0.3815823338267
-3.38860268825167e-17,0,-0.139861298361802,-0.990171105022028,-0.0493183987762771
,,-0.129844931416748,0.991534312964189,0.459282895733201
,,-0.129844931416748,-0.991534312964189,-0.114989737028211
