Q,P,EigValReal,EigValImag,AGPgrad,N,toda,k,E0,lmd,period
0,0,-0.0485762686412091,0.998819476244286,-706.756388869748,3,3.05999999999998,1,1,7.87536185129161e-14,2.68520000000124
1.02629234972176,0,-0.0485762686412091,-0.998819476244286,-7.90395870226882
0.368494610248682,0,0.99398989574444,0.109471855551993,2.75673678429406
0.129227693241159,0,0.99398989574444,-0.109471855551993,9.35885845565224
4.51396053479182e-17,0,0.593756499137537,0.804644778602309,26.9285554575587
,,0.593756499137537,-0.804644778602309,7.08224532619795
