Q,P,EigValReal,EigValImag,AGPgrad,N,toda,k,E0,lmd,period
0,0,0.997301676269006,0.0734123049023475,-147.736014596053,3,2.32999999999999,1,1,2.51758720097771e-14,3.71810000000342
1.10246729904132,0,0.997301676269006,-0.0734123049023475,-3.46691752987242
0.382387276125883,0,0.065442957679567,0.997856311945836,1.01120076379617
0.127829143948627,0,0.065442957679567,-0.997856311945836,4.35783200991477
4.68888460840873e-17,0,-0.860035868619756,0.510233578557373,10.1094585146796
,,-0.860035868619756,-0.510233578557373,4.98808163797181
