Q,P,EigValReal,EigValImag,AGPgrad,N,toda,k,E0,lmd,period
0,0,0.998323854807602,0.0578747001897021,-886.751251810751,5,3.37999999999997,1,1,6.8442525998741e-13,3.43490000000282
1.16306331047875,0,0.998323854807602,-0.0578747001897021,-11.0235035673437
0.502226337873908,0,0.471844912859761,0.881681562815262,2.36771936238546
0.260384804962803,0,0.471844912859761,-0.881681562815262,0.846257590848541
0.1332853754284,0,-0.463794893850283,0.885942603354413,0.480872919850475
0.0560741464632141,0,-0.463794893850283,-0.885942603354413,5.96821535387444
2.21131570945181e-16,0,-0.950502833284791,0.310715889387047,17.4411785638625
,,-0.950502833284791,-0.310715889387047,14.2823314649202
,,-0.983843625334881,0.179029944109695,7.16699746577
,,-0.983843625334881,-0.179029944109695,3.15244926985195
