Q,P,EigValReal,EigValImag,AGPgrad,N,toda,k,E0,lmd,period
0,0,-0.550549520864718,0.834802506629944,0.201615459185651,5,0.04,1,1,7.20907176953882e-15,12.1262999999851
2.71274187877408,0,-0.550549520864718,-0.834802506629944,0.038820301972333
0.146037501933775,0,-0.129202613293532,0.991618215200858,-0.0957195133679046
0.00701534812355531,0,-0.129202613293532,-0.991618215200858,0.044897031270499
0.000284352895310147,0,-0.135311998399041,0.990803039503425,0.146089515589784
8.21870434883354e-06,0,-0.135311998399041,-0.990803039503425,-1.89311383724914
8.1175064206661e-16,0,0.904754250816007,0.425933968627029,-1.7613915366662
,,0.904754250816007,-0.425933968627029,0.118256780560904
,,0.999999820022153,0.000599963037843326,1.7793609899791
,,0.999999820022153,-0.000599963037843326,1.68761373862182
