Q,P,EigValReal,EigValImag,AGPgrad,N,toda,k,E0,lmd,period
0,0,0.999481022023656,0.0322131435065046,8.20782229680128,3,1.57,1,1,7.64718560048991e-15,5.15760000000132
1.21951707387014,0,0.999481022023656,-0.0322131435065046,-0.441363627286897
0.395484849110487,0,-0.775285224191354,0.631611289600302,2.06667093573263
0.119759660693961,0,-0.775285224191354,-0.631611289600302,-0.409702534800202
4.88365948082944e-17,0,-0.446428858106032,0.894819129573205,0.220889813660295
,,-0.446428858106032,-0.894819129573205,0.874190278256546
