Q,P,EigValReal,EigValImag,AGPgrad,N,toda,k,E0,lmd,period
0,0,-0.372567923700841,0.928004925756996,0.252437031765428,2,0.29,1,1,1.09476639670264e-14,6.12039999999907
1.36525723789418,0,-0.372567923700841,-0.928004925756996,0.0431572469429249
0.12125747111722,0,0.999992559003279,0.00385771150608691,-0.314779227817306
-7.08100004579037e-17,0,0.999992559003279,-0.00385771150608691,0.448100761443172
