Q,P,EigValReal,EigValImag,AGPgrad,N,toda,k,E0,lmd,period
0,0,-0.949062128768576,0.315088996534713,15.0463403312518,3,1.35,1,1,1.31524324011664e-14,5.64120000000019
1.26617988683983,0,-0.949062128768576,-0.315088996534713,0.415303990081462
0.397479923789213,0,0.999929118430572,0.0119062216777171,2.54248969964075
0.114570291607854,0,0.999929118430572,-0.0119062216777171,-1.45940391569273
4.94250437288007e-17,0,0.159406633340536,0.987213009054812,-1.21447686029844
,,0.159406633340536,-0.987213009054812,1.00771663479435
