Q,P,EigValReal,EigValImag,AGPgrad,N,toda,k,E0,lmd,period
0,0,0.362852557963388,0.931846565256008,3.21859215438779,5,0.47,1,1,4.34978832024429e-13,11.1600999999873
2.03882599974605,0,0.362852557963388,-0.931846565256008,-1.48803178273037
0.655154049691968,0,0.862522334088509,0.506018994898912,-1.06711196306869
0.217422371499821,0,0.862522334088509,-0.506018994898912,0.0294471285956675
0.0633806900005086,0,-0.921833192589178,0.387586848384753,0.837903151006721
0.0145319986039317,0,-0.921833192589178,-0.387586848384753,0.335310545292807
4.08602854892748e-16,0,-0.985867511866398,0.16752686067122,1.23197384966912
,,-0.985867511866398,-0.16752686067122,-0.625968341641335
,,0.999955658272305,0.00941708496367112,-0.939424662158846
,,0.999955658272305,-0.00941708496367112,0.527584851340687
