Q,P,EigValReal,EigValImag,AGPgrad,N,toda,k,E0,lmd,period
0,0,-0.628813454064752,0.777556197317696,173.81678390255,5,2.06,1,1,4.95963918640483e-13,6.10569999999911
1.34579564625241,0,-0.628813454064752,-0.777556197317696,5.79382000188583
0.562696717247355,0,-0.419267351070702,0.907862813604654,0.0370060002833451
0.276648441795442,0,-0.419267351070702,-0.907862813604654,3.61501168949992
0.132265940209534,0,0.804473523945263,0.593988509376311,-0.833384056344444
0.0521683105407849,0,0.804473523945263,-0.593988509376311,-4.59455293412655
2.55362500112338e-16,0,0.999058680686298,0.0433791717926849,-3.98055598314979
,,0.999058680686298,-0.0433791717926849,1.23511622608516
,,0.922899880922617,0.385040010639158,-12.0881674565449
,,0.922899880922617,-0.385040010639158,3.44393645177816
