Q,P,EigValReal,EigValImag,AGPgrad,N,toda,k,E0,lmd,period
0,0,0.99918090235402,0.0404663362688289,-4659.0870504187,2,3.32999999999997,1,1,1.42173372524995e-14,1.77079999999982
0.921454661861783,0,0.99918090235402,-0.0404663362688289,-6.43923425562416
0.258101632625413,0,0.890193082532231,0.455583445497933,58.0899646153225
-1.04042264044856e-17,0,0.890193082532231,-0.455583445497933,149.248522501753
