Q,P,EigValReal,EigValImag,AGPgrad,N,toda,k,E0,lmd,period
0,0,0.999907582738019,0.0135950720112924,2.94456863763302,4,0.61,1,1,9.74665442049744e-14,9.02409999999231
1.72456884871958,0,0.999907582738019,-0.0135950720112924,-0.235138196164011
0.523754878154111,0,-0.564432415907974,0.82547928373297,0.133837478124916
0.154561595799719,0,-0.564432415907974,-0.82547928373297,-0.31716324167886
0.035796487497845,0,-0.096438677400562,0.995338927954299,-0.456320838668313
-3.45817868343604e-17,0,-0.096438677400562,-0.995338927954299,-0.123443284991393
,,-0.0336153283495606,0.999434845149968,0.469482645931634
,,-0.0336153283495606,-0.999434845149968,-0.10324498373584
