Q,P,EigValReal,EigValImag,AGPgrad,N,toda,k,E0,lmd,period
0,0,-0.975531152693355,0.219861251985853,22.6247728474854,3,1.06,1,1,1.0750777507718e-14,6.30969999999863
1.34249818766741,0,-0.975531152693355,-0.219861251985853,3.27975074940301
0.396144226922717,0,0.999956970659012,0.0092766820813739,4.46128675804224
0.103900316198581,0,0.999956970659012,-0.0092766820813739,-4.53146990656998
5.03053410078789e-17,0,0.883471816688366,0.468484310428164,-4.92119172092916
,,0.883471816688366,-0.468484310428164,2.90240094295592
