Q,P,EigValReal,EigValImag,AGPgrad,N,toda,k,E0,lmd,period
0,0,-0.609372437426724,0.792884122999438,88.4682545128175,5,2.08,1,1,3.26368762920462e-13,6.05369999999923
1.34198806066916,0,-0.609372437426724,-0.792884122999438,3.90559089095884
0.561535110360648,0,-0.461497943342326,0.887141278653405,-0.895871405680738
0.276429679792256,0,-0.461497943342326,-0.887141278653405,1.62938494319791
0.132383670047015,0,0.996492211596394,0.0836855556698444,-1.16543287454942
0.0523010665186424,0,0.996492211596394,-0.0836855556698444,-2.19825118971366
2.54646389252498e-16,0,0.896097905714894,0.443856444555414,-0.414884288429773
,,0.896097905714894,-0.443856444555414,3.48595352998044
,,0.847195489080296,0.531281284520733,-9.04091837475837
,,0.847195489080296,-0.531281284520733,4.90251049950623
