Q,P,EigValReal,EigValImag,AGPgrad,N,toda,k,E0,lmd,period
0,0,-0.954055302045951,0.299630573603591,521.45769414706,5,2.44999999999999,1,0.999999999999999,9.65277446729795e-14,5.15950000000131
1.27897736300138,0,-0.954055302045951,-0.299630573603591,1.46856802992256
0.541663904027502,0,-0.238847927595231,0.971056984673654,7.67623311514387
0.272040580162913,0,-0.238847927595231,-0.971056984673654,7.10510648132066
0.133737692336419,0,0.0293459913405494,0.999569313650763,2.02101594595497
0.0541920701456942,0,0.0293459913405494,-0.999569313650763,-8.71876567849324
2.42824779219051e-16,0,0.995886533597758,0.0906091176348858,-16.1032402266721
,,0.995886533597758,-0.0906091176348858,-11.7227651194119
,,0.758357321215273,0.651839070138652,-14.016591222111
,,0.758357321215273,-0.651839070138652,-10.0680175584735
