Q,P,EigValReal,EigValImag,AGPgrad,N,toda,k,E0,lmd,period
0,0,0.996105780764673,0.0881661699696584,395.879425181517,5,2.54999999999999,1,1,7.92259849685808e-14,4.93970000000183
1.26400595538071,0,0.996105780764673,-0.0881661699696584,-0.398397234481278
0.536771025399215,0,-0.993113330272358,0.117157642667228,6.15202271214602
0.270789665833891,0,-0.993113330272358,-0.117157642667228,5.04298307365158
0.133893223103822,0,0.530234775361764,0.847850861294059,1.43814424148649
0.0545534542535891,0,0.530234775361764,-0.847850861294059,-5.87492774553486
2.40021578090069e-16,0,-0.142376810967936,0.989812529572454,-11.0260793296425
,,-0.142376810967936,-0.989812529572454,-8.01264009375164
,,-0.225685656252062,0.974200176843589,-10.7749226290814
,,-0.225685656252062,-0.974200176843589,-7.30359453571275
