Q,P,EigValReal,EigValImag,AGPgrad,N,toda,k,E0,lmd,period
0,0,0.999674518127384,0.0255119149960726,-0.612552027239691,2,1.04,1,1,3.60935660350787e-15,4.92160000000187
1.16886413757936,0,0.999674518127384,-0.0255119149960726,-0.1306709354377
0.2396937450295,0,-0.940180730675808,0.340676083202075,0.474498627387228
-3.18019072789085e-17,0,-0.940180730675808,-0.340676083202075,1.54417529937303
