Q,P,EigValReal,EigValImag,AGPgrad,N,toda,k,E0,lmd,period
0,0,-0.79825930055814,0.602313945606792,1589.51788991725,5,2.28,1,1,2.41370192810844e-14,5.55420000000039
1.30630603274465,0,-0.79825930055814,-0.602313945606792,12.8643877101364
0.550429101774093,0,-0.408836019649083,0.91260786159087,23.446765934958
0.274120158927674,0,-0.408836019649083,-0.91260786159087,26.3676099505189
0.133288979977533,0,0.479163790973094,0.877725504597137,8.16872494212878
0.0534441849447193,0,0.479163790973094,-0.877725504597137,-32.8121911519596
2.47946084214987e-16,0,0.998177713927294,0.0603427826578314,-59.5528070893202
,,0.998177713927294,-0.0603427826578314,-44.9317246329984
,,0.987615386113477,0.156894388401637,-39.8012659106225
,,0.987615386113477,-0.156894388401637,-37.4781552763271
