Q,P,EigValReal,EigValImag,AGPgrad,N,toda,k,E0,lmd,period
0,0,-0.999245787872685,0.038831114054218,50.6265648152405,4,1.32,1,1,7.11469579755665e-15,7.00319999999702
1.41026979516055,0,-0.999245787872685,-0.038831114054218,3.75884145812222
0.515888278541719,0,0.205062494702745,0.978748881616868,2.32927729958324
0.201335542282977,0,0.205062494702745,-0.978748881616868,3.49056411178992
0.0657027789599402,0,0.913697171065226,0.406395717973739,-4.80506640920446
-1.93876159868878e-17,0,0.913697171065226,-0.406395717973739,-5.83792636748921
,,0.999253522163665,0.0386315731429769,-0.609553558610695
,,0.999253522163665,-0.0386315731429769,1.02347423409826
