Q,P,EigValReal,EigValImag,AGPgrad,N,toda,k,E0,lmd,period
0,0,0.999898645457496,0.0142372333094586,-179.974882590613,3,2.38999999999999,1,1,3.41623054825041e-14,3.62070000000322
1.09519879883485,0,0.999898645457496,-0.0142372333094586,-3.75870659240305
0.381230292131426,0,0.123006249863897,0.992405896039732,0.954809255883547
0.128091405555413,0,0.123006249863897,-0.992405896039732,4.92578264581973
4.67393691442443e-17,0,-0.804808612306682,0.593534411434584,11.5505220344495
,,-0.804808612306682,-0.593534411434584,5.70590230204287
