Q,P,EigValReal,EigValImag,AGPgrad,N,toda,k,E0,lmd,period
0,0,0.999492981245492,0.031839918985704,-121.585450698714,2,2.02,1,1,1.01573841179355e-14,3.25880000000245
1.02743937910636,0,0.999492981245492,-0.031839918985704,-1.99679277030548
0.261929267060829,0,0.236910140181403,0.971531566897974,6.55677947330978
-1.70859786629907e-17,0,0.236910140181403,-0.971531566897974,13.0583258172889
