Q,P,EigValReal,EigValImag,AGPgrad,N,toda,k,E0,lmd,period
0,0,0.999178503458311,0.0405255256204854,-15.8589070652143,4,2.41999999999999,1,1,3.66684217635641e-14,4.40400000000307
1.1914141355931,0,0.999178503458311,-0.0405255256204854,-3.05787324477103
0.470440962094768,0,-0.106578307884423,0.994304311711704,2.54787119250019
0.207898468128743,0,-0.106578307884423,-0.994304311711704,1.392199043984
0.0784435577821394,0,-0.616791437854034,0.787126623987492,0.48605974616974
-1.1026940165663e-17,0,-0.616791437854034,-0.787126623987492,1.7987246895495
,,-0.99908772999492,0.0427048916823869,1.32189541949452
,,-0.99908772999492,-0.0427048916823869,-0.765366048597917
