Q,P,EigValReal,EigValImag,AGPgrad,N,toda,k,E0,lmd,period
0,0,0.461141119848831,0.887326809909724,-2766.83634709449,3,3.66999999999997,1,1,1.41674305957222e-14,2.04299999999989
0.977596617722676,0,0.461141119848831,-0.887326809909724,-12.6064232886196
0.357722246906663,0,0.993769849954537,0.111451717444593,4.9463471078131
0.128629781251171,0,0.993769849954537,-0.111451717444593,20.6098270385282
4.38118975992841e-17,0,0.807898243796824,0.589322006775589,72.6645233134782
,,0.807898243796824,-0.589322006775589,14.157510814956
