Q,P,EigValReal,EigValImag,AGPgrad,N,toda,k,E0,lmd,period
0,0,0.999900133472591,0.0141323416843148,-6.53461953537631,2,1.3,1,1,9.89611931234851e-17,4.44790000000297
1.12187716172723,0,0.999900133472591,-0.0141323416843148,-0.462614433728423
0.251191832429776,0,-0.677756458431077,0.735286463261066,1.27959615359979
-2.60407750456005e-17,0,-0.677756458431077,-0.735286463261066,2.69423845582266
