Q,P,EigValReal,EigValImag,AGPgrad,N,toda,k,E0,lmd,period
0,0,0.999890503902125,0.0147979798063816,16.3152099608323,3,1.28,1,1,1.70599890525938e-14,5.79999999999982
1.28284205256251,0,0.999890503902125,-0.0147979798063816,0.767941274498905
0.397695270976083,0,0.364128863145865,0.931348576540556,2.75157780080634
0.112462323734362,0,0.364128863145865,-0.931348576540556,-1.86057011289287
4.96206520559088e-17,0,-0.980817547449954,0.194928034449331,-1.71506927563723
,,-0.980817547449954,-0.194928034449331,1.18365179782157
