Q,P,EigValReal,EigValImag,AGPgrad,N,toda,k,E0,lmd,period
0,0,0.996038059807616,0.0889279675619556,-1500.38707952169,2,2.88999999999998,1,1,5.3570754182468e-14,2.17840000000017
0.951251062412185,0,0.996038059807616,-0.0889279675619556,-4.67166381207064
0.260586011470495,0,0.784360813118551,0.620304856376311,29.0408336115032
-1.198400724227e-17,0,0.784360813118551,-0.620304856376311,69.2215876450304
