Q,P,EigValReal,EigValImag,AGPgrad,N,toda,k,E0,lmd,period
0,0,0.429223845365873,0.903198145795997,-4176.45581672631,3,3.61999999999997,1,1,3.5189026815184e-14,2.08919999999998
0.981213156225838,0,0.429223845365873,-0.903198145795997,-11.5181249338284
0.358568991003667,0,0.996704986557779,0.0811120815344302,0.393539669762032
0.128711845834155,0,0.996704986557779,-0.0811120815344302,32.4296859335086
4.39159186855851e-17,0,0.795598845609559,0.605823800180157,99.2686390376695
,,0.795598845609559,-0.605823800180157,49.4983454829949
