Q,P,EigValReal,EigValImag,AGPgrad,N,toda,k,E0,lmd,period
0,0,-0.615884483682239,0.787836469554097,31.0266559161292,5,0.960000000000001,1,1,7.93320846650095e-15,9.51529999999116
1.67935537705314,0,-0.615884483682239,-0.787836469554097,4.06503612345943
0.642249231283377,0,-0.441419980894081,0.897300618782511,4.18649507678755
0.273337827990133,0,-0.441419980894081,-0.897300618782511,2.1705743353363
0.107892816477718,0,0.17243757007134,0.98502044873591,-0.564753838893756
0.0347839406469704,0,0.17243757007134,-0.98502044873591,-5.413192740571
3.20853306795847e-16,0,0.999920570618931,0.0126036682374229,-5.85437056586484
,,0.999920570618931,-0.0126036682374229,0.652291484458299
,,0.978553295056211,0.205993807515293,0.554221533609731
,,0.978553295056211,-0.205993807515293,2.98065722429527
