Q,P,EigValReal,EigValImag,AGPgrad,N,toda,k,E0,lmd,period
0,0,0.999988325155867,0.0048321374116785,1.59085531034157,5,0.24,1,1,4.46373447505459e-15,11.8003999999858
2.36284635497052,0,0.999988325155867,-0.0048321374116785,0.0132150366926208
0.560499123482845,0,0.7475235250082,0.664235334470641,-0.31920922637427
0.127797761012753,0,0.7475235250082,-0.664235334470641,0.107539882728075
0.0248352739753936,0,-0.0244269542782514,0.999701617436265,0.307797165557387
0.00362438849807362,0,-0.0244269542782514,-0.999701617436265,-1.22501806180237
5.26078263898743e-16,0,-0.546028254951837,0.837766760378006,-0.764596724790128
,,-0.546028254951837,-0.837766760378006,-0.0854825324349031
,,-0.690153829960271,0.723662691446203,0.346760159219751
,,-0.690153829960271,-0.723662691446203,0.542270399685327
