Q,P,EigValReal,EigValImag,AGPgrad,N,toda,k,E0,lmd,period
0,0,0.999716809303862,0.0237970837539956,-1313.54797431756,5,3.49999999999997,1,1,8.14803842263702e-13,3.25910000000245
1.15109473293302,0,0.999716809303862,-0.0237970837539956,-12.7219116229534
0.497962809897885,0,0.531837076320431,0.846846694656691,2.09469592423587
0.258933428838156,0,0.531837076320431,-0.846846694656691,0.677720487679169
0.133025271105503,0,-0.343194851942322,0.939264229916322,0.453457687379103
0.0561481755887017,0,-0.343194851942322,-0.939264229916322,7.88899331979128
2.18890340035816e-16,0,-0.878761918293832,0.477260401622163,23.6505603030992
,,-0.878761918293832,-0.477260401622163,19.246390858338
,,-0.999441069803443,0.0334297470847641,10.7153672689363
,,-0.999441069803443,-0.0334297470847641,4.93384874842808
