Q,P,EigValReal,EigValImag,AGPgrad,N,toda,k,E0,lmd,period
0,0,0.998792303313148,0.0491318108984544,-4650.3975820402,5,3.98999999999996,1,1,1.37883489765615e-14,2.63160000000113
1.10713520629232,0,0.998792303313148,-0.0491318108984544,-20.4960431177234
0.482022449134219,0,0.717003883867418,0.697069171975803,1.27808528030249
0.253229582834322,0,0.717003883867418,-0.697069171975803,0.28161423209624
0.131739703811918,0,0.103536623003735,0.994625641986461,0.395934001343938
0.0562298427041342,0,0.103536623003735,-0.994625641986461,18.1368505464698
2.10651869102524e-16,0,-0.719357272545527,0.694640277003756,61.0901437209859
,,-0.719357272545527,-0.694640277003756,48.5945100781703
,,-0.433532680557755,0.901137844554533,30.9380596089138
,,-0.433532680557755,-0.901137844554533,14.9561778768938
