Q,P,EigValReal,EigValImag,AGPgrad,N,toda,k,E0,lmd,period
0,0,-0.0470552392039533,0.998892288719598,-4617.04866945052,4,3.97999999999996,1,1,1.02777234251094e-13,2.21650000000025
1.03390816087566,0,-0.0470552392039533,-0.998892288719598,-20.8546707624251
0.424474044974128,0,0.989996452416706,0.141092254225224,4.76110259249142
0.199346719135004,0,0.989996452416706,-0.141092254225224,0.505480033863166
0.0802122612141325,0,0.783707293257901,0.621130323277162,21.6183963029364
-6.74142886159265e-18,0,0.783707293257901,-0.621130323277162,79.581775291144
,,0.326406097292108,0.945229633290526,40.2875669630595
,,0.326406097292108,-0.945229633290526,18.9238768897919
