Q,P,EigValReal,EigValImag,AGPgrad,N,toda,k,E0,lmd,period
0,0,0.323292240798131,0.946299174172582,-1790.78847857813,3,3.46999999999997,1,1,4.75443330859157e-14,2.23440000000029
0.992431179154491,0,0.323292240798131,-0.946299174172582,-10.9544034113207
0.361148043879221,0,0.991403252060011,0.130841857999478,4.17829979491088
0.128928436956833,0,0.991403252060011,-0.130841857999478,15.9879059357668
4.42331636336677e-17,0,0.753856281635997,0.657039349383219,53.2556465687987
,,0.753856281635997,-0.657039349383219,11.3231439904753
