Q,P,EigValReal,EigValImag,AGPgrad,N,toda,k,E0,lmd,period
0,0,0.997829894528911,0.0658445258505152,-67.6148544839476,3,2.12,1,1,1.80817909029256e-14,4.07750000000384
1.1297610818958,0,0.997829894528911,-0.0658445258505152,-2.51873997245283
0.386392861489283,0,-0.154464668120163,0.987998312904696,1.23741072611061
0.126595586957201,0,-0.154464668120163,-0.987998312904696,2.65431366849929
4.7418113894235e-17,0,-0.988138392048794,0.153566005871085,6.04108521122326
,,-0.988138392048794,-0.153566005871085,3.01129381821728
