Q,P,EigValReal,EigValImag,AGPgrad,N,toda,k,E0,lmd,period
0,0,0.999851715291897,0.0172205524835852,0.739320439749892,2,0.830000000000001,1,1,3.58800902382817e-15,5.30260000000098
1.21449677041348,0,0.999851715291897,-0.0172205524835852,0.0236295127810025
0.223944507832863,0,-0.996703290913925,0.0811329149071344,0.0590948297192989
-3.83690135095998e-17,0,-0.996703290913925,-0.0811329149071344,1.03076257696134
