Q,P,EigValReal,EigValImag,AGPgrad,N,toda,k,E0,lmd,period
0,0,0.999993399123648,0.00363341562797388,1.42960812802215,5,0.22,1,1,8.88562276454235e-15,11.8464999999857
2.39896320580529,0,0.999993399123648,-0.00363341562797388,0.0359381779878592
0.540582973602104,0,0.771916218884494,0.635724272796838,-0.301426247958403
0.116160561382051,0,0.771916218884494,-0.635724272796838,0.109693046225337
0.0212311224599634,0,-0.102577684682058,0.994724996471525,0.303991812065907
0.00289843136297505,0,-0.102577684682058,-0.994724996471525,-1.29798752904865
5.43327318884775e-16,0,-0.623798673181102,0.781585065963723,-0.851451774173003
,,-0.623798673181102,-0.781585065963723,-0.0435017960649205
,,-0.493053370019788,0.869999065696128,0.461834414159195
,,-0.493053370019788,-0.869999065696128,0.608293067708991
