Q,P,EigValReal,EigValImag,AGPgrad,N,toda,k,E0,lmd,period
0,0,0.996344207590961,0.0854296201556984,-806.797092266526,2,2.65999999999999,1,1,1.67314626268014e-14,2.4263000000007
0.968788952949179,0,0.996344207590961,-0.0854296201556984,-3.8779487678783
0.261570252538339,0,0.694721103964488,0.719279214009671,19.9847009592341
-1.30152517307053e-17,0,0.694721103964488,-0.719279214009671,45.5688676040596
