Q,P,EigValReal,EigValImag,AGPgrad,N,toda,k,E0,lmd,period
0,0,-0.660750084618229,0.750605972316368,-1.41555966943409,3,0.76,1,1,5.95984790414347e-15,7.008999999997
1.44835642709261,0,-0.660750084618229,-0.750605972316368,-3.00208988076036
0.383226196415792,0,0.999982888869375,0.00584995457005527,-1.16119915907297
0.0854064335832588,0,0.999982888869375,-0.00584995457005527,2.08134479333587
5.17893394323537e-17,0,0.846272967572074,0.532749532479153,3.15640828947698
,,0.846272967572074,-0.532749532479153,-1.73266606916361
