Q,P,EigValReal,EigValImag,AGPgrad,N,toda,k,E0,lmd,period
0,0,0.995763899588211,0.0919470297341051,-2466.04873835495,2,3.07999999999998,1,1,1.18381439134098e-15,1.9921999999998
0.937835384284811,0,0.995763899588211,-0.0919470297341051,-5.38111543884185
0.259588800513023,0,0.83870679098109,0.544583252370303,39.2927298200981
-1.12469749566197e-17,0,0.83870679098109,-0.544583252370303,96.8927809457988
