Q,P,EigValReal,EigValImag,AGPgrad,N,toda,k,E0,lmd,period
0,0,0.999828072613893,0.0185425244577047,-31.2454721924801,3,1.96,1,1,7.31940577275523e-15,4.37110000000315
1.15278415340198,0,0.999828072613893,-0.0185425244577047,-1.8631978207101
0.389340050132855,0,-0.336981486719942,0.941511273224068,1.44245894563572
0.125247696825089,0,-0.336981486719942,-0.941511273224068,1.59946545870801
4.78265562802792e-17,0,-0.985310086529704,0.17077480312633,3.77551319499311
,,-0.985310086529704,-0.17077480312633,1.98581305923786
