Q,P,EigValReal,EigValImag,AGPgrad,N,toda,k,E0,lmd,period
0,0,0.995413742502965,0.0956633745812313,-848.234086552787,4,3.13999999999998,1,1,5.75883336800492e-14,3.20840000000235
1.10659221306071,0,0.995413742502965,-0.0956633745812313,-8.93983452170531
0.44683292282695,0,0.457398219717814,0.889261979733172,1.1633361141468
0.204576962155796,0,0.457398219717814,-0.889261979733172,0.549490270730654
0.0801909283951546,0,-0.438255793485007,0.898850298702086,8.47741522698443
-8.53385524162555e-18,0,-0.438255793485007,-0.898850298702086,23.7760345336837
,,-0.879134047005291,0.476574576951064,16.4342003302682
,,-0.879134047005291,-0.476574576951064,7.29308258655476
