Q,P,EigValReal,EigValImag,AGPgrad,N,toda,k,E0,lmd,period
0,0,0.999802113554961,0.0198930573589384,-280.644316764322,2,2.29,1,1,1.19828599532672e-14,2.88090000000166
1.00062995918453,0,0.999802113554961,-0.0198930573589384,-2.73908709815825
0.262357503397061,0,0.474762231184332,0.880114097058373,10.681006892672
-1.50995828298403e-17,0,0.474762231184332,-0.880114097058373,22.5244015755674
