Q,P,EigValReal,EigValImag,AGPgrad,N,toda,k,E0,lmd,period
0,0,-0.768355020785246,0.640023876143792,0.401939681276417,3,0.16,1,1,1.22112145996195e-14,8.1246999999944
1.793363713501,0,-0.768355020785246,-0.640023876143792,-0.134580507843808
0.174898822017765,0,0.477706052520674,0.878519736480133,0.158386076193984
0.011726361600539,0,0.477706052520674,-0.878519736480133,-0.799370264380425
7.30191602364552e-17,0,0.999997937097652,0.00203120664946065,0.15718899618613
,,0.999997937097652,-0.00203120664946065,0.617561500400073
