Q,P,EigValReal,EigValImag,AGPgrad,N,toda,k,E0,lmd,period
0,0,0.9925201385077,0.122081016774185,-5413.61701916446,2,3.38999999999997,1,1,7.1557598778934e-13,1.72149999999983
0.917717936699556,0,0.9925201385077,-0.122081016774185,-6.61637639754058
0.257721369727286,0,0.899876680301749,0.436144425906295,63.7380598545916
-1.02206806752122e-17,0,0.899876680301749,-0.436144425906295,165.352725949337
