Q,P,EigValReal,EigValImag,AGPgrad,N,toda,k,E0,lmd,period
0,0,0.993021690497135,0.117931854060957,-972.080447639914,4,3.18999999999998,1,1,9.0904594722876e-14,3.1384000000022
1.10161776889797,0,0.993021690497135,-0.117931854060957,-9.4130722250095
0.445362037656775,0,0.485456439229707,0.874260856730069,1.10248485397625
0.204286758099955,0,0.485456439229707,-0.874260856730069,0.524638853529174
0.0802350183320109,0,-0.384695788779301,0.923043417232079,9.24817110460937
-8.40125529358165e-18,0,-0.384695788779301,-0.923043417232079,26.2598251622037
,,-0.839990045801383,0.542601808838293,18.1480057604802
,,-0.839990045801383,-0.542601808838293,8.166801297527
