Q,P,EigValReal,EigValImag,AGPgrad,N,toda,k,E0,lmd,period
0,0,0.994258935322606,0.107000792198255,-158.300317055751,5,3.05999999999998,1,1,3.2069900573611e-14,3.95200000000392
1.19781215298308,0,0.994258935322606,-0.107000792198255,-6.8547819893085
0.514410459429847,0,0.27765782578019,0.960680036111395,3.28972790356093
0.26434339350063,0,0.27765782578019,-0.960680036111395,1.56366076481046
0.13381733404506,0,-0.972834540433434,0.231501526862491,0.609694001156819
0.0557318241933731,0,-0.972834540433434,-0.231501526862491,1.53387006170518
2.27635498318184e-16,0,-0.771801479884612,0.635863566850555,4.67409130087842
,,-0.771801479884612,-0.635863566850555,4.01571381953254
,,-0.677887873455046,0.735165308636497,-0.512494514723281
,,-0.677887873455046,-0.735165308636497,-0.812195214410313
