Q,P,EigValReal,EigValImag,AGPgrad,N,toda,k,E0,lmd,period
0,0,0.997084405131459,0.0763065465315976,385.788814301764,5,2.55999999999999,1,0.999999999999999,6.31373119270258e-14,4.91820000000188
1.26254999991479,0,0.997084405131459,-0.0763065465315976,-0.55468570778489
0.536291860673038,0,-0.995074962283843,0.0991252714286556,6.04295046953445
0.270663861975514,0,-0.995074962283843,-0.0991252714286556,4.89524659820863
0.133904941067313,0,0.505164145911485,0.863023282238387,1.39826919622809
0.0545867550300235,0,0.505164145911485,-0.863023282238387,-5.65763145936287
2.39749029913245e-16,0,-0.132923068865954,0.991126358121538,-10.6333242337367
,,-0.132923068865954,-0.991126358121538,-7.72542106869696
,,-0.249914424342011,0.968267928058036,-10.5181847887082
,,-0.249914424342011,-0.968267928058036,-7.10132462732662
