Q,P,EigValReal,EigValImag,AGPgrad,N,toda,k,E0,lmd,period
0,0,0.994344640586187,0.106201392351927,-716.349572342401,4,3.07999999999998,1,1,5.68734528609763e-14,3.29450000000253
1.1126933432075,0,0.994344640586187,-0.106201392351927,-8.37694091473
0.448624311176519,0,0.421929856650532,0.906628477418875,1.24179320980208
0.204918782947589,0,0.421929856650532,-0.906628477418875,0.582510411580215
0.0801280912693499,0,-0.50260094692739,0.864518529672836,7.60177950338094
-8.69853671499497e-18,0,-0.50260094692739,-0.864518529672836,21.0170671978168
,,-0.920484487458543,0.390779104288053,14.5194585591693
,,-0.920484487458543,-0.390779104288053,6.31271812945822
