Q,P,EigValReal,EigValImag,AGPgrad,N,toda,k,E0,lmd,period
0,0,0.994736289925683,0.102468109697026,-23206.5525112309,2,3.98999999999996,1,1,1.06776947834958e-14,1.29789999999987
0.883795229275532,0,0.994736289925683,-0.102468109697026,-9.57203688003893
0.253653574408225,0,0.960249485626302,0.279143198653368,158.621480613289
-8.68501570523627e-18,0,0.960249485626302,-0.279143198653368,447.602344650714
