Q,P,EigValReal,EigValImag,AGPgrad,N,toda,k,E0,lmd,period
0,0,0.999873252071187,0.015921048728777,-829.273286570997,2,2.66999999999999,1,1,1.89243791396921e-14,2.41490000000067
0.967993706482732,0,0.999873252071187,-0.015921048728777,-3.9222693255121
0.261533944270289,0,0.699295379245114,0.714832828405636,20.3172997784499
-1.29667253466497e-17,0,0.699295379245114,-0.714832828405636,46.4105056345153
