Q,P,EigValReal,EigValImag,AGPgrad,N,toda,k,E0,lmd,period
0,0,0.988950471211227,0.148246300092668,-3195.11080945232,4,3.67999999999997,1,1,3.95410497575472e-14,2.52870000000091
1.05747760672348,0,0.988950471211227,-0.148246300092668,-14.5886942129933
0.431923304019498,0,0.698107136295226,0.715993314391741,0.655422690341968
0.201271198305374,0,0.698107136295226,-0.715993314391741,0.37856801771573
0.0803498607212974,0,-0.348228386851138,0.937409723968689,19.3064693087936
-7.28900570967593e-18,0,-0.348228386851138,-0.937409723968689,61.4682053959878
,,0.0961239959203357,0.995369367324662,42.205309938346
,,0.0961239959203357,-0.995369367324662,20.2406455221163
