Q,P,EigValReal,EigValImag,AGPgrad,N,toda,k,E0,lmd,period
0,0,0.999269558253771,0.0382145253446633,12.062891446406,3,1.47,1,1,1.55821337098351e-14,5.37430000000081
1.23974553088867,0,0.999269558253771,-0.0382145253446633,-0.0774510690674206
0.396594858646111,0,-0.865938498438584,0.500150494273401,2.26291854086742
0.117642258396547,0,-0.865938498438584,-0.500150494273401,-0.870096587538534
4.91007548413776e-17,0,-0.187093557283513,0.982342099689819,-0.437533225991825
,,-0.187093557283513,-0.982342099689819,0.865728189505965
