Q,P,EigValReal,EigValImag,AGPgrad,N,toda,k,E0,lmd,period
0,0,0.999935396103167,0.0113667770282431,76.2762256282788,4,2.13,1,1,6.58504941106082e-15,4.9955000000017
1.23497686163439,0,0.999935396103167,-0.0113667770282431,-0.971004302800157
0.481398814337524,0,-0.859904356075814,0.510455187457073,3.59216684850473
0.208363938258994,0,-0.859904356075814,-0.510455187457073,2.37228467424041
0.0768138462266931,0,-0.408011273218946,0.912976889590445,-2.08001659681756
-1.24780784268226e-17,0,-0.408011273218946,-0.912976889590445,-3.10567857655665
,,0.0899013068639897,0.995950679011839,-1.47718391785353
,,0.0899013068639897,-0.995950679011839,-2.50302951678032
