Q,P,EigValReal,EigValImag,AGPgrad,N,toda,k,E0,lmd,period
0,0,-0.392903102553569,0.91957987798982,1.86680757945738,5,0.81,1,1,8.56947168238452e-15,10.03269999999
1.76195612688001,0,-0.392903102553569,-0.91957987798982,-1.15576505401481
0.65331541815935,0,-0.347593071192646,0.93764548570281,-0.521453844177048
0.265250670874007,0,-0.347593071192646,-0.93764548570281,-0.292772175998333
0.0985453471867676,0,0.317218497855731,0.948352479101603,-0.594730378606396
0.0297068434796369,0,0.317218497855731,-0.948352479101603,0.706856905816438
3.38734959122299e-16,0,0.999733812928383,0.0230716988466604,0.377160219830448
,,0.999733812928383,-0.0230716988466604,0.408298933940015
,,0.766463402972208,0.642287982064313,0.337537217625795
,,0.766463402972208,-0.642287982064313,-0.934671259776758
