Q,P,EigValReal,EigValImag,AGPgrad,N,toda,k,E0,lmd,period
0,0,0.999542448665407,0.0302472034408347,62.8491696131561,5,1.51,1,0.999999999999999,7.15703879914837e-15,7.68819999999542
1.47367074986292,0,0.999542448665407,-0.0302472034408347,3.58345386539688
0.598791974419964,0,0.875492361274747,0.483231958121109,1.47258758423144
0.28076562641523,0,0.875492361274747,-0.483231958121109,0.225783570295931
0.126017768946214,0,-0.0906628347610486,0.995881644771654,4.26821201727181
0.0466276747142849,0,-0.0906628347610486,-0.995881644771654,-3.50278466140697
2.79654594603753e-16,0,-0.994944795817626,0.100423370165566,-5.82975444485343
,,-0.994944795817626,-0.100423370165566,-1.88963022468208
,,-0.99561838391447,0.093509537543204,1.1740931989844
,,-0.99561838391447,-0.093509537543204,-0.159454123000801
