Q,P,EigValReal,EigValImag,AGPgrad,N,toda,k,E0,lmd,period
0,0,0.976896822316382,0.213711484361827,-3690.73318096097,5,3.88999999999996,1,1,1.91981750184667e-13,2.74880000000138
1.11553322773748,0,0.976896822316382,-0.213711484361827,-18.6939896510068
0.485099144243384,0,0.686014443374104,0.727587921478987,1.41283585101217
0.254362840147865,0,0.686014443374104,-0.727587921478987,0.332317847726013
0.132024475008727,0,0.0210155499631458,0.999779148942271,0.40256017809515
0.0562369823281803,0,0.0210155499631458,-0.999779148942271,15.6639783212796
2.12227273696906e-16,0,-0.533068493171844,0.846072090065314,51.6308836969078
,,-0.533068493171844,-0.846072090065314,41.166418203811
,,-0.805581493736392,0.592484984577198,25.8965633234931
,,-0.805581493736392,-0.592484984577198,12.4667383013857
