Q,P,EigValReal,EigValImag,AGPgrad,N,toda,k,E0,lmd,period
0,0,-0.190139064903079,0.981757167530636,0.0803731953526073,2,0.15,1,1,8.46035304337145e-15,6.2371999999988
1.39920319393059,0,-0.190139064903079,-0.981757167530636,0.0230990875524301
0.0682245230581092,0,0.99999738210882,0.00228818169799241,-0.312315258178873
-8.44592361293232e-17,0,0.99999738210882,-0.00228818169799241,0.384774058461484
