Q,P,EigValReal,EigValImag,AGPgrad,N,toda,k,E0,lmd,period
0,0,0.998652402914701,0.0518977663558191,-177.878830263474,2,2.14,1,1,5.03108774208376e-15,3.08600000000209
1.01509378788145,0,0.998652402914701,-0.0518977663558191,-2.31565274337122
0.262256580466528,0,0.351577632339769,0.936158730364867,8.17882887707033
-1.61436553402759e-17,0,0.351577632339769,-0.936158730364867,16.6996042219656
