Q,P,EigValReal,EigValImag,AGPgrad,N,toda,k,E0,lmd,period
0,0,0.326385953225417,0.945236589186609,38.9598735683633,4,1.35,1,1,9.34676763686833e-15,6.92039999999721
1.40162163001693,0,0.326385953225417,-0.945236589186609,2.43351429624015
0.514596320052007,0,0.869943055601952,0.493152187473527,1.72449450136905
0.202018664057951,0,0.869943055601952,-0.493152187473527,2.56082599194315
0.066398136174579,0,0.999030605197155,0.0440210163372036,-3.39240669865837
-1.90115086591804e-17,0,0.999030605197155,-0.0440210163372036,-4.00769288228182
,,-0.999898796223305,0.0142266408965221,-0.248485064165449
,,-0.999898796223305,-0.0142266408965221,0.806362815830489
