Q,P,EigValReal,EigValImag,AGPgrad,N,toda,k,E0,lmd,period
0,0,0.998884591005595,0.0472183634994863,-1088.59884961996,2,2.76999999999998,1,1,9.16889347155151e-14,2.30450000000044
0.960210587307403,0,0.998884591005595,-0.0472183634994863,-4.25934668807568
0.261135530999601,0,0.741324627030278,0.671146628806586,23.9253588309899
-1.2500929231424e-17,0,0.741324627030278,-0.671146628806586,55.740400322045
