Q,P,EigValReal,EigValImag,AGPgrad,N,toda,k,E0,lmd,period
0,0,0.999273496320794,0.0381114097197557,-4213.23842340851,2,3.28999999999997,1,1,2.28295968105423e-15,1.80449999999982
0.92398642178985,0,0.999273496320794,-0.0381114097197557,-6.26728475035664
0.25835022819628,0,0.883215218069745,0.468967886501853,54.5929870363085
-1.05305036691087e-17,0,0.883215218069745,-0.468967886501853,139.375389922912
