Q,P,EigValReal,EigValImag,AGPgrad,N,toda,k,E0,lmd,period
0,0,-0.686738908742605,0.726904169212844,5.23128442663024,5,0.72,1,1,2.08549709864594e-14,10.3406999999892
1.82065117553187,0,-0.686738908742605,-0.726904169212844,0.491548020971396
0.658535003626094,0,-0.164302168651301,0.986410055391016,0.320182309805868
0.257724536355366,0,-0.164302168651301,-0.986410055391016,0.069933181308213
0.0914295155509158,0,0.999859802328948,0.0167444225547136,-0.882214824741219
0.0261728714817476,0,0.999859802328948,-0.0167444225547136,-0.760715463874778
3.52111421689605e-16,0,0.715615991259823,0.698493917692369,-1.28071572617375
,,0.715615991259823,-0.698493917692369,0.444378763195316
,,0.318803201303786,0.947820931842341,0.724785912814577
,,0.318803201303786,-0.947820931842341,-0.624462932701095
