Q,P,EigValReal,EigValImag,AGPgrad,N,toda,k,E0,lmd,period
0,0,0.998200773616058,0.0599601163467282,-29.4911259479671,3,1.95,1,1,9.18536692595193e-15,4.39010000000311
1.15429573697421,0,0.998200773616058,-0.0599601163467282,-1.82334855408653
0.389519263407354,0,-0.348701033323581,0.937234009924451,1.45663206848474
0.125149336218247,0,-0.348701033323581,-0.937234009924451,1.53913586380281
4.78522054825486e-17,0,-0.981408748438962,0.191929332014358,3.65480785306961
,,-0.981408748438962,-0.191929332014358,1.93370235352645
