Q,P,EigValReal,EigValImag,AGPgrad,N,toda,k,E0,lmd,period
0,0,0.99750679794039,0.0705704475168703,-3107.37970950509,2,3.16999999999998,1,1,1.2391658185676e-14,1.90949999999981
0.931781629471388,0,0.99750679794039,-0.0705704475168703,-5.75117857091914
0.259072965196898,0,0.859528801953609,0.511087310165473,45.2682580008603
-1.09283605588995e-17,0,0.859528801953609,-0.511087310165473,113.335609862155
