Q,P,EigValReal,EigValImag,AGPgrad,N,toda,k,E0,lmd,period
0,0,0.999990751238626,0.00430086470423274,0.801754290383699,2,0.61,1,1,8.44950808958392e-15,5.6797000000001
1.27124652102408,0,0.999990751238626,-0.00430086470423274,0.0799473723608214
0.196780378335467,0,-0.850709588869518,0.525635991352816,-0.200663019320134
-4.81434261549851e-17,0,-0.850709588869518,-0.525635991352816,0.707161863483998
