Q,P,EigValReal,EigValImag,AGPgrad,N,toda,k,E0,lmd,period
0,0,0.99595608554046,0.089841391768693,-1349.08255696462,2,2.84999999999998,1,1,4.60753815651699e-14,2.21970000000026
0.954193547219386,0,0.99595608554046,-0.089841391768693,-4.5280639812173
0.26077692426642,0,0.770837392307315,0.637031957299499,27.2313750887953
-1.21515602005701e-17,0,0.770837392307315,-0.637031957299499,64.4269283106345
