Q,P,EigValReal,EigValImag,AGPgrad,N,toda,k,E0,lmd,period
0,0,0.985519687244709,0.16956103931326,-3196.02852856936,5,3.82999999999996,1,1,1.81041372320029e-13,2.82160000000153
1.12070105937769,0,0.985519687244709,-0.16956103931326,-17.7478880461221
0.48698699124355,0,0.665922530348037,0.746020900226568,1.50080464089566
0.255050949702276,0,0.665922530348037,-0.746020900226568,0.3713241449316
0.13219097758341,0,-0.030848901598809,0.999524059375333,0.407697460317804
0.0562362105417112,0,-0.030848901598809,-0.999524059375333,14.2840770982411
2.13195720661299e-16,0,-0.592060826255672,0.805893279543535,46.3954323435339
,,-0.592060826255672,-0.805893279543535,37.120315754998
,,-0.852409498076914,0.522874791501984,23.1282967083022
,,-0.852409498076914,-0.522874791501984,11.0977543617214
