Q,P,EigValReal,EigValImag,AGPgrad,N,toda,k,E0,lmd,period
0,0,0.992505793015944,0.122197589296239,-355.426303568897,5,3.16999999999998,1,0.999999999999999,3.44905772843628e-14,3.76600000000352
1.18536615217389,0,0.992505793015944,-0.122197589296239,-8.23064498984201
0.510080191378987,0,0.350302808067635,0.936636505086112,2.93790445062882
0.26296970705448,0,0.350302808067635,-0.936636505086112,1.26015969471306
0.133665236695916,0,-0.67141608908393,0.741080586251751,0.552913552374435
0.0558762813828933,0,-0.67141608908393,-0.741080586251751,2.97308386434135
2.25306458532013e-16,0,-0.830642776844977,0.556805690771251,8.55042087773026
,,-0.830642776844977,-0.556805690771251,7.12421995392727
,,-0.9994439922871,0.0333422596893725,1.88272314389545
,,-0.9994439922871,-0.0333422596893725,0.451416605335322
