Q,P,EigValReal,EigValImag,AGPgrad,N,toda,k,E0,lmd,period
0,0,0.999878862553419,0.0155647106877453,107.065290449792,4,2,1,1,1.81509366522752e-14,5.28280000000103
1.25696450784468,0,0.999878862553419,-0.0155647106877453,0.153834733968641
0.486601714296058,0,0.453300784499976,0.891357615534704,4.37412942977573
0.208268802310187,0,0.453300784499976,-0.891357615534704,3.2100785905442
0.0758067232593567,0,-0.676725557359966,0.736235369984245,-3.5575399015279
-1.3253617071293e-17,0,-0.676725557359966,-0.736235369984245,-5.53392112809412
,,-0.54677866448929,0.837277189501377,-2.56003408790297
,,-0.54677866448929,-0.837277189501377,-3.24962655656524
