Q,P,EigValReal,EigValImag,AGPgrad,N,toda,k,E0,lmd,period
0,0,0.999935653040275,0.0113441517494057,-24.5341156812201,3,1.92,1,1,2.05014011461577e-14,4.44720000000297
1.15888531508643,0,0.999935653040275,-0.0113441517494057,-1.70751140814378
0.390052525353622,0,-0.383743277896866,0.923439817567432,1.49831500862765
0.124843279499582,0,-0.383743277896866,-0.923439817567432,1.3621812179261
4.79292256349969e-17,0,-0.966862245232777,0.255298646184079,3.29981810983873
,,-0.966862245232777,-0.255298646184079,1.786123149259
