Q,P,EigValReal,EigValImag,AGPgrad,N,toda,k,E0,lmd,period
0,0,0.999676039470152,0.0254522319103568,-7656.77424933238,2,3.52999999999997,1,1,7.81451163358291e-15,1.61149999999984
0.909260577086531,0,0.999676039470152,-0.0254522319103568,-7.35740980397138
0.256812248792765,0,0.919324626737326,0.393499975443784,79.0544344329604
-9.81554115960622e-18,0,0.919324626737326,-0.393499975443784,209.391034217561
