Q,P,EigValReal,EigValImag,AGPgrad,N,toda,k,E0,lmd,period
0,0,0.997315376958552,0.0732259440503521,-100.211068961097,3,2.22,1,1,3.75913671715781e-14,3.90270000000381
1.11638478428528,0,0.997315376958552,-0.0732259440503521,-2.95754700690253
0.384497592149536,0,-0.0463722513700392,0.998924228509282,1.12371126336635
0.127249384457465,0,-0.0463722513700392,-0.998924228509282,3.41454443358551
4.71649833500081e-17,0,-0.942075695408423,0.335400334109464,7.80247089862103
,,-0.942075695408423,-0.335400334109464,3.85523588218394
