Q,P,EigValReal,EigValImag,AGPgrad,N,toda,k,E0,lmd,period
0,0,0.999397251962343,0.034715022253559,11.0653328354406,3,1.5,1,1,2.03410659466588e-14,5.30870000000097
1.23351649428431,0,0.999397251962343,-0.034715022253559,-0.189168472771977
0.396292220514154,0,-0.840471240777438,0.541856155659454,2.20154378569173
0.118316174432289,0,-0.840471240777438,-0.541856155659454,-0.731085435987517
4.90210871489718e-17,0,-0.268743294233066,0.963211836412307,-0.244277067606301
,,-0.268743294233066,-0.963211836412307,0.856754163481849
