Q,P,EigValReal,EigValImag,AGPgrad,N,toda,k,E0,lmd,period
0,0,0.998665758866343,0.051640120719413,-117.703059083486,2,2.01,1,1,4.5337165745818e-15,3.27360000000248
1.02850203066692,0,0.998665758866343,-0.051640120719413,-1.9700270607153
0.261890394622593,0,0.226659766256215,0.973973998811402,6.4346239912011
-1.71693588875848e-17,0,0.226659766256215,-0.973973998811402,12.7906496094598
