Q,P,EigValReal,EigValImag,AGPgrad,N,toda,k,E0,lmd,period
0,0,0.996487301737131,0.0837439996457313,-1804.49327136342,2,2.95999999999998,1,1,3.75470472611742e-15,2.10790000000002
0.946203213820814,0,0.996487301737131,-0.0837439996457313,-4.93017591959148
0.260234999055868,0,0.806192337977256,0.591653542359683,32.482199018207
-1.17015540423682e-17,0,0.806192337977256,-0.591653542359683,78.418552832178
