Q,P,EigValReal,EigValImag,AGPgrad,N,toda,k,E0,lmd,period
0,0,0.999979918272343,0.00633743260825687,0.867495626558947,2,0.69,1,1,1.26392973998069e-14,5.54680000000041
1.24950952776332,0,0.999979918272343,-0.00633743260825687,0.0705836325406496
0.20831243590898,0,-0.928358634017401,0.371685682593988,-0.125143698420793
-4.4160388757735e-17,0,-0.928358634017401,-0.371685682593988,0.807053340054964
