Q,P,EigValReal,EigValImag,AGPgrad,N,toda,k,E0,lmd,period
0,0,0.983155646084488,0.182770280878223,-1809.46652424558,5,3.60999999999997,1,1,1.26583247926343e-13,3.10610000000213
1.14057403190199,0,0.983155646084488,-0.182770280878223,-14.2993726401943
0.494186669770085,0,0.58125766299678,0.813719564228072,1.87706410104895
0.257620832532862,0,0.58125766299678,-0.813719564228072,0.551729716825087
0.13276437065708,0,-0.234905448562987,0.972018225258878,0.433995415367936
0.0561947580152036,0,-0.234905448562987,-0.972018225258878,9.82174274179527
2.16919966038547e-16,0,-0.794070942630213,0.607825088385117,30.2703237920618
,,-0.794070942630213,-0.607825088385117,24.4470957961259
,,-0.976643657699811,0.214865459938871,14.3761214346397
,,-0.976643657699811,-0.214865459938871,6.7596375821911
