Q,P,EigValReal,EigValImag,AGPgrad,N,toda,k,E0,lmd,period
0,0,0.99241864225033,0.122903370637422,-483.911508382561,4,2.94999999999998,1,1,5.046314477985e-14,3.48900000000294
1.12643433358727,0,0.99241864225033,-0.122903370637422,-7.20586715905417
0.452607854938029,0,0.338139407967288,0.941096031645828,1.43084647652938
0.205631449318334,0,0.338139407967288,-0.941096031645828,0.669075892731129
0.0799511450282462,0,-0.639616022612991,0.768694571085768,5.87101803876713
-9.0776861524014e-18,0,-0.639616022612991,-0.768694571085768,15.7600719869207
,,-0.983328020684668,0.181840599802099,10.8619459296004
,,-0.983328020684668,-0.181840599802099,4.4223320830019
