Q,P,EigValReal,EigValImag,AGPgrad,N,toda,k,E0,lmd,period
0,0,-0.819317465367293,0.57334011803127,390.964079562828,4,1.72,1,1,7.36779344893487e-15,5.94849999999948
1.31096784691151,0,-0.819317465367293,-0.57334011803127,10.6924079772985
0.498377777817529,0,-0.0401969586904876,0.999191775642723,15.8761676549994
0.207081216839555,0,-0.0401969586904876,-0.999191775642723,15.0262250058923
0.0728311971790977,0,0.998892190841815,0.0470573169151072,-20.1256480793383
-1.52760103101675e-17,0,0.998892190841815,-0.0470573169151072,-31.1327648055806
,,0.983029495223987,0.183447571582963,-12.4513678167649
,,0.983029495223987,-0.183447571582963,-11.2358045683475
