Q,P,EigValReal,EigValImag,AGPgrad,N,toda,k,E0,lmd,period
0,0,0.998324287482363,0.057867236177499,-174.256038457299,3,2.37999999999999,1,1,8.12114914504543e-14,3.63680000000325
1.0963951650766,0,0.998324287482363,-0.057867236177499,-3.70848800596283
0.381423275370556,0,0.113569387790584,0.993530067062335,0.964129112343759
0.128050140728013,0,0.113569387790584,-0.993530067062335,4.82828061090043
4.67642228339635e-17,0,-0.814447981959483,0.580236576477339,11.3018934723741
,,-0.814447981959483,-0.580236576477339,5.58090311195883
