Q,P,EigValReal,EigValImag,AGPgrad,N,toda,k,E0,lmd,period
0,0,0.99925990962711,0.0384659981286082,-59.4656687108152,3,2.09,1,1,3.52476858696659e-14,4.13120000000371
1.13391923186941,0,0.99925990962711,-0.0384659981286082,-2.39213524840356
0.38695496217993,0,-0.187890315389031,0.982190016943273,1.27344675265277
0.126373004102257,0,-0.187890315389031,-0.982190016943273,2.44243976468886
4.74943970056602e-17,0,-0.99543935583636,0.0953964823885231,5.56694959903314
,,-0.99543935583636,-0.0953964823885231,2.79000540969821
