Q,P,EigValReal,EigValImag,AGPgrad,N,toda,k,E0,lmd,period
0,0,0.997484078096052,0.0708908593888484,-101.030617158459,4,2.57999999999999,1,1,1.4175905486551e-13,4.10600000000377
1.17006508004981,0,0.997484078096052,-0.0708908593888484,-4.22074064763423
0.464771117713509,0,0.0448194656989751,0.998995102838078,2.13853047702579
0.207358064344899,0,0.0448194656989751,-0.998995102838078,1.08495532529654
0.0790614087436634,0,-0.948411917507475,0.317040746166469,1.91019952925803
-1.03579526890563e-17,0,-0.948411917507475,-0.317040746166469,5.04147176263116
,,-0.857304467660062,0.514809721868301,3.4572965115503
,,-0.857304467660062,-0.514809721868301,0.455571472283054
