Q,P,EigValReal,EigValImag,AGPgrad,N,toda,k,E0,lmd,period
0,0,-0.932980455924434,0.359927032692778,2.08216043923362,4,0.45,1,1,6.03395651554697e-15,9.44479999999133
1.84915840356721,0,-0.932980455924434,-0.359927032692778,0.262233978939651
0.49930438809646,0,0.249310571408692,0.96842358448351,0.258362642404837
0.125956106724899,0,0.249310571408692,-0.96842358448351,-0.373048383207822
0.0242041891741915,0,0.999944600042719,0.0105260080460273,-0.941425855693952
-4.12623905181934e-17,0,0.999944600042719,-0.0105260080460273,-0.625478648622751
,,0.657760185501622,0.753227414775159,0.687103375980052
,,0.657760185501622,-0.753227414775159,-0.0672605915958389
