Q,P,EigValReal,EigValImag,AGPgrad,N,toda,k,E0,lmd,period
0,0,0.568318834092392,0.822808424127924,-4145.09412541226,3,3.85999999999996,1,1,1.73664948720172e-13,1.87669999999981
0.964369289824641,0,0.568318834092392,-0.822808424127924,-14.2892367912459
0.354565103626377,0,0.990815506072995,0.135220682313244,5.72435520793188
0.128280355584163,0,0.990815506072995,-0.135220682313244,26.1420834700599
4.34242499205121e-17,0,0.8483482740991,0.529438576071945,96.6333879981939
,,0.8483482740991,-0.529438576071945,17.4983384497043
