Q,P,EigValReal,EigValImag,AGPgrad,N,toda,k,E0,lmd,period
0,0,0.99966711302155,0.0258004485068102,-62.1051768102067,3,2.1,1,1,8.77375107774793e-15,4.11320000000375
1.1325254138559,0,0.99966711302155,-0.0258004485068102,-2.43457979739341
0.386768001539021,0,-0.17667801099197,0.984268703369123,1.26114683907336
0.126448641389898,0,-0.17667801099197,-0.984268703369123,2.5123331053791
4.74689521372546e-17,0,-0.993367475874483,0.114982859047628,5.7215243915909
,,-0.993367475874483,-0.114982859047628,2.8623181327591
