Q,P,EigValReal,EigValImag,AGPgrad,N,toda,k,E0,lmd,period
0,0,0.999949059817911,0.0100934518005854,1.63351050909481,4,0.81,1,1,7.77895439400358e-13,8.46069999999362
1.60647173543193,0,0.999949059817911,-0.0100934518005854,-1.31146964790278
0.530848104283534,0,0.167455511572152,0.985879633446247,-0.156322231649337
0.176862467113883,0,0.167455511572152,-0.985879633446247,-0.472487101235594
0.0475123914096568,0,-0.504717692723947,0.863284455235601,0.544887680311478
-2.85946187980821e-17,0,-0.504717692723947,-0.863284455235601,0.918737102604339
,,-0.844485269906662,0.535578779369258,0.49423587356161
,,-0.844485269906662,-0.535578779369258,-0.349145846474022
