Q,P,EigValReal,EigValImag,AGPgrad,N,toda,k,E0,lmd,period
0,0,0.99993045088602,0.0117937861136417,0.824468913468554,2,0.63,1,1,3.20164375478916e-15,5.64710000000018
1.26569798211315,0,0.99993045088602,-0.0117937861136417,0.0786974801620202
0.19987141392479,0,-0.872536576146467,0.488548793148225,-0.183773429400987
-4.70954614613724e-17,0,-0.872536576146467,-0.488548793148225,0.730548570325167
