Q,P,EigValReal,EigValImag,AGPgrad,N,toda,k,E0,lmd,period
0,0,0.99986258858558,0.0165772116754325,-16.8976460140785,4,1.04,1,1,1.15134810053398e-14,7.79669999999517
1.50427826094644,0,0.99986258858558,-0.0165772116754325,-4.82277261945693
0.526701580885831,0,0.854653483417082,0.519198828275877,-1.35252751777224
0.191708650142987,0,0.854653483417082,-0.519198828275877,-2.23093037867085
0.0574409307375806,0,-0.843291393975575,0.53745662601434,3.94481701397788
-2.36574636500125e-17,0,-0.843291393975575,-0.53745662601434,4.98778206004518
,,-0.861839739042131,0.507180701730447,1.12543708462051
,,-0.861839739042131,-0.507180701730447,-1.3305639757685
