Q,P,EigValReal,EigValImag,AGPgrad,N,toda,k,E0,lmd,period
0,0,0.993398486575544,0.114714632324585,-246.442293056154,4,2.75999999999999,1,1,5.37735985915463e-14,3.79370000000358
1.14793136010918,0,0.993398486575544,-0.114714632324585,-5.6128244852384
0.458694925885674,0,0.197780278637276,0.980246377898003,1.75933506672219
0.206585268101955,0,0.197780278637276,-0.980246377898003,0.843842414979896
0.0795753072041336,0,-0.821105349244248,0.570776668621347,3.68767202125797
-9.69390640577439e-18,0,-0.821105349244248,-0.570776668621347,9.58348945162935
,,-0.985774250063587,0.168074768813048,6.56875876075672
,,-0.985774250063587,-0.168074768813048,2.15618411625055
