Q,P,EigValReal,EigValImag,AGPgrad,N,toda,k,E0,lmd,period
0,0,0.996725492580255,0.0808597083884494,-88.461588432349,4,2.55999999999999,1,1,2.76456900330333e-14,4.14220000000368
1.17264254501582,0,0.996725492580255,-0.0808597083884494,-4.07146478227829
0.465465704676662,0,0.026639872149723,0.99964509562736,2.18595943901612
0.20743405102785,0,0.026639872149723,-0.99964509562736,1.11772438073447
0.0789931748338058,0,-0.958521758104083,0.285019366431578,1.7259120881443
-1.04372376997444e-17,0,-0.958521758104083,-0.285019366431578,4.60227290794479
,,-0.8339203346678,0.551884838917991,3.1605064548045
,,-0.8339203346678,-0.551884838917991,0.289177050861661
