Q,P,EigValReal,EigValImag,AGPgrad,N,toda,k,E0,lmd,period
0,0,0.997942538604222,0.0641146601341262,-277.149526924788,3,2.52999999999999,1,1,9.40408024732483e-14,3.40270000000276
1.0790463477766,0,0.997942538604222,-0.0641146601341262,-4.46445549762002
0.378527345471216,0,0.247120332779667,0.968984799223833,0.838419659851352
0.128575353039539,0,0.247120332779667,-0.968984799223833,6.41823292906252
4.63941087518072e-17,0,-0.656905438729822,0.753972973366537,15.5110447841712
,,-0.656905438729822,-0.753972973366537,7.68649724866576
