Q,P,EigValReal,EigValImag,AGPgrad,N,toda,k,E0,lmd,period
0,0,0.998941367557522,0.0460015671730974,4.44706050625804,3,1.64,1,1,9.29623814538306e-15,5.00940000000166
1.20621399466655,0,0.998941367557522,-0.0460015671730974,-0.687936393085036
0.394557796300878,0,-0.703578558358869,0.710617486569021,1.9407778439382
0.121038917329114,0,-0.703578558358869,-0.710617486569021,-0.0853230220032144
4.86535267303405e-17,0,-0.602308262632946,0.798263588524545,0.719039481632134
,,-0.602308262632946,-0.798263588524545,0.944732844656866
