Q,P,EigValReal,EigValImag,AGPgrad,N,toda,k,E0,lmd,period
0,0,0.843124411476745,0.537718538616616,0.903444147473535,5,0.15,1,1,1.04701677944234e-14,11.9889999999854
2.53295391453599,0,0.843124411476745,-0.537718538616616,0.0723244799612745
0.440647575150734,0,0.999996366846805,0.00269560627365738,-0.247346273465461
0.0710072551897753,0,0.999996366846805,-0.00269560627365738,0.110445011422752
0.00968036890373775,0,-0.389701008826657,0.920941433381884,0.28920620768709
0.000966179944315887,0,-0.389701008826657,-0.920941433381884,-1.55008176228133
6.20357363147519e-16,0,-0.315656778133026,0.948873436459617,-1.16736144119409
,,-0.315656778133026,-0.948873436459617,0.103542207583909
,,-0.339442885437274,0.940626667454208,0.950187917741085
,,-0.339442885437274,-0.940626667454208,0.9370816469766
