Q,P,EigValReal,EigValImag,AGPgrad,N,toda,k,E0,lmd,period
0,0,0.999939276876545,0.0110200979856598,0.85281251973574,2,0.76,1,1,1.21703436584466e-14,5.42620000000069
1.23151911343419,0,0.999939276876545,-0.0110200979856598,0.0523348694469183
0.216765214428055,0,-0.973622735796089,0.22816390674453,-0.0415657460115107
-4.10954147071257e-17,0,-0.973622735796089,-0.22816390674453,0.910017963548156
