Q,P,EigValReal,EigValImag,AGPgrad,N,toda,k,E0,lmd,period
0,0,0.999582197612471,0.0289038097185688,-2.12502276307204,2,1.14,1,0.999999999999999,9.07734987029067e-15,4.7385000000023
1.14968537960984,0,0.999582197612471,-0.0289038097185688,-0.240565774632118
0.244930375402936,0,-0.858105180634292,0.513473951596949,0.740898802240026
-2.93351047897595e-17,0,-0.858105180634292,-0.513473951596949,1.9015514577693
