Q,P,EigValReal,EigValImag,AGPgrad,N,toda,k,E0,lmd,period
0,0,0.991024420340459,0.133680957091667,-1397.93873902587,4,3.32999999999997,1,1,3.30560453014622e-14,2.9504000000018
1.08818903380024,0,0.991024420340459,-0.133680957091667,-10.7963965524011
0.441346512576317,0,0.557233399048501,0.830355911031426,0.948454194397782
0.203452530114957,0,0.557233399048501,-0.830355911031426,0.467086323371334
0.0803222846165469,0,-0.713287312553216,0.700871749859134,11.6248470788642
-8.05068727519898e-18,0,-0.713287312553216,-0.700871749859134,34.1527340541187
,,-0.237120802630697,0.971480172190749,23.5825959059316
,,-0.237120802630697,-0.971480172190749,10.918751616789
