Q,P,EigValReal,EigValImag,AGPgrad,N,toda,k,E0,lmd,period
0,0,0.999607218687605,0.0280251377805723,-3.69481928253068,2,1.21,1,1,1.44012131317087e-15,4.61080000000259
1.13711181575146,0,0.999607218687605,-0.0280251377805723,-0.330948538701948
0.247951550122992,0,-0.785189172112762,0.619255976149511,0.958197389014889
-2.7805254137054e-17,0,-0.785189172112762,-0.619255976149511,2.21055378977585
