Q,P,EigValReal,EigValImag,AGPgrad,N,toda,k,E0,lmd,period
0,0,0.999425122820937,0.0339031543429077,-11.6759738364131,2,1.41,1,1,4.62367898213722e-15,4.25190000000343
1.10453730308826,0,0.999425122820937,-0.0339031543429077,-0.644961515259771
0.254339097825723,0,-0.533148117224927,0.846021917623616,1.74517184456815
-2.41471777148412e-17,0,-0.533148117224927,-0.846021917623616,3.44525716047003
