Q,P,EigValReal,EigValImag,AGPgrad,N,toda,k,E0,lmd,period
0,0,-0.532703146762001,0.846302166740622,0.424563278738006,2,0.39,1,1,9.14145513273837e-15,6.00339999999935
1.33594193632698,0,-0.532703146762001,-0.846302166740622,0.0609271567766901
0.151062845704593,0,0.99998502177169,0.00547322868807714,-0.306658353827351
-6.24150931403844e-17,0,0.99998502177169,-0.00547322868807714,0.50836942422477
