Q,P,EigValReal,EigValImag,AGPgrad,N,toda,k,E0,lmd,period
0,0,-0.123671932371515,0.992323159632739,-958.605552812357,3,2.98999999999998,1,1,1.61838518870604e-13,2.77070000000142
1.03261153122217,0,-0.123671932371515,-0.992323159632739,-7.1009129483402
0.369789830433147,0,0.998601262353692,0.0528726661482922,0.570049470942835
0.129222802762792,0,0.998601262353692,-0.0528726661482922,13.5202111618128
4.53000908822446e-17,0,0.55817090828404,0.829726001247017,36.3976722260735
,,0.55817090828404,-0.829726001247017,18.174843098796
