Q,P,EigValReal,EigValImag,AGPgrad,N,toda,k,E0,lmd,period
0,0,-0.94851956194461,0.316718551096119,-6.1071880713827,5,1.65,1,0.999999999999999,1.42249955111157e-14,7.25839999999642
1.43607100874934,0,-0.94851956194461,-0.316718551096119,-1.2800536415341
0.588800524635623,0,-0.719188235127856,0.694815286571679,0.675384929292751
0.280220734848262,0,-0.719188235127856,-0.694815286571679,-1.87283281111429
0.12830427676345,0,0.999932007854404,0.0116610320403519,2.10426718433121
0.0484572937207072,0,0.999932007854404,-0.0116610320403519,0.628514165248752
2.72450008474446e-16,0,0.602262352540855,0.798298226674693,-0.445365283994833
,,0.602262352540855,-0.798298226674693,0.886570455685592
,,0.466167204054455,0.884696636064624,2.78226154018288
,,0.466167204054455,-0.884696636064624,0.0925490393897842
