Q,P,EigValReal,EigValImag,AGPgrad,N,toda,k,E0,lmd,period
0,0,0.993482290488853,0.113986571511791,-983.855135240697,5,3.40999999999997,1,1,8.36480257043867e-14,3.39010000000273
1.16002130994886,0,0.993482290488853,-0.113986571511791,-11.4304795417945
0.501145760879902,0,0.487442948940149,0.873154838232334,2.29820159339077
0.260020067749206,0,0.487442948940149,-0.873154838232334,0.79949993688476
0.133222942805312,0,-0.433576248931161,0.901116882742077,0.473181850994873
0.0560950749830389,0,-0.433576248931161,-0.901116882742077,6.4322609244075
2.20562031895454e-16,0,-0.935018864011656,0.354597975096226,18.9226880049794
,,-0.935018864011656,-0.354597975096226,15.454827954408
,,-0.992160409477238,0.124970884072882,8.01264660154787
,,-0.992160409477238,-0.124970884072882,3.57884380825655
