Q,P,EigValReal,EigValImag,AGPgrad,N,toda,k,E0,lmd,period
0,0,-0.211014394714167,0.977482953929844,0.0989006611199532,2,0.17,1,1,4.61521315526384e-15,6.22449999999883
1.39523210005623,0,-0.211014394714167,-0.977482953929844,0.0254900638327344
0.0765816495197247,0,0.999994964823741,0.00317337787966002,-0.31220137409157
-8.24057875953202e-17,0,0.999994964823741,-0.00317337787966002,0.392835976627774
