Q,P,EigValReal,EigValImag,AGPgrad,N,toda,k,E0,lmd,period
0,0,0.999906544927731,0.013671189072597,-11.1170317547521,2,1.4,1,1,1.60602261337521e-15,4.26950000000339
1.10605966852924,0,0.999906544927731,-0.013671189072597,-0.627649512454723
0.25408529157902,0,-0.546642866642352,0.837365855733952,1.69930089532758
-2.43086527117116e-17,0,-0.546642866642352,-0.837365855733952,3.36860614550605
