Q,P,EigValReal,EigValImag,AGPgrad,N,toda,k,E0,lmd,period
0,0,0.999962119451018,0.00870400270023147,10.3288617101586,3,1.52,1,1,1.57127236062952e-14,5.26520000000107
1.22944189133055,0,0.999962119451018,-0.00870400270023147,-0.262272327719674
0.396075283937512,0,-0.822601935043934,0.568617671605419,2.16173793831083
0.118746508503163,0,-0.822601935043934,-0.568617671605419,-0.639005644548008
4.89681945462125e-17,0,-0.321521751584656,0.946902193079054,-0.114030678965833
,,-0.321521751584656,-0.946902193079054,0.856297206934598
