Q,P,EigValReal,EigValImag,AGPgrad,N,toda,k,E0,lmd,period
0,0,0.999924300753815,0.0123041766081784,-7.41127189774739,4,0.980000000000001,1,1,1.69988829343508e-14,7.96989999999476
1.52828976330737,0,0.999924300753815,-0.0123041766081784,-3.31856829067416
0.528438782993957,0,0.721560811614351,0.692351063509276,-0.798556435887061
0.188618369833336,0,0.721560811614351,-0.692351063509276,-1.3581215486579
0.0551689364765102,0,-0.772496685785823,0.63501879535169,2.45512853322578
-2.47937806223751e-17,0,-0.772496685785823,-0.63501879535169,3.15698146126887
,,-0.968749169919673,0.248042427378734,0.823404740518041
,,-0.968749169919673,-0.248042427378734,-0.924142924235142
