Q,P,EigValReal,EigValImag,AGPgrad,N,toda,k,E0,lmd,period
0,0,0.999668659306939,0.0257404661853238,-3.19587860432337,2,1.19,1,1,6.4240186994061e-15,4.64720000000251
1.14063677355165,0,0.999668659306939,-0.0257404661853238,-0.304056449207987
0.247136700508703,0,-0.807109723799257,0.590401468281276,0.893360568699675
-2.82273281992559e-17,0,-0.807109723799257,-0.590401468281276,2.11671156049965
