Q,P,EigValReal,EigValImag,AGPgrad,N,toda,k,E0,lmd,period
0,0,0.999937025253402,0.0112225454952758,-4.23836467892849,2,1.23,1,1,4.30911554840068e-15,4.57440000000268
1.13363896917634,0,0.999937025253402,-0.0112225454952758,-0.358852301667386
0.248730199574039,0,-0.762448598367591,0.647048788614344,1.02542310407908
-2.73945431992043e-17,0,-0.762448598367591,-0.647048788614344,2.30899978963202
