Q,P,EigValReal,EigValImag,AGPgrad,N,toda,k,E0,lmd,period
0,0,0.994222363006734,0.107340080572421,145.356687077125,5,2.81999999999998,1,0.999999999999999,3.72318467639959e-14,4.39010000000311
1.22705912905466,0,0.994222363006734,-0.107340080572421,-3.95875601443941
0.524432338349039,0,0.0966564318576763,0.995317805618149,4.25602086302828
0.267372595102264,0,0.0966564318576763,-0.995317805618149,2.57203654155874
0.134003824143718,0,-0.943346853582423,0.331808248595676,0.81990121547395
0.0552961186618006,0,-0.943346853582423,-0.331808248595676,-1.52863589390419
2.3310764386606e-16,0,-0.754174777296513,0.656673743414308,-2.57621268744376
,,-0.754174777296513,-0.656673743414308,-1.70812341912673
,,-0.176606137885075,0.984281602013021,-5.19170276901055
,,-0.176606137885075,-0.984281602013021,-3.45082897794459
