Q,P,EigValReal,EigValImag,AGPgrad,N,toda,k,E0,lmd,period
0,0,0.984573747034434,0.174970102161935,-2790.69926200827,4,3.61999999999997,1,1,4.73878612727757e-14,2.59640000000105
1.06247914158717,0,0.984573747034434,-0.174970102161935,-13.8851540187206
0.433479621682089,0,0.677425283061393,0.735591589041899,0.697920420507066
0.201651727651361,0,0.677425283061393,-0.735591589041899,0.389200778731986
0.080361416485419,0,-0.411806634077774,0.911271252772494,17.7838226922257
-7.4093339867198e-18,0,-0.411806634077774,-0.911271252772494,55.8960294566993
,,0.0436253910656332,0.999047959436573,38.4119713855945
,,0.0436253910656332,-0.999047959436573,18.3503933438255
