Q,P,EigValReal,EigValImag,AGPgrad,N,toda,k,E0,lmd,period
0,0,0.997106276692248,0.0760202142919989,-157.939441695051,3,2.34999999999999,1,1,3.58292677972632e-14,3.68540000000335
1.10002017337356,0,0.997106276692248,-0.0760202142919989,-3.56234647222892
0.382001890889176,0,0.0848931604788418,0.996390059817897,0.992158358090928
0.127920531315523,0,0.0848931604788418,-0.996390059817897,4.54268434241587
4.68389271802852e-17,0,-0.842338571907071,0.538948726946789,10.5755853645368
,,-0.842338571907071,-0.538948726946789,5.21899888646592
