Q,P,EigValReal,EigValImag,AGPgrad,N,toda,k,E0,lmd,period
0,0,0.999973214530406,0.00731916810332337,1.16747090293433,3,0.35,1,1,1.04151568869116e-14,7.85879999999502
1.66757463474273,0,0.999973214530406,-0.00731916810332337,-0.366290262471175
0.297691805011438,0,-0.389519039893486,0.921018413258082,0.162144190498028
0.0393539352833203,0,-0.389519039893486,-0.921018413258082,-0.553076313183607
5.97687681512809e-17,0,0.165825194472391,0.986155162678868,0.292659387579987
,,0.165825194472391,-0.986155162678868,0.192181933827172
