Q,P,EigValReal,EigValImag,AGPgrad,N,toda,k,E0,lmd,period
0,0,0.996170286022294,0.0874343253318784,-2018.122042949,5,3.64999999999997,1,1,1.31032747835835e-13,3.05220000000202
1.13684690880261,0,0.996170286022294,-0.0874343253318784,-14.9442098886916
0.492843990574637,0,0.598041855679353,0.801464870631026,1.79930359411513
0.257148277020427,0,0.598041855679353,-0.801464870631026,0.515039524897103
0.132665024893616,0,-0.196331592202719,0.980537559659567,0.428314393625973
0.0562072265203338,0,-0.196331592202719,-0.980537559659567,10.5689226845894
2.16221385539962e-16,0,-0.759873057023798,0.650071486230008,32.8470027685775
,,-0.759873057023798,-0.650071486230008,26.5255231368204
,,-0.960932306052141,0.276783495146099,15.820514636109
,,-0.960932306052141,-0.276783495146099,7.47675587331077
