Q,P,EigValReal,EigValImag,AGPgrad,N,toda,k,E0,lmd,period
0,0,0.999334644355644,0.0364728473060041,-21.983064858191,2,1.55,1,1,3.12305210907757e-15,4.008600000004
1.08425351445925,0,0.999334644355644,-0.0364728473060041,-0.908362214320535
0.25731922875188,0,-0.340614198599318,0.940203152362578,2.47483582799594
-2.20808815033225e-17,0,-0.340614198599318,-0.940203152362578,4.71782265847371
