Q,P,EigValReal,EigValImag,AGPgrad,N,toda,k,E0,lmd,period
0,0,0.99492709752722,0.1005985616502,-6442.09108351507,2,3.45999999999997,1,1,5.34787224830191e-15,1.66559999999983
0.91344390470468,0,0.99492709752722,-0.1005985616502,-6.95906458141742
0.257270933752779,0,0.910122705179078,0.414338824535545,70.9995423916022
-1.00140294232318e-17,0,0.910122705179078,-0.414338824535545,186.145394765588
