Q,P,EigValReal,EigValImag,AGPgrad,N,toda,k,E0,lmd,period
0,0,-0.968276497202936,0.24988122171226,-13.7789175255773,4,1.49,1,1,4.70094447301376e-13,6.54129999999809
1.36411910990384,0,-0.968276497202936,-0.24988122171226,-1.5117673015253
0.508462545746024,0,0.999035215707132,0.0439162586865654,-0.738975403374736
0.20457900584706,0,0.999035215707132,-0.0439162586865654,-0.725604585814221
0.0692587127843154,0,0.579371522751434,0.815063579498368,1.37298249361204
-1.74183900156841e-17,0,0.579371522751434,-0.815063579498368,2.60911793421219
,,0.78307348570375,0.621929188885499,1.50674393110105
,,0.78307348570375,-0.621929188885499,1.15492167205548
