Q,P,EigValReal,EigValImag,AGPgrad,N,toda,k,E0,lmd,period
0,0,-0.992410474619499,0.122969304566198,20.055465106158,3,1.11,1,1,1.42138431036478e-14,6.19289999999891
1.32784576845259,0,-0.992410474619499,-0.122969304566198,2.28017360572876
0.39687551155537,0,0.999574160847762,0.0291804209269434,3.74224975822976
0.106143166229307,0,0.999574160847762,-0.0291804209269434,-3.48479996140658
5.01356298915953e-17,0,0.79348396661344,0.608591155643416,-3.66968928689544
,,0.79348396661344,-0.608591155643416,2.18618884918254
