Q,P,EigValReal,EigValImag,AGPgrad,N,toda,k,E0,lmd,period
0,0,0.999971405474815,0.00756229017766018,1.33550407627473,3,0.39,1,1,1.02590749078127e-14,7.78809999999519
1.64154133351322,0,0.999971405474815,-0.00756229017766018,-0.44553213989437
0.313637669671267,0,0.0844499277573411,0.996427724273967,0.147814585664097
0.0450773050641735,0,0.0844499277573411,-0.996427724273967,-0.472745119697596
5.81875318622546e-17,0,-0.273026663290028,0.96200646626347,0.351480548576962
,,-0.273026663290028,-0.96200646626347,0.10648849063132
