Q,P,EigValReal,EigValImag,AGPgrad,N,toda,k,E0,lmd,period
0,0,-0.983475078603624,0.181043557647337,21.3939311783085,3,1.08,1,1,2.1597217549106e-15,6.26289999999874
1.33655173749217,0,-0.983475078603624,-0.181043557647337,2.81159440197235
0.39646952429859,0,0.999988732325731,0.0047471277155319,4.1199022201808
0.104821015840554,0,0.999988732325731,-0.0047471277155319,-4.04200676964522
5.02360710508749e-17,0,0.85008599631163,0.526643901393416,-4.33563043672335
,,0.85008599631163,-0.526643901393416,2.56550977155571
