Q,P,EigValReal,EigValImag,AGPgrad,N,toda,k,E0,lmd,period
0,0,-0.927950463292082,0.372703552003472,597.470893262829,5,2.40999999999999,1,0.999999999999999,1.0461369763535e-13,5.2499000000011
1.2851855093656,0,-0.927950463292082,-0.372703552003472,2.4966398189507
0.54367418479818,0,-0.278282441901021,0.960499288146326,8.70065310181258
0.272536273053204,0,-0.278282441901021,-0.960499288146326,8.4587550510205
0.133654452853039,0,0.135665717647517,0.990754668449852,2.42307167980673
0.0540321456304943,0,0.135665717647517,-0.990754668449852,-10.4846523686091
2.43987601879358e-16,0,0.999653315275136,0.0263296270288894,-19.238838966848
,,0.999653315275136,-0.0263296270288894,-14.0385749034048
,,0.833920392191412,0.551884751997493,-15.963554228913
,,0.833920392191412,-0.551884751997493,-11.8859588991863
