Q,P,EigValReal,EigValImag,AGPgrad,N,toda,k,E0,lmd,period
0,0,-0.85690733538879,0.515470482721247,0.0354138803131612,3,0.02,1,1,2.20288572247521e-13,8.20799999999421
1.84677705242927,0,-0.85690733538879,-0.515470482721247,-0.0172180854031076
0.0241000489480963,0,0.574744330456839,0.818333034044031,0.0315428452234262
0.000209781330294034,0,0.574744330456839,-0.818333034044031,-0.860072854249582
9.07912123197418e-17,0,0.999999981093286,0.000194456765891286,0.0262895812026395
,,0.999999981093286,-0.000194456765891286,0.841653820578808
