Q,P,EigValReal,EigValImag,AGPgrad,N,toda,k,E0,lmd,period
0,0,0.999510593092658,0.0312821721688673,-2664.33315981573,2,3.10999999999998,1,1,4.43592481878196e-13,1.9641999999998
0.935796718532596,0,0.999510593092658,-0.0312821721688673,-5.52569433987956
0.259419826300327,0,0.845975716614103,0.533221423893731,41.1970406994614
-1.11386730353575e-17,0,0.845975716614103,-0.533221423893731,102.093779548415
