Q,P,EigValReal,EigValImag,AGPgrad,N,toda,k,E0,lmd,period
0,0,0.573397832460193,0.819277075066768,-7189.92891901324,3,3.86999999999996,1,1,1.78567696979507e-14,1.86829999999981
0.963693723600236,0,0.573397832460193,-0.819277075066768,-13.5824319720191
0.354402065176885,0,0.997375620142201,0.0724007758649512,0.359775299389388
0.128260688441654,0,0.997375620142201,-0.0724007758649512,44.8581609789449
4.34041325342483e-17,0,0.85023687967821,0.526400273969406,143.309544871614
,,0.85023687967821,-0.526400273969406,71.3551935403838
