Q,P,EigValReal,EigValImag,AGPgrad,N,toda,k,E0,lmd,period
0,0,0.998966550834622,0.0454514060692313,-410.983520962233,4,2.89999999999998,1,1,2.71690202578411e-13,3.5667000000031
1.1319207498195,0,0.998966550834622,-0.0454514060692313,-6.78146790845153
0.454178599853781,0,0.303345723282335,0.952880565530823,1.50913377371131
0.205893772316493,0,0.303345723282335,-0.952880565530823,0.709191644764994
0.0798667650452795,0,-0.69027578350404,0.723546365278617,5.25981410235169
-9.23225901766657e-18,0,-0.69027578350404,-0.723546365278617,13.9622729085728
,,-0.995565484258726,0.0940710718164532,9.62101129473202
,,-0.995565484258726,-0.0940710718164532,3.77366586305176
