Q,P,EigValReal,EigValImag,AGPgrad,N,toda,k,E0,lmd,period
0,0,0.999328756900426,0.0366338044959634,-17.7170967173766,2,1.5,1,1,3.25553101108193e-15,4.0946000000038
1.0912854667048,0,0.999328756900426,-0.0366338044959634,-0.810533204281877
0.25636973210352,0,-0.409624662966956,0.912254150710864,2.19483491168816
-2.27794783256582e-17,0,-0.409624662966956,-0.912254150710864,4.21735287513851
