Q,P,EigValReal,EigValImag,AGPgrad,N,toda,k,E0,lmd,period
0,0,0.999487112000772,0.0320236310299699,1.08666481148452,3,1.69,1,1,1.16855297815498e-14,4.90530000000191
1.19710534068929,0,0.999487112000772,-0.0320236310299699,-0.863992360314537
0.393835191128408,0,-0.649297799343916,0.760534264689721,1.85482816170148
0.121862222055312,0,-0.649297799343916,-0.760534264689721,0.152227142834171
4.85233848126402e-17,0,-0.698537380494434,0.715573565786201,1.10211453580174
,,-0.698537380494434,-0.715573565786201,1.02801165425096
