Q,P,EigValReal,EigValImag,AGPgrad,N,toda,k,E0,lmd,period
0,0,0.999807758200959,0.0196073109115057,-320.791237548572,3,2.57999999999999,1,1,6.84625664920431e-14,3.3278000000026
1.07353212121733,0,0.999807758200959,-0.0196073109115057,-4.73009963743339
0.377563794926269,0,0.288027336762613,0.957622187126754,0.80093845689544
0.128709590164935,0,0.288027336762613,-0.957622187126754,7.01450198470686
4.62720800714791e-17,0,-0.599803978183896,0.800146978844995,17.1456493404082
,,-0.599803978183896,-0.800146978844995,8.50909957120269
