Q,P,EigValReal,EigValImag,AGPgrad,N,toda,k,E0,lmd,period
0,0,-0.935052027516007,0.354510515835861,576.045946779037,5,2.41999999999999,1,0.999999999999999,1.35532148339493e-13,5.22720000000116
1.28362126691138,0,-0.935052027516007,-0.354510515835861,2.21399699266659
0.543168685204049,0,-0.268406329795335,0.963305788483501,8.4082792244495
0.272412648438797,0,-0.268406329795335,-0.963305788483501,8.07413709635707
0.133676458618177,0,0.109006553841444,0.994041030953762,2.30745780230963
0.0540729835744649,0,0.109006553841444,-0.994041030953762,-9.98695501308031
2.43694583058626e-16,0,0.996580173305591,0.0826314599547949,-18.3528676785015
,,0.996580173305591,-0.0826314599547949,-13.3822245328778
,,0.816091868203175,0.577922194289729,-15.4184709099591
,,0.816091868203175,-0.577922194289729,-11.3670356359906
