Q,P,EigValReal,EigValImag,AGPgrad,N,toda,k,E0,lmd,period
0,0,0.999377941575153,0.0352665548783532,-18300.9764807616,2,3.88999999999996,1,1,6.8682248429064e-15,1.36029999999987
0.889054562875145,0,0.999377941575153,-0.0352665548783532,-9.20812269478436
0.254355904510997,0,0.95365518462081,0.300901626525791,136.515783795161
-8.90790218781696e-18,0,0.95365518462081,-0.300901626525791,380.174133909441
