Q,P,EigValReal,EigValImag,AGPgrad,N,toda,k,E0,lmd,period
0,0,0.998857111489979,0.0477961381901475,68.4528558396762,5,1.5,1,1,1.54894826955512e-14,7.71959999999535
1.47652408778293,0,0.998857111489979,-0.0477961381901475,4.10032938265655
0.599527373703115,0,0.890086066532872,0.455792490245334,1.55694678400915
0.280783670323736,0,0.890086066532872,-0.455792490245334,0.378108960384121
0.125829700623757,0,-0.132952082395207,0.991122466593703,4.54599938801367
0.0464829328290614,0,-0.132952082395207,-0.991122466593703,-3.91838494625376
2.80204100685035e-16,0,-0.996459175979532,0.0840780031054021,-6.37201219960683
,,-0.996459175979532,-0.0840780031054021,-2.16604405536927
,,-0.999040326155124,0.0437998483542994,1.12142738035992
,,-0.999040326155124,-0.0437998483542994,-0.144452813776864
