Q,P,EigValReal,EigValImag,AGPgrad,N,toda,k,E0,lmd,period
0,0,-0.69048877469012,0.723343108093896,153.724020118126,4,1.86,1,1,1.13297587850001e-13,5.60770000000027
1.28271216255582,0,-0.69048877469012,-0.723343108093896,2.07302570510687
0.49239918080482,0,-0.393903055888426,0.919151991001366,6.07614536868706
0.207872388941454,0,-0.393903055888426,-0.919151991001366,5.05054424492471
0.0744749582251138,0,0.999467581278062,0.0326275033402011,-6.30945377340427
-1.41974461506411e-17,0,0.999467581278062,-0.0326275033402011,-9.81657387664617
,,0.790411798601571,0.612575863572365,-4.22171630657478
,,0.790411798601571,-0.612575863572365,-4.49323895828722
