Q,P,EigValReal,EigValImag,AGPgrad,N,toda,k,E0,lmd,period
0,0,0.991322767558687,0.131450258728658,-1081.17706233415,4,3.22999999999998,1,1,6.10886524975443e-14,3.08350000000208
1.09770747832513,0,0.991322767558687,-0.131450258728658,-9.79839784204159
0.444199433426984,0,0.506963166161839,0.861967718743091,1.0561499720849
0.20405144859298,0,0.506963166161839,-0.861967718743091,0.506462729434029
0.0802651959672988,0,-0.342065270544948,0.939676194594184,9.89322244054953
-8.29806631286347e-18,0,-0.342065270544948,-0.939676194594184,28.3698793799742
,,-0.806073130783096,0.591815940837632,19.6017207646026
,,-0.806073130783096,-0.591815940837632,8.90546225656674
