Q,P,EigValReal,EigValImag,AGPgrad,N,toda,k,E0,lmd,period
0,0,-0.340386608447841,0.940285571935133,-588.564631431501,3,2.79999999999998,1,1,5.07197382466571e-14,3.01670000000194
1.05068967278276,0,-0.340386608447841,-0.940285571935133,-5.94889379090056
0.373357060397772,0,0.995422594772207,0.095571218559439,0.662456177809363
0.129099878626247,0,0.995422594772207,-0.095571218559439,10.1065483838583
4.57439293756135e-17,0,0.446770034106967,0.894648834249543,26.0351089141648
,,0.446770034106967,-0.894648834249543,12.9729124351953
