Q,P,EigValReal,EigValImag,AGPgrad,N,toda,k,E0,lmd,period
0,0,-0.497941537651662,0.867210600189536,-109.402708366467,5,1.29,1,1,5.46969523329711e-15,8.39669999999377
1.54262616604051,0,-0.497941537651662,-0.867210600189536,-14.7865499274375
0.615601677923027,0,-0.876223075475214,0.481905718999845,-1.89837090750416
0.280265519875837,0,-0.876223075475214,-0.481905718999845,-2.44963931959344
0.120928628189757,0,-0.961889879402551,0.273437122393672,-8.1795040461575
0.0429305708159103,0,-0.961889879402551,-0.273437122393672,10.6735836544856
2.9307131712959e-16,0,0.978021753409611,0.208502877336507,13.4803243993813
,,0.978021753409611,-0.208502877336507,7.64961763136738
,,0.998937812904982,0.0460786930016774,-0.283609377492846
,,0.998937812904982,-0.0460786930016774,-1.21168862576321
