Q,P,EigValReal,EigValImag,AGPgrad,N,toda,k,E0,lmd,period
0,0,0.99545185903515,0.0952659243560688,175.028093750488,5,2.78999999999998,1,1,7.2876191740468e-14,4.44810000000297
1.23093726836304,0,0.99545185903515,-0.0952659243560688,-3.59696442315044
0.525744678815705,0,-0.957976536102535,0.286846572712633,4.4042227981687
0.267753004360923,0,-0.957976536102535,-0.286846572712633,2.748586569893
0.134010436582188,0,-0.709891638752219,0.704310912331821,0.859781016151367
0.0552282188796524,0,-0.709891638752219,-0.704310912331821,-1.92799777027029
2.33833223281455e-16,0,0.0718771817814943,0.997413490353492,-3.42803928303354
,,0.0718771817814943,-0.997413490353492,-2.36174726197323
,,-0.100922367842411,0.994894303767529,-5.75367865749183
,,-0.100922367842411,-0.994894303767529,-3.79379417535025
