Q,P,EigValReal,EigValImag,AGPgrad,N,toda,k,E0,lmd,period
0,0,-0.941935072606114,0.335795055047746,30.2509332633687,3,1,1,1,5.915477786934e-13,6.45039999999831
1.36106290389008,0,-0.941935072606114,-0.335795055047746,5.96748220876171
0.394872125848346,0,0.999581072894276,0.0289426797570557,6.50213155368559
0.10093674748917,0,0.999581072894276,-0.0289426797570557,-7.3338832311449
5.0526655570116e-17,0,0.960045337838569,0.279844509137534,-8.28350464307834
,,0.960045337838569,-0.279844509137534,4.85207244902974
