Q,P,EigValReal,EigValImag,AGPgrad,N,toda,k,E0,lmd,period
0,0,0.268445048592555,0.963294999408881,-1533.88858130009,3,3.39999999999997,1,1,2.52559840254434e-14,2.30560000000044
0.997865006313038,0,0.268445048592555,-0.963294999408881,-10.4026261156825
0.362372008790666,0,0.991443092911416,0.130539624322917,3.92132266462234
0.129012734065281,0,0.991443092911416,-0.130539624322917,14.6136547098312
4.43838333028939e-17,0,0.73165554529267,0.681674528673691,47.6248551493608
,,0.73165554529267,-0.681674528673691,10.4670778271475
