Q,P,EigValReal,EigValImag,AGPgrad,N,toda,k,E0,lmd,period
0,0,0.815399073187856,0.57889925845901,1.1212429892142,5,0.18,1,1,4.49686051868482e-15,11.9318999999855
2.47452651263067,0,0.815399073187856,-0.57889925845901,0.0636024490726216
0.490076487706427,0,0.999996206483813,0.00275445420805322,-0.270291004683233
0.0910412386453621,0,0.999996206483813,-0.00275445420805322,0.112132949612351
0.0143363542742083,0,-0.24591782107107,0.969290681519057,0.297149203679057
0.00166725958627939,0,-0.24591782107107,-0.969290681519057,-1.44135329998931
5.8376939056054e-16,0,-0.488159745584372,0.872754296919242,-1.02679976408982
,,-0.488159745584372,-0.872754296919242,0.0427165132280672
,,-0.389028986624497,0.92122551395732,0.724146941375306
,,-0.389028986624497,-0.92122551395732,0.776505465616626
