Q,P,EigValReal,EigValImag,AGPgrad,N,toda,k,E0,lmd,period
0,0,0.999932920453721,0.011582512373084,-487.741002124634,2,2.47999999999999,1,1,5.41759625888233e-15,2.63850000000114
0.983659590628143,0,0.999932920453721,-0.011582512373084,-3.30969211405436
0.262104721045822,0,0.601209232384014,0.799091646118402,14.8040794134041
-1.39533115914796e-17,0,0.601209232384014,-0.799091646118402,32.5197392404699
