Q,P,EigValReal,EigValImag,AGPgrad,N,toda,k,E0,lmd,period
0,0,0.999539365480451,0.0303489185137052,-2.73854711253073,2,1.17,1,1,1.30019160133988e-14,4.68370000000242
1.14421509219457,0,0.999539365480451,-0.0303489185137052,-0.277960867283273
0.246284027308135,0,-0.82820724481145,0.560421947858785,0.830725803783958
-2.86611980925016e-17,0,-0.82820724481145,-0.560421947858785,2.02745413500568
