Q,P,EigValReal,EigValImag,AGPgrad,N,toda,k,E0,lmd,period
0,0,0.988349286677826,0.15220278421717,-2431.60370308854,4,3.55999999999997,1,1,4.74212875607459e-14,2.6659000000012
1.06758320001446,0,0.988349286677826,-0.15220278421717,-13.2301349007768
0.435060017820618,0,0.655418721772763,0.755265714268655,0.743036086095599
0.202030321695885,0,0.655418721772763,-0.755265714268655,0.40179162029925
0.0803669237138931,0,-0.475638441790523,0.879640877114678,16.3528948796819
-7.53355292414974e-18,0,-0.475638441790523,-0.879640877114678,50.7041330800369
,,-0.0109027784843562,0.999940562944284,34.8918924252637
,,-0.0109027784843562,-0.999940562944284,16.5925117364048
