Q,P,EigValReal,EigValImag,AGPgrad,N,toda,k,E0,lmd,period
0,0,0.997882439129855,0.0650433522832331,-376.545709984269,2,2.38999999999999,1,1,2.3066122161304e-14,2.75100000000138
0.991523158827547,0,0.997882439129855,-0.0650433522832331,-3.03053510944613
0.262270344184196,0,0.545141191835579,0.838344249675558,12.7005746816064
-1.44741741462633e-17,0,0.545141191835579,-0.838344249675558,27.3725179451736
