Q,P,EigValReal,EigValImag,AGPgrad,N,toda,k,E0,lmd,period
0,0,-0.933106432375574,0.35960031404233,-24.6261687925986,5,1.68,1,1,1.21239195233768e-14,7.16869999999663
1.4285379534859,0,-0.933106432375574,-0.35960031404233,-2.19654989300718
0.586733345657761,0,-0.616001799663407,0.787744744705698,0.509805632331577
0.280043654711166,0,-0.616001799663407,-0.787744744705698,-2.44596191623994
0.128718640402753,0,0.998101246913687,0.0615946500056343,1.82165836891858
0.0488054302757447,0,0.998101246913687,-0.0615946500056343,1.47315967995115
2.71014042918073e-16,0,0.531089668923781,0.84731562216356,0.663614380561545
,,0.531089668923781,-0.84731562216356,1.46730126224553
,,0.567536702154398,0.823348098745418,3.43681674675288
,,0.567536702154398,-0.823348098745418,0.256794102629004
