Q,P,EigValReal,EigValImag,AGPgrad,N,toda,k,E0,lmd,period
0,0,0.985121487135942,0.171859406443327,-6074.0338159261,5,4.10999999999996,1,0.999999999999999,1.85314077372106e-13,2.49790000000085
1.09740773836281,0,0.985121487135942,-0.171859406443327,-22.5350310659179
0.478436644021941,0,0.750250355245882,0.661153843256958,1.13337892058788
0.251889906510425,0,0.750250355245882,-0.661153843256958,0.226652804299807
0.131386306993677,0,0.195561784110678,0.98069138295156,0.389971790009489
0.0562080346643849,0,0.195561784110678,-0.98069138295156,21.4324108665271
2.08827504162155e-16,0,-0.60696579773256,0.794727953694143,74.1958586051305
,,-0.60696579773256,-0.794727953694143,58.6587176279398
,,-0.314815704374381,0.949152818190652,37.7511728305779
,,-0.314815704374381,-0.949152818190652,18.3197429224573
