Q,P,EigValReal,EigValImag,AGPgrad,N,toda,k,E0,lmd,period
0,0,0.999681567454613,0.0252341770515276,-1.37184510645537,4,0.900000000000001,1,1,5.27841487856312e-15,8.20129999999422
1.56303455517532,0,0.999681567454613,-0.0252341770515276,-2.14572756079438
0.530144224180934,0,0.487048185066239,0.873375100070807,-0.406349406977906
0.183708196249293,0,0.487048185066239,-0.873375100070807,-0.776908038490078
0.051804203967985,0,-0.658107266713125,0.752924183101717,1.3252481593795
-2.64651172642476e-17,0,-0.658107266713125,-0.752924183101717,1.80655539683477
,,-0.991500636297308,0.130101837888805,0.612664967153788
,,-0.991500636297308,-0.130101837888805,-0.589407457068026
