Q,P,EigValReal,EigValImag,AGPgrad,N,toda,k,E0,lmd,period
0,0,-0.758549655796811,0.651615238995017,-1503.42131637211,5,1.92,1,1,1.29500916105777e-14,6.48109999999823
1.37383769201186,0,-0.758549655796811,-0.651615238995017,-50.8389905065565
0.571106341836868,0,-0.0887148365239305,0.996057065524131,-9.8681176772122
0.278093391056825,0,-0.0887148365239305,-0.996057065524131,-43.1744698031411
0.131272510728938,0,0.371422702666767,0.92846387971945,-0.808902637135699
0.0511281998050486,0,0.371422702666767,-0.92846387971945,50.0076206638829
2.60647187143654e-16,0,0.998112378527017,0.0614140035429448,62.2789405249775
,,0.998112378527017,-0.0614140035429448,32.9797873757776
,,0.99703749530041,0.0769170524987929,72.883556403353
,,0.99703749530041,-0.0769170524987929,11.659487613838
