Q,P,EigValReal,EigValImag,AGPgrad,N,toda,k,E0,lmd,period
0,0,0.999254618271479,0.0386032105288776,13.7272896928675,3,1.41,1,1,5.31781146658417e-15,5.5069000000005
1.2526465425879,0,0.999254618271479,-0.0386032105288776,0.157173734426029
0.397108503764883,0,-0.911575196166518,0.411133386790693,2.39439941218469
0.116185473285453,0,-0.911575196166518,-0.411133386790693,-1.15541507360445
4.9261567930246e-17,0,-0.0165797525906884,0.999862546455278,-0.821285150578283
,,-0.0165797525906884,-0.999862546455278,0.914499812249725
