Q,P,EigValReal,EigValImag,AGPgrad,N,toda,k,E0,lmd,period
0,0,0.995483307539971,0.0949367389857269,-1052.94500117239,4,3.21999999999998,1,1,5.31526734299448e-14,3.09710000000211
1.09867909414286,0,0.995483307539971,-0.0949367389857269,-9.70950381749579
0.444489025669822,0,0.50168046981027,0.865053007746295,1.06690313389001
0.204110582464624,0,0.50168046981027,-0.865053007746295,0.511079352495714
0.0802580907143421,0,-0.352671560421182,0.935747172301409,9.72933829406842
-8.3236068788318e-18,0,-0.352671560421182,-0.935747172301409,27.8229437725981
,,-0.814730985801332,0.579839133532032,19.2326528278102
,,-0.814730985801332,-0.579839133532032,8.71782350671931
