Q,P,EigValReal,EigValImag,AGPgrad,N,toda,k,E0,lmd,period
0,0,0.99784897194177,0.065554780106105,-384.100326272115,4,2.87999999999998,1,1,3.07376004301261e-13,3.59830000000317
1.13414848541861,0,0.99784897194177,-0.065554780106105,-6.60955989037067
0.454812990648355,0,0.288986335790153,0.957333221885964,1.5426618132633
0.205996583934112,0,0.288986335790153,-0.957333221885964,0.726171149942693
0.0798302403822208,0,-0.710094139479339,0.704106748353587,5.02316234664507
-9.2955539920697e-18,0,-0.710094139479339,-0.704106748353587,13.2841170563087
,,-0.998320941463217,0.0579249327662744,9.14711923237692
,,-0.998320941463217,-0.0579249327662744,3.52485654937194
