Q,P,EigValReal,EigValImag,AGPgrad,N,toda,k,E0,lmd,period
0,0,0.999775425419501,0.0211919495850839,-96.5347256514576,3,2.21,1,1,4.17194050695953e-14,3.91980000000385
1.11769012421128,0,0.999775425419501,-0.0211919495850839,-2.91418235721101
0.384688378609096,0,-0.0568670770222561,0.998381758422573,1.13414311169725
0.127189771812302,0,-0.0568670770222561,-0.998381758422573,3.33469535276536
4.71902092842315e-17,0,-0.94802031535372,0.31820980763743,7.61035554444629
,,-0.94802031535372,-0.31820980763743,3.76355475169056
