Q,P,EigValReal,EigValImag,AGPgrad,N,toda,k,E0,lmd,period
0,0,-0.990831158170683,0.135105943607723,527.215617410474,5,1.37,1,1,1.64048969455877e-14,8.13469999999438
1.5159495261744,0,-0.990831158170683,-0.135105943607723,52.1475103671626
0.609342194118569,0,-0.646130601964672,0.763226863524059,10.0602743871278
0.280692258467189,0,-0.646130601964672,-0.763226863524059,9.82317889325923
0.123029230908223,0,-0.81254723314874,0.582895354160884,34.2022152689635
0.0444070097349893,0,-0.81254723314874,-0.582895354160884,-41.4728290955358
2.87844562182006e-16,0,0.998354853409291,0.057337480535205,-56.2802156241347
,,0.998354853409291,-0.057337480535205,-27.1312620397324
,,0.99972380521548,0.0235013464615022,2.26478386983029
,,0.99972380521548,-0.0235013464615022,2.76823010286518
