Q,P,EigValReal,EigValImag,AGPgrad,N,toda,k,E0,lmd,period
0,0,0.999119657364362,0.0419512844637624,-227.404534314922,2,2.22,1,1,4.84980193138852e-15,2.97510000000185
1.00725377602217,0,0.999119657364362,-0.0419512844637624,-2.53813446609489
0.262348346088314,0,0.419990610525871,0.907528449730422,9.44099047696188
-1.55698623077452e-17,0,0.419990610525871,-0.907528449730422,19.610348304154
