Q,P,EigValReal,EigValImag,AGPgrad,N,toda,k,E0,lmd,period
0,0,0.999394484641573,0.0347945982588931,-82.7986188681535,3,2.17,1,1,3.44046073668151e-14,3.98920000000399
1.12298218796769,0,0.999394484641573,-0.0347945982588931,-2.7363933367097
0.385448902562193,0,-0.0996714133244759,0.99502040650727,1.17882564747625
0.126938790935677,0,-0.0996714133244759,-0.99502040650727,3.02378133069873
4.72913160249574e-17,0,-0.969004103218285,0.247044627438276,6.88305643490384
,,-0.969004103218285,-0.247044627438276,3.41261386778957
