Q,P,EigValReal,EigValImag,AGPgrad,N,toda,k,E0,lmd,period
0,0,0.879332238006377,0.476208793705777,0.565490810717133,5,0.1,1,1,1.2591650970876e-14,12.0675999999852
2.62750660817657,0,0.879332238006377,-0.476208793705777,0.0697204921557012
0.330321071009985,0,0.999998275311227,0.00185724919660504,-0.198048224192926
0.0377074673003281,0,0.999998275311227,-0.00185724919660504,0.094480550354764
0.00363442447234918,0,-0.463189363291912,0.886259337741075,0.257307857845804
0.000252901744372314,0,-0.463189363291912,-0.886259337741075,-1.73344770203514
6.95878316358976e-16,0,-0.210421196073106,0.977610822486731,-1.43313615121312
,,-0.210421196073106,-0.977610822486731,0.169433816514252
,,-0.246422810000752,0.969162421223276,1.36316544640164
,,-0.246422810000752,-0.969162421223276,1.26713261534187
