Q,P,EigValReal,EigValImag,AGPgrad,N,toda,k,E0,lmd,period
0,0,0.990226923942089,0.139465548076185,-4254.97771248768,4,3.80999999999996,1,1,5.23971959621636e-14,2.38820000000062
1.04698150725288,0,0.990226923942089,-0.139465548076185,-16.1308905828567
0.428628819456352,0,0.738618803101271,0.674123329744081,0.573252193663462
0.200440565787212,0,0.738618803101271,-0.674123329744081,0.359717608166458
0.0803053707753453,0,-0.213395105718243,0.976965981421816,22.9534576146595
-7.04124154785002e-18,0,-0.213395105718243,-0.976965981421816,75.1045909780309
,,0.202511812006805,0.979279820070699,51.4353168261471
,,0.202511812006805,-0.979279820070699,24.8320809208141
