Q,P,EigValReal,EigValImag,AGPgrad,N,toda,k,E0,lmd,period
0,0,-0.516456314048941,0.856313538185035,0.406224376176181,2,0.38,1,1,1.04683871100223e-14,6.01609999999932
1.33894223996295,0,-0.516456314048941,-0.856313538185035,0.0591570480057037
0.148371729185063,0,0.999998628302579,0.00165631910104184,-0.308319749736833
-6.31980559657428e-17,0,0.999998628302579,-0.00165631910104184,0.501596861381445
