Q,P,EigValReal,EigValImag,AGPgrad,N,toda,k,E0,lmd,period
0,0,-0.890739771938855,0.454513650715067,-85.3637023637009,5,1.75,1,1,5.27424698025461e-13,6.96239999999711
1.41160541609238,0,-0.890739771938855,-0.454513650715067,-4.71650168651193
0.582010055906289,0,-0.339584319088398,0.94057561643351,0.00840890203888768
0.279564014226606,0,-0.339584319088398,-0.94057561643351,-4.2644320461855
0.129595526577905,0,0.354766472865624,0.93495494529442,1.24056609952699
0.0495639302308992,0,0.354766472865624,-0.93495494529442,3.89814655690534
2.67794218278651e-16,0,0.999715827428399,0.0238382966928359,3.85555949544056
,,0.999715827428399,-0.0238382966928359,3.14125191458191
,,0.766930866964685,0.641729729167028,5.83745968383178
,,0.766930866964685,-0.641729729167028,0.858175353430088
