Q,P,EigValReal,EigValImag,AGPgrad,N,toda,k,E0,lmd,period
0,0,0.998501769797749,0.0547194271783148,-33.0549470086943,3,1.97,1,1,2.58442213458489e-14,4.3523000000032
1.15128162159675,0,0.998501769797749,-0.0547194271783148,-1.90210671133797
0.389160111281332,0,-0.325373624720181,0.945585535177248,1.42906791828177
0.125344253640631,0,-0.325373624720181,-0.945585535177248,1.6602133888404
4.78009217987859e-17,0,-0.988717326598409,0.149793351268,3.90063104333119
,,-0.988717326598409,-0.149793351268,2.03898416688192
