Q,P,EigValReal,EigValImag,AGPgrad,N,toda,k,E0,lmd,period
0,0,-0.795894626167793,0.605435169144662,2.3303606015854,5,1.09,1,0.999999999999999,8.43235620242061e-15,9.0689999999922
1.61944572490538,0,-0.795894626167793,-0.605435169144662,-1.79492107362611
0.631757693839828,0,-0.89713024847367,0.441766134140663,0.737376825841643
0.277359479377114,0,-0.89713024847367,-0.441766134140663,0.238680588291778
0.114034335564891,0,0.999917890346219,0.0128145450784121,-1.10023221498466
0.0384381331193213,0,0.999917890346219,-0.0128145450784121,0.368478090829533
3.08446127317922e-16,0,0.610233199821504,0.792221838777258,0.299767163054703
,,0.610233199821504,-0.792221838777258,1.38556680023421
,,0.56438981301223,0.825508412415044,0.12758395039812
,,0.56438981301223,-0.825508412415044,0.224001200681336
