Q,P,EigValReal,EigValImag,AGPgrad,N,toda,k,E0,lmd,period
0,0,0.998494069073334,0.0548597669100417,-11593.6824670647,2,3.69999999999997,1,1,9.13399634973614e-15,1.48749999999985
0.899458470055497,0,0.998494069073334,-0.0548597669100417,-8.17215098651494
0.25566887668212,0,0.937917197842477,0.346859236566254,102.445927703882
-9.36500945581634e-18,0,0.937917197842477,-0.346859236566254,278.052933137649
