Q,P,EigValReal,EigValImag,AGPgrad,N,toda,k,E0,lmd,period
0,0,0.999903551586333,0.0138883953365905,1.7426040645325,3,0.55,1,1,2.47069234537225e-14,7.47279999999592
1.5474733421238,0,0.999903551586333,-0.0138883953365905,-0.958729556391378
0.356563937664556,0,-0.257177295720442,0.96636423700689,0.00308915013253456
0.0653869084726819,0,-0.257177295720442,-0.96636423700689,0.0291666034652409
5.41634911748204e-17,0,0.257020615649601,0.966405920476028,0.819574116134786
,,0.257020615649601,-0.966405920476028,-0.294360117728648
