Q,P,EigValReal,EigValImag,AGPgrad,N,toda,k,E0,lmd,period
0,0,0.994837793031869,0.10147790673548,-1263.08893707337,4,3.28999999999997,1,1,9.00824177593059e-14,3.00290000000191
1.09195292964511,0,0.994837793031869,-0.10147790673548,-10.4014674048229
0.442478757563971,0,0.537729352222119,0.843117514797783,0.989514991708404
0.203693871610852,0,0.537729352222119,-0.843117514797783,0.482098338545076
0.0803025108078294,0,-0.27872567894306,0.960370759601599,10.91077459564
-8.14784773423378e-18,0,-0.27872567894306,-0.960370759601599,31.7382844097233
,,-0.751567769796518,0.659655885597257,21.9303587774824
,,-0.751567769796518,-0.659655885597257,10.0842495539856
