Q,P,EigValReal,EigValImag,AGPgrad,N,toda,k,E0,lmd,period
0,0,0.998377528300383,0.0569412941966703,-11.5743470028589,4,2.40999999999999,1,1,3.76029260814031e-14,4.42330000000303
1.19280638155015,0,0.998377528300383,-0.0569412941966703,-2.98656811509598
0.470804024957763,0,-0.116485040749497,0.993192446246735,2.57661882217926
0.207926636033831,0,-0.116485040749497,-0.993192446246735,1.41527907159799
0.0783991074521604,0,-0.597720152382609,0.801704820638927,0.399888808069572
-1.10715370709393e-17,0,-0.597720152382609,-0.801704820638927,1.61593627506674
,,-0.999704212067695,0.0243205340009086,1.20509149501235
,,-0.999704212067695,-0.0243205340009086,-0.834167372809576
