Q,P,EigValReal,EigValImag,AGPgrad,N,toda,k,E0,lmd,period
0,0,0.998998636373753,0.0447406361529941,33.7464141590294,5,1.57,1,1,1.23439565750317e-14,7.50189999999585
1.45703793509022,0,0.998998636373753,-0.0447406361529941,1.1872591696809
0.59444035826704,0,0.772738323641402,0.634724730238143,1.08419667389382
0.280594620683824,0,0.772738323641402,-0.634724730238143,-0.626379374606723
0.127073546454702,0,0.159659389829269,0.987172162917572,3.0794521377458
0.0474552865656769,0,0.159659389829269,-0.987172162917572,-1.52891142543833
2.76459385705388e-16,0,-0.980592363830161,0.196057685383638,-3.26160143652202
,,-0.980592363830161,-0.196057685383638,-0.574960397346169
,,-0.925745386667235,0.378147430328899,1.64531239383124
,,-0.925745386667235,-0.378147430328899,-0.148485081313764
