Q,P,EigValReal,EigValImag,AGPgrad,N,toda,k,E0,lmd,period
0,0,0.99922795778232,0.0392872547555232,-87.3917211854639,2,1.92,1,0.999999999999999,5.13241297188108e-15,3.40880000000277
1.03831678148214,0,0.99922795778232,-0.0392872547555232,-1.74219249893823
0.261449701248316,0,0.130098763603056,0.991501039691316,5.41856756423113
-1.79567886963023e-17,0,0.130098763603056,-0.991501039691316,10.5901968638604
