Q,P,EigValReal,EigValImag,AGPgrad,N,toda,k,E0,lmd,period
0,0,0.635036259812835,0.772482329068388,18.1169018474216,3,1.18,1,1,2.35137896292775e-14,6.03009999999929
1.30846860735778,0,0.635036259812835,-0.772482329068388,1.46805644051582
0.397486258308565,0,0.999644926394189,0.0266462217647888,3.19170190793753
0.10897241304999,0,0.999644926394189,-0.0266462217647888,-2.62445928425099
4.99143823066344e-17,0,-0.999937396267942,0.0111894389880419,-2.6402228310978
,,-0.999937396267942,-0.0111894389880419,1.62214495046978
