Q,P,EigValReal,EigValImag,AGPgrad,N,toda,k,E0,lmd,period
0,0,-0.118185670791355,0.992991514173003,0.0127206342574937,2,0.04,1,1,1.42201731356608e-13,6.2798999999987
1.41308707458232,0,-0.118185670791355,-0.992991514173003,0.0087407708021626
0.01880613806651,0,0.999999796404389,0.000638115327727289,-0.323952410617539
-9.59232792237383e-17,0,0.999999796404389,-0.000638115327727289,0.345075093183378
