Q,P,EigValReal,EigValImag,AGPgrad,N,toda,k,E0,lmd,period
0,0,-0.919118928634542,0.393980196235406,2.15710870891405,4,0.46,1,1,2.26826569916903e-14,9.41969999999139
1.84036577995245,0,-0.919118928634542,-0.393980196235406,0.234866315936737
0.501690727588985,0,0.228323106483562,0.973585414355469,0.251325886426761
0.128122848113575,0,0.228323106483562,-0.973585414355469,-0.366368323028956
0.0249773713364514,0,0.999968710565525,0.00791061880812386,-0.91539263399791
-4.0773998918065e-17,0,0.999968710565525,-0.00791061880812386,-0.595339608789719
,,0.622852809774989,0.782339042458827,0.66369025868964
,,0.622852809774989,-0.782339042458827,-0.0672577752863514
