Q,P,EigValReal,EigValImag,AGPgrad,N,toda,k,E0,lmd,period
0,0,0.997541781393919,0.0700742061917026,-402.544666246824,3,2.65999999999999,1,1,1.6012719178801e-13,3.21130000000235
1.06496750912978,0,0.997541781393919,-0.0700742061917026,-5.16037024657185
0.376026742764049,0,0.349660702592665,0.936876402233719,0.746199904449549
0.128887065334086,0,0.349660702592665,-0.936876402233719,8.04572428807155
4.60783331884237e-17,0,-0.506130730010267,0.862456772330804,20.0441825240208
,,-0.506130730010267,-0.862456772330804,9.96404634327376
