Q,P,EigValReal,EigValImag,AGPgrad,N,toda,k,E0,lmd,period
0,0,0.997243509409327,0.0741982677763142,-460.686159711251,2,2.45999999999999,1,1,2.02804917700889e-15,2.6632000000012
0.98538115691685,0,0.997243509409327,-0.0741982677763142,-3.2419354948429
0.26214794225854,0,0.589290194608993,0.807921448247092,14.3107191920113
-1.40658670937219e-17,0,0.589290194608993,-0.807921448247092,31.308662902547
