Q,P,EigValReal,EigValImag,AGPgrad,N,toda,k,E0,lmd,period
0,0,0.0234540733404873,0.999724915386095,-1351.64395903082,3,3.12999999999998,1,1,3.20369056645104e-13,2.60220000000107
1.0201419147545,0,0.0234540733404873,-0.999724915386095,-7.99786872940697
0.367210998015008,0,0.998184375424731,0.0602324883915597,0.515906559646666
0.12921395406241,0,0.998184375424731,-0.0602324883915597,16.5841770459485
4.4980750208039e-17,0,0.626725171475866,0.779240373337104,46.0610776052006
,,0.626725171475866,-0.779240373337104,23.009108238472
