Q,P,EigValReal,EigValImag,AGPgrad,N,toda,k,E0,lmd,period
0,0,0.990383183588655,0.138351543774904,-2064.13234225093,4,3.48999999999997,1,1,3.97071326990367e-14,2.74940000000138
1.07367521268138,0,0.990383183588655,-0.138351543774904,-12.4723480121831
0.43693419002697,0,0.62794114751208,0.77826082726886,0.79982810147387
0.20246854442091,0,0.62794114751208,-0.77826082726886,0.418539262417041
0.0803649057046077,0,-0.549837482387239,0.835271658181965,14.7928846070422
-7.68383199308534e-18,0,-0.549837482387239,-0.835271658181965,45.1345668196136
,,-0.0770262618570467,0.997029064262581,31.1006114807566
,,-0.0770262618570467,-0.997029064262581,14.6958032732488
