Q,P,EigValReal,EigValImag,AGPgrad,N,toda,k,E0,lmd,period
0,0,-0.676646176633845,0.736308326482084,460.739571797887,5,2.01,1,0.999999999999999,6.21443397355097e-15,6.2375999999988
1.35552445085034,0,-0.676646176633845,-0.736308326482084,13.7036191517031
0.56564350276281,0,-0.307602562236547,0.951514930889432,2.5556831553162
0.277183018192667,0,-0.307602562236547,-0.951514930889432,10.957171513498
0.131946381015242,0,0.675277357019317,0.73756388950179,-0.107744287435866
0.0518197425407134,0,0.675277357019317,-0.73756388950179,-13.3174923773363
2.57193755815186e-16,0,0.998038037004659,0.0626105158254604,-15.8637153035871
,,0.998038037004659,-0.0626105158254604,-5.459242063795
,,0.973564717938343,0.228411339441923,-24.1160727375295
,,0.973564717938343,-0.228411339441923,-0.0191675046382995
