Q,P,EigValReal,EigValImag,AGPgrad,N,toda,k,E0,lmd,period
0,0,0.999241525262381,0.038940649600015,-335.066679996541,2,2.34999999999999,1,1,5.91305271898095e-15,2.80230000000149
0.995117464727662,0,0.999241525262381,-0.038940649600015,-2.91381330029108
0.262318375770033,0,0.518065908443893,0.855340700836942,11.8554452864978
-1.47181213800112e-17,0,0.518065908443893,-0.855340700836942,25.3293137244035
