Q,P,EigValReal,EigValImag,AGPgrad,N,toda,k,E0,lmd,period
0,0,0.999810369293722,0.01947371183975,-802.264996163886,4,3.11999999999998,1,1,3.27876494984069e-13,3.23680000000241
1.10860956434202,0,0.999810369293722,-0.01947371183975,-8.75909842930586
0.447426871005906,0,0.445818784977745,0.895123237862238,1.18795408151366
0.20469174057049,0,0.445818784977745,-0.895123237862238,0.560325874965202
0.0801712308003342,0,-0.459686262650167,0.888081381367005,8.17957681018879
-8.58805204110298e-18,0,-0.459686262650167,-0.888081381367005,22.8210606546138
,,-0.893632387330002,0.448799683951415,15.780731784956
,,-0.893632387330002,-0.448799683951415,6.95877826645628
