Q,P,EigValReal,EigValImag,AGPgrad,N,toda,k,E0,lmd,period
0,0,0.996353781260432,0.0853178912539954,-185.854485559605,3,2.39999999999999,1,1,2.51675666608108e-14,3.60480000000318
1.09400846660226,0,0.996353781260432,-0.0853178912539954,-3.80462364529403
0.381037196106807,0,0.132282987942986,0.991211990999346,0.946393130081071
0.128131690179628,0,0.132282987942986,-0.991211990999346,5.02425191434985
4.67145455482721e-17,0,-0.795085367221859,0.606497534067282,11.8092426274049
,,-0.795085367221859,-0.606497534067282,5.83217138367837
