Q,P,EigValReal,EigValImag,AGPgrad,N,toda,k,E0,lmd,period
0,0,0.999481360022074,0.0322026546801342,-21.0711769864315,2,1.54,1,1,3.47698270112446e-15,4.02570000000396
1.08564195113906,0,0.999481360022074,-0.0322026546801342,-0.888555027315035
0.257138687131776,0,-0.354384847072199,0.935099663226123,2.41702527351982
-2.22173465352339e-17,0,-0.354384847072199,-0.935099663226123,4.6132453995227
