Q,P,EigValReal,EigValImag,AGPgrad,N,toda,k,E0,lmd,period
0,0,-0.903702517102656,0.428160905013889,-64.5202785345957,5,1.73,1,1,6.64242654613302e-13,7.02089999999698
1.41635437672255,0,-0.903702517102656,-0.428160905013889,-3.90841495103388
0.583345358154322,0,-0.422382836309976,0.906417530496149,0.176041838296526
0.279709891808001,0,-0.422382836309976,-0.906417530496149,-3.65027851059353
0.12935725906453,0,0.998555714729401,0.0537260140085084,1.39928548163716
0.0493546235119706,0,0.998555714729401,-0.0537260140085084,3.10706467115752
2.68696218028404e-16,0,0.406266606425091,0.913754586584298,2.81459013157722
,,0.406266606425091,-0.913754586584298,2.59557994438444
,,0.715703836817987,0.698403907466169,4.9830197357649
,,0.715703836817987,-0.698403907466169,0.648058262647269
