Q,P,EigValReal,EigValImag,AGPgrad,N,toda,k,E0,lmd,period
0,0,0.999996941024956,0.00247344714009667,3.03291129029384,5,0.42,1,1,1.01196163461489e-13,11.312299999987
2.09640366035535,0,0.999996941024956,-0.00247344714009667,-0.768342641623705
0.647291737140464,0,0.459824380106121,0.888009875767156,-0.713685968091452
0.203805926163836,0,0.459824380106121,-0.888009875767156,0.0720186159565374
0.0559770628310841,0,0.711059803573519,0.703131535163929,0.536776542263331
0.0119994185100931,0,0.711059803573519,-0.703131535163929,-0.26577066700469
4.25855800956194e-16,0,-0.936266840747411,0.351289628251174,0.412319112912366
,,-0.936266840747411,-0.351289628251174,-0.438232196214945
,,-0.993512493607208,0.113723018982052,-0.520863176981259
,,-0.993512493607208,-0.113723018982052,0.388858704342502
