Q,P,EigValReal,EigValImag,AGPgrad,N,toda,k,E0,lmd,period
0,0,0.998843791058262,0.0480737045004273,-1461.1313416847,2,2.87999999999998,1,1,1.84379728791823e-13,2.18860000000019
0.951982418801677,0,0.998843791058262,-0.0480737045004273,-4.6488955860146
0.260634638047321,0,0.781070420968698,0.624442949746242,28.5790720974359
-1.20254033787635e-17,0,0.781070420968698,-0.624442949746242,67.9845977059565
