Q,P,EigValReal,EigValImag,AGPgrad,N,toda,k,E0,lmd,period
0,0,-0.748118725190209,0.663564897368571,195.538165637845,4,1.8,1,1,2.81524560293825e-13,5.75179999999993
1.29448992817129,0,-0.748118725190209,-0.663564897368571,3.70584685839213
0.494941128127836,0,-0.249236938670397,0.968442537480784,7.77504761246303
0.207587999079707,0,-0.249236938670397,-0.968442537480784,6.83224230201165
0.0738125040976767,0,0.999913343912125,0.0131645230252611,-8.8186618681674
-1.46416733414359e-17,0,0.999913343912125,-0.0131645230252611,-13.6787848129151
,,0.896024034098794,0.44400555212444,-5.68671112939431
,,0.896024034098794,-0.44400555212444,-5.65327275807419
