Q,P,EigValReal,EigValImag,AGPgrad,N,toda,k,E0,lmd,period
0,0,0.998302283766139,0.0582456026441752,-114.231247749706,4,2.59999999999999,1,1,1.26663936358634e-13,4.07010000000385
1.16751232538172,0,0.998302283766139,-0.0582456026441752,-4.37125081272877
0.464080493400374,0,0.0627711225983033,0.998027948590496,2.09213964411523
0.207279912279437,0,0.0627711225983033,-0.998027948590496,1.05355518686643
0.0791272638492068,0,-0.937369761648138,0.348335944093794,2.09675317274664
-1.02798299468358e-17,0,-0.937369761648138,-0.348335944093794,5.49203835004971
,,-0.87879702250103,0.477195759875647,3.76330677464899
,,-0.87879702250103,-0.477195759875647,0.626209544773965
