Q,P,EigValReal,EigValImag,AGPgrad,N,toda,k,E0,lmd,period
0,0,0.999653340749072,0.02632865984528,-7.73161014982548,2,1.33,1,0.999999999999999,2.16674462374901e-14,4.3941000000031
1.11701497590203,0,0.999653340749072,-0.02632865984528,-0.510009008434148
0.252131522111761,0,-0.639448361600328,0.768834047663501,1.39812967995538
-2.54976717976881e-17,0,-0.639448361600328,-0.768834047663501,2.88027914667944
