Q,P,EigValReal,EigValImag,AGPgrad,N,toda,k,E0,lmd,period
0,0,-0.596247510079817,0.802800664376654,4.53897170912986,5,0.75,1,1,1.0544074789365e-14,10.2383999999895
1.80019059550709,0,-0.596247510079817,-0.802800664376654,-0.0247273610066872
0.65697942440364,0,-0.226739669068464,0.973955400657913,0.071508964194728
0.260514346597736,0,-0.226739669068464,-0.973955400657913,-0.0208841308147971
0.093946418191245,0,0.99992984895796,0.0118447103358267,-0.75273832939955
0.0273927332775136,0,0.99992984895796,-0.0118447103358267,-0.322393783433655
3.4737786590613e-16,0,0.596351791072022,0.802723203405237,-0.761055764627406
,,0.596351791072022,-0.802723203405237,0.408689950876691
,,0.486079695635728,0.873914486371896,0.567552825433593
,,0.486079695635728,-0.873914486371896,-0.658679592655069
