Q,P,EigValReal,EigValImag,AGPgrad,N,toda,k,E0,lmd,period
0,0,0.998582062363899,0.0532340560640346,2.50525063875302,3,1.67,1,1,3.32869663792947e-15,4.94680000000181
1.20071106603955,0,0.998582062363899,-0.0532340560640346,-0.79333042898629
0.394129671605365,0,-0.671290951483121,0.741193941190076,1.88902388146892
0.121541449814486,0,-0.671290951483121,-0.741193941190076,0.0563863152427469
4.8575389092523e-17,0,-0.661595119560226,0.749861252348792,0.946114071777607
,,-0.661595119560226,-0.749861252348792,0.991341857689461
