Q,P,EigValReal,EigValImag,AGPgrad,N,toda,k,E0,lmd,period
0,0,0.999884871134109,0.0151738089202705,2.97380669761412,4,0.67,1,1,1.2041182556867e-13,8.85809999999269
1.68545546040025,0,0.999884871134109,-0.0151738089202705,-0.485350338112353
0.527669125259866,0,-0.225517661059816,0.974239079769492,0.0690552771009138
0.162513515643953,0,-0.225517661059816,-0.974239079769492,-0.323383608444075
0.0396438003184154,0,-0.360794740741069,0.932645246089634,-0.219401747550144
-3.25674253389871e-17,0,-0.360794740741069,-0.932645246089634,0.112906236748777
,,-0.318397652761488,0.947957243084294,0.447477224339076
,,-0.318397652761488,-0.947957243084294,-0.145435951887555
