Q,P,EigValReal,EigValImag,AGPgrad,N,toda,k,E0,lmd,period
0,0,0.99828192026269,0.0585935805078249,19.21925538785,4,2.32999999999999,1,1,3.42966212798403e-14,4.58040000000266
1.20420889798647,0,0.99828192026269,-0.0585935805078249,-2.42173467967929
0.473746187402564,0,-0.991994110465702,0.126284143111316,2.81857823949939
0.208124521924868,0,-0.991994110465702,-0.126284143111316,1.62110569795999
0.0780159873033492,0,-0.197237753403664,0.980355684755409,-0.285161730640157
-1.14412316309833e-17,0,-0.197237753403664,-0.980355684755409,0.204929472815407
,,-0.429256368181914,0.903182689368716,0.332904687941203
,,-0.429256368181914,-0.903182689368716,-1.35583725209073
