Q,P,EigValReal,EigValImag,AGPgrad,N,toda,k,E0,lmd,period
0,0,0.999669252639959,0.0257174129004156,-28.1416806331612,2,1.61,1,1,4.53950769934983e-15,3.90680000000382
1.07610376099821,0,0.999669252639959,-0.0257174129004156,-1.03106840154569
0.258311037088311,0,-0.258429939752963,0.96603000276352,2.84230610518774
-2.12942755825205e-17,0,-0.258429939752963,-0.96603000276352,5.39426761094253
