Q,P,EigValReal,EigValImag,AGPgrad,N,toda,k,E0,lmd,period
0,0,0.998767039462489,0.0496427324324536,-163.236856049382,3,2.35999999999999,1,1,5.98151246976825e-14,3.66910000000332
1.09880575172245,0,0.998767039462489,-0.0496427324324536,-3.61186795895754
0.381809107464351,0,0.0945455509083329,0.995520536605564,0.98250910907472
0.127964728839899,0,0.0945455509083329,-0.995520536605564,4.63681596803499
4.68140002012202e-17,0,-0.833195443214426,0.55297861930341,10.8123574547796
,,-0.833195443214426,-0.55297861930341,5.33777571928193
