Q,P,EigValReal,EigValImag,AGPgrad,N,toda,k,E0,lmd,period
0,0,0.998029262371497,0.0627502306795431,-296.941395543525,5,3.13999999999998,1,0.999999999999999,2.15748629798765e-14,3.81580000000363
1.18870520256662,0,0.998029262371497,-0.0627502306795431,-7.85607493780328
0.511245815822343,0,0.331144425644741,0.943580081055348,3.02683627802653
0.263343192041856,0,0.331144425644741,-0.943580081055348,1.33650581195484
0.133710301927823,0,-0.996244524596427,0.0865843358329975,0.566902448503884
0.0558399339790697,0,-0.996244524596427,-0.0865843358329975,2.57385396134107
2.25931293432451e-16,0,-0.699632280954928,0.714503094077149,7.43496996555117
,,-0.699632280954928,-0.714503094077149,6.24006019027501
,,-0.794122600367624,0.607757596073768,1.2091790874071
,,-0.794122600367624,-0.607757596073768,0.0992983005653322
