Q,P,EigValReal,EigValImag,AGPgrad,N,toda,k,E0,lmd,period
0,0,0.992768532371068,0.120044329869839,-1159.56345921792,5,3.45999999999997,1,1,1.0913945035867e-13,3.31670000000257
1.15502584205811,0,0.992768532371068,-0.120044329869839,-12.1329130151627
0.499366718365128,0,0.512543575058411,0.858661215885701,2.18417834622604
0.259414952419408,0,0.512543575058411,-0.858661215885701,0.728524471518251
0.133114972928744,0,-0.383267835930621,0.923637248026014,0.461644028804969
0.0561263161108841,0,-0.383267835930621,-0.923637248026014,7.22911698779932
2.19626606211453e-16,0,-0.905455712325088,0.424440753248164,21.4960721831558
,,-0.905455712325088,-0.424440753248164,17.5085892900284
,,-0.99934726470639,0.0361253999820945,9.48235183560616
,,-0.99934726470639,-0.0361253999820945,4.31697686313057
