Q,P,EigValReal,EigValImag,AGPgrad,N,toda,k,E0,lmd,period
0,0,-0.84563647150563,0.533759269764496,978.419873869008,5,2.31999999999999,1,1,4.78379746032694e-15,5.45890000000062
1.29964719231152,0,-0.84563647150563,-0.533759269764496,6.84238118239031
0.548313599368435,0,-0.368424695714545,0.92965759480986,14.2387222017659
0.27363798431678,0,-0.368424695714545,-0.92965759480986,15.3807615274579
0.133417911147056,0,0.375656845054943,0.926758833118618,4.59037180745449
0.0536368216113995,0,0.375656845054943,-0.926758833118618,-19.1925676984405
2.46697609848172e-16,0,0.997697017202096,0.0678281789975135,-34.8305223654198
,,0.997697017202096,-0.0678281789975135,-25.8388693715555
,,0.957631380660424,0.287996768687434,-25.3393667691592
,,0.957631380660424,-0.287996768687434,-21.5348959499356
