Q,P,EigValReal,EigValImag,AGPgrad,N,toda,k,E0,lmd,period
0,0,0.983867581281268,0.178898246228536,-1616.38779992096,5,3.56999999999997,1,1,1.39014061041176e-13,3.16090000000225
1.14435245218724,0,0.983867581281268,-0.178898246228536,-13.7056985620088
0.495545531058706,0,0.563858066098587,0.825871709949892,1.95501892617561
0.258096020270877,0,0.563858066098587,-0.825871709949892,0.593701391953841
0.13286146087128,0,-0.273938697306591,0.961747154983036,0.44042708372513
0.0561799892882371,0,-0.273938697306591,-0.961747154983036,9.0986311458719
2.17627758363776e-16,0,-0.826592765378672,0.562800497710897,27.774785753848
,,-0.826592765378672,-0.562800497710897,22.4738563794884
,,-0.988581932517892,0.150684314708587,12.9944652468756
,,-0.988581932517892,-0.150684314708587,6.07195003181347
