Q,P,EigValReal,EigValImag,AGPgrad,N,toda,k,E0,lmd,period
0,0,0.998113426618198,0.061396967388397,-976.866908915443,2,2.72999999999999,1,1,1.23321234368637e-13,2.34810000000053
0.96328798720736,0,0.998113426618198,-0.061396967388397,-4.11898487491228
0.261301907949121,0,0.725221075152645,0.688516079808209,22.4158550066864
-1.26832257857363e-17,0,0.725221075152645,-0.688516079808209,51.8210670409118
