Q,P,EigValReal,EigValImag,AGPgrad,N,toda,k,E0,lmd,period
0,0,0.999652438793685,0.026362883260593,38.3555947111652,5,1.56,1,0.999999999999999,6.65485641028759e-15,7.53269999999578
1.45975372969021,0,0.999652438793685,-0.026362883260593,1.53106159445515
0.595158382971291,0,0.791537740798696,0.611120286761366,1.13993215973647
0.280630179384432,0,0.791537740798696,-0.611120286761366,-0.485850595188954
0.126905917327682,0,0.118709128422656,0.992929072406045,3.2375577439785
0.0473220759223908,0,0.118709128422656,-0.992929072406045,-1.81811626264599
2.76980178905176e-16,0,-0.983588802994408,0.180424684076259,-3.63758549760436
,,-0.983588802994408,-0.180424684076259,-0.768464262043581
,,-0.94297331130258,0.332868343600057,1.54744936168875
,,-0.94297331130258,-0.332868343600057,-0.160885959448811
