Q,P,EigValReal,EigValImag,AGPgrad,N,toda,k,E0,lmd,period
0,0,0.166121500671506,0.986105292052859,-1172.21241831667,3,3.27999999999997,1,1,3.91472078073796e-14,2.43300000000071
1.00749645144228,0,0.166121500671506,-0.986105292052859,-9.48699490134859
0.3644999553599,0,0.993767562859715,0.111472108654716,3.49468684064931
0.12912850206745,0,0.993767562859715,-0.111472108654716,12.5099622611534
4.46460323023912e-17,0,0.689051341360254,0.724712528503291,39.1610366019063
,,0.689051341360254,-0.724712528503291,9.13813341861107
