Q,P,EigValReal,EigValImag,AGPgrad,N,toda,k,E0,lmd,period
0,0,0.985149358828357,0.171699565520887,-1663.14221315279,5,3.57999999999997,1,0.999999999999999,1.29504687342116e-13,3.14710000000222
1.14340259760794,0,0.985149358828357,-0.171699565520887,-13.8574051443048
0.49520437836394,0,0.568273204242473,0.822839939076848,1.93483683739504
0.257977037409759,0,0.568273204242473,-0.822839939076848,0.583141374021965
0.132837443516053,0,-0.264130328000384,0.964486998269237,0.438785671251189
0.0561839204089918,0,-0.264130328000384,-0.964486998269237,9.27700421243774
2.1744978464795e-16,0,-0.818624848287291,0.574328614790017,28.3824328629671
,,-0.818624848287291,-0.574328614790017,22.959540019872
,,-0.985965923782297,0.16694668951534,13.3347367791881
,,-0.985965923782297,-0.16694668951534,6.24134164474037
