Q,P,EigValReal,EigValImag,AGPgrad,N,toda,k,E0,lmd,period
0,0,0.993865977801592,0.11059122102829,-157.969491687631,4,2.65999999999999,1,1,3.21582290655878e-14,3.96430000000394
1.15999838023803,0,0.993865977801592,-0.11059122102829,-4.82548715085117
0.462032055789114,0,0.115158678939011,0.9933471088522,1.96139394302895
0.20703315838777,0,0.115158678939011,-0.9933471088522,0.966588167271416
0.079311121957578,0,-0.89916538594856,0.437608967814847,2.67146809311881
-1.00522126348287e-17,0,-0.89916538594856,-0.437608967814847,6.92774302124422
,,-0.932101307558942,0.362197670405135,4.73750808594243
,,-0.932101307558942,-0.362197670405135,1.16370279793763
