Q,P,EigValReal,EigValImag,AGPgrad,N,toda,k,E0,lmd,period
0,0,-0.91959848338273,0.39285955424322,41.0504283228139,3,0.970000000000001,1,1,9.39509148788468e-15,6.52069999999814
1.37077825184132,0,-0.91959848338273,-0.39285955424322,9.56097985076039
0.39404762188693,0,0.99981836070089,0.0190590032628572,9.31272722337177
0.0993340464006025,0,0.99981836070089,-0.0190590032628572,-11.0793582037982
5.06466060674865e-17,0,0.983772445511132,0.179420666181556,-12.7864688355125
,,0.983772445511132,-0.179420666181556,7.46904556398375
