Q,P,EigValReal,EigValImag,AGPgrad,N,toda,k,E0,lmd,period
0,0,0.99448423849493,0.104886125799984,-825.054261856341,4,3.12999999999998,1,1,4.12976071211596e-14,3.22260000000238
1.1075990064112,0,0.99448423849493,-0.104886125799984,-8.84366738127581
0.447129453253566,0,0.451619345339842,0.892210718897058,1.17619528278868
0.204634425050522,0,0.451619345339842,-0.892210718897058,0.554682730315127
0.0801812192077157,0,-0.448993428188827,0.89353505887751,8.32787571511968
-8.56087801862283e-18,0,-0.448993428188827,-0.89353505887751,23.3021456911585
,,-0.886483530965474,0.462760142327518,16.1041882476206
,,-0.886483530965474,-0.462760142327518,7.1245270414233
