Q,P,EigValReal,EigValImag,AGPgrad,N,toda,k,E0,lmd,period
0,0,0.999930164220633,0.0118180659036102,2.95351584319835,4,0.68,1,1,1.74406825074583e-13,8.83009999999276
1.67927392618306,0,0.999930164220633,-0.0118180659036102,-0.531986974603857
0.528139835749991,0,-0.246672827272973,0.969098816574018,0.0567984628021604
0.16372074651676,0,-0.246672827272973,-0.969098816574018,-0.326679726131677
0.0402568751114172,0,-0.324603729519309,0.945850103759659,-0.175775754419728
-3.22519890387572e-17,0,-0.324603729519309,-0.945850103759659,0.156946414925184
,,-0.364116992886203,0.931353217362517,0.446261446769437
,,-0.364116992886203,-0.931353217362517,-0.154713578370204
