Q,P,EigValReal,EigValImag,AGPgrad,N,toda,k,E0,lmd,period
0,0,0.99876809107132,0.0496215704885538,-93.4580572744281,2,1.94,1,1,2.14308981560628e-15,3.37840000000271
1.03609565641193,0,0.99876809107132,-0.0496215704885538,-1.79174206556304
0.261562461070302,0,0.152249571958686,0.988342080374197,5.63207873800037
-1.77758259578398e-17,0,0.152249571958686,-0.988342080374197,11.0474211190776
