Q,P,EigValReal,EigValImag,AGPgrad,N,toda,k,E0,lmd,period
0,0,-0.56663357993932,0.823969893919164,0.045824646703364,5,0.01,1,1,6.86295026942189e-13,12.1374999999851
2.73080768287715,0,-0.56663357993932,-0.823969893919164,0.0107228226028288
0.0372680288263177,0,0.90943609252532,0.415843712964705,-0.024963746082962
0.00045220678889446,0,0.90943609252532,-0.415843712964705,0.0112860424881595
4.6296854758765e-06,0,-0.113497315172871,0.993538302959963,0.0424075129720674
3.37117024296063e-08,0,-0.113497315172871,-0.993538302959963,-1.88754158694136
8.76665157590372e-16,0,-0.113848054049538,0.993498173420125,-1.85626198539476
,,-0.113848054049538,-0.993498173420125,0.0327554705303785
,,0.999999984602557,0.000175484775307033,1.86385866797098
,,0.999999984602557,-0.000175484775307033,1.83518806015313
