Q,P,EigValReal,EigValImag,AGPgrad,N,toda,k,E0,lmd,period
0,0,-0.939394596533966,0.34283785088989,-62.4020943076168,4,1.55,1,1,3.77004215719271e-13,6.38289999999846
1.34933289515798,0,-0.939394596533966,-0.34283785088989,-3.68715627790925
0.505815627221073,0,0.425119260156794,0.905137345734752,-2.82060437926421
0.205408016806561,0,0.425119260156794,-0.905137345734752,-3.0214250919693
0.0703122316916497,0,0.998760836503458,0.0497673735184022,4.56582767093328
-1.68081980369818e-17,0,0.998760836503458,-0.0497673735184022,7.39525431494141
,,0.905241624213319,0.424897166137461,3.18157029805017
,,0.905241624213319,-0.424897166137461,2.326512584079
