Q,P,EigValReal,EigValImag,AGPgrad,N,toda,k,E0,lmd,period
0,0,0.996911721197006,0.0785303771807087,-1199.79675000992,4,3.26999999999997,1,1,8.95881924648525e-13,3.02950000000197
1.09385632336033,0,0.996911721197006,-0.0785303771807087,-10.2062011908938
0.44304935103952,0,0.527686946253593,0.849438924675306,1.01071039416892
0.203813699477357,0,0.527686946253593,-0.849438924675306,0.490071163527015
0.0802911260191264,0,-0.299713233189415,0.954029338045298,10.5645179034198
-8.19730599745914e-18,0,-0.299713233189415,-0.954029338045298,30.5776907697835
,,-0.770150316841158,0.637862437732051,21.1354250216043
,,-0.770150316841158,-0.637862437732051,9.68205684376144
