Q,P,EigValReal,EigValImag,AGPgrad,N,toda,k,E0,lmd,period
0,0,0.997103633501526,0.0760548753075446,-21614.8041112233,2,3.95999999999996,1,1,7.02230155451819e-15,1.31629999999987
0.885357726328437,0,0.997103633501526,-0.0760548753075446,-9.51563512516618
0.253865219845721,0,0.958378041883845,0.285502239632011,151.649061582353
-8.75059890214964e-18,0,0.958378041883845,-0.285502239632011,426.231909186151
