Q,P,EigValReal,EigValImag,AGPgrad,N,toda,k,E0,lmd,period
0,0,-0.988430632991967,0.15167360931648,1.58599712691159,4,0.39,1,1,2.13285991547108e-14,9.59069999999099
1.90514915707936,0,-0.988430632991967,-0.15167360931648,0.435905899326089
0.481431200532571,0,0.371040423977975,0.928616715213679,0.306883142018296
0.111697626386692,0,0.371040423977975,-0.928616715213679,-0.434597460700394
0.0194811686221788,0,0.999957963925876,0.00916899019646123,-1.0916607278546
-4.44573688027854e-17,0,0.999957963925876,-0.00916899019646123,-0.823668536860077
,,0.83255140307947,0.553947796484824,0.879807651794214
,,0.83255140307947,-0.553947796484824,-0.0766226095513472
