Q,P,EigValReal,EigValImag,AGPgrad,N,toda,k,E0,lmd,period
0,0,-0.841814510868474,0.539766921264406,0.142050302511364,3,0.07,1,1,7.55843290056988e-15,8.19249999999425
1.83606681310462,0,-0.841814510868474,-0.539766921264406,-0.0596444882323021
0.0827512875728905,0,0.556795713250068,0.830649465000937,0.0943945954888731
0.00250264268540623,0,0.556795713250068,-0.830649465000937,-0.855858078951159
8.37431118315312e-17,0,0.999999123278321,0.00132417619189405,0.0862380048481434
,,0.999999123278321,-0.00132417619189405,0.78718095214739
