Q,P,EigValReal,EigValImag,AGPgrad,N,toda,k,E0,lmd,period
0,0,0.998144853850726,0.0608839119253479,-8042.47698711184,2,3.54999999999997,1,1,1.17369842239851e-14,1.59639999999984
0.908081738290237,0,0.998144853850726,-0.0608839119253479,-7.42730080656217
0.256679610601255,0,0.921771798091748,0.387732836167735,81.5115354189443
-9.76032590007803e-18,0,0.921771798091748,-0.387732836167735,216.548225037713
