Q,P,EigValReal,EigValImag,AGPgrad,N,toda,k,E0,lmd,period
0,0,0.987333716785063,0.158657277486636,-3492.97464516674,4,3.71999999999996,1,1,5.49477229963734e-14,2.48460000000082
1.05419994043503,0,0.987333716785063,-0.158657277486636,-15.0458966710009
0.430898277168798,0,0.711172083816429,0.70301797075196,0.628854558831187
0.201016312151394,0,0.711172083816429,-0.70301797075196,0.37203716731591
0.0803388523843012,0,-0.306234260476449,0.951956184764014,20.3764228438205
-7.21097204202776e-18,0,-0.306234260476449,-0.951956184764014,65.438783187727
,,0.12992555858959,0.991523751215869,44.8907037064362
,,0.12992555858959,-0.991523751215869,21.5779664899041
