Q,P,EigValReal,EigValImag,AGPgrad,N,toda,k,E0,lmd,period
0,0,-0.739667510956119,0.672972490697795,0.0708427405972765,4,0.02,1,1,8.84697530022735e-15,10.1642999999896
2.28583934573028,0,-0.739667510956119,-0.672972490697795,-0.0146260582815969
0.0454292487771184,0,0.815318727098653,0.579012411993252,-0.0126781432451535
0.000744455495966911,0,0.815318727098653,-0.579012411993252,0.062609734985141
8.48558382821052e-06,0,0.885097979716497,0.465404733862645,-1.39125800695245
-8.70364420449855e-17,0,0.885097979716497,-0.465404733862645,-0.811416039073149
,,0.999999985285662,0.000171547942847167,0.864488440235006
,,0.999999985285662,-0.000171547942847167,1.3366465540275
