Q,P,EigValReal,EigValImag,AGPgrad,N,toda,k,E0,lmd,period
0,0,0.998830343571512,0.0483522984021281,-3905.95931086008,2,3.25999999999997,1,1,1.79859862410578e-15,1.83019999999981
0.925906711268446,0,0.998830343571512,-0.0483522984021281,-6.13522099419848
0.258534279715519,0,0.877693283007464,0.479222809310648,52.1032492631125
-1.06272376704634e-17,0,0.877693283007464,-0.479222809310648,132.381953708498
