Q,P,EigValReal,EigValImag,AGPgrad,N,toda,k,E0,lmd,period
0,0,0.998081876204297,0.0619077409735964,-288.096358795143,4,2.79999999999998,1,1,2.4607842833153e-13,3.72740000000344
1.1432554911355,0,0.998081876204297,-0.0619077409735964,-5.94220265510928
0.457386411217863,0,0.229177567483931,0.973384632384412,1.68297642989162
0.206394771410733,0,0.229177567483931,-0.973384632384412,0.801586053790699
0.0796673996127609,0,-0.785814858734604,0.618461807868452,4.11754161767632
-9.55745407176457e-18,0,-0.785814858734604,-0.618461807868452,10.7438508489178
,,-0.995825082559962,0.0912820077804888,7.38055288259436
,,-0.995825082559962,-0.0912820077804888,2.59016128245383
