Q,P,EigValReal,EigValImag,AGPgrad,N,toda,k,E0,lmd,period
0,0,0.997552483051074,0.0699216959085937,-3123.85175857306,4,3.66999999999997,1,1,1.98272242884483e-14,2.53980000000094
1.05830321280224,0,0.997552483051074,-0.0699216959085937,-14.5105548795489
0.432181409592616,0,0.69477247786337,0.71922959060623,0.661941042259562
0.201334938675813,0,0.69477247786337,-0.71922959060623,0.380676877002716
0.0803522821057286,0,-0.358741246926475,0.933437045415303,19.0451460965499
-7.30872372809784e-18,0,-0.358741246926475,-0.933437045415303,60.4791061984563
,,0.0875621975680129,0.996159054346782,41.5582597948027
,,0.0875621975680129,-0.996159054346782,19.9171557406004
