Q,P,EigValReal,EigValImag,AGPgrad,N,toda,k,E0,lmd,period
0,0,-0.966570888936217,0.256399525469621,1.84447759061432,4,0.42,1,1,1.3807927702396e-14,9.51869999999115
1.87644593711869,0,-0.966570888936217,-0.256399525469621,0.345435042729887
0.491188318305384,0,0.311059492797427,0.95039044183988,0.280438330869207
0.119103752785819,0,0.311059492797427,-0.95039044183988,-0.397807234174243
0.0218575760578616,0,0.999988262234444,0.00484514121038829,-1.01719109618192
-4.27997635474289e-17,0,0.999988262234444,-0.00484514121038829,-0.719105804551565
,,0.752710779330017,0.658351336810649,0.770259525346708
,,0.752710779330017,-0.658351336810649,-0.0693547117394965
