Q,P,EigValReal,EigValImag,AGPgrad,N,toda,k,E0,lmd,period
0,0,0.998774107761617,0.0495003198472308,-561.926576911313,2,2.52999999999999,1,1,1.99505367676827e-14,2.57790000000102
0.979418521964528,0,0.998774107761617,-0.0495003198472308,-3.46388285647689
0.261981374475758,0,0.629538668432374,0.77696915315112,16.1035127660733
-1.36796104277203e-17,0,0.629538668432374,-0.77696915315112,35.7499828632374
