Q,P,EigValReal,EigValImag,AGPgrad,N,toda,k,E0,lmd,period
0,0,0.402457901424231,0.915438494701416,-2277.78143686722,3,3.57999999999997,1,1,5.68563758800357e-14,2.12700000000006
0.984150670439686,0,0.402457901424231,-0.915438494701416,-11.8492663826128
0.359250499237673,0,0.98968514425278,0.143259607863721,4.5941619334089
0.12877387602087,0,0.98968514425278,-0.143259607863721,18.3930878024144
4.39998074947885e-17,0,0.785182849848675,0.619263992416412,63.272448990274
,,0.785182849848675,-0.619263992416412,12.8052601177745
