Q,P,EigValReal,EigValImag,AGPgrad,N,toda,k,E0,lmd,period
0,0,0.999818529354063,0.0190501538124707,-2.96224092456521,2,1.18,1,1,1.22449012979541e-14,4.66540000000247
1.14241918084013,0,0.999818529354063,-0.0190501538124707,-0.290981627542614
0.246715199267024,0,-0.817745282923618,0.575580274380699,0.861813413716701
-2.84427600909583e-17,0,-0.817745282923618,-0.575580274380699,2.07146399743537
