Q,P,EigValReal,EigValImag,AGPgrad,N,toda,k,E0,lmd,period
0,0,-0.993006941129233,0.118055981928739,19.3012588160208,4,1.41,1,1,7.32186635588482e-13,6.75629999999759
1.38499893524767,0,-0.993006941129233,-0.118055981928739,0.583465944989254
0.511982427627978,0,0.999985607789776,0.0053650921078337,0.756886802598073
0.203234352280848,0,0.999985607789776,-0.0053650921078337,1.15687689864695
0.0676981071759412,0,0.547906155912452,0.836539804380655,-1.31088106976529
-1.82975904000687e-17,0,0.547906155912452,-0.836539804380655,-1.21889013677718
,,0.760633957348144,0.649181009371724,0.386883188790996
,,0.760633957348144,-0.649181009371724,0.700087666079295
