Q,P,EigValReal,EigValImag,AGPgrad,N,toda,k,E0,lmd,period
0,0,-0.121444091282635,0.992598273569185,0.0167591560958833,2,0.05,1,1,4.38860730724557e-13,6.27799999999871
1.412457678987,0,-0.121444091282635,-0.992598273569185,0.0104276081610223
0.023472747885395,0,0.999999806368044,0.000622305290490028,-0.322005448204865
-9.48889196336143e-17,0,0.999999806368044,-0.000622305290490028,0.348281523487438
