Q,P,EigValReal,EigValImag,AGPgrad,N,toda,k,E0,lmd,period
0,0,-0.824199229198068,0.566299947544863,0.219040276376992,3,0.1,1,1,5.49142877719255e-15,8.17519999999429
1.82461854715424,0,-0.824199229198068,-0.566299947544863,-0.084550096160485
0.115796975158895,0,0.536696647246843,0.843775271523168,0.122025665684655
0.00496309163505593,0,0.536696647246843,-0.843775271523168,-0.842298543499753
7.98428976841824e-17,0,0.999999365117471,0.00112683834458149,0.115294605409167
,,0.999999365117471,-0.00112683834458149,0.738773888992047
