Q,P,EigValReal,EigValImag,AGPgrad,N,toda,k,E0,lmd,period
0,0,0.999635825931199,0.026985468586396,-516.252276439495,2,2.49999999999999,1,1,2.36301248279878e-14,2.61410000000109
0.9819525450489,0,0.999635825931199,-0.026985468586396,-3.37145760806509
0.262057910681731,0,0.612773077431289,0.790258916795877,15.3120113650775
-1.38425440892456e-17,0,0.612773077431289,-0.790258916795877,33.7781784768881
