Q,P,EigValReal,EigValImag,AGPgrad,N,toda,k,E0,lmd,period
0,0,0.616487890591138,0.787364388802595,-5111.78258696122,3,3.95999999999996,1,1,3.895053819066e-14,1.79479999999982
0.957714459420493,0,0.616487890591138,-0.787364388802595,-15.2215529208637
0.352941776569624,0,0.992287009369292,0.123961651477146,6.15473636498627
0.128075813655279,0,0.992287009369292,-0.123961651477146,29.593125304085
4.32249996596423e-17,0,0.866124670456049,0.499828025652212,111.905360354884
,,0.866124670456049,-0.499828025652212,19.566455762766
