Q,P,EigValReal,EigValImag,AGPgrad,N,toda,k,E0,lmd,period
0,0,-0.738745457043475,0.673984532239163,186.336454556478,4,1.81,1,1,1.95889828290424e-13,5.72759999999999
1.29249365817196,0,-0.738745457043475,-0.673984532239163,3.35477357837691
0.494515245108,0,-0.274152755393112,0.96168615811519,7.39748114587655
0.207640766540702,0,-0.274152755393112,-0.96168615811519,6.44013404072141
0.0739270909327912,0,0.99943595197221,0.0335824046996841,-8.27083354336346
-1.45658384168193e-17,0,0.99943595197221,-0.0335824046996841,-12.8352368238103
,,0.88059196614895,0.473875288608661,-5.36524901949743
,,0.88059196614895,-0.473875288608661,-5.39589271356759
