Q,P,EigValReal,EigValImag,AGPgrad,N,toda,k,E0,lmd,period
0,0,0.999985412387171,0.00540138990015505,1.12444855967955,3,0.34,1,1,6.13397574097105e-15,7.87579999999498
1.67420991074167,0,0.999985412387171,-0.00540138990015505,-0.348715012463176
0.29327659210204,0,-0.416882129297616,0.908960554849476,0.16492280381108
0.037892296231206,0,-0.416882129297616,-0.908960554849476,-0.571162242081936
6.02139181263352e-17,0,0.185557422153473,0.982633422535453,0.280455788278016
,,0.185557422153473,-0.982633422535453,0.213630255543658
