Q,P,EigValReal,EigValImag,AGPgrad,N,toda,k,E0,lmd,period
0,0,-0.382427788712037,0.923985382146703,1.60898098476208,3,0.61,1,1,5.64252965624074e-14,7.34449999999622
1.51652618304525,0,-0.382427788712037,-0.923985382146703,-1.2813533418931
0.366649329211131,0,0.999974516514491,0.00713907008093471,-0.129419630615943
0.071840772640849,0,0.999974516514491,-0.00713907008093471,0.344791074702202
5.32666678546855e-17,0,0.454411014031581,0.890792136430694,1.15597914143255
,,0.454411014031581,-0.890792136430694,-0.517871195145669
