Q,P,EigValReal,EigValImag,AGPgrad,N,toda,k,E0,lmd,period
0,0,-0.75223031806958,0.658900256925832,-6.75571274241849,3,0.820000000000001,1,1,4.87177649136607e-15,6.87089999999733
1.42430464866452,0,-0.75223031806958,-0.658900256925832,-5.01932447130931
0.387426950789337,0,0.999765846817155,0.0216391205449914,-2.63453405339815
0.0899218300536606,0,0.999765846817155,-0.0216391205449914,4.16538412674661
5.13898356679716e-17,0,0.940292008593798,0.340368827266307,5.63651906152968
,,0.940292008593798,-0.340368827266307,-3.190816205328
