Q,P,EigValReal,EigValImag,AGPgrad,N,toda,k,E0,lmd,period
0,0,0.991782752846369,0.12793346378649,-4443.23967388759,4,3.82999999999996,1,0.999999999999999,4.64227511833882e-14,2.36730000000057
1.04540602887175,0,0.991782752846369,-0.12793346378649,-16.3821973998344
0.428131251251525,0,0.744367553865115,0.667770128676674,0.561683052388226
0.200312261969574,0,0.744367553865115,-0.667770128676674,0.357375692874271
0.0802963738494571,0,-0.193150733158432,0.981169095661072,23.5597943503477
-7.00458727399024e-18,0,-0.193150733158432,-0.981169095661072,77.3991752902738
,,0.217985486974698,0.975952010842946,52.9894583417749
,,0.217985486974698,-0.975952010842946,25.6039936910626
