Q,P,EigValReal,EigValImag,AGPgrad,N,toda,k,E0,lmd,period
0,0,0.998695323820707,0.0510651562085789,95.0610329261345,4,2.05,1,1,2.66815580358901e-14,5.17070000000129
1.24830381696425,0,0.998695323820707,-0.0510651562085789,-0.313888918236645
0.484579493090435,0,0.315463183890203,0.948937816513736,4.02903361120217
0.208332933649289,0,0.315463183890203,-0.948937816513736,2.83511970666343
0.0762179360861462,0,-0.756530714233529,0.653958162592463,-2.93139481594988
-1.29447473008878e-17,0,-0.756530714233529,-0.653958162592463,-4.52481007944873
,,-0.493676522027166,0.869645612648719,-2.13210932899423
,,-0.493676522027166,-0.869645612648719,-2.9485752308751
