Q,P,EigValReal,EigValImag,AGPgrad,N,toda,k,E0,lmd,period
0,0,-0.996613349039336,0.0822303624982463,1.39894216863096,4,0.37,1,1,4.03696909389424e-14,9.63739999999088
1.92509801081467,0,-0.996613349039336,-0.0822303624982463,0.505475588567478
0.473865022910163,0,0.40974040897176,0.912202169069801,0.329208627087787
0.106438089861789,0,0.40974040897176,-0.912202169069801,-0.470295675065019
0.0178887337479793,0,0.999971900440733,0.00749655447309227,-1.14167285017195
-4.56380268922182e-17,0,0.999971900440733,-0.00749655447309227,-0.904725112899865
,,0.876898253168411,0.48067603808614,0.974562866829432
,,0.876898253168411,-0.48067603808614,-0.0868504331770702
