Q,P,EigValReal,EigValImag,AGPgrad,N,toda,k,E0,lmd,period
0,0,-0.943433356499851,0.331562214136988,14.8454211931103,3,1.36,1,0.999999999999999,1.58995048453193e-14,5.61870000000024
1.26387814848405,0,-0.943433356499851,-0.331562214136988,0.370076370020773
0.397429035626986,0,0.999823868705516,0.0187678332981056,2.51626615490092
0.11485120424792,0,0.999823868705516,-0.0187678332981056,-1.40683938486575
4.93975700054131e-17,0,0.129922526399088,0.991524148538035,-1.14748848038396
,,0.129922526399088,-0.991524148538035,0.988830441184173
