Q,P,EigValReal,EigValImag,AGPgrad,N,toda,k,E0,lmd,period
0,0,-0.931623404468792,0.363425139810095,-80.7570409458967,4,1.14,1,1,9.3614810951581e-15,7.50979999999584
1.46761071139078,0,-0.931623404468792,-0.363425139810095,-13.5135848164825
0.523216526065503,0,-0.548432527948308,0.836194811206236,-4.87232650338388
0.19593788134723,0,-0.548432527948308,-0.836194811206236,-7.81961489856638
0.0607995123839074,0,0.999692269967823,0.024806558943132,12.7759043275248
-2.19555006455624e-17,0,0.999692269967823,-0.024806558943132,16.0190288597453
,,0.981973351443007,0.189019409203922,2.99517648186811
,,0.981973351443007,-0.189019409203922,-3.52442211308577
