Q,P,EigValReal,EigValImag,AGPgrad,N,toda,k,E0,lmd,period
0,0,0.999504138110207,0.0314877420670365,53.2720664729417,4,2.22,1,1,1.05501118291225e-14,4.80470000000214
1.22070621565373,0,0.999504138110207,-0.0314877420670365,-1.64097187406746
0.477902227835925,0,-0.940791969540724,0.338984468741075,3.2048189552153
0.208306619169059,0,-0.940791969540724,-0.338984468741075,1.98122819585033
0.0774017813798032,0,-0.312042029284329,0.950068298576534,-1.24069895135687
-1.19900852775727e-17,0,-0.312042029284329,-0.950068298576534,-1.62150727717556
,,-0.156996780459695,0.98759911448183,-0.713396587384787
,,-0.156996780459695,-0.98759911448183,-2.00598539419895
