Q,P,EigValReal,EigValImag,AGPgrad,N,toda,k,E0,lmd,period
0,0,0.996727030528726,0.0808407484705847,212.840661760351,5,2.74999999999999,1,1,7.41830199505411e-14,4.52660000000279
1.23619154215046,0,0.996727030528726,-0.0808407484705847,-3.10907689121443
0.52751634723488,0,-0.974429084102832,0.224695260418471,4.61691796802689
0.268260337949328,0,-0.974429084102832,-0.224695260418471,3.00946924218992
0.134012591257068,0,-0.644894304003546,0.764271768851756,0.920166981002098
0.0551324497128455,0,-0.644894304003546,-0.764271768851756,-2.47694702076596
2.34816302619923e-16,0,0.0381109611638641,0.999273513428214,-4.56665651386876
,,0.0381109611638641,-0.999273513428214,-3.22856970595892
,,0.00285136675590656,0.999995934845565,-6.50788575328439
,,0.00285136675590656,-0.999995934845565,-4.26687822557991
