Q,P,EigValReal,EigValImag,AGPgrad,N,toda,k,E0,lmd,period
0,0,-0.834415407346022,0.551136034009377,1072.1403056005,5,2.30999999999999,1,1,1.0440616082387e-14,5.48260000000056
1.30129813764248,0,-0.834415407346022,-0.551136034009377,7.80590531577413
0.548839320688904,0,-0.378524270726168,0.925591365814967,15.6391323392317
0.27375901418805,0,-0.378524270726168,-0.925591365814967,17.0757052419605
0.133387125017331,0,0.401854915213654,0.915703351046957,5.13605501002572
0.0535896486289189,0,0.401854915213654,-0.915703351046957,-21.2988706552331
2.47007083522641e-16,0,0.996994596877959,0.0774711158835087,-38.6366924934271
,,0.996994596877959,-0.0774711158835087,-28.7600532118695
,,0.966713728278731,0.255860445472588,-27.5839889886111
,,0.966713728278731,-0.255860445472588,-23.9623668065692
