Q,P,EigValReal,EigValImag,AGPgrad,N,toda,k,E0,lmd,period
0,0,0.998321458561032,0.057916020033841,57.5771132420865,5,1.52,1,0.999999999999999,1.76628299573143e-14,7.65699999999549
1.47084124339149,0,0.998321458561032,-0.057916020033841,3.11474075984777
0.598059549321423,0,0.860182076402286,0.509987054184961,1.39453273527073
0.280744374276608,0,0.860182076402286,-0.509987054184961,0.0787697877121721
0.126202237469722,0,-0.0485355627362166,0.998821455090879,4.02211375264277
0.0467704112405873,0,-0.0485355627362166,-0.998821455090879,-3.12153313387026
2.79109997359442e-16,0,-0.993180378122836,0.116587891788962,-5.3335616900267
,,-0.993180378122836,-0.116587891788962,-1.63790212763727
,,-0.989777115302173,0.142622796298871,1.23622779613115
,,-0.989777115302173,-0.142622796298871,-0.167730695168835
