Q,P,EigValReal,EigValImag,AGPgrad,N,toda,k,E0,lmd,period
0,0,0.998794223634641,0.0490927574503125,-289.110819906078,2,2.29999999999999,1,1,1.09944965117138e-14,2.86770000000163
0.999700889629535,0,0.998794223634641,-0.0490927574503125,-2.76646985135833
0.262353843268846,0,0.482189613234706,0.876066879232728,10.869085543604
-1.50346693204391e-17,0,0.482189613234706,-0.876066879232728,22.9725074715328
