Q,P,EigValReal,EigValImag,AGPgrad,N,toda,k,E0,lmd,period
0,0,0.999357852467839,0.0358313090867849,-474.036955082691,2,2.46999999999999,1,1,1.77045949837938e-14,2.65080000000117
0.98451851073522,0,0.999357852467839,-0.0358313090867849,-3.27739277434147
0.262126817298686,0,0.595300159025933,0.803503404263904,14.5557019725816
-1.40093546035889e-17,0,0.595300159025933,-0.803503404263904,31.907777755116
