Q,P,EigValReal,EigValImag,AGPgrad,N,toda,k,E0,lmd,period
0,0,0.999987978335307,0.004903385041217,1.83979099763417,5,0.27,1,1,1.35182614541572e-14,11.727499999986
2.31112335771066,0,0.999987978335307,-0.004903385041217,-0.0351709393616969
0.585040244480304,0,0.70775112624049,0.706461848442864,-0.350691422017291
0.143987788556969,0,0.70775112624049,-0.706461848442864,0.103969793044856
0.0303053110212189,0,0.0988061575189161,0.995106699422906,0.316090214426137
0.00482696793593007,0,0.0988061575189161,-0.995106699422906,-1.11075877994379
5.03257841092821e-16,0,-0.624793246440911,0.780790240206574,-0.629882929649623
,,-0.624793246440911,-0.780790240206574,-0.145283994750211
,,-0.783769416087972,0.621051932132194,0.190902967665441
,,-0.783769416087972,-0.621051932132194,0.463511361556509
