Q,P,EigValReal,EigValImag,AGPgrad,N,toda,k,E0,lmd,period
0,0,-0.683221502308702,0.730211187796404,-1357.97294284846,5,2.2,1,0.999999999999999,1.29518009054365e-14,5.74939999999994
1.32008163992475,0,-0.683221502308702,-0.730211187796404,-12.6639102236666
0.554763262124836,0,-0.489772678197331,0.871850172731198,-21.9682374809931
0.275066909094114,0,-0.489772678197331,-0.871850172731198,-25.4796853178084
0.132982298708297,0,0.671660173476089,0.740859373542694,-9.31997109532565
0.0530245384892564,0,0.671660173476089,-0.740859373542694,31.2071682176705
2.50530368723502e-16,0,0.997045732955369,0.0768101972104859,58.4008770736003
,,0.997045732955369,-0.0768101972104859,47.7900166476986
,,0.99275211798165,0.120179999346568,27.4503855994368
,,0.99275211798165,-0.120179999346568,41.01131307975
