Q,P,EigValReal,EigValImag,AGPgrad,N,toda,k,E0,lmd,period
0,0,0.994212267974449,0.107433543221348,240.181636092592,5,2.71999999999999,1,0.999999999999999,4.1537241024853e-14,4.58640000000265
1.24019667824795,0,0.994212267974449,-0.107433543221348,-2.73679751457101
0.528861812239396,0,-0.98430381192497,0.176482310246571,4.79232607598568
0.268640770956417,0,-0.98430381192497,-0.176482310246571,3.22737487216525
0.134008953954495,0,-0.591714535331655,0.806147572518354,0.971744790129623
0.0550565262590389,0,-0.591714535331655,-0.806147572518354,-2.9051644275107
2.35565724347192e-16,0,0.0122268500777374,0.999925249274745,-5.42588051253401
,,0.0122268500777374,-0.999925249274745,-3.88124797872101
,,0.082306025626821,0.996607103198404,-7.08288816569544
,,0.082306025626821,-0.996607103198404,-4.63828430400088
