Q,P,EigValReal,EigValImag,AGPgrad,N,toda,k,E0,lmd,period
0,0,0.986964105396612,0.160940531435354,-604.521353528386,5,3.27999999999997,1,0.999999999999999,5.17641709519029e-14,3.58880000000315
1.17345793659564,0,0.986964105396612,-0.160940531435354,-9.65223649963805
0.505901234626425,0,0.41666518133539,0.909060023685303,2.62753530957432
0.26160888883266,0,0.41666518133539,-0.909060023685303,1.01980360852547
0.133479395188377,0,-0.564159548154292,0.825665794511519,0.51032428422935
0.0559916249321804,0,-0.564159548154292,-0.825665794511519,4.49256463147216
2.23077723953892e-16,0,-0.988048386261932,0.154144044339016,12.9503135494984
,,-0.988048386261932,-0.154144044339016,10.648108082178
,,-0.932528259124856,0.361097003495712,4.51704700929446
,,-0.932528259124856,-0.361097003495712,1.80871292044778
