Q,P,EigValReal,EigValImag,AGPgrad,N,toda,k,E0,lmd,period
0,0,0.421727995569167,0.906722392881742,3.13832537534653,5,0.44,1,0.999999999999999,1.07987624075827e-13,11.2520999999871
2.07265382195342,0,0.421727995569167,-0.906722392881742,-0.996000463896138
0.650930346851346,0,0.999966585958595,0.0081747762224241,-0.823934617184451
0.209560921516722,0,0.999966585958595,-0.0081747762224241,0.0596084247599487
0.059016288700829,0,0.776984598945316,0.62951960493839,0.626422470588389
0.0130134351016983,0,0.776984598945316,-0.62951960493839,-0.0677304184301174
4.18594925842402e-16,0,-0.960168798561398,0.279420611747154,0.675950150033875
,,-0.960168798561398,-0.279420611747154,-0.498177911149612
,,-0.974449206878026,0.224607976739023,-0.657821806146861
,,-0.974449206878026,-0.224607976739023,0.427008466494422
