Q,P,EigValReal,EigValImag,AGPgrad,N,toda,k,E0,lmd,period
0,0,-0.830403649480815,0.557162255477651,2.49763439371783,4,0.51,1,0.999999999999999,2.02469919572898e-14,9.29159999999168
1.79855433757872,0,-0.830403649480815,-0.557162255477651,0.0949076302882096
0.511596688713132,0,0.99997080880987,0.00764078059701376,0.216479839374281
0.138134550486234,0,0.99997080880987,-0.00764078059701376,-0.341099169505445
0.0287580562174773,0,0.121532831807462,0.992587412167233,-0.778594125921657
-3.84914668617752e-17,0,0.121532831807462,-0.992587412167233,-0.446992825786781
,,0.427395567609585,0.904064725994599,0.570905443540094
,,0.427395567609585,-0.904064725994599,-0.0713321031902371
