Q,P,EigValReal,EigValImag,AGPgrad,N,toda,k,E0,lmd,period
0,0,0.9977214836775,0.0674673328980602,-23761.4869770974,2,3.99999999999996,1,1,2.13679389796838e-15,1.29179999999987
0.883276175422088,0,0.9977214836775,-0.0674673328980602,-9.76764470653034
0.253583819473317,0,0.960856554267108,0.277046353742281,161.016203412497
-8.66311206561611e-18,0,0.960856554267108,-0.277046353742281,454.878031290257
