Q,P,EigValReal,EigValImag,AGPgrad,N,toda,k,E0,lmd,period
0,0,0.999858475411779,0.0168234701283776,-138.269867404907,2,2.06,1,1,2.17001023782097e-16,3.20030000000233
1.0232421997603,0,0.999858475411779,-0.0168234701283776,-2.10206401995328
0.262066055006502,0,0.276785567656152,0.960931709091354,7.06430235381428
-1.67602022489025e-17,0,0.276785567656152,-0.960931709091354,14.182889754142
