Q,P,EigValReal,EigValImag,AGPgrad,N,toda,k,E0,lmd,period
0,0,0.999404464080454,0.0345067700028573,-3.8276410102744,3,1.75,1,1,1.27248635669554e-14,4.78250000000219
1.18657721204274,0,0.999404464080454,-0.0345067700028573,-1.07720016609878
0.392912750086013,0,-0.581799650237708,0.813332138171895,1.75602518996589
0.122760031640555,0,-0.581799650237708,-0.813332138171895,0.446745048390419
4.83677385049957e-17,0,-0.796217307321177,0.605010743311388,1.60008885924017
,,-0.796217307321177,-0.605010743311388,1.16498074863522
