Q,P,EigValReal,EigValImag,AGPgrad,N,toda,k,E0,lmd,period
0,0,0.991507809190684,0.130047161883032,-1235.1289260386,5,3.47999999999997,1,1,1.32067581190097e-13,3.28780000000251
1.1530533401377,0,0.991507809190684,-0.130047161883032,-12.4154097812709
0.498662592281972,0,0.522265733768079,0.852782799622305,2.14050766134824
0.259173870591566,0,0.522265733768079,-0.852782799622305,0.701887490405295
0.133070460205735,0,-0.363221013841457,0.931703007993416,0.457378373852056
0.0561375756765295,0,-0.363221013841457,-0.931703007993416,7.55672794885824
2.19257230129035e-16,0,-0.892435392709928,0.451175209689835,22.5737873887059
,,-0.892435392709928,-0.451175209689835,18.3642170183944
,,-0.999999304673325,0.00117925945708966,10.0914570185036
,,-0.999999304673325,-0.00117925945708966,4.62216119078806
