Q,P,EigValReal,EigValImag,AGPgrad,N,toda,k,E0,lmd,period
0,0,-0.271830734705075,0.962345079308721,0.154344368529076,2,0.22,1,1,6.92970695765555e-15,6.18659999999892
1.38383216401464,0,-0.271830734705075,-0.962345079308721,0.0320453049684091
0.0963766020046206,0,0.999995165141312,0.00310961315920041,-0.313272745092807
-7.74009476446263e-17,0,0.999995165141312,-0.00310961315920041,0.414183524307368
