Q,P,EigValReal,EigValImag,AGPgrad,N,toda,k,E0,lmd,period
0,0,0.99060190041939,0.136776733713883,-1921.97915947818,4,3.45999999999997,1,1,1.61427675593207e-14,2.78600000000145
1.0763328079609,0,0.99060190041939,-0.136776733713883,-12.150915272277
0.437747674784613,0,0.615542828112288,0.788103436586558,0.825647809355151
0.202655056900202,0,0.615542828112288,-0.788103436586558,0.426471358924192
0.0803610914177957,0,-0.581338610944469,0.813661735259279,14.1583073617179
-7.7500762430271e-18,0,-0.581338610944469,-0.813661735259279,42.8982438410747
,,-0.106147339162468,0.994350412273618,29.5737617439633
,,-0.106147339162468,-0.994350412273618,13.9306985568011
