Q,P,EigValReal,EigValImag,AGPgrad,N,toda,k,E0,lmd,period
0,0,0.999721647342456,0.0235929615541021,0.387183020771883,2,0.920000000000001,1,1,4.06808222975345e-15,5.14060000000136
1.19398415725472,0,0.999721647342456,-0.0235929615541021,-0.0297247010888104
0.23162454854787,0,-0.994341329707319,0.106232386944232,0.21518720790914
-3.52896166668041e-17,0,-0.994341329707319,-0.106232386944232,1.21870586817899
