Q,P,EigValReal,EigValImag,AGPgrad,N,toda,k,E0,lmd,period
0,0,-0.867666294294755,0.497147062492364,1.10069086411304,4,0.17,1,1,1.57105989840083e-14,10.02819999999
2.15578929736835,0,-0.867666294294755,-0.497147062492364,-0.421054111937459
0.31990446530294,0,0.718715839450729,0.695303920686933,-0.186516728604501
0.0405023912007106,0,0.718715839450729,-0.695303920686933,0.557053564131664
0.00365161544342052,0,0.999994347122509,0.00336239840465494,-1.20221006179947
-6.2768346708676e-17,0,0.999994347122509,-0.00336239840465494,-0.110886240823177
,,0.974505367793181,0.22436418640743,0.104355205421414
,,0.974505367793181,-0.22436418640743,1.02988750876934
