Q,P,EigValReal,EigValImag,AGPgrad,N,toda,k,E0,lmd,period
0,0,0.999946605362598,0.0103337516817569,0.712968126388917,2,0.840000000000001,1,1,4.41930348284999e-15,5.28470000000102
1.21214261808555,0,0.999946605362598,-0.0103337516817569,0.0185854686945069
0.224878389877657,0,-0.998195739352411,0.0600438667867883,0.0749609967294677
-3.80044726972675e-17,0,-0.998195739352411,-0.0600438667867883,1.04966639200483
