Q,P,EigValReal,EigValImag,AGPgrad,N,toda,k,E0,lmd,period
0,0,-0.949923820353967,0.312481576295485,-41.7528011742829,4,1.53,1,1,3.98281708240971e-13,6.43539999999834
1.35418306741966,0,-0.949923820353967,-0.312481576295485,-2.82412061093072
0.506697700715905,0,0.477785950466597,0.878476286268865,-1.94456250239682
0.205147363920652,0,0.477785950466597,-0.878476286268865,-2.08028398498278
0.0699715392390473,0,0.999082440372226,0.0428284641319584,3.26164033721771
-1.70071833300036e-17,0,0.999082440372226,-0.0428284641319584,5.42246477905744
,,0.870014931381777,0.493025373761582,2.46875427066145
,,0.870014931381777,-0.493025373761582,1.79770902429953
