Q,P,EigValReal,EigValImag,AGPgrad,N,toda,k,E0,lmd,period
0,0,0.402282963100582,0.915515383594958,3.1779530416332,5,0.45,1,0.999999999999999,2.07701039915086e-13,11.2215999999872
2.06114518478328,0,0.402282963100582,-0.915515383594958,-1.1356524379648
0.652491583387781,0,0.999999367695449,0.00112454821796352,-0.892170297535542
0.212280367145866,0,0.999999367695449,-0.00112454821796352,0.0515119045349672
0.0604970408463243,0,0.807442845007705,0.589945804329393,0.684286409764667
0.0135203563120231,0,0.807442845007705,-0.589945804329393,0.0493263587051145
4.15150693828992e-16,0,-0.970140122638459,0.242545134865722,0.835000449565745
,,-0.970140122638459,-0.242545134865722,-0.53438349269743
,,-0.960094898450153,0.279674428523531,-0.738947915236559
,,-0.960094898450153,-0.279674428523531,0.453681991700639
