Q,P,EigValReal,EigValImag,AGPgrad,N,toda,k,E0,lmd,period
0,0,0.996292629499651,0.0860290439602268,-59.6122100888786,4,2.50999999999999,1,1,1.6241005805565e-14,4.23400000000347
1.17919711402491,0,0.996292629499651,-0.0860290439602268,-3.70387197289524
0.46721969857837,0,-0.0197686187912447,0.999804581761392,2.30883465107791
0.207614038852,0,-0.0197686187912447,-0.999804581761392,1.20615295265573
0.0788117817837288,0,-0.767112739636205,0.641512310628448,1.27412093243524
-1.06406955957476e-17,0,-0.767112739636205,-0.641512310628448,3.54930223439653
,,-0.979396206393641,0.201948188656742,2.45750111490486
,,-0.979396206393641,-0.201948188656742,-0.108803573103646
