Q,P,EigValReal,EigValImag,AGPgrad,N,toda,k,E0,lmd,period
0,0,-0.960583259365811,0.277992449225073,25.362241269638,3,1.03,1,1,5.61830123515954e-14,6.37999999999847
1.35164085558692,0,-0.960583259365811,-0.277992449225073,4.27500941815925
0.395566817927144,0,0.999841876888174,0.0177826100646069,5.20494154202938
0.10245747487604,0,0.999841876888174,-0.0177826100646069,-5.56998222556733
5.04132445093607e-17,0,0.926382031018379,0.376585093446709,-6.16541326196996
,,0.926382031018379,-0.376585093446709,3.62255311094955
