Q,P,EigValReal,EigValImag,AGPgrad,N,toda,k,E0,lmd,period
0,0,-0.483797499561258,0.875179969730954,0.369998052434831,2,0.36,1,1,2.90987389291032e-15,6.04099999999926
1.34491607053443,0,-0.483797499561258,-0.875179969730954,0.0556652683308885
0.142802658910378,0,0.999972277132161,0.00744613773171722,-0.31107612998655
-6.48017193585826e-17,0,0.999972277132161,-0.00744613773171722,0.488584368460705
