Q,P,EigValReal,EigValImag,AGPgrad,N,toda,k,E0,lmd,period
0,0,-0.682459887296267,0.730923048091627,0.62038551378113,3,0.22,1,1,3.50039018083968e-15,8.05579999999456
1.75534447146573,0,-0.682459887296267,-0.730923048091627,-0.190048979304076
0.223659441742046,0,0.396732179061214,0.917934408385121,0.174392006931228
0.0200288833255559,0,0.396732179061214,-0.917934408385121,-0.740627293976611
6.75738117366424e-17,0,0.999995893963485,0.00286566853768996,0.187871894552632
,,0.999995893963485,-0.00286566853768996,0.481194897030226
