Q,P,EigValReal,EigValImag,AGPgrad,N,toda,k,E0,lmd,period
0,0,0.988307682163011,0.152472703712655,-795.946814455046,5,3.34999999999997,1,1,7.36469397321438e-14,3.48040000000292
1.1661406456401,0,0.988307682163011,-0.152472703712655,-10.5942406947823
0.503316722825711,0,0.455775428342422,0.890094803332379,2.44553670161921
0.260750608935134,0,0.455775428342422,-0.890094803332379,0.893637322896918
0.133345855774908,0,-0.494058102408268,0.869428888089625,0.488837171678394
0.056051463985694,0,-0.494058102408268,-0.869428888089625,5.51505114253985
2.21707864325153e-16,0,-0.964167230982951,0.265295214240023,16.0538197005739
,,-0.964167230982951,-0.265295214240023,13.142746450975
,,-0.97233941599001,0.233572387306801,6.34298330713581
,,-0.97233941599001,-0.233572387306801,2.73661892250278
