Q,P,EigValReal,EigValImag,AGPgrad,N,toda,k,E0,lmd,period
0,0,-0.764560796576778,0.64455161805544,0.292001782040501,4,0.07,1,1,1.01881244581187e-14,10.1408999999897
2.26025403466972,0,-0.764560796576778,-0.64455161805544,-0.066225977412689
0.153443180588148,0,0.7992901334973,0.600945324046924,-0.041246433350824
0.00864504677820255,0,0.7992901334973,-0.600945324046924,0.192687870666439
0.000340265498365078,0,0.904914391240989,0.425593637787211,-1.38556013352888
-7.76144052367888e-17,0,0.904914391240989,-0.425593637787211,-0.66489231219248
,,0.999999843857484,0.00055882464873041,0.807384465385919
,,0.999999843857484,-0.00055882464873041,1.20466719293201
