Q,P,EigValReal,EigValImag,AGPgrad,N,toda,k,E0,lmd,period
0,0,0.992664812834209,0.120899004795565,-1481.20141467276,5,3.53999999999997,1,1,1.23763140333785e-13,3.20260000000233
1.14722078543599,0,0.992664812834209,-0.120899004795565,-13.287360031777
0.496575483694289,0,0.550394476527373,0.834904737205495,2.01318245776623
0.258454112640385,0,0.550394476527373,-0.834904737205495,0.628695210522768
0.132932711309865,0,-0.303472426866206,0.952840220672883,0.445787993162918
0.0561673399202201,0,-0.303472426866206,-0.952840220672883,8.57146717990425
2.18164816545876e-16,0,-0.849736186276077,0.52720813132291,25.9568938782572
,,-0.849736186276077,-0.52720813132291,21.0594087231852
,,-0.994868412404935,0.101177280052821,11.9976055805836
,,-0.994868412404935,-0.101177280052821,5.574559616753
