Q,P,EigValReal,EigValImag,AGPgrad,N,toda,k,E0,lmd,period
0,0,0.992441213685283,0.122720973671671,-6768.88456407979,2,3.47999999999997,1,1,8.0323906046624e-15,1.64999999999983
0.91224049267136,0,0.992441213685283,-0.122720973671671,-7.00757301300906
0.257139860750949,0,0.912847448932814,0.408300789831301,73.2148499612263
-9.95674471230486e-18,0,0.912847448932814,-0.408300789831301,192.554845224656
