Q,P,EigValReal,EigValImag,AGPgrad,N,toda,k,E0,lmd,period
0,0,0.991448645456505,0.130497446038005,-12466.5785136725,2,3.72999999999996,1,1,1.23663087386532e-16,1.46669999999985
0.897780451781012,0,0.991448645456505,-0.130497446038005,-8.13039981512007
0.255461896168057,0,0.940712843225741,0.33920398964351,107.212102777774
-9.29026882863585e-18,0,0.940712843225741,-0.33920398964351,292.302844389381
