Q,P,EigValReal,EigValImag,AGPgrad,N,toda,k,E0,lmd,period
0,0,0.992700795085895,0.120603198282112,-6130.55862669361,2,3.43999999999997,1,1,9.15701832139703e-13,1.68139999999983
0.914656081685591,0,0.992700795085895,-0.120603198282112,-6.83576778384548
0.257400126623439,0,0.907304177998529,0.420474884608387,68.8468195219354
-1.00723326640306e-17,0,0.907304177998529,-0.420474884608387,179.976290716671
