Q,P,EigValReal,EigValImag,AGPgrad,N,toda,k,E0,lmd,period
0,0,0.999377987870309,0.0352652429490863,-10.0578827608376,2,1.38,1,1,1.58154878485921e-14,4.30500000000331
1.10913580137454,0,0.999377987870309,-0.0352652429490863,-0.592901900076589
0.25355933559225,0,-0.573589225220276,0.819143089277574,1.60953734574748
-2.46377139127401e-17,0,-0.573589225220276,-0.819143089277574,3.22105214313011
