Q,P,EigValReal,EigValImag,AGPgrad,N,toda,k,E0,lmd,period
0,0,-0.327645658163528,0.944800678813572,0.207685562605824,2,0.26,1,1,6.8201173915065e-15,6.150499999999
1.37351107503526,0,-0.327645658163528,-0.944800678813572,0.0381195697285812
0.111007332511036,0,0.999998468212998,0.00175030616587018,-0.314437953758044
-7.35677967841666e-17,0,0.999998468212998,-0.00175030616587018,0.43287304928315
