Q,P,EigValReal,EigValImag,AGPgrad,N,toda,k,E0,lmd,period
0,0,0.997741272359539,0.067174053252496,-8870.67844941681,2,3.58999999999997,1,1,2.94181632391993e-15,1.56659999999984
0.90574494316148,0,0.997741272359539,-0.067174053252496,-7.61165316332026
0.256412771832857,0,0.926449062895094,0.376420156023571,86.6499546662881
-9.65170328140806e-18,0,0.926449062895094,-0.376420156023571,231.545562525895
