Q,P,EigValReal,EigValImag,AGPgrad,N,toda,k,E0,lmd,period
0,0,-0.666974167633265,0.74508084105679,-966.414270633289,5,2.19,1,1,9.82685271204956e-15,5.77419999999988
1.32184838510774,0,-0.666974167633265,-0.74508084105679,-8.93073540570211
0.555314941062337,0,-0.499842867047815,0.866116105531715,-16.0258440477552
0.27518330430251,0,-0.499842867047815,-0.866116105531715,-18.4667641955008
0.132938979917198,0,0.693778814861814,0.720188139342033,-7.02630167970139
0.0529690365287675,0,0.693778814861814,-0.720188139342033,22.5326186576271
2.50862280342444e-16,0,0.998221894487415,0.0596074606583737,42.6393586791334
,,0.998221894487415,-0.0596074606583737,35.5467971394267
,,0.98785296722837,0.155391489915344,18.2449121065513
,,0.98785296722837,-0.155391489915344,30.7590052502416
