Q,P,EigValReal,EigValImag,AGPgrad,N,toda,k,E0,lmd,period
0,0,-0.515406384533896,0.856945890229771,-25.5117513561951,5,0.900000000000001,1,1,5.84184876310246e-15,9.72239999999068
1.71041867511817,0,-0.515406384533896,-0.856945890229771,-7.46831197394917
0.64689449931139,0,-0.055349714317852,0.998467029563285,-4.90980124419703
0.270642145923308,0,-0.055349714317852,-0.998467029563285,-2.58680565381197
0.104484521804515,0,-0.147008598465336,0.98913521420342,-0.516242235496529
0.0328704528004005,0,-0.147008598465336,-0.98913521420342,7.28079971275673
3.27462065034326e-16,0,0.999688695173888,0.0249502052410641,7.23215453810653
,,0.999688695173888,-0.0249502052410641,0.559331501584807
,,0.988440961203556,0.151606286858384,-0.228830508046564
,,0.988440961203556,-0.151606286858384,-4.30303916150943
