Q,P,EigValReal,EigValImag,AGPgrad,N,toda,k,E0,lmd,period
0,0,0.986429139170812,0.164187555541669,-20614.7795043046,2,3.93999999999996,1,1,2.12923284390265e-15,1.32879999999987
0.886412750614634,0,0.986429139170812,-0.164187555541669,-8.82721496476769
0.254000435337668,0,0.95707253557324,0.289848515006387,147.161801665194
-8.7965131705655e-18,0,0.95707253557324,-0.289848515006387,412.816094694418
