Q,P,EigValReal,EigValImag,AGPgrad,N,toda,k,E0,lmd,period
0,0,0.988952782695954,0.148230879367116,-17037.305572174,2,3.85999999999996,1,1,5.7339494251899e-15,1.37969999999986
0.890664624776768,0,0.988952782695954,-0.148230879367116,-8.63691777768942
0.254561754206528,0,0.951459505160456,0.307773959327041,130.482585156612
-8.97807782219953e-18,0,0.951459505160456,-0.307773959327041,362.126866855729
