Q,P,EigValReal,EigValImag,AGPgrad,N,toda,k,E0,lmd,period
0,0,-0.99979477096037,0.0202587255341963,1.08266717856254,4,0.34,1,1,7.54803922649345e-14,9.70539999999072
1.95626516826865,0,-0.99979477096037,-0.0202587255341963,0.640568550410985
0.460658212708748,0,0.465675001833678,0.88495581396316,0.377677106616134
0.0980494013708123,0,0.465675001833678,-0.88495581396316,-0.556017940986761
0.0155036317411651,0,0.999988066545869,0.00488536240714284,-1.22156847665969
-4.75382724611975e-17,0,0.999988066545869,-0.00488536240714284,-1.06092882246354
,,0.930074898420296,0.367369954308287,1.17171823233227
,,0.930074898420296,-0.367369954308287,-0.119748488744003
