Q,P,EigValReal,EigValImag,AGPgrad,N,toda,k,E0,lmd,period
0,0,0.999064396785609,0.043247324487748,-38.8166805150281,3,2,1,1,2.14914295504242e-14,4.29610000000333
1.14682697532292,0,0.999064396785609,-0.043247324487748,-2.02185942087417
0.388616392966692,0,-0.290550127996151,0.956859771921368,1.38854947462468
0.125623486448946,0,-0.290550127996151,-0.956859771921368,1.84656717485976
4.77240961591523e-17,0,-0.996203339470792,0.0870569148730549,4.28541219239723
,,-0.996203339470792,-0.0870569148730549,2.20729230615099
