Q,P,EigValReal,EigValImag,AGPgrad,N,toda,k,E0,lmd,period
0,0,-0.965962631771627,0.258681646084214,24.2931237836269,3,1.04,1,1,1.84411087806256e-14,6.35659999999852
1.34856293335957,0,-0.965962631771627,-0.258681646084214,3.89192990793654
0.39577175639767,0,0.999679394030389,0.0253201333136581,4.91658869637702
0.102946840513745,0,0.999679394030389,-0.0253201333136581,-5.17046194676105
5.03766983005814e-17,0,0.913094408072052,0.407748209005958,-5.6867904127689
,,0.913094408072052,-0.407748209005958,3.34491075759426
