Q,P,EigValReal,EigValImag,AGPgrad,N,toda,k,E0,lmd,period
0,0,0.99687050364594,0.0790518751250875,78.6657555023181,4,2.12,1,1,2.2669364453294e-14,5.01720000000165
1.23660861465888,0,0.99687050364594,-0.0790518751250875,-0.893047798228805
0.481792652914894,0,-0.848579452595592,0.529067965986,3.64256904022232
0.208364522480127,0,-0.848579452595592,-0.529067965986,2.42325910396618
0.0767432905679854,0,-0.418781764934468,0.908086908483095,-2.1796528937334
-1.25346571483868e-17,0,-0.418781764934468,-0.908086908483095,-3.27262905776454
,,0.118147891651124,0.992996009910617,-1.55903567244616
,,0.118147891651124,-0.992996009910617,-2.55837255206194
