Q,P,EigValReal,EigValImag,AGPgrad,N,toda,k,E0,lmd,period
0,0,0.99101838173524,0.13372571578802,-2756.06785282065,5,3.76999999999996,1,1,1.55265992906825e-13,2.89640000000169
1.12597374760522,0,0.99101838173524,-0.13372571578802,-16.8024574330092
0.488906333703734,0,0.644604052320121,0.764516589573091,1.59411272264523
0.255744536700039,0,0.644604052320121,-0.764516589573091,0.414271730853865
0.132353447843209,0,-0.0844405688547526,0.996428517421845,0.413628620183736
0.0562311644228171,0,-0.0844405688547526,-0.996428517421845,12.9782446763342
2.14183892883577e-16,0,-0.64993751680484,0.759987647432231,41.5382594820016
,,-0.64993751680484,-0.759987647432231,33.3417227163624
,,-0.894553532791064,0.446960822635554,20.5336931926538
,,-0.894553532791064,-0.446960822635554,9.81363339505478
