Q,P,EigValReal,EigValImag,AGPgrad,N,toda,k,E0,lmd,period
0,0,-0.156768771478434,0.987635333657703,-889.139119409167,3,2.95999999999998,1,1,2.34242163284298e-13,2.8082000000015
1.03537388969129,0,-0.156768771478434,-0.987635333657703,-6.91218496231685
0.37034816884433,0,0.997615458795162,0.0690173628365147,0.583176157625481
0.129214489085275,0,0.997615458795162,-0.0690173628365147,12.9280550884006
4.5369381023135e-17,0,0.542044254524425,0.840349942665001,34.5676772480126
,,0.542044254524425,-0.840349942665001,17.2566590785655
