Q,P,EigValReal,EigValImag,AGPgrad,N,toda,k,E0,lmd,period
0,0,0.99392358863109,0.110072248830758,-5022.79988463867,2,3.35999999999997,1,1,6.34445828408374e-13,1.74599999999982
0.919577642907895,0,0.99392358863109,-0.110072248830758,-6.50659427402034
0.257912252350768,0,0.89514177556861,0.445781562687246,60.8503148927264
-1.03116821554763e-17,0,0.89514177556861,-0.445781562687246,157.116986563084
