Q,P,EigValReal,EigValImag,AGPgrad,N,toda,k,E0,lmd,period
0,0,-0.529435292731426,0.848350323162773,0.316875705520996,5,0.06,1,1,4.43233554041881e-15,12.1117999999851
2.69019925248906,0,-0.529435292731426,-0.848350323162773,0.0528572417062835
0.213439522768437,0,-0.149442897540893,0.988770357754817,-0.136339287624576
0.0151800517783008,0,-0.149442897540893,-0.988770357754817,0.065050679600615
0.000911029009213027,0,-0.162994353209751,0.986627001871387,0.195947080993943
3.91144768127627e-05,0,-0.162994353209751,-0.986627001871387,-1.85752989806408
7.70411567222257e-16,0,0.898611018497694,0.438746210735237,-1.66157178787092
,,0.898611018497694,-0.438746210735237,0.15510681372691
,,0.999999253853308,0.00122159438015729,1.6673440663985
,,0.999999253853308,-0.00122159438015729,1.55662855324272
