Q,P,EigValReal,EigValImag,AGPgrad,N,toda,k,E0,lmd,period
0,0,0.99990637708969,0.0136834591893329,0.813532360589603,2,0.62,1,1,1.51637169626864e-14,5.66350000000014
1.26846299947182,0,0.99990637708969,-0.0136834591893329,0.0794415025844671
0.198344243621246,0,-0.861786777645004,0.507270686986952,-0.192413979966116
-4.76148978595726e-17,0,-0.861786777645004,-0.507270686986952,0.718733025129525
