Q,P,EigValReal,EigValImag,AGPgrad,N,toda,k,E0,lmd,period
0,0,0.996881732824817,0.0789101435821709,35.7109016834076,4,2.28,1,1,1.88765871745983e-14,4.68120000000243
1.21158523496528,0,0.996881732824817,-0.0789101435821709,-2.06879609056103
0.475619305436874,0,-0.974883712114111,0.222714498528072,2.98591375341105
0.208221218483484,0,-0.974883712114111,-0.222714498528072,1.77193721894306
0.0777500805991589,0,-0.248993344713593,0.968505195798314,-0.714803180429371
-1.16846038939877e-17,0,-0.248993344713593,-0.968505195798314,-0.63382707646499
,,-0.310608217908282,0.950538023946357,-0.162085399505362
,,-0.310608217908282,-0.950538023946357,-1.65988548112443
