Q,P,EigValReal,EigValImag,AGPgrad,N,toda,k,E0,lmd,period
0,0,-0.841725304564309,0.539906021133425,-45.611356756245,3,0.890000000000001,1,1,9.52820695043908e-15,6.70799999999771
1.39823540407967,0,-0.841725304564309,-0.539906021133425,-17.8145649928987
0.391103378435794,0,0.999848272333063,0.0174193086134741,-12.6928587635267
0.094623239493671,0,0.999848272333063,-0.0174193086134741,17.4971737148959
5.10072001784767e-17,0,0.995103529033854,0.098838082257618,21.6604098783835
,,0.995103529033854,-0.098838082257618,-12.5136792427007
