Q,P,EigValReal,EigValImag,AGPgrad,N,toda,k,E0,lmd,period
0,0,0.999164572434016,0.0408675567259962,-11.2505715320843,5,1.16,1,0.999999999999999,4.39705354402941e-15,8.83129999999276
1.59070272515465,0,0.999164572434016,-0.0408675567259962,-3.77715085873261
0.626051270311,0,0.788573113005445,0.61494100972767,0.189648508567699
0.278740954286688,0,0.788573113005445,-0.61494100972767,-0.213979241823897
0.116752961254018,0,0.19802273476866,0.980197427314896,-1.87032276843182
0.0401533097720107,0,0.19802273476866,-0.980197427314896,2.00384074985444
3.02631118083852e-16,0,-0.869538212469467,0.493865667014231,2.24102628908616
,,-0.869538212469467,-0.493865667014231,2.16747720146504
,,-0.993482043925706,0.113988720482366,0.0370396366976876
,,-0.993482043925706,-0.113988720482366,-0.197908474999844
