Q,P,EigValReal,EigValImag,AGPgrad,N,toda,k,E0,lmd,period
0,0,0.227125754367102,0.973865438191122,-2270.8985973253,3,3.34999999999997,1,1,8.10535658058447e-13,2.35780000000055
1.00182775691318,0,0.227125754367102,-0.973865438191122,-9.50051780985268
0.363254399768175,0,0.997138360862469,0.0755982096117238,0.449824905694282
0.129065729668885,0,0.997138360862469,-0.0755982096117238,22.5698672875335
4.44924566291653e-17,0,0.714649592803917,0.69948263702911,65.6365096547096
,,0.714649592803917,-0.69948263702911,32.7730806927114
