Q,P,EigValReal,EigValImag,AGPgrad,N,toda,k,E0,lmd,period
0,0,0.999689282496764,0.0249266616510506,-0.895910339844869,4,0.890000000000001,1,1,6.37400026843282e-15,8.23019999999416
1.56761951691652,0,0.999689282496764,-0.0249266616510506,-2.03447328837068
0.530295164634751,0,0.453917307595629,0.891043813661897,-0.371544341556311
0.183022220521755,0,0.453917307595629,-0.891043813661897,-0.729640052626076
0.0513548047207783,0,-0.642290621552591,0.766461191102069,1.22003758202263
-2.66878834307872e-17,0,-0.642290621552591,-0.766461191102069,1.68402157546485
,,-0.984109188985409,0.177564366229474,0.594778728225479
,,-0.984109188985409,-0.177564366229474,-0.557038128948578
