Q,P,EigValReal,EigValImag,AGPgrad,N,toda,k,E0,lmd,period
0,0,0.367549451295303,0.930003978944453,-3418.71919927401,3,3.52999999999997,1,1,2.38817903512925e-14,2.17510000000017
0.987875654473609,0,0.367549451295303,-0.930003978944453,-10.8232864351929
0.360109501671572,0,0.996801648318009,0.0799154172268029,0.409707509201099
0.128847471232619,0,0.996801648318009,-0.0799154172268029,28.784845418389
4.41053244138991e-17,0,0.771474569964991,0.63626015740208,86.6726928643612
,,0.771474569964991,-0.63626015740208,43.2396138331955
