Q,P,EigValReal,EigValImag,AGPgrad,N,toda,k,E0,lmd,period
0,0,0.999292743755692,0.0376033546001574,9.10759276707103,3,1.55,1,1,2.2187343795666e-14,5.20050000000122
1.2234431125274,0,0.999292743755692,-0.0376033546001574,-0.370150084564874
0.395728856523296,0,-0.794665492894282,0.607047571779249,2.10424689471911
0.11936484233248,0,-0.794665492894282,-0.607047571779249,-0.501512802881544
4.88891364670368e-17,0,-0.397686079612605,0.917521543116223,0.0853785622795662
,,-0.397686079612605,-0.917521543116223,0.863778300696777
