Q,P,EigValReal,EigValImag,AGPgrad,N,toda,k,E0,lmd,period
0,0,0.999959613711488,0.00898726576677307,2.830792151549,5,0.39,1,0.999999999999999,3.07995337837606e-14,11.4008999999868
2.13396746584728,0,0.999959613711488,-0.00898726576677307,-0.515638548586417
0.640347305785542,0,0.51513971880326,0.857106218686628,-0.592720386676397
0.194322227562984,0,0.51513971880326,-0.857106218686628,0.0839556876634013
0.0512265423277493,0,0.601073650303154,0.799193635429637,0.446200436924288
0.0104849478575539,0,0.601073650303154,-0.799193635429637,-0.501948977245015
4.37787820353277e-16,0,-0.890958570904523,0.454084601073165,0.107712286832161
,,-0.890958570904523,-0.454084601073165,-0.36762260504674
,,-0.998637337594806,0.0521868562147102,-0.354788801889768
,,-0.998637337594806,-0.0521868562147102,0.359044413792195
