Q,P,EigValReal,EigValImag,AGPgrad,N,toda,k,E0,lmd,period
0,0,-0.112745937867279,0.993623849097039,-982.806375710212,3,2.99999999999998,1,1,8.65194345584931e-14,2.7583000000014
1.03169804143271,0,-0.112745937867279,-0.993623849097039,-7.16604610932914
0.369604156931391,0,0.999647037946219,0.0265668877631678,0.565720489639425
0.129224729338392,0,0.999647037946219,-0.0265668877631678,13.7223921397293
4.52770607632048e-17,0,0.563434927515868,0.826160445951746,37.0238028152684
,,0.563434927515868,-0.826160445951746,18.4898363749134
