Q,P,EigValReal,EigValImag,AGPgrad,N,toda,k,E0,lmd,period
0,0,0.993685221244305,0.112203748068429,-3731.86876282495,4,3.74999999999996,1,1,2.81047278656362e-14,2.45200000000075
1.05176923156718,0,0.993685221244305,-0.112203748068429,-15.4300551134328
0.430136481071008,0,0.720627834608075,0.693322092528495,0.609586700205925
0.200824877849152,0,0.720627834608075,-0.693322092528495,0.367873850148746
0.0803290738466469,0,-0.274974721155234,0.9614514562502,21.2080067126017
-7.15345045627276e-18,0,-0.274974721155234,-0.9614514562502,68.5222468593216
,,0.154682400767352,0.987964247780688,46.9962360073083
,,0.154682400767352,-0.987964247780688,22.6246786024062
