Q,P,EigValReal,EigValImag,AGPgrad,N,toda,k,E0,lmd,period
0,0,0.997739196212978,0.0672048833066814,-2281.85724020655,2,3.04999999999998,1,1,9.90099325357302e-13,2.02049999999984
0.939894529172596,0,0.997739196212978,-0.0672048833066814,-5.27840526622137
0.259755326759819,0,0.831124520872443,0.556086351931597,37.4740997662109
-1.13572441058918e-17,0,0.831124520872443,-0.556086351931597,91.9194415523478
