Q,P,EigValReal,EigValImag,AGPgrad,N,toda,k,E0,lmd,period
0,0,0.706954529836105,0.707258999761911,18.8151726334629,3,1.15,1,1,1.43350518280936e-14,6.09969999999912
1.31661828955785,0,0.706954529836105,-0.707258999761911,1.76485686202521
0.397277966957882,0,0.999773561868245,0.0212796848965557,3.38827153260158
0.10780191938529,0,0.999773561868245,-0.0212796848965557,-2.94072670668099
5.0007232402159e-17,0,-0.998945732976108,0.045906672377853,-3.01913460168376
,,-0.998945732976108,-0.045906672377853,1.82471524124412
