Q,P,EigValReal,EigValImag,AGPgrad,N,toda,k,E0,lmd,period
0,0,-0.443161575713977,0.896441753718948,-4.23085168183495,5,0.860000000000001,1,1,1.00927284875724e-14,9.86039999999036
1.73253572206737,0,-0.443161575713977,-0.896441753718948,-2.79604795775211
0.649851753874817,0,-0.207916896437836,0.978146494230632,-1.54549038375133
0.268468646760455,0,-0.207916896437836,-0.978146494230632,-0.819820614014787
0.101976170388494,0,0.0606370579753432,0.998159880580314,-0.529783114959517
0.0315090700218389,0,0.0606370579753432,-0.998159880580314,2.33641368846556
3.32250145699166e-16,0,0.99989051012609,0.0147975592518286,2.09736700676232
,,0.99989051012609,-0.0147975592518286,0.463833259127547
,,0.923472004773535,0.383665813436058,0.145705529895406
,,0.923472004773535,-0.383665813436058,-1.66161718609055
