Q,P,EigValReal,EigValImag,AGPgrad,N,toda,k,E0,lmd,period
0,0,-0.816846056803034,0.576855718083232,0.246872269010936,3,0.11,1,1,7.10912193573125e-15,8.1681999999943
1.82009853316436,0,-0.816846056803034,-0.576855718083232,-0.0928000941921153
0.126333075053964,0,0.528546196038955,0.848904540365258,0.129741160311515
0.00593714204888679,0,0.528546196038955,-0.848904540365258,-0.83643066886972
7.86112966948404e-17,0,0.999999544877044,0.00095406797148628,0.123673243483265
,,0.999999544877044,-0.00095406797148628,0.720494558724126
