Q,P,EigValReal,EigValImag,AGPgrad,N,toda,k,E0,lmd,period
0,0,0.683619914874887,0.729838209459086,18.5669585056655,3,1.16,1,1,2.77159326811412e-14,6.07649999999918
1.31387659317282,0,0.683619914874887,-0.729838209459086,1.65926503414823
0.397355837807459,0,0.999573173413049,0.0292142258673751,3.31780747367647
0.108198875723625,0,0.999573173413049,-0.0292142258673751,-2.82858284532713
4.99759817058749e-17,0,-0.999640191898841,0.0268232499977232,-2.88489018300365
,,-0.999640191898841,-0.0268232499977232,1.75201649877824
