Q,P,EigValReal,EigValImag,AGPgrad,N,toda,k,E0,lmd,period
0,0,0.996537235469054,0.0831476898278705,-611.326860586252,2,2.55999999999999,1,1,1.18191551945255e-14,2.54220000000094
0.976915800331463,0,0.996537235469054,-0.0831476898278705,-3.55356893340354
0.261897478593243,0,0.645618067727274,0.763660468155891,16.931754030229
-1.35204510339491e-17,0,0.645618067727274,-0.763660468155891,37.8288346694576
