Q,P,EigValReal,EigValImag,AGPgrad,N,toda,k,E0,lmd,period
0,0,0.307989922967909,0.951389619109968,-1713.55565996307,3,3.44999999999997,1,1,4.18859318076705e-14,2.25450000000033
0.993970090354278,0,0.307989922967909,-0.951389619109968,-10.7952310615555
0.361496556449815,0,0.992846586078985,0.119397054030969,4.10439299136
0.12895374552396,0,0.992846586078985,-0.119397054030969,15.5836199667823
4.42760294074253e-17,0,0.747705837867525,0.664030104753396,51.5920155776336
,,0.747705837867525,-0.664030104753396,11.0720497945026
