Q,P,EigValReal,EigValImag,AGPgrad,N,toda,k,E0,lmd,period
0,0,-0.737917039299744,0.674891430610201,-5.39888231321977,3,0.81,1,1,3.53698250188457e-15,6.89399999999727
1.42819896885352,0,-0.737917039299744,-0.674891430610201,-4.53424300053836
0.386800732376476,0,0.999870640833441,0.0160842034090718,-2.26955890536611
0.0892018165291724,0,0.999870640833441,-0.0160842034090718,3.66218746767067
5.14511944203134e-17,0,0.927570002754826,0.373649421235192,5.03538911234343
,,0.927570002754826,-0.373649421235192,-2.838904360278
