Q,P,EigValReal,EigValImag,AGPgrad,N,toda,k,E0,lmd,period
0,0,-0.104209802014062,0.994555336401246,-4083.22117215122,4,3.91999999999996,1,1,4.38340813648725e-14,2.27560000000038
1.03844183777305,0,-0.104209802014062,-0.994555336401246,-19.9277530190725
0.425921193205547,0,0.989724953379163,0.142984323121622,4.47769059114305
0.199733405404588,0,0.989724953379163,-0.142984323121622,0.516628711438418
0.0802492427270139,0,0.768735473400422,0.639566862756223,20.1178237792089
-6.84430859590697e-18,0,0.768735473400422,-0.639566862756223,72.7178869423632
,,0.284628253074589,0.95863797001355,37.3801548247682
,,0.284628253074589,-0.95863797001355,17.4750838517123
