Q,P,EigValReal,EigValImag,AGPgrad,N,toda,k,E0,lmd,period
0,0,-0.695347951798557,0.718673240026054,690.994703689532,5,1.99,1,1,2.04159780623621e-14,6.29099999999868
1.35950261755021,0,-0.695347951798557,-0.718673240026054,20.8153292399455
0.566839578723241,0,-0.260797064527653,0.965393645687483,4.248229495535
0.277391336331748,0,-0.260797064527653,-0.965393645687483,17.1507677053067
0.131808206421221,0,0.615181681459771,0.788385374544916,0.22599366412828
0.0516734593313679,0,0.615181681459771,-0.788385374544916,-20.6127594737238
2.57943023881536e-16,0,0.999053817944011,0.0434910203542115,-25.2600027589581
,,0.999053817944011,-0.0434910203542115,-10.3556653921383
,,0.98668408626554,0.162648436544461,-34.732987562183
,,0.98668408626554,-0.162648436544461,-2.00676690341711
