Q,P,EigValReal,EigValImag,AGPgrad,N,toda,k,E0,lmd,period
0,0,0.558051845193963,0.829806084621956,-6742.41707578105,3,3.83999999999996,1,1,2.37972925969035e-14,1.89349999999981
0.965724000583625,0,0.558051845193963,-0.829806084621956,-13.3132733136039
0.354893363546198,0,0.996143817454011,0.0877353688554414,0.363116683928514
0.128319864540981,0,0.996143817454011,-0.0877353688554414,43.1654305636007
4.3464450508101e-17,0,0.844530486946825,0.535507475781021,137.231716951051
,,0.844530486946825,-0.535507475781021,68.3372326443347
