Q,P,EigValReal,EigValImag,AGPgrad,N,toda,k,E0,lmd,period
0,0,0.997088912750086,0.07624762337903,-82.4013853309879,4,2.54999999999999,1,1,2.34539378342322e-14,4.16040000000364
1.17394064934023,0,0.997088912750086,-0.07624762337903,-3.99765639880799
0.465814502077762,0,0.0174739028782624,0.999847319703466,2.20979971771562
0.207471214236189,0,0.0174739028782624,-0.999847319703466,1.1346726784104
0.0789581500628841,0,-0.963208944764869,0.268753658068053,1.63457619322102
-1.04773215462981e-17,0,-0.963208944764869,-0.268753658068053,4.38577245396327
,,-0.821521568109755,0.570177440039944,3.01561581149006
,,-0.821521568109755,-0.570177440039944,0.207644130074906
