Q,P,EigValReal,EigValImag,AGPgrad,N,toda,k,E0,lmd,period
0,0,-0.751514108662982,0.659717018486339,0.195115155646619,4,0.05,1,1,3.99809054011785e-15,10.1532999999897
2.27357307767485,0,-0.751514108662982,-0.659717018486339,-0.0421799748623722
0.11166112039617,0,0.80781670231543,0.589433775296447,-0.0297775081657719
0.00453578179478814,0,0.80781670231543,-0.589433775296447,0.144011723861021
0.000128422637947101,0,0.894637324533133,0.446793081361177,-1.39664454459785
-8.12491728936679e-17,0,0.894637324533133,-0.446793081361177,-0.731254021817333
,,0.999999737841027,0.000724097961708652,0.848699261959263
,,0.999999737841027,-0.000724097961708652,1.26327131547373
