Q,P,EigValReal,EigValImag,AGPgrad,N,toda,k,E0,lmd,period
0,0,0.997817852953775,0.0660267546283942,-152.770634520074,3,2.33999999999999,1,1,5.90779779200535e-14,3.70170000000339
1.10124062355476,0,0.997817852953775,-0.0660267546283942,-3.5150146121168
0.382194641078286,0,0.0752143689048294,0.997167387508355,1.00152693593174
0.127875352709769,0,0.0752143689048294,-0.997167387508355,4.44974119271415
4.6863873973483e-17,0,-0.851272255482127,0.524724258107415,10.3399411631674
,,-0.851272255482127,-0.524724258107415,5.10263480841374
