Q,P,EigValReal,EigValImag,AGPgrad,N,toda,k,E0,lmd,period
0,0,0.999806199688401,0.0196866214632484,-19.297224018505,4,1.05,1,1,3.10773124813765e-15,7.76789999999523
1.50043112840597,0,0.999806199688401,-0.0196866214632484,-5.17718088815841
0.526382368531071,0,0.872829013525617,0.488026139820287,-1.48853435370622
0.192180362465213,0,0.872829013525617,-0.488026139820287,-2.44730199114616
0.0578000531510563,0,-0.853798039342107,0.520604368033505,4.2999492505737
-2.34769388801342e-17,0,-0.853798039342107,-0.520604368033505,5.4280484922299
,,-0.837367140417123,0.546640898716567,1.19914024796958
,,-0.837367140417123,-0.546640898716567,-1.42347624080345
