Q,P,EigValReal,EigValImag,AGPgrad,N,toda,k,E0,lmd,period
0,0,0.999901818025388,0.0140126481978748,-64.1250819159122,2,1.83,1,1,9.95228950384617e-15,3.54830000000306
1.04861262601368,0,0.999901818025388,-0.0140126481978748,-1.52367318700619
0.260825481388478,0,0.0255484017729403,0.999673586310473,4.53642089999993
-1.88171629731356e-17,0,0.0255484017729403,-0.999673586310473,8.73868424596438
