Q,P,EigValReal,EigValImag,AGPgrad,N,toda,k,E0,lmd,period
0,0,-0.870169767314361,0.492752043173908,-125.007257592323,5,1.78,1,1,3.89486302076926e-13,6.87549999999731
1.40460979052301,0,-0.870169767314361,-0.492752043173908,-6.1630749280601
0.580028208187423,0,-0.212220580470351,0.977221789168056,-0.303987959427332
0.279333082354834,0,-0.212220580470351,-0.977221789168056,-5.40785296306049
0.129935484989109,0,0.276601190159513,0.960984797799803,1.00854294843248
0.0498672643101202,0,0.276601190159513,-0.960984797799803,5.33342653783469
2.66466923134413e-16,0,0.998126656594761,0.0611815118716789,5.73975462895437
,,0.998126656594761,-0.0611815118716789,4.13061909632515
,,0.834449770839563,0.551084004436521,7.52004673428712
,,0.834449770839563,-0.551084004436521,1.25409866098517
