Q,P,EigValReal,EigValImag,AGPgrad,N,toda,k,E0,lmd,period
0,0,-0.975546803848273,0.219791795800979,-25.3027445417612,5,0.57,1,1,4.12935729041466e-13,10.8415999999881
1.93956306910939,0,-0.975546803848273,-0.219791795800979,-62.045259607919
0.661508053790123,0,0.155803547377595,0.987788061592439,-33.8914442354611
0.238079089482591,0,0.155803547377595,-0.987788061592439,-4.37171286030438
0.0762823702989874,0,-0.55169453042948,0.834046248774139,33.0313195445424
0.0194657664779125,0,-0.55169453042948,-0.834046248774139,44.4130102741224
3.81374447478505e-16,0,0.999971378756511,0.00756582234801342,69.2293579074226
,,0.999971378756511,-0.00756582234801342,-18.505908084751
,,0.99986600036884,0.016370134588188,-35.9962639909407
,,0.99986600036884,-0.016370134588188,17.361062658703
