Q,P,EigValReal,EigValImag,AGPgrad,N,toda,k,E0,lmd,period
0,0,0.520227729520045,0.854027581193033,-3426.16829135581,3,3.76999999999996,1,1,1.06671170865471e-13,1.9536999999998
0.970536802083674,0,0.520227729520045,-0.854027581193033,-13.4788426525264
0.356048297509697,0,0.98825305848166,0.152826347210094,5.34923264197065
0.128452662560618,0,0.98825305848166,-0.152826347210094,23.3657817672445
4.36064111328677e-17,0,0.83035432270565,0.557235765869391,84.5160745090057
,,0.83035432270565,-0.557235765869391,15.8270484854957
