Q,P,EigValReal,EigValImag,AGPgrad,N,toda,k,E0,lmd,period
0,0,-0.985712833215861,0.168434587996556,8.79135176582809,4,1.44,1,1,5.90988188414338e-13,6.67519999999778
1.37700463901606,0,-0.985712833215861,-0.168434587996556,-0.189712842727537
0.510665419686513,0,0.999353545988231,0.0359512186265931,0.267746143421137
0.203773208528768,0,0.999353545988231,-0.0359512186265931,0.505686264983953
0.0683054028114253,0,0.696770526258884,0.717294105466457,-0.37029819990184
-1.79586040260074e-17,0,0.696770526258884,-0.717294105466457,0.0926674518240818
,,0.645027476525662,0.764159377700062,0.738424985249365
,,0.645027476525662,-0.764159377700062,0.78123861553177
