Q,P,EigValReal,EigValImag,AGPgrad,N,toda,k,E0,lmd,period
0,0,-0.998785615843789,0.0492675713176943,32.2294746105366,4,1.37,1,1,9.09980122391008e-13,6.86539999999734
1.39598344350457,0,-0.998785615843789,-0.0492675713176943,1.73825048206074
0.513728787690693,0,0.403834622879934,0.914832004995142,1.38521345522279
0.202445418909332,0,0.403834622879934,-0.914832004995142,2.05277845539284
0.0668445741710694,0,0.99992094433669,0.0125739841273359,-2.63120576883075
-1.87680150869856e-17,0,0.99992094433669,-0.0125739841273359,-3.00320308640682
,,0.83650294506415,0.547962428364403,-0.0347517907460442
,,0.83650294506415,-0.547962428364403,0.728873035263106
