Q,P,EigValReal,EigValImag,AGPgrad,N,toda,k,E0,lmd,period
0,0,0.994584995768571,0.103926349844175,-4739.68500443848,4,3.85999999999996,1,1,1.21340283872096e-14,2.33630000000051
1.04306188158155,0,0.994584995768571,-0.103926349844175,-16.765806475787
0.42738938565213,0,0.752761808971401,0.658292988686739,0.544855372816368
0.200119591815178,0,0.752761808971401,-0.658292988686739,0.354103436162743
0.0802818636115987,0,-0.163089394091587,0.986611296070974,24.4934272924235
-6.95031184457623e-18,0,-0.163089394091587,-0.986611296070974,80.9469880465495
,,0.240748100834839,0.97058763228492,55.3922647692162
,,0.240748100834839,-0.97058763228492,26.7969213454223
