Q,P,EigValReal,EigValImag,AGPgrad,N,toda,k,E0,lmd,period
0,0,-0.54891845156958,0.835875907971064,0.443051049168819,2,0.4,1,1,1.96359853752944e-14,5.99049999999938
1.33293579646219,0,-0.54891845156958,-0.835875907971064,0.0626717982240983
0.153693022322385,0,0.999966519059063,0.00818295551021053,-0.304770549910272
-6.16446439345411e-17,0,0.999966519059063,-0.00818295551021053,0.515320547198401
