Q,P,EigValReal,EigValImag,AGPgrad,N,toda,k,E0,lmd,period
0,0,0.99621129649266,0.0869658136311713,-174.356467371138,5,3.06999999999998,1,1,2.0225392028347e-14,3.93470000000388
1.19665724663862,0,0.99621129649266,-0.0869658136311713,-6.97984333626563
0.51401031543373,0,0.284536956865926,0.9586650719503,3.25464643238723
0.26421805356563,0,0.284536956865926,-0.9586650719503,1.53318033869226
0.133805050437828,0,-0.977003075143216,0.213225212300734,0.603858648364521
0.0557462621249134,0,-0.977003075143216,-0.213225212300734,1.66224459265903
2.27419373790753e-16,0,-0.763065910157275,0.646320676410578,5.00341820934314
,,-0.763065910157275,-0.646320676410578,4.28369139647111
,,-0.693917621967955,0.720054396502314,-0.302705198332549
,,-0.693917621967955,-0.720054396502314,-0.700098781977064
