Q,P,EigValReal,EigValImag,AGPgrad,N,toda,k,E0,lmd,period
0,0,-0.422784097252074,0.906230438194817,1.49246739514104,3,0.63,1,1,8.49409261230082e-14,7.30089999999632
1.50670548350659,0,-0.422784097252074,-0.906230438194817,-1.4152538724695
0.369496159830775,0,0.999922722157759,0.0124318024673679,-0.192590858424043
0.0738550524627354,0,0.999922722157759,-0.0124318024673679,0.476943321946429
5.30153953270151e-17,0,0.516595090125469,0.856229824789041,1.30154686677432
,,0.516595090125469,-0.856229824789041,-0.610499614380313
