Q,P,EigValReal,EigValImag,AGPgrad,N,toda,k,E0,lmd,period
0,0,0.994672423346596,0.103086227178205,194.144483625399,5,2.76999999999998,1,1,2.80806543980053e-14,4.48720000000288
1.23355239081485,0,0.994672423346596,-0.103086227178205,-3.35371099806802
0.526627339695532,0,-0.966659904951001,0.256063718945359,4.50929544325249
0.26800665622644,0,-0.966659904951001,-0.256063718945359,2.87505111277461
0.134012480423576,0,-0.678225241894658,0.734854081608678,0.888799781270948
0.0551810920569573,0,-0.678225241894658,-0.734854081608678,-2.19977297827005
2.34322522719056e-16,0,0.055086633587624,0.998481578598213,-3.99370012390908
,,0.055086633587624,-0.998481578598213,-2.79541042451786
,,-0.0493729084943895,0.998780414258708,-6.13013771572936
,,-0.0493729084943895,-0.998780414258708,-4.02787085626428
