Q,P,EigValReal,EigValImag,AGPgrad,N,toda,k,E0,lmd,period
0,0,-0.75619556639941,0.654345677266893,0.436039265806998,3,0.17,1,1,1.28112339425871e-14,8.11439999999443
1.78736490064202,0,-0.75619556639941,-0.654345677266893,-0.143248106477455
0.183748363552652,0,0.465628143479034,0.884980469841151,0.162309254067679
0.0130314108335411,0,0.465628143479034,-0.884980469841151,-0.79060909577072
7.20169504905386e-17,0,0.999997495937982,0.00223788242908351,0.162639356407844
,,0.999997495937982,-0.00223788242908351,0.595362992972286
