Q,P,EigValReal,EigValImag,AGPgrad,N,toda,k,E0,lmd,period
0,0,0.999103740392746,0.0423286656195818,29.3423471045185,4,2.29999999999999,1,1,1.53979375235032e-14,4.64060000000252
1.2086107910149,0,0.999103740392746,-0.0423286656195818,-2.21047874455553
0.474866887534632,0,-0.982930385659944,0.183977870806253,2.91657601929621
0.208185204779366,0,-0.982930385659944,-0.183977870806253,1.70928724389378
0.0778590121614191,0,-0.228161766057205,0.973623237453618,-0.542319914213365
-1.1586066693021e-17,0,-0.228161766057205,-0.973623237453618,-0.303065731604242
,,-0.359237062513768,0.933246340960671,0.0317793571327938
,,-0.359237062513768,-0.933246340960671,-1.53980113147468
