Q,P,EigValReal,EigValImag,AGPgrad,N,toda,k,E0,lmd,period
0,0,-0.792992859298639,0.609230929206127,-13.4347117739429,3,0.850000000000001,1,1,2.01161161014329e-14,6.80119999999749
1.41288255084089,0,-0.792992859298639,-0.609230929206127,-7.31251604080669
0.389146792483157,0,0.99996313401864,0.00858665264537174,-4.39649035093358
0.0920077639063579,0,0.99996313401864,-0.00858665264537174,6.54761355785211
5.12165310344259e-17,0,0.971228539744895,0.238149372421954,8.49291299968159
,,0.971228539744895,-0.238149372421954,-4.85777279749112
