Q,P,EigValReal,EigValImag,AGPgrad,N,toda,k,E0,lmd,period
0,0,0.994223164231929,0.107332659078041,-468.650727839397,4,2.93999999999998,1,1,3.15090338260011e-14,3.50440000000297
1.1275222523227,0,0.994223164231929,-0.107332659078041,-7.12102707420569
0.452920288278253,0,0.331301807956644,0.943524833825101,1.44604265007395
0.205684503537689,0,0.331301807956644,-0.943524833825101,0.676815691384494
0.0799350453632059,0,-0.649864415327341,0.7600501573523,5.7464841231102
-9.10818753116287e-18,0,-0.649864415327341,-0.7600501573523,15.3895284874717
,,-0.986361554510153,0.164593085469372,10.6070314065235
,,-0.986361554510153,-0.164593085469372,4.28940317107671
