Q,P,EigValReal,EigValImag,AGPgrad,N,toda,k,E0,lmd,period
0,0,0.998450601898081,0.0556452654715018,-3.30818226685099,4,2.38999999999999,1,1,4.92147922877774e-14,4.46210000000294
1.19561248904726,0,0.998450601898081,-0.0556452654715018,-2.84490763842274
0.471533281424443,0,-0.136413799828407,0.990651944537741,2.6345529118805
0.207980769097748,0,-0.136413799828407,-0.990651944537741,1.46312269237201
0.07830797662091,0,-0.558238048514357,0.82968083091685,0.228114057604176
-1.11617817085075e-17,0,-0.558238048514357,-0.82968083091685,1.25363200879021
,,-0.999918623972093,0.0127571718557587,0.97699838865882
,,-0.999918623972093,-0.0127571718557587,-0.969086356622231
