Q,P,EigValReal,EigValImag,AGPgrad,N,toda,k,E0,lmd,period
0,0,-0.258796313886824,0.96593191681328,-706.761426527892,3,2.86999999999998,1,1,5.40027671258143e-14,2.92370000000175
1.04386454760752,0,-0.258796313886824,-0.96593191681328,-6.36126446784085
0.372034495772979,0,0.995529137091898,0.0944549479968666,0.625792199435673
0.129165355407257,0,0.995529137091898,-0.0944549479968666,11.2744893337221
4.55790404990459e-17,0,0.490425536694585,0.871483099639817,29.5269915225388
,,0.490425536694585,-0.871483099639817,14.7262093002213
