Q,P,EigValReal,EigValImag,AGPgrad,N,toda,k,E0,lmd,period
0,0,0.999050413626275,0.0435691523118395,-594.432763458838,2,2.54999999999999,1,1,5.22326169113764e-15,2.55400000000097
0.977746514585104,0,0.999050413626275,-0.0435691523118395,-3.52811164209299
0.261926322957794,0,0.640351486061823,0.768082010138487,16.6519048245123
-1.35730683747096e-17,0,0.640351486061823,-0.768082010138487,37.1208535512104
