Q,P,EigValReal,EigValImag,AGPgrad,N,toda,k,E0,lmd,period
0,0,0.993625562616041,0.112730835692213,249.160318094542,5,2.70999999999999,1,0.999999999999999,5.66940246512976e-14,4.6065000000026
1.24154424022927,0,0.993625562616041,-0.112730835692213,-2.61128179098935
0.529313543119408,0,-0.987095814401983,0.160130737805369,4.85357121116739
0.268767551436832,0,-0.987095814401983,-0.160130737805369,3.30487078247845
0.134006705976394,0,-0.573167861582898,0.819437979622916,0.990356039354501
0.0550304152663825,0,-0.573167861582898,-0.819437979622916,-3.05179125594587
2.35817879953798e-16,0,0.00350060657569795,0.99999387285804,-5.71631728123721
,,0.00350060657569795,-0.99999387285804,-4.10031467785158
,,0.108992359629827,0.994042587388652,-7.27688838533424
,,0.108992359629827,-0.994042587388652,-4.76594315406799
