Q,P,EigValReal,EigValImag,AGPgrad,N,toda,k,E0,lmd,period
0,0,0.991050841193326,0.133484943607729,10.926458693253,5,2.93999999999998,1,1,3.32616424710942e-14,4.16540000000363
1.21205600765917,0,0.991050841193326,-0.133484943607729,-5.39533999105748
0.519318502652525,0,0.191012520099018,0.981587600352324,3.73360253965794
0.265853780279435,0,0.191012520099018,-0.981587600352324,1.99315055169765
0.133938206325221,0,-0.453574204143443,0.891218514919679,0.695336732936457
0.0555364795134484,0,-0.453574204143443,-0.891218514919679,0.0112648283420894
2.30300671613819e-16,0,-0.868020572348617,0.496528232812166,0.90698894285472
,,-0.868020572348617,-0.496528232812166,1.00994907998074
,,-0.892981611023193,0.45009314855308,-2.91827713259806
,,-0.892981611023193,-0.45009314855308,-2.12966993562377
