Q,P,EigValReal,EigValImag,AGPgrad,N,toda,k,E0,lmd,period
0,0,-0.482650869716699,0.875812844140639,0.501439999742906,5,0.09,1,1,9.85415914281636e-15,12.0803999999852
2.64482084420922,0,-0.482650869716699,-0.875812844140639,0.0668081268879156
0.303522127999403,0,-0.192881350917438,0.981222087230134,-0.184944345042762
0.0315156894107485,0,-0.192881350917438,-0.981222087230134,0.0886250346029463
0.00276239667828548,0,-0.22243230526564,0.974948136863803,0.245940526095605
0.000174362570884712,0,-0.22243230526564,-0.974948136863803,-1.76835843136285
7.13358011851953e-16,0,0.884999009172168,0.465592905620638,-1.49066361361358
,,0.884999009172168,-0.465592905620638,0.172854939394628
,,0.999998248317426,0.00187172703097988,1.44512636618039
,,0.999998248317426,-0.00187172703097988,1.33974371950481
