Q,P,EigValReal,EigValImag,AGPgrad,N,toda,k,E0,lmd,period
0,0,0.999829372680083,0.0184722907658809,0.860166510588467,2,0.75,1,1,3.36389148949262e-17,5.44370000000065
1.23402956208801,0,0.999829372680083,-0.0184722907658809,0.0556177764499205
0.215640821988751,0,-0.968488005337145,0.249060200590271,-0.0545840691403346
-4.15114165750943e-17,0,-0.968488005337145,-0.249060200590271,0.894319948311174
