Q,P,EigValReal,EigValImag,AGPgrad,N,toda,k,E0,lmd,period
0,0,0.994646754885532,0.10333360051629,-165.888131973913,4,2.66999999999999,1,1,1.41799936206519e-14,3.9469000000039
1.15876644263941,0,0.994646754885532,-0.10333360051629,-4.90333154415076
0.461694076666176,0,0.123698972815506,0.992319789243563,1.93990116798361
0.206990359538405,0,0.123698972815506,-0.992319789243563,0.953188950882609
0.0793398551048698,0,-0.892103522777537,0.451831057639798,2.7696293580863
-1.00152205028453e-17,0,-0.892103522777537,-0.451831057639798,7.17604939641436
,,-0.939408994263714,0.342798397744834,4.90888727516111
,,-0.939408994263714,-0.342798397744834,1.25753136359688
