Q,P,EigValReal,EigValImag,AGPgrad,N,toda,k,E0,lmd,period
0,0,-0.779688564273094,0.626167503741422,0.368826414591874,3,0.15,1,1,1.83116269738419e-14,8.13449999999438
1.79917755548508,0,-0.779688564273094,-0.626167503741422,-0.126055588256684
0.165757134048019,0,0.48918531930294,0.872179868707406,0.153907921038402
0.0104635650113482,0,0.48918531930294,-0.872179868707406,-0.807726488903313
7.4060256914184e-17,0,0.999997786854264,0.00210387418271729,0.151415781646563
,,0.999997786854264,-0.00210387418271729,0.639365612919488
