Q,P,EigValReal,EigValImag,AGPgrad,N,toda,k,E0,lmd,period
0,0,0.999722387781323,0.0235615654993483,0.0579265830943485,2,0.970000000000001,1,1,5.81749424994632e-15,5.04960000000157
1.18322123872138,0,0.999722387781323,-0.0235615654993483,-0.0676414742360302
0.235255617943013,0,-0.978378462447173,0.206822591172997,0.315772910561629
-3.37584198824963e-17,0,-0.978378462447173,-0.206822591172997,1.34253397442941
