Q,P,EigValReal,EigValImag,AGPgrad,N,toda,k,E0,lmd,period
0,0,0.999789351038046,0.0205244622539259,-5440.67639095085,5,4.05999999999996,1,1,1.14911579560553e-14,2.55270000000096
1.10141576063337,0,0.999789351038046,-0.0205244622539259,-21.72908318849
0.479917063123178,0,0.736897239684276,0.676004776718117,1.19257065422472
0.252445438133103,0,0.736897239684276,-0.676004776718117,0.249400177859338
0.13153498705084,0,0.158163457532973,0.987412943353095,0.392224619890039
0.0562187819701582,0,0.158163457532973,-0.987412943353095,20.0125925447791
2.09579109085156e-16,0,-0.654653265473323,0.755929296961764,68.4731297821872
,,-0.654653265473323,-0.755929296961764,54.3069209942903
,,-0.364006881017836,0.931396258620172,34.8052969341302
,,-0.364006881017836,-0.931396258620172,16.8653260962801
