Q,P,EigValReal,EigValImag,AGPgrad,N,toda,k,E0,lmd,period
0,0,0.995762958023746,0.0919572260767006,184.651151938658,5,2.77999999999998,1,1,2.28848467451363e-14,4.46760000000293
1.23224180347514,0,0.995762958023746,-0.0919572260767006,-3.47567302356794
0.526185232142718,0,-0.962427217161321,0.271539779161593,4.45570291463505
0.267879832056948,0,-0.962427217161321,-0.271539779161593,2.81091125026274
0.134011702261173,0,-0.694276985248382,0.719707904468485,0.874051454704625
0.0552048463210643,0,-0.694276985248382,-0.719707904468485,-2.06325947215987
2.34077299522626e-16,0,0.0635126941849718,0.997981030720216,-3.71187542217521
,,0.0635126941849718,-0.997981030720216,-2.57864711935294
,,-0.0752543079444148,0.997164374181006,-5.94147916430219
,,-0.0752543079444148,-0.997164374181006,-3.91015511340237
