Q,P,EigValReal,EigValImag,AGPgrad,N,toda,k,E0,lmd,period
0,0,0.989781441841526,0.142592767650179,-1662.62330544915,4,3.39999999999997,1,1,2.48373179682894e-14,2.86070000000161
1.08173504201344,0,0.989781441841526,-0.142592767650179,-11.5147487393517
0.4393935508824,0,0.589574616558394,0.807713916872808,0.880177567806494
0.203025421194792,0,0.589574616558394,-0.807713916872808,0.443826899658543
0.0803478225055151,0,-0.643376401510455,0.765550002272517,12.9468470803762
-7.88602348798479e-18,0,-0.643376401510455,-0.765550002272517,38.6806172080448
,,-0.165695613904915,0.986176943318317,26.6861095521946
,,-0.165695613904915,-0.986176943318317,12.4812824294461
