Q,P,EigValReal,EigValImag,AGPgrad,N,toda,k,E0,lmd,period
0,0,0.999818827781139,0.0190344848716842,2.92480322726235,4,0.69,1,1,1.4213015843377e-13,8.80209999999282
1.67318304922261,0,0.999818827781139,-0.0190344848716842,-0.580080667703886
0.528565336055873,0,-0.408901697355239,0.912578436026179,0.0441179418946444
0.164896707973063,0,-0.408901697355239,-0.912578436026179,-0.330832589913101
0.0408619321380595,0,-0.267618847028184,0.963524858379521,-0.130950903856511
-3.19419339514179e-17,0,-0.267618847028184,-0.963524858379521,0.202477153656642
,,-0.288028604431353,0.957621805844737,0.445723290420191
,,-0.288028604431353,-0.957621805844737,-0.16461431051121
