Q,P,EigValReal,EigValImag,AGPgrad,N,toda,k,E0,lmd,period
0,0,0.992405619487254,0.123008481049502,-1295.78368131529,4,3.29999999999997,1,1,5.35264615508794e-14,2.98970000000188
1.09100675447738,0,0.992405619487254,-0.123008481049502,-10.496152788478
0.442194539332492,0,0.542671669470198,0.839944914357155,0.979295569122689
0.203633717828394,0,0.542671669470198,-0.839944914357155,0.478152716527066
0.0803078127464737,0,-0.742137996793673,0.670247113917756,11.0866445433795
-8.1233490934074e-18,0,-0.742137996793673,-0.670247113917756,32.3336995178487
,,-0.268285177733993,0.963339536927803,22.3349452359119
,,-0.268285177733993,-0.963339536927803,10.288900935388
