Q,P,EigValReal,EigValImag,AGPgrad,N,toda,k,E0,lmd,period
0,0,0.9999804907913,0.00624644193220344,2.83886156630825,4,0.71,1,1,2.15994473312631e-13,8.74569999999296
1.66126510579503,0,0.9999804907913,-0.00624644193220344,-0.68151639800157
0.529289484513893,0,-0.495791443202077,0.868441618560277,0.017160238192736
0.167158301993191,0,-0.495791443202077,-0.868441618560277,-0.341706198921128
0.0420481172287226,0,-0.213434395505134,0.976957398669631,-0.0366934397581051
-3.13374012141752e-17,0,-0.213434395505134,-0.976957398669631,0.298860045174713
,,-0.309205685631499,0.950995186093572,0.446700049344069
,,-0.309205685631499,-0.950995186093572,-0.1868485906594
