Q,P,EigValReal,EigValImag,AGPgrad,N,toda,k,E0,lmd,period
0,0,-0.989824878474587,0.142290934190348,20.4497348111379,3,1.1,1,1,1.41831440202595e-14,6.21619999999885
1.33071985955074,0,-0.989824878474587,-0.142290934190348,2.43956079195316
0.396750640612676,0,0.9998045518951,0.0197701292317945,3.85419403491736
0.105710119582419,0,0.9998045518951,-0.0197701292317945,-3.65216436486658
5.01686820514654e-17,0,0.813175214945157,0.582018959999489,-3.86966375777971
,,0.813175214945157,-0.582018959999489,2.29946550803178
