Q,P,EigValReal,EigValImag,AGPgrad,N,toda,k,E0,lmd,period
0,0,0.991521008920537,0.129946484635574,-696.042080388938,4,3.06999999999998,1,1,6.14063181256656e-14,3.30910000000256
1.11372478279764,0,0.991521008920537,-0.129946484635574,-8.280103537557
0.448925644638595,0,0.415810594108733,0.909451235540947,1.25596600028809
0.204974976128458,0,0.415810594108733,-0.909451235540947,0.588254846630987
0.0801164949464507,0,-0.513315729838176,0.858199837742181,7.46088993865351
-8.72661009611731e-18,0,-0.513315729838176,-0.858199837742181,20.584309542352
,,-0.926710199647089,0.375776803262349,14.2139507000347
,,-0.926710199647089,-0.375776803262349,6.15594042283491
