Q,P,EigValReal,EigValImag,AGPgrad,N,toda,k,E0,lmd,period
0,0,0.999840002700916,0.0178876772946709,1.41583499112134,4,0.820000000000001,1,1,8.10174333381792e-13,8.43199999999369
1.60139191420862,0,0.999840002700916,-0.0178876772946709,-1.38858663249883
0.530851287563228,0,0.204842032107282,0.978795045901928,-0.178400330233177
0.177702630177616,0,0.204842032107282,-0.978795045901928,-0.495153471241138
0.0480174738885001,0,-0.522910783915162,0.852387418997501,0.616280259778836
-2.83434504095232e-17,0,-0.522910783915162,-0.852387418997501,0.997648688748151
,,-0.869455119206709,0.49401193880842,0.503292619532735
,,-0.869455119206709,-0.49401193880842,-0.370746397944553
