Q,P,EigValReal,EigValImag,AGPgrad,N,toda,k,E0,lmd,period
0,0,0.99904625432635,0.0436644216321754,-133.383871024674,3,2.29999999999999,1,1,4.43613551671322e-14,3.76760000000353
1.10618482017857,0,0.99904625432635,-0.0436644216321754,-3.32655854907603
0.382964614019288,0,0.0357796446851654,0.999359703523306,1.0403044322007
0.127684295042811,0,0.0357796446851654,-0.999359703523306,4.08859197559643
4.69638941038835e-17,0,-0.885102864458258,0.465395444034178,9.43652434843325
,,-0.885102864458258,-0.465395444034178,4.65675972501239
