Q,P,EigValReal,EigValImag,AGPgrad,N,toda,k,E0,lmd,period
0,0,0.993605056779278,0.112911430522536,-2727.42666574548,4,3.60999999999997,1,1,3.34114790956834e-14,2.60780000000108
1.06332128207383,0,0.993605056779278,-0.112911430522536,-13.8090602092705
0.433741801538002,0,0.673874376092032,0.738845941483466,0.704774277600388
0.201715229179963,0,0.673874376092032,-0.738845941483466,0.391605625934795
0.0803628849926933,0,-0.422395657006217,0.90641155605073,17.5383162573926
-7.42966630411962e-18,0,-0.422395657006217,-0.90641155605073,54.9759323668301
,,0.0347188020371159,0.999397120660807,37.8112358760965
,,0.0347188020371159,-0.999397120660807,18.0494781552892
