Q,P,EigValReal,EigValImag,AGPgrad,N,toda,k,E0,lmd,period
0,0,0.994748328871693,0.102351171009248,-3808.39653362347,2,3.24999999999997,1,1,3.93379349625377e-13,1.83889999999981
0.926551480985329,0,0.994748328871693,-0.102351171009248,-6.05318209424598
0.258594694416126,0,0.875785010535126,0.482701372819656,51.2961797943345
-1.06600112564534e-17,0,0.875785010535126,-0.482701372819656,130.146226476988
