Q,P,EigValReal,EigValImag,AGPgrad,N,toda,k,E0,lmd,period
0,0,0.992222214405042,0.124479224134452,-7847.48492693251,2,3.53999999999997,1,1,6.35340535399054e-15,1.60399999999984
0.908671713260783,0,0.992222214405042,-0.124479224134452,-7.27164396056307
0.256744725642141,0,0.920547453224616,0.390630754500523,80.2708173055928
-9.78822820975343e-18,0,0.920547453224616,-0.390630754500523,213.000235966242
