Q,P,EigValReal,EigValImag,AGPgrad,N,toda,k,E0,lmd,period
0,0,0.481204383876233,0.876608430793535,2.59784043919447,5,0.36,1,1,2.66859076251102e-14,11.4869999999866
2.17403480314748,0,0.481204383876233,-0.876608430793535,-0.334342344084601
0.631245185036556,0,0.567832100969336,0.823144401128228,-0.505621487723822
0.183714745876971,0,0.567832100969336,-0.823144401128228,0.0913347282383336
0.046255590970639,0,-0.835560437306982,0.549398539866436,0.388969903227433
0.00899137130094983,0,-0.835560437306982,-0.549398539866436,-0.690903022849074
4.51174676729391e-16,0,-0.97712519766196,0.212664872731908,-0.127840827207534
,,-0.97712519766196,-0.212664872731908,-0.308974098160915
,,0.999969442171794,0.00781759059005178,-0.213650238601772
,,0.999969442171794,-0.00781759059005178,0.354365253712639
