Q,P,EigValReal,EigValImag,AGPgrad,N,toda,k,E0,lmd,period
0,0,-0.92744716104066,0.373954226447043,36.264608117691,3,0.980000000000001,1,1,3.24743805664996e-15,6.4972999999982
1.36750632992268,0,-0.92744716104066,-0.373954226447043,7.98261861821507
0.394337744786888,0,0.999612025840613,0.0278531469472478,8.07254445327313
0.0998775878857398,0,0.999612025840613,-0.0278531469472478,-9.43372455811151
5.0605804251856e-17,0,0.977005136063455,0.213215768895325,-10.808216650048
,,0.977005136063455,-0.213215768895325,6.318919804321
