Q,P,EigValReal,EigValImag,AGPgrad,N,toda,k,E0,lmd,period
0,0,0.999845828032597,0.0175590479757247,-9.55729513466053,2,1.37,1,1,2.9987392504061e-16,4.32270000000326
1.11068979185984,0,0.999845828032597,-0.0175590479757247,-0.576127664507101
0.253286953626072,0,-0.58688973937702,0.809666865947942,1.56590547761271
-2.48053651484958e-17,0,-0.58688973937702,-0.809666865947942,3.14952617064963
