Q,P,EigValReal,EigValImag,AGPgrad,N,toda,k,E0,lmd,period
0,0,-0.851853144422819,0.523780698706007,1466.39593350722,4,1.68,1,1,6.86756768892343e-15,6.04869999999924
1.31956405076561,0,-0.851853144422819,-0.523780698706007,47.3542102659092
0.500114035460971,0,0.0688489626443432,0.997627094831928,60.5543080101714
0.206766627395616,0,0.0688489626443432,-0.997627094831928,59.5078440208005
0.0722940036789404,0,0.999281016053969,0.0379137304180568,-81.0318033343673
-1.56130242056452e-17,0,0.999281016053969,-0.0379137304180568,-125.382450560572
,,0.999096838546909,0.0424912603432681,-49.2509890349013
,,0.999096838546909,-0.0424912603432681,-42.3535721151819
