Q,P,EigValReal,EigValImag,AGPgrad,N,toda,k,E0,lmd,period
0,0,0.989406091006417,0.145174333404422,-11316.5793811393,2,3.68999999999997,1,1,2.46709453199821e-16,1.49459999999985
0.900024713464007,0,0.989406091006417,-0.145174333404422,-7.88169074201003
0.255734399565466,0,0.936943202662112,0.349481666164695,100.897820668398
-9.39114731549747e-18,0,0.936943202662112,-0.349481666164695,273.593470325457
