Q,P,EigValReal,EigValImag,AGPgrad,N,toda,k,E0,lmd,period
0,0,0.993377977098806,0.114892099880447,329.24268626155,5,2.61999999999999,1,1,5.18827158447177e-14,4.79120000000217
1.2539642187921,0,0.993377977098806,-0.114892099880447,-1.4297293804864
0.533454084661717,0,0.349708805406655,0.936858447910381,5.4895953036604
0.269907023339856,0,0.349708805406655,-0.936858447910381,4.14152452108969
0.133961706724777,0,-0.0771579997294116,0.99701887799466,1.19932966214063
0.0547763977649262,0,-0.0771579997294116,-0.99701887799466,-4.49696897793109
2.38142066343764e-16,0,-0.388728882264207,0.921352188955783,-8.49142913623423
,,-0.388728882264207,-0.921352188955783,-6.16086197983168
,,-0.999973067703124,0.0073392008008723,-9.11760064168691
,,-0.999973067703124,-0.0073392008008723,-6.04289281712296
