Q,P,EigValReal,EigValImag,AGPgrad,N,toda,k,E0,lmd,period
0,0,0.999973583975913,0.00726851775522933,0.746757635143551,2,0.57,1,1,2.61853471526435e-15,5.74369999999995
1.28255876460743,0,0.999973583975913,-0.00726851775522933,0.0806393585126082
0.190139365961512,0,-0.802502577351324,0.59664865150646,-0.230701651672451
-5.03519171743562e-17,0,-0.802502577351324,-0.59664865150646,0.663311156552324
