Q,P,EigValReal,EigValImag,AGPgrad,N,toda,k,E0,lmd,period
0,0,0.999258695824909,0.0384975170409551,-12.8568827425378,2,1.43,1,0.999999999999999,1.1691615248696e-14,4.21670000000351
1.1015233405913,0,0.999258695824909,-0.0384975170409551,-0.680477632380052
0.254829007726388,0,-0.505932751223751,0.862572925171654,1.83938445730664
-2.38301581865563e-17,0,-0.505932751223751,-0.862572925171654,3.60360444589998
