Q,P,EigValReal,EigValImag,AGPgrad,N,toda,k,E0,lmd,period
0,0,0.997759888626529,0.0668969703945874,-387.628195838063,2,2.39999999999999,1,1,3.72078803747778e-14,2.73830000000135
0.990634350742031,0,0.997759888626529,-0.0668969703945874,-3.06035684045965
0.26225576632056,0,0.551698166184845,0.834043843828538,12.9201444313649
-1.44144231406725e-17,0,0.551698166184845,-0.834043843828538,27.9058394728046
