Q,P,EigValReal,EigValImag,AGPgrad,N,toda,k,E0,lmd,period
0,0,-0.550039782880674,0.835138453939572,-153.112535721815,5,0.920000000000001,1,1,6.1028809060916e-15,9.65329999999084
1.69979498960677,0,-0.550039782880674,-0.835138453939572,-34.1641035997875
0.645369409779349,0,-0.248591370296424,0.968608450620866,-25.1206355465911
0.271611021478436,0,-0.248591370296424,-0.968608450620866,-13.1973024661971
0.105665851886464,0,0.0212547005082889,0.999774093336244,-0.52100613456624
0.0335251606674714,0,0.0212547005082889,-0.999774093336244,36.1530236040154
3.25187149027746e-16,0,0.999970751599101,0.00764826426829855,37.0940984987863
,,0.999970751599101,-0.00764826426829855,0.758182713235078
,,0.999493826257405,0.0318133819850284,-2.14728255803149
,,0.999493826257405,-0.0318133819850284,-20.4080952210199
