Q,P,EigValReal,EigValImag,AGPgrad,N,toda,k,E0,lmd,period
0,0,0.999172591375417,0.0406710295428757,4.56689606560254,4,2.36999999999999,1,1,4.87278014890923e-14,4.50120000000285
1.1984478944398,0,0.999172591375417,-0.0406710295428757,-2.70383135965382
0.472266719301584,0,-0.15651077269574,0.987676251628125,2.69380613801867
0.208031870850137,0,-0.15651077269574,-0.987676251628125,1.51328294332053
0.0782138026743622,0,-0.516979698538465,0.855997658465894,0.0568712469131265
-1.12534561205069e-17,0,-0.516979698538465,-0.855997658465894,0.897244888403714
,,-0.99873733578617,0.0502367804179242,0.755847450205885
,,-0.99873733578617,-0.0502367804179242,-1.10079110609304
