Q,P,EigValReal,EigValImag,AGPgrad,N,toda,k,E0,lmd,period
0,0,0.999971455752312,0.0075556389955545,2.88667876273377,4,0.7,1,1,2.53052794033788e-13,8.77389999999289
1.66718075952652,0,0.999971455752312,-0.0075556389955545,-0.629993652050921
0.52894785667357,0,-0.452921412590641,0.891550443899231,0.030878092085149
0.166042281623838,0,-0.452921412590641,-0.891550443899231,-0.335774816560686
0.04145900370454,0,-0.250868587463092,0.968021152570701,-0.0845019078625081
-3.16371156756341e-17,0,-0.250868587463092,-0.968021152570701,0.249810744612917
,,-0.288524649127301,0.957472467931056,0.445873127864398
,,-0.288524649127301,-0.957472467931056,-0.175390313266078
