Q,P,EigValReal,EigValImag,AGPgrad,N,toda,k,E0,lmd,period
0,0,-0.815981599422088,0.578077874861663,6.02111024709833,5,0.67,1,1,6.5409695383665e-15,10.5098999999888
1.85699286742482,0,-0.815981599422088,-0.578077874861663,1.55885329194802
0.660570437901819,0,0.999883608064378,0.0152568123860553,0.835687394614532
0.252335784437574,0,0.999883608064378,-0.0152568123860553,0.205241022374283
0.0868800157261625,0,0.873205694772081,0.487351838631615,-1.26461140355251
0.0240471316265599,0,0.873205694772081,-0.487351838631615,-1.61592732352801
3.60721924403203e-16,0,-0.058325915815386,0.998297594680209,-2.38884879241101
,,-0.058325915815386,-0.998297594680209,0.607012624122879
,,0.0197189517437656,0.999805562568116,1.16260014742081
,,0.0197189517437656,-0.999805562568116,-0.713061187171584
