Q,P,EigValReal,EigValImag,AGPgrad,N,toda,k,E0,lmd,period
0,0,0.999111911278705,0.0421353621204571,-15.9023902242663,3,1.86,1,1,1.41946911341083e-14,4.5634000000027
1.16832104859885,0,0.999111911278705,-0.0421353621204571,-1.47940697273942
0.391096522274007,0,-0.454137802714318,0.8909314542353,1.58571206137122
0.12417894193234,0,-0.454137802714318,-0.8909314542353,1.02309287087836
4.80835996024965e-17,0,-0.92416213491533,0.382000456005963,2.64492826978374
,,-0.92416213491533,-0.382000456005963,1.52587858900903
