Q,P,EigValReal,EigValImag,AGPgrad,N,toda,k,E0,lmd,period
0,0,0.997337793661052,0.0729199926987917,375.93973267394,5,2.56999999999999,1,1,4.50744273280503e-14,4.89680000000193
1.26110129912696,0,0.997337793661052,-0.0729199926987917,-0.707579198622291
0.535814484271483,0,-0.99670030589125,0.081169577036551,5.93958309403071
0.270537950758655,0,-0.99670030589125,-0.081169577036551,4.75471487610113
0.133915997435032,0,0.479812374369832,0.877371121818796,1.36057577770565
0.0546195605257083,0,0.479812374369832,-0.877371121818796,-5.44822575922394
2.39477854010959e-16,0,-0.123516296865929,0.992342543887195,-10.2524381071662
,,-0.123516296865929,-0.992342543887195,-7.44718725707713
,,-0.273844277649402,0.961774043941029,-10.269348804453
,,-0.273844277649402,-0.961774043941029,-6.90769504775833
