Q,P,EigValReal,EigValImag,AGPgrad,N,toda,k,E0,lmd,period
0,0,-0.98634379897476,0.16469945423118,110.321678962754,4,1.25,1,1,7.58557790484557e-13,7.19839999999656
1.43139801832344,0,-0.98634379897476,-0.16469945423118,11.364169245485
0.51884366458602,0,-0.0932208886130019,0.995645451918608,5.54132397159911
0.199521210690616,0,-0.0932208886130019,-0.995645451918608,8.55949545878729
0.0639524722612019,0,0.999146968581991,0.041295704054524,-12.645898118111
-2.03192585830061e-17,0,0.999146968581991,-0.041295704054524,-15.7519373854142
,,0.982594573529047,0.185763032036158,-2.36540835215907
,,0.982594573529047,-0.185763032036158,2.7654112964448
