Q,P,EigValReal,EigValImag,AGPgrad,N,toda,k,E0,lmd,period
0,0,0.994862325188947,0.101237117302031,-1951.94851267852,2,2.98999999999998,1,1,9.61956556729943e-14,2.07839999999996
0.944078428271822,0,0.994862325188947,-0.101237117302031,-5.03252908341676
0.260078215265303,0,0.814868442451876,0.57964594494918,34.0710965838931
-1.15845772475323e-17,0,0.814868442451876,-0.57964594494918,82.7051124737337
