Q,P,EigValReal,EigValImag,AGPgrad,N,toda,k,E0,lmd,period
0,0,0.999948212325747,0.0101770657124481,0.683726578612826,2,0.850000000000001,1,0.999999999999999,2.86776768488888e-15,5.26680000000106
1.20980753435334,0,0.999948212325747,-0.0101770657124481,0.0133507197525957
0.225790983712916,0,-0.999238072590579,0.0390291466148169,0.0911641021009752
-3.76457956798811e-17,0,-0.999238072590579,-0.0390291466148169,1.06904378767017
