Q,P,EigValReal,EigValImag,AGPgrad,N,toda,k,E0,lmd,period
0,0,-0.915795783669923,0.401644223925085,-134.534664085062,4,1.59,1,1,2.29857171998547e-13,6.27869999999871
1.3398575487258,0,-0.915795783669923,-0.401644223925085,-6.4307052222737
0.50405401786675,0,0.317064538565261,0.948403963711867,-5.84648932692701
0.205885434770449,0,0.317064538565261,-0.948403963711867,-6.15552172974206
0.0709638128606289,0,0.999228813992174,0.0392654719546345,8.88917106097135
-1.64227902077741e-17,0,0.999228813992174,-0.0392654719546345,14.010768178853
,,0.958960718284031,0.283538958148906,5.67340591473511
,,0.958960718284031,-0.283538958148906,4.30099683385227
