Q,P,EigValReal,EigValImag,AGPgrad,N,toda,k,E0,lmd,period
0,0,0.999690897258171,0.0248618168915054,-59.7520697782403,2,1.81,1,1,2.3662888833313e-14,3.57990000000313
1.05097040039306,0,0.999690897258171,-0.0248618168915054,-1.4761513459725
0.260658717210542,0,0.00126981527379189,0.999999193784256,4.35675100425777
-1.90192426397192e-17,0,0.00126981527379189,-0.999999193784256,8.36984132719933
