Q,P,EigValReal,EigValImag,AGPgrad,N,toda,k,E0,lmd,period
0,0,0.999247608394877,0.0387842379986493,-53.4090015847293,5,1.25,1,1,2.39623779982829e-14,8.52929999999346
1.55675257397569,0,0.999247608394877,-0.0387842379986493,-8.73325988064714
0.618785375590734,0,0.940442471725093,0.339952875227733,-0.799778906628439
0.279919099877689,0,0.940442471725093,-0.339952875227733,-1.24840577929238
0.119752330780028,0,-0.298314482250793,0.95446763678997,-4.54069835818448
0.0421286450620752,0,-0.298314482250793,-0.95446763678997,5.92729037812375
2.95860675033217e-16,0,-0.939584175825754,0.342317946561136,7.23630606617106
,,-0.939584175825754,-0.342317946561136,4.56361161992178
,,-0.950487131613991,0.310763917847967,-0.110300483512261
,,-0.950487131613991,-0.310763917847967,-0.763533975168346
