Q,P,EigValReal,EigValImag,AGPgrad,N,toda,k,E0,lmd,period
0,0,0.999992803325351,0.00379384995682685,-0.73174846833023,2,1.05,1,1,5.32810610481641e-15,4.90320000000191
1.16687783906569,0,0.999992803325351,-0.00379384995682685,-0.140739973209875
0.240272265602545,0,-0.93330641954573,0.359080948025288,0.499050907169862
-3.15387530919145e-17,0,-0.93330641954573,-0.359080948025288,1.57591094200801
