Q,P,EigValReal,EigValImag,AGPgrad,N,toda,k,E0,lmd,period
0,0,0.999852644018669,0.0171665444655685,-355.253532059567,2,2.36999999999999,1,1,9.61220063129661e-15,2.77650000000143
0.993312393073552,0,0.999852644018669,-0.0171665444655685,-2.97435211285442
0.262296484820451,0,0.531798552767671,0.846870887015364,12.2718201914642
-1.45951371597954e-17,0,0.531798552767671,-0.846870887015364,26.3312558787545
