Q,P,EigValReal,EigValImag,AGPgrad,N,toda,k,E0,lmd,period
0,0,-0.874701010621387,0.484662915868272,-830.544638969886,4,1.65,1,1,8.20416920368036e-15,6.12469999999906
1.32617762642508,0,-0.874701010621387,-0.484662915868272,-30.4960455853576
0.501422789223939,0,0.151649936479641,0.988434265272972,-34.729260318915
0.206500777796944,0,0.151649936479641,-0.988434265272972,-34.9371472689286
0.0718700605485616,0,0.998927793720203,0.0462953878186627,48.4819323887951
-1.58747150537772e-17,0,0.998927793720203,-0.0462953878186627,75.2802675580168
,,0.997829317718471,0.0658532664450832,29.8011771515393
,,0.997829317718471,-0.0658532664450832,24.4123023916406
