Q,P,EigValReal,EigValImag,AGPgrad,N,toda,k,E0,lmd,period
0,0,-0.843920672270017,0.536467984986369,828.123361255134,4,1.69,1,1,1.85403541419873e-14,6.0234999999993
1.31739158565692,0,-0.843920672270017,-0.536467984986369,25.7065259004014
0.499678873302859,0,0.041370912812256,0.999143857296378,34.0098383339221
0.20684914125353,0,0.041370912812256,-0.999143857296378,33.0745897007901
0.072431980309098,0,0.999802509735793,0.0198731357890983,-44.922847636238
-1.55272020956974e-17,0,0.999802509735793,-0.0198731357890983,-69.5238274312013
,,0.996935391313099,0.0782293138624861,-27.5549279221013
,,0.996935391313099,-0.0782293138624861,-23.895383741289
