Q,P,EigValReal,EigValImag,AGPgrad,N,toda,k,E0,lmd,period
0,0,0.995539415141803,0.0943465574313492,-11045.110932583,2,3.67999999999997,1,1,5.05438590241221e-15,1.50159999999985
0.90058703249998,0,0.995539415141803,-0.0943465574313492,-8.00249169303664
0.255804739186256,0,0.935971413389468,0.352076005029722,99.3793131491123
-9.415985999863e-18,0,0.935971413389468,-0.352076005029722,269.0117057512
