Q,P,EigValReal,EigValImag,AGPgrad,N,toda,k,E0,lmd,period
0,0,0.998666551448412,0.0516247907313131,68.9450893465304,4,2.16,1,1,1.80052523499408e-14,4.93120000000185
1.23013823471043,0,0.998666551448412,-0.0516247907313131,-1.19982511691236
0.480223644291069,0,-0.890944575524099,0.45411206033772,3.45420336076572
0.208354961173556,0,-0.890944575524099,-0.45411206033772,2.22966683292643
0.0770190371719249,0,-0.375928456409827,0.926648690530205,-1.79062040370652
-1.23112542395479e-17,0,-0.375928456409827,-0.926648690530205,-2.6036897785235
,,0.00610349633497387,0.999981373492776,-1.22871816264875
,,0.00610349633497387,-0.999981373492776,-2.33916066301914
