Q,P,EigValReal,EigValImag,AGPgrad,N,toda,k,E0,lmd,period
0,0,0.999721010527609,0.0236199303471281,106.553336973853,5,1.45,1,1,6.3937090929204e-15,7.87759999999498
1.49115952656109,0,0.999721010527609,-0.0236199303471281,7.8571550133532
0.603246836176971,0,0.950464457295159,0.310833259833322,2.19540028997555
0.280824293123828,0,0.950464457295159,-0.310833259833322,1.32169152929974
0.124833713931049,0,-0.341553698185032,0.939862261853361,6.68877077548352
0.0457284286758579,0,-0.341553698185032,-0.939862261853361,-6.90401091727487
2.83029829048028e-16,0,-0.978413636334604,0.20665613040621,-10.2857877434653
,,-0.978413636334604,-0.20665613040621,-4.13930198799144
,,-0.999999306295702,0.00117788288981667,0.96091190886584
,,-0.999999306295702,-0.00117788288981667,0.0313765145863631
