Q,P,EigValReal,EigValImag,AGPgrad,N,toda,k,E0,lmd,period
0,0,-0.544115735036155,0.839010170907389,-136.398641696731,5,1.3,1,1,1.1897076891419e-14,8.36369999999385
1.53917984892733,0,-0.544115735036155,-0.839010170907389,-17.6605133565818
0.614811041965581,0,-0.966639437199253,0.256140973784133,-2.41459423944032
0.280337332435116,0,-0.966639437199253,-0.256140973784133,-3.00698908426878
0.121208983226559,0,-0.852979979605268,0.521943631432179,-9.94647352480757
0.0431242027111542,0,-0.852979979605268,-0.521943631432179,12.922497529318
2.92393156170554e-16,0,0.984525848273382,0.175239419314199,16.460356477098
,,0.984525848273382,-0.175239419314199,9.12806590653225
,,0.999044829149214,0.0436970176349076,-0.371526346573554
,,0.999044829149214,-0.0436970176349076,-1.40274489758201
