Q,P,EigValReal,EigValImag,AGPgrad,N,toda,k,E0,lmd,period
0,0,-0.564981047585104,0.825103881865565,0.865865321541704,3,0.28,1,1,9.35575284583231e-15,7.97189999999476
1.71474417614399,0,-0.564981047585104,-0.825103881865565,-0.258753912002905
0.262627012285031,0,0.297974283506483,0.954573897804039,0.175419855111132
0.028956492954504,0,0.297974283506483,-0.954573897804039,-0.665926757967828
6.33816489110913e-17,0,0.999989383404671,0.00460793640813232,0.22406257342731
,,0.999989383404671,-0.00460793640813232,0.344792737719656
