Q,P,EigValReal,EigValImag,AGPgrad,N,toda,k,E0,lmd,period
0,0,0.989378986981832,0.145358935462364,-16634.7566380495,2,3.84999999999996,1,1,1.86863725514277e-14,1.38619999999986
0.891202683856636,0,0.989378986981832,-0.145358935462364,-8.61186505686743
0.254631638941057,0,0.95070773367962,0.310088382758475,128.531361876191
-9.00129769420345e-18,0,0.95070773367962,-0.310088382758475,356.226916783677
