Q,P,EigValReal,EigValImag,AGPgrad,N,toda,k,E0,lmd,period
0,0,0.999826607525964,0.0186213555658434,0.48969580160282,2,0.900000000000001,1,1,8.49981877016806e-15,5.17680000000127
1.19841334578648,0,0.999826607525964,-0.0186213555658434,-0.0162580589985998
0.230052145161228,0,-0.997874614323542,0.0651632878899029,0.177820007983732
-3.59363129318647e-17,0,-0.997874614323542,-0.0651632878899029,1.17329390753558
