Q,P,EigValReal,EigValImag,AGPgrad,N,toda,k,E0,lmd,period
0,0,0.999975895267332,0.00694326179253693,13.476130108598,3,1.42,1,1,1.49492763266421e-14,5.48460000000056
1.25045385265984,0,0.999975895267332,-0.00694326179253693,0.116682638474621
0.39703208750774,0,-0.904472114587487,0.426532758335912,2.37119367502133
0.116438834458715,0,-0.904472114587487,-0.426532758335912,-1.1067362138366
4.92346063918457e-17,0,-0.0456057063763103,0.998959518472049,-0.757337620878682
,,-0.0456057063763103,-0.998959518472049,0.90339648352497
