Q,P,EigValReal,EigValImag,AGPgrad,N,toda,k,E0,lmd,period
0,0,0.996876324682406,0.0789784355864134,26.0410624888273,4,2.30999999999999,1,1,1.54972290410341e-14,4.62050000000257
1.20713567021563,0,0.996876324682406,-0.0789784355864134,-2.28055954551817
0.474492243152283,0,-0.986337324404885,0.164738224118832,2.88428738653193
0.208165834462338,0,-0.986337324404885,-0.164738224118832,1.67913956416157
0.0779121719788304,0,-0.217848054937754,0.975982697059651,-0.456527550690191
-1.15374028083283e-17,0,-0.217848054937754,-0.975982697059651,-0.132612987688434
,,-0.38291812041615,0.92378228661139,0.130593775319009
,,-0.38291812041615,-0.92378228661139,-1.47945485217548
