Q,P,EigValReal,EigValImag,AGPgrad,N,toda,k,E0,lmd,period
0,0,0.999994299119346,0.00337664460667545,0.518109790966342,2,0.44,1,1,6.72407155134055e-16,5.9366999999995
1.32089376640118,0,0.999994299119346,-0.00337664460667545,0.0690233411644428
0.163625558320572,0,-0.613385825084926,0.789783406754577,-0.29459443147874
-5.86863716599443e-17,0,-0.613385825084926,-0.789783406754577,0.544960496971282
