Q,P,EigValReal,EigValImag,AGPgrad,N,toda,k,E0,lmd,period
0,0,0.998868207573667,0.0475636825589325,-245.863959950284,3,2.48999999999999,1,1,7.37722834412047e-14,3.46370000000289
1.08355135620438,0,0.998868207573667,-0.0475636825589325,-4.25876233274119
0.379299271972159,0,0.213117614932837,0.977026551433137,0.869710711656591
0.128454026102577,0,0.213117614932837,-0.977026551433137,5.96622790264572
4.64922274474465e-17,0,-0.701261237154317,0.712904395599297,14.2885711566196
,,-0.701261237154317,-0.712904395599297,7.07406381037083
