Q,P,EigValReal,EigValImag,AGPgrad,N,toda,k,E0,lmd,period
0,0,0.999727305014267,0.0233519936816418,-142.648493758309,4,2.63999999999999,1,1,8.67183209879642e-14,3.99920000000402
1.16247927182487,0,0.999727305014267,-0.0233519936816418,-4.67590596876586
0.462711026888256,0,0.0979751441367505,0.99518886204146,2.0024860131115
0.207117410702345,0,0.0979751441367505,-0.99518886204146,0.994585243062606
0.07925207527946,0,-0.912680260779198,0.408674371087808,2.47723786622338
-1.0126974813066e-17,0,-0.912680260779198,-0.408674371087808,6.42970833277209
,,-0.916187982705585,0.400748774603083,4.40385746008358
,,-0.916187982705585,-0.400748774603083,0.980618262165583
