Q,P,EigValReal,EigValImag,AGPgrad,N,toda,k,E0,lmd,period
0,0,0.999990341117973,0.00439518722406008,1.72573262317285,3,0.52,1,1,3.46453066497042e-14,7.53509999999578
1.56381596357353,0,0.999990341117973,-0.00439518722406008,-0.83132766762419
0.350511028339438,0,-0.193145711460256,0.981170084207888,0.0470172431596674
0.0619222263317987,0,-0.193145711460256,-0.981170084207888,-0.0947300136600097
5.47094095909415e-17,0,0.155130021472086,0.987894061343661,0.693689519371085
,,0.155130021472086,-0.987894061343661,-0.204248396687916
