Q,P,EigValReal,EigValImag,AGPgrad,N,toda,k,E0,lmd,period
0,0,0.999240840721388,0.038958211386151,-46.3866891420547,2,1.74,1,1,4.19175449114749e-15,3.69210000000337
1.05943516202566,0,0.999240840721388,-0.038958211386151,-1.31402670714028
0.259985504805218,0,-0.0863991119565658,0.996260605189783,3.77093791342187
-1.97605422271664e-17,0,-0.0863991119565658,-0.996260605189783,7.18839888547731
