Q,P,EigValReal,EigValImag,AGPgrad,N,toda,k,E0,lmd,period
0,0,-0.723201941982427,0.690636627404642,-4.29121062494187,3,0.8,1,1,8.37238353756659e-15,6.91709999999722
1.43213800611871,0,-0.723201941982427,-0.690636627404642,-4.12821815276024
0.386146412061092,0,0.999870235519048,0.0161093799706085,-1.96827711215461
0.0884690471223039,0,0.999870235519048,-0.0161093799706085,3.24198876604724
5.15144916535468e-17,0,0.913631708602528,0.40654286494296,4.53408229145253
,,0.913631708602528,-0.40654286494296,-2.54485297789853
