Q,P,EigValReal,EigValImag,AGPgrad,N,toda,k,E0,lmd,period
0,0,0.999783799546184,0.0207931278310251,0.288073784954583,4,0.860000000000001,1,1,1.40381394017453e-14,8.31679999999396
1.58172389210942,0,0.999783799546184,-0.0207931278310251,-1.732217198642
0.530647716494965,0,0.350468485494064,0.93657452489137,-0.279267797612349
0.180857358579947,0,0.350468485494064,-0.93657452489137,-0.610699421285363
0.0499662124894109,0,-0.592944073266287,0.805243643860904,0.936049543139279
-2.7376210369755e-17,0,-0.592944073266287,-0.805243643860904,1.35724682436322
,,-0.948270548969979,0.317463330096827,0.548977123798217
,,-0.948270548969979,-0.317463330096827,-0.469211291925035
