Q,P,EigValReal,EigValImag,AGPgrad,N,toda,k,E0,lmd,period
0,0,0.995607353930944,0.0936269021096356,-1540.6436363439,2,2.89999999999998,1,1,5.86342923729096e-14,2.16820000000015
0.950522187284602,0,0.995607353930944,-0.0936269021096356,-4.70567081453021
0.26053709196084,0,0.787616757881588,0.616165434525591,29.5103684932916
-1.19428486789003e-17,0,0.787616757881588,-0.616165434525591,70.4723923810629
