Q,P,EigValReal,EigValImag,AGPgrad,N,toda,k,E0,lmd,period
0,0,-0.873682224427336,0.486497040812895,-25.2832417560817,4,1.07,1,1,1.3521168604589e-14,7.71039999999537
1.49286226337089,0,-0.873682224427336,-0.486497040812895,-6.03676860770518
0.525722107584849,0,-0.783332886485343,0.621602436409743,-1.82450180645254
0.193089340420892,0,-0.783332886485343,-0.621602436409743,-2.98221964709928
0.0585022485538552,0,0.905588709818873,0.424156915125273,5.16592121800795
-2.31230649315269e-17,0,0.905588709818873,-0.424156915125273,6.50463136236837
,,0.999484716431615,0.0320983117880215,1.38003585924718
,,0.999484716431615,-0.0320983117880215,-1.64568546063232
