Q,P,EigValReal,EigValImag,AGPgrad,N,toda,k,E0,lmd,period
0,0,0.99955323405618,0.0298886648721233,-48.1246141932928,2,1.75,1,1,9.02274809998169e-15,3.67590000000333
1.05820509516338,0,0.99955323405618,-0.0298886648721233,-1.33696798644087
0.260090634961234,0,-0.0736164599972108,0.997286627212792,3.8507400521482
-1.96512706420298e-17,0,-0.0736164599972108,-0.997286627212792,7.34705081206357
