Q,P,EigValReal,EigValImag,AGPgrad,N,toda,k,E0,lmd,period
0,0,0.999995179217778,0.00310508312420591,-1.93868955390288,2,1.13,1,1,9.83405324252017e-15,4.75670000000225
1.15153686602113,0,0.999995179217778,-0.00310508312420591,-0.22869872385811
0.244458358889754,0,-0.867537673021538,0.49737147675392,0.712104642932357
-2.95661359711661e-17,0,-0.867537673021538,-0.49737147675392,1.86152061395615
