Q,P,EigValReal,EigValImag,AGPgrad,N,toda,k,E0,lmd,period
0,0,0.999951352795104,0.00986367290733961,1.62034697595884,3,0.47,1,1,6.93721325463779e-15,7.63609999999554
1.59238568709635,0,0.999951352795104,-0.00986367290733961,-0.655185558564694
0.338607675884941,0,-0.0853751964293026,0.996348872551508,0.0990634010770813
0.0557898855613811,0,-0.0853751964293026,-0.996348872551508,-0.266040841928356
5.58033301392451e-17,0,-0.0149947612981203,0.999887572246812,0.528743486975063
,,-0.0149947612981203,-0.999887572246812,-0.0738741707073813
