Q,P,EigValReal,EigValImag,AGPgrad,N,toda,k,E0,lmd,period
0,0,0.994558017607483,0.104184209997148,-112.005153468915,5,3.02999999999998,1,1,2.13485659946923e-14,4.00430000000401
1.20130559941203,0,0.994558017607483,-0.104184209997148,-6.48692829071135
0.515618983259306,0,0.25672923389765,0.966483367918114,3.39379680155413
0.264719973566741,0,0.25672923389765,-0.966483367918114,1.66013898236715
0.133852252690768,0,-0.958116312272041,0.28637935009047,0.628414235694602
0.0556868822636399,0,-0.958116312272041,-0.28637935009047,1.15062424914629
2.2828917288121e-16,0,-0.627316763013356,0.778764199769402,3.6917647798369
,,-0.627316763013356,-0.778764199769402,3.23058044092331
,,-0.797397086752549,0.603454957754553,-1.13118301073436
,,-0.797397086752549,-0.603454957754553,-1.14536562591499
