Q,P,EigValReal,EigValImag,AGPgrad,N,toda,k,E0,lmd,period
0,0,0.999059406058343,0.0433624626412463,155.426009123725,5,2.80999999999998,1,0.999999999999999,4.90782871937452e-14,4.40930000000306
1.22834584669102,0,0.999059406058343,-0.0433624626412463,-3.83959610115582
0.524868273691704,0,-0.948418003586011,0.317022539378408,4.30132095071581
0.267499403223981,0,-0.948418003586011,-0.317022539378408,2.62946721845857
0.13400650628798,0,-0.739876031829686,0.672743232982656,0.832893189465984
0.0552738603963476,0,-0.739876031829686,-0.672743232982656,-1.66077654220988
2.33348353365724e-16,0,0.0884788802060669,0.99607805304479,-2.86820800166254
,,0.0884788802060669,-0.99607805304479,-1.92614615505373
,,-0.15166862435063,0.988431397916717,-5.37755784083581
,,-0.15166862435063,-0.988431397916717,-3.56376603099545
