Q,P,EigValReal,EigValImag,AGPgrad,N,toda,k,E0,lmd,period
0,0,-0.328610246234252,0.94446561931596,-604.291742095325,3,2.80999999999998,1,1,1.51244697509396e-13,3.00320000000191
1.0497022053387,0,-0.328610246234252,-0.94446561931596,-6.01143272464348
0.373167645603937,0,0.99786057436817,0.0653779329870931,0.656733782388596
0.129110824181356,0,0.99786057436817,-0.0653779329870931,10.2674762195659
4.57202713173203e-17,0,0.453223182401812,0.891397075905896,26.5079965042382
,,0.453223182401812,-0.891397075905896,13.2131331527832
