Q,P,EigValReal,EigValImag,AGPgrad,N,toda,k,E0,lmd,period
0,0,0.998890398498073,0.0470953478416834,-31.705646653052,2,1.64,1,1,2.89945497403534e-15,3.85660000000371
1.07214097021275,0,0.998890398498073,-0.0470953478416834,-1.09388163444359
0.258751779730832,0,-0.217911843966785,0.975968456590163,3.03964265054866
-2.09205982503052e-17,0,-0.217911843966785,-0.975968456590163,5.76671941562197
