Q,P,EigValReal,EigValImag,AGPgrad,N,toda,k,E0,lmd,period
0,0,-0.830165216946231,0.557517454948834,-31.1662415429848,3,0.880000000000001,1,1,4.43507310880374e-15,6.73129999999765
1.40183685485578,0,-0.830165216946231,-0.557517454948834,-13.143499630101
0.390647710307015,0,0.999992191214511,0.00395189954457292,-8.98322549754597
0.0939866244004688,0,0.999992191214511,-0.00395189954457292,12.6220341597049
5.10574735329437e-17,0,0.991006138141974,0.13381641963867,15.7973991707437
,,0.991006138141974,-0.13381641963867,-9.10631157804407
