Q,P,EigValReal,EigValImag,AGPgrad,N,toda,k,E0,lmd,period
0,0,0.999169870230665,0.0407378254612055,-554.548236105847,5,3.25999999999997,1,1,4.60678835802931e-13,3.62030000000322
1.17558426678803,0,0.999169870230665,-0.0407378254612055,-9.40596205834223
0.506650381952316,0,0.405095963617969,0.914274171274921,2.67598379333106
0.26185537120108,0,0.405095963617969,-0.914274171274921,1.06113747544832
0.133515538771114,0,-0.583939234966032,0.811797369955877,0.517470038472041
0.0559726966232578,0,-0.583939234966032,-0.811797369955877,4.20839835684531
2.23475571059414e-16,0,-0.917704544165506,0.397263602181169,12.0783074056609
,,-0.917704544165506,-0.397263602181169,9.97857465604251
,,-0.992626875560807,0.121210089985861,4.02063757683535
,,-0.992626875560807,-0.121210089985861,1.55413532674256
