Q,P,EigValReal,EigValImag,AGPgrad,N,toda,k,E0,lmd,period
0,0,0.999995637105393,0.00295394146423935,0.6112464222156,2,0.49,1,1,8.92646769719896e-16,5.86549999999967
1.30592997745593,0,0.999995637105393,-0.00295394146423935,0.0755260169187836
0.174800462689136,0,-0.690842598123106,0.723005189897363,-0.275881592239307
-5.52579913507384e-17,0,-0.690842598123106,-0.723005189897363,0.586348948687749
