Q,P,EigValReal,EigValImag,AGPgrad,N,toda,k,E0,lmd,period
0,0,-0.855284390681942,0.518158866618938,0.0545986271120963,3,0.03,1,1,9.6363257043649e-15,8.20629999999421
1.84555665938715,0,-0.855284390681942,-0.518158866618938,-0.0257908484787233
0.0360716882870266,0,0.572778688281666,0.81971005498916,0.0459353938905025
0.00047059294985663,0,0.572778688281666,-0.81971005498916,-0.861480502383646
8.93403135259637e-17,0,0.999999870773795,0.000508382128284831,0.0391410629973208
,,0.999999870773795,-0.000508382128284831,0.833630122386679
