Q,P,EigValReal,EigValImag,AGPgrad,N,toda,k,E0,lmd,period
0,0,0.0532364881545168,0.998581932707075,-891.485545713762,3,3.15999999999998,1,1,2.86405305370703e-14,2.56750000000099
1.01755637377908,0,0.0532364881545168,-0.998581932707075,-8.60860545818782
0.366664162873988,0,0.992764240388787,0.120079819309228,3.08491377474558
0.129202605435859,0,0.992764240388787,-0.120079819309228,10.6881505936485
4.49132073849531e-17,0,0.640038676843146,0.76834269186666,32.0126542717466
,,0.640038676843146,-0.76834269186666,7.96197126742376
