Q,P,EigValReal,EigValImag,AGPgrad,N,toda,k,E0,lmd,period
0,0,0.999556343714183,0.0297844882568783,-11.3208740710844,4,1.01,1,1,2.60698249946587e-14,7.88329999999497
1.51607997693707,0,0.999556343714183,-0.0297844882568783,-3.96464744781434
0.527610902962523,0,0.793088420257707,0.609106524060553,-1.03133862580584
0.190221104813353,0,0.793088420257707,-0.609106524060553,-1.72199026748787
0.0563305337107964,0,-0.809509140037546,0.58710727486182,3.09123348145903
-2.42139393549518e-17,0,-0.809509140037546,-0.58710727486182,3.93457078200333
,,-0.924250647729971,0.381786249321164,0.950352781895436
,,-0.924250647729971,-0.381786249321164,-1.10124442095173
