Q,P,EigValReal,EigValImag,AGPgrad,N,toda,k,E0,lmd,period
0,0,0.987645644425921,0.156703800356979,-4842.97322195432,4,3.86999999999996,1,1,9.93680036421275e-14,2.32610000000048
1.04228651692274,0,0.987645644425921,-0.156703800356979,-16.8482507657667
0.42714292857955,0,0.755486039758771,0.655164745487443,0.539224501297109
0.200055123492692,0,0.755486039758771,-0.655164745487443,0.352731966954487
0.0802766736917184,0,-0.153187426128106,0.988197152635174,24.8122001477284
-6.93247733682786e-18,0,-0.153187426128106,-0.988197152635174,82.1900366854024
,,0.248188207856928,0.968711832012373,56.2083357386195
,,0.248188207856928,-0.968711832012373,27.2031829216034
