Q,P,EigValReal,EigValImag,AGPgrad,N,toda,k,E0,lmd,period
0,0,-0.889098717049943,0.457715491697792,-355.979886102737,4,1.63,1,1,6.50947759973713e-13,6.17569999999895
1.33066899845777,0,-0.889098717049943,-0.457715491697792,-14.2182491224849
0.502297933868391,0,0.206934842886423,0.978354726466618,-15.0563996782108
0.206308205423925,0,0.206934842886423,-0.978354726466618,-15.4060763912636
0.0715775266942955,0,0.999559984415257,0.0296620558243821,21.6097759322096
-1.60533639483732e-17,0,0.999559984415257,-0.0296620558243821,33.6526755600766
,,0.990354236066195,0.138558605311114,13.3263013925339
,,0.990354236066195,-0.138558605311114,10.638933647992
