Q,P,EigValReal,EigValImag,AGPgrad,N,toda,k,E0,lmd,period
0,0,0.999881540174496,0.0153917386380693,0.863335907126188,2,0.68,1,1,1.17259073926999e-14,5.56380000000037
1.25215891691321,0,0.999881540174496,-0.0153917386380693,0.0724473487145064
0.206987371841171,0,-0.920085139733158,0.391718439242051,-0.135786526429314
-4.46287798877517e-17,0,-0.920085139733158,-0.391718439242051,0.793611559041225
