Q,P,EigValReal,EigValImag,AGPgrad,N,toda,k,E0,lmd,period
0,0,-0.719699667364765,0.694285523970545,171.118521731251,4,1.83,1,1,1.38762631477644e-13,5.6794000000001
1.28854156347337,0,-0.719699667364765,-0.694285523970545,2.7648580006576
0.493666111133459,0,-0.323074932820798,0.94637338708506,6.77623547656694
0.20773973435491,0,-0.323074932820798,-0.94637338708506,5.79068740570478
0.0741511816602692,0,0.999390467460526,0.0349097915928362,-7.35922239073769
-1.44163526036876e-17,0,0.999390467460526,-0.0349097915928362,-11.4324531031426
,,0.847012734284916,0.531572598954461,-4.83298900396928
,,0.847012734284916,-0.531572598954461,-4.97254287019114
