Q,P,EigValReal,EigValImag,AGPgrad,N,toda,k,E0,lmd,period
0,0,0.998613972122737,0.0526320689434875,-3028.95773898316,2,3.15999999999998,1,1,6.07235440930424e-15,1.91849999999981
0.932445151243578,0,0.998613972122737,-0.0526320689434875,-5.71966325219784
0.259131560830093,0,0.857356991582902,0.514722244500776,44.5644098732068
-1.09628458608292e-17,0,0.857356991582902,-0.514722244500776,111.381056151544
