Q,P,EigValReal,EigValImag,AGPgrad,N,toda,k,E0,lmd,period
0,0,-0.785338735015541,0.619066289894856,1951.18893061241,5,2.27,1,1,2.37663492914326e-14,5.57830000000034
1.30799410158928,0,-0.785338735015541,-0.619066289894856,16.2791756148817
0.550963291050479,0,-0.418976761481744,0.907996956678958,28.9343892406081
0.274239904702466,0,-0.418976761481744,-0.907996956678958,32.8408174315726
0.133254398768413,0,0.504480970392006,0.863422810975212,10.3024079755009
0.0533939054021792,0,0.504480970392006,-0.863422810975212,-40.80726668229
2.4826231974507e-16,0,0.996440296720885,0.0843014535504389,-74.1552629965117
,,0.996440296720885,-0.0843014535504389,-56.2505872013212
,,0.99239618007885,0.123084612218188,-48.2562497348101
,,0.99239618007885,-0.123084612218188,-46.9852545219361
