Q,P,EigValReal,EigValImag,AGPgrad,N,toda,k,E0,lmd,period
0,0,0.996411421185512,0.0846420683294858,-217.528685878051,3,2.44999999999999,1,1,2.9613962434841e-14,3.52580000000302
1.08814291098827,0,0.996411421185512,-0.0846420683294858,-4.053257441515
0.380071642949471,0,0.177896613746732,0.984049183129298,0.903011501647853
0.128319500471266,0,0.177896613746732,-0.984049183129298,5.53510778800462
4.65907796351345e-17,0,-0.744161253108536,0.66800002198498,13.1446250748502
,,-0.744161253108536,-0.66800002198498,6.49919610424407
