Q,P,EigValReal,EigValImag,AGPgrad,N,toda,k,E0,lmd,period
0,0,0.999873674742566,0.0158944819602954,-189.251710587171,2,2.16,1,0.999999999999999,1.97254976112877e-15,3.05790000000203
1.013105719159,0,0.999873674742566,-0.0158944819602954,-2.37201120370996
0.262288280192844,0,0.369304321217457,0.92930851622597,8.48009546299533
-1.59963649206543e-17,0,0.369304321217457,-0.92930851622597,17.3871144588002
