Q,P,EigValReal,EigValImag,AGPgrad,N,toda,k,E0,lmd,period
0,0,0.999260992602504,0.038437854558169,-15.4874022673268,2,1.47,1,0.999999999999999,1.88479928402861e-14,4.14670000000367
1.09561524311967,0,0.999260992602504,-0.038437854558169,-0.753759004939739
0.25574124365839,0,-0.451026932808874,0.892510339369251,2.0374737390334
-2.32189270925258e-17,0,-0.451026932808874,-0.892510339369251,3.94251904482572
