Q,P,EigValReal,EigValImag,AGPgrad,N,toda,k,E0,lmd,period
0,0,0.995958819988093,0.0898110733034527,-4347.86710928847,4,3.81999999999996,1,1,1.46578785252502e-14,2.37770000000059
1.04619201893497,0,0.995958819988093,-0.0898110733034527,-16.2830231667148
0.428379902170095,0,0.741517974652248,0.670933002070713,0.56745451471221
0.20037652029639,0,0.741517974652248,-0.670933002070713,0.358744203077193
0.0803009828848295,0,-0.203231812213249,0.979130650375374,23.2544759160245
-7.02283292324839e-18,0,-0.203231812213249,-0.979130650375374,76.2263117502847
,,0.210297222327841,0.977637498401733,52.2103376094792
,,0.210297222327841,-0.977637498401733,25.2163266051522
