Q,P,EigValReal,EigValImag,AGPgrad,N,toda,k,E0,lmd,period
0,0,0.999699760382187,0.0245028384441806,5.62579924318626,3,1.62,1,1,1.23873247064479e-14,5.05140000000157
1.20994736051748,0,0.999699760382187,-0.0245028384441806,-0.617788759154777
0.394833466731449,0,-0.72460386824795,0.689165607180248,1.97579586317467
0.120689080367355,0,-0.72460386824795,-0.689165607180248,-0.178677844300537
4.87057161804207e-17,0,-0.560247460613038,0.828325288082312,0.572225837333197
,,-0.560247460613038,-0.828325288082312,0.919164144062496
