Q,P,EigValReal,EigValImag,AGPgrad,N,toda,k,E0,lmd,period
0,0,0.997261143482836,0.0739608795194831,-261.127136783247,3,2.50999999999999,1,1,1.33684088968007e-13,3.43310000000282
1.08128827388567,0,0.997261143482836,-0.0739608795194831,-4.35993953299816
0.378913198951191,0,0.230247998696144,0.973131984417541,0.8540440805527
0.128516280767116,0,0.230247998696144,-0.973131984417541,6.18950415578192
4.64431153985588e-17,0,-0.679266039148364,0.733892122903431,14.8917750956433
,,-0.679266039148364,-0.733892122903431,7.37519002655735
