Q,P,EigValReal,EigValImag,AGPgrad,N,toda,k,E0,lmd,period
0,0,-0.944764711468732,0.327749355397391,-51.3020516556766,4,1.54,1,1,3.82408329454604e-13,6.4090999999984
1.35174838111584,0,-0.944764711468732,-0.327749355397391,-3.23067527438772
0.506256592987228,0,0.451572911250557,0.892234221392962,-2.35073461771619
0.205279583527689,0,0.451572911250557,-0.892234221392962,-2.5199171156123
0.0701431712353791,0,0.999130811574025,0.0416847857556591,3.87124387471111
-1.6907149488703e-17,0,0.999130811574025,-0.0416847857556591,6.3423059441368
,,0.888330822426023,0.459204039537887,2.79804550239353
,,0.888330822426023,-0.459204039537887,2.03844753026173
