Q,P,EigValReal,EigValImag,AGPgrad,N,toda,k,E0,lmd,period
0,0,0.996216178702334,0.0869098687821426,-269.045593929396,3,2.51999999999999,1,1,5.8740341159726e-14,3.41790000000279
1.0801647488699,0,0.996216178702334,-0.0869098687821426,-4.41055417511281
0.378720210680527,0,0.238700886536122,0.971093140109064,0.846382547627701
0.12854619486574,0,0.238700886536122,-0.971093140109064,6.30314621623645
4.64186013979248e-17,0,-0.668144289394478,0.744031725499356,15.200848044408
,,-0.668144289394478,-0.744031725499356,7.52935417891609
