Q,P,EigValReal,EigValImag,AGPgrad,N,toda,k,E0,lmd,period
0,0,0.989929916452764,0.141558329008373,-1964.51031379267,5,3.63999999999997,1,1,1.60419098071127e-13,3.06560000000204
1.13777391497021,0,0.989929916452764,-0.141558329008373,-14.7728992291433
0.493178171051867,0,0.593898964457788,0.804539632346315,1.81903246590437
0.257266173597727,0,0.593898964457788,-0.804539632346315,0.523483377712111
0.132690069200102,0,-0.205934631179696,0.978565750310552,0.429649485006167
0.0562043214299386,0,-0.205934631179696,-0.978565750310552,10.3799349677004
2.16395165291286e-16,0,-0.768571681781458,0.639763682904556,32.2003166131758
,,-0.768571681781458,-0.639763682904556,25.9946001279181
,,-0.965198871473168,0.261516994680858,15.453038407872
,,-0.965198871473168,-0.261516994680858,7.29453994315806
