Q,P,EigValReal,EigValImag,AGPgrad,N,toda,k,E0,lmd,period
0,0,0.998772678354306,0.0495291527588431,-345.022975743786,2,2.35999999999999,1,1,2.23337065987157e-15,2.78940000000146
0.994212957636867,0,0.998772678354306,-0.0495291527588431,-2.94262888440643
0.262307948033983,0,0.524963156158034,0.851124952446237,12.0618539287826
-1.46563800714913e-17,0,0.524963156158034,-0.851124952446237,25.8268822364824
