Q,P,EigValReal,EigValImag,AGPgrad,N,toda,k,E0,lmd,period
0,0,0.999273652024303,0.0381073269858369,-39.9533370691434,2,1.7,1,0.999999999999999,4.58930393597322e-15,3.7573000000035
1.06442749848399,0,0.999273652024303,-0.0381073269858369,-1.22444116312497
0.25953307569703,0,-0.138203104720739,0.990403908436126,3.46436583312138
-2.020949247779e-17,0,-0.138203104720739,-0.990403908436126,6.58435736030844
