Q,P,EigValReal,EigValImag,AGPgrad,N,toda,k,E0,lmd,period
0,0,-0.766594530064265,0.642131471332417,218.626769263275,4,1.78,1,1,3.59608211795746e-13,5.80049999999982
1.29852375123894,0,-0.766594530064265,-0.642131471332417,4.5697908370329
0.495795454980489,0,-0.198464378819046,0.980108101354113,8.72764856175408
0.20747568307405,0,-0.198464378819046,-0.980108101354113,7.81348847613097
0.0735781045854551,0,0.999568970245223,0.0293576859263142,-10.1829585807136
-1.47955846947227e-17,0,0.999568970245223,-0.0293576859263142,-15.7795336120606
,,0.924060902144863,0.382245273518465,-6.48980047376359
,,0.924060902144863,-0.382245273518465,-6.30317362022146
