Q,P,EigValReal,EigValImag,AGPgrad,N,toda,k,E0,lmd,period
0,0,0.999594658701119,0.0284696030214151,-3.43995474984661,2,1.2,1,1,1.24780557594574e-14,4.62900000000255
1.13886770416387,0,0.999594658701119,-0.0284696030214151,-0.317377736313745
0.247548749011053,0,-0.796255380563363,0.604960634193566,0.925485333499657
-2.80148444322888e-17,0,-0.796255380563363,-0.604960634193566,2.16306779290178
