Q,P,EigValReal,EigValImag,AGPgrad,N,toda,k,E0,lmd,period
0,0,0.998672906719591,0.0515017027318956,-34.9186897725854,3,1.98,1,1,5.21418254807888e-14,4.33350000000324
1.14978796344304,0,0.998672906719591,-0.0515017027318956,-1.94180576976284
0.388979513142835,0,-0.313741152559542,0.949508551404684,1.41545159088755
0.125439056856793,0,-0.313741152559542,-0.949508551404684,1.72168838426748
4.77752997242357e-17,0,-0.991669438542067,0.128808868722863,4.02671570622544
,,-0.991669438542067,-0.128808868722863,2.09368951506674
