Q,P,EigValReal,EigValImag,AGPgrad,N,toda,k,E0,lmd,period
0,0,0.998383808006031,0.0568310822643753,-1212.26668862285,2,2.80999999999998,1,1,1.5925291120268e-13,2.26170000000035
0.957179495996983,0,0.998383808006031,-0.0568310822643753,-4.39708719508173
0.260960395042656,0,0.756515766242432,0.6539754547585,25.5286954688456
-1.23237648439503e-17,0,0.756515766242432,-0.6539754547585,59.9355389587607
