Q,P,EigValReal,EigValImag,AGPgrad,N,toda,k,E0,lmd,period
0,0,-0.876773625351622,0.480903326966821,790.967546345141,5,2.34999999999999,1,1,5.7331227866834e-13,5.38840000000078
1.29474832806397,0,-0.876773625351622,-0.480903326966821,4.820997109293
0.546748860531394,0,-0.338222293596857,0.94106624640037,11.4686222666683
0.273273117047654,0,-0.338222293596857,-0.94106624640037,11.9770055955139
0.133504712016651,0,0.296238678424634,0.955113943676473,3.50814107311734
0.0537742854213858,0,0.296238678424634,-0.955113943676473,-14.9433507776729
2.45779393169336e-16,0,0.997980072297013,0.0635277521870421,-27.1878375853702
,,0.997980072297013,-0.0635277521870421,-20.0100723464006
,,0.924448981336851,0.381305757765672,-20.7919659888777
,,0.924448981336851,-0.381305757765672,-16.7239459019796
