Q,P,EigValReal,EigValImag,AGPgrad,N,toda,k,E0,lmd,period
0,0,0.999982069358924,0.00598840217711294,2.00899715512506,5,0.29,1,1,1.46675843944315e-14,11.6766999999861
2.27833787367906,0,0.999982069358924,-0.00598840217711294,-0.0789088813834017
0.598419420218445,0,0.679239066594968,0.733917086877815,-0.375920731687102
0.153932808324064,0,0.679239066594968,-0.733917086877815,0.101524998935765
0.0339434050842579,0,0.183571648998038,0.983006332474087,0.324510697921559
0.00569176084515768,0,0.183571648998038,-0.983006332474087,-1.02970748904447
4.89789426084992e-16,0,-0.675809985120883,0.737075887552242,-0.534438728775457
,,-0.675809985120883,-0.737075887552242,-0.183026569188009
,,-0.840036950149308,0.542529190351873,0.0957685730076929
,,-0.840036950149308,-0.542529190351873,0.423408680112479
