Q,P,EigValReal,EigValImag,AGPgrad,N,toda,k,E0,lmd,period
0,0,0.999892502723749,0.0146622984790785,-766.53870401973,5,3.33999999999997,1,1,4.72178972575615e-13,3.49560000000295
1.16717334195917,0,0.999892502723749,-0.0146622984790785,-10.4783010503971
0.503682669672044,0,0.450373727271614,0.892840134505331,2.46570225306052
0.260872946780344,0,0.450373727271614,-0.892840134505331,0.912334083138199
0.133365675742558,0,-0.504062740697237,0.863667038528622,0.491928803520855
0.0560435576576976,0,-0.504062740697237,-0.863667038528622,5.36535714069374
2.21901061632772e-16,0,-0.96826240536489,0.249935820476,15.5622287578987
,,-0.96826240536489,-0.249935820476,12.7798690776137
,,-0.967804504321812,0.251703081853256,6.07719666676978
,,-0.967804504321812,-0.251703081853256,2.60133128120932
