Q,P,EigValReal,EigValImag,AGPgrad,N,toda,k,E0,lmd,period
0,0,0.999352020901351,0.0359935872114095,-13.945566587869,5,1.17,1,0.999999999999999,9.11762814165527e-15,8.79749999999284
1.58677164333443,0,0.999352020901351,-0.0359935872114095,-4.12828507215174
0.625238561973869,0,0.809945388243516,0.586505300967572,0.109234068203182
0.27890245679155,0,0.809945388243516,-0.586505300967572,-0.290045685332389
0.11711231021291,0,0.142293236167094,0.989824547554308,-2.0348782369961
0.0403851222048859,0,0.142293236167094,-0.989824547554308,2.2859688588308
3.01841991626093e-16,0,-0.878700493491527,0.477373483488295,2.58778045659725
,,-0.878700493491527,-0.477373483488295,2.32449945136287
,,-0.997838719539489,0.0657106520116652,0.0243639849964785
,,-0.997838719539489,-0.0657106520116652,-0.254349145593243
