Q,P,EigValReal,EigValImag,AGPgrad,N,toda,k,E0,lmd,period
0,0,0.992262681782153,0.124156233603182,-1506.6304713645,4,3.35999999999997,1,1,8.6739178505484e-14,2.91160000000172
1.0854023995888,0,0.992262681782153,-0.124156233603182,-11.1068175589494
0.440505228674614,0,0.571378099574096,0.820686948432287,0.918297450404996
0.203270238379104,0,0.571378099574096,-0.820686948432287,0.456808191801212
0.0803346287441283,0,-0.683712191748277,0.729751765228955,12.1796874786117
-7.97927834365513e-18,0,-0.683712191748277,-0.729751765228955,36.0379843778641
,,-0.206261152237053,0.97849697857369,24.8798567931456
,,-0.206261152237053,-0.97849697857369,11.5723538936421
