Q,P,EigValReal,EigValImag,AGPgrad,N,toda,k,E0,lmd,period
0,0,0.996715795962007,0.0809791459565945,-253.406501086155,3,2.49999999999999,1,1,4.1078830343834e-14,3.44840000000285
1.08241719065674,0,0.996715795962007,-0.0809791459565945,-4.30781990314486
0.379106188936031,0,0.221699209032577,0.975115101264633,0.862026165995328
0.128485546499857,0,0.221699209032577,-0.975115101264633,6.07715951856008
4.6467660206622e-17,0,-0.690326785502777,0.723497705053316,14.5895749390225
,,-0.690326785502777,-0.723497705053316,7.22317794123005
