Q,P,EigValReal,EigValImag,AGPgrad,N,toda,k,E0,lmd,period
0,0,0.999237075276896,0.0390546718354506,63.8918020091456,4,2.18,1,1,2.11058091873394e-14,4.88870000000195
1.2269585032028,0,0.999237075276896,-0.0390546718354506,-1.34893086646286
0.479445555534909,0,-0.909363064826027,0.41600338499852,3.36712970287764
0.208343216054487,0,-0.909363064826027,-0.41600338499852,2.14181209251499
0.0771506216486481,0,-0.354564313979377,0.935031629011732,-1.60362859198358
-1.22023851020964e-17,0,-0.354564313979377,-0.935031629011732,-2.27492061561818
,,-0.0490869810290717,0.998794507540699,-1.06017076576234
,,-0.0490869810290717,-0.998794507540699,-2.2290614406308
