Q,P,EigValReal,EigValImag,AGPgrad,N,toda,k,E0,lmd,period
0,0,0.999961896933949,0.00872952921077975,0.870230877081989,2,0.7,1,1,1.24433531132974e-14,5.52980000000045
1.24687989064268,0,0.999961896933949,-0.00872952921077975,0.0685898341614959
0.209606645487731,0,-0.936158461915079,0.351578347150083,-0.114227793942017
-4.36999388966808e-17,0,-0.936158461915079,-0.351578347150083,0.820804376346234
