Q,P,EigValReal,EigValImag,AGPgrad,N,toda,k,E0,lmd,period
0,0,0.99949238124071,0.0318587482772916,11.4114014131833,3,1.49,1,1,2.11382992809396e-14,5.33050000000092
1.235577011527,0,0.99949238124071,-0.0318587482772916,-0.152261670781529
0.396396228826826,0,-0.849135060742284,0.528175774357543,2.22167545415393
0.118095390603029,0,-0.849135060742284,-0.528175774357543,-0.777231868542163
4.90475966569305e-17,0,-0.241861016172543,0.9703109031934,-0.30901197149633
,,-0.241861016172543,-0.9703109031934,0.858633101795516
