Q,P,EigValReal,EigValImag,AGPgrad,N,toda,k,E0,lmd,period
0,0,0.993478285340451,0.11402147410463,-4108.35568424399,2,3.27999999999997,1,1,4.32982332394721e-13,1.81309999999982
0.924625308533057,0,0.993478285340451,-0.11402147410463,-6.16396914140868
0.258411054900727,0,0.881388137247848,0.472392793677862,53.7484176069451
-1.05627739071372e-17,0,0.881388137247848,-0.472392793677862,137.037988721903
