Q,P,EigValReal,EigValImag,AGPgrad,N,toda,k,E0,lmd,period
0,0,0.992245995312847,0.124289520015431,203.51823388934,5,2.75999999999999,1,0.999999999999999,5.14263058248096e-14,4.50690000000283
1.23486911980215,0,0.992245995312847,-0.124289520015431,-3.23111224789345
0.527071001379607,0,-0.970668764953001,0.240420774361577,4.56503276445245
0.268133466704918,0,-0.970668764953001,-0.240420774361577,2.94111253228417
0.134012759391318,0,-0.661737527299483,0.749735583364935,0.904054559314269
0.0551569481929859,0,-0.661737527299483,-0.749735583364935,-2.33765703711589
2.34568917590668e-16,0,0.04659937275577,0.998913659161173,-4.2739193338619
,,0.04659937275577,-0.998913659161173,-3.01216049294062
,,-0.0232942777154944,0.999728651497855,-6.31977112438591
,,-0.0232942777154944,-0.999728651497855,-4.14706256863239
