Q,P,EigValReal,EigValImag,AGPgrad,N,toda,k,E0,lmd,period
0,0,0.999970628355907,0.00766436073518553,-6.36655052789304,4,0.970000000000001,1,1,5.65089503493054e-15,7.9987999999947
1.5324545118157,0,0.999970628355907,-0.00766436073518553,-3.13557779091073
0.528694476923627,0,0.695584483710419,0.718444309617178,-0.734556056276241
0.188056945047895,0,0.695584483710419,-0.718444309617178,-1.25953315286882
0.0547699779343349,0,-0.75943089275037,0.650587979551098,2.27652870182387
-2.49924880791632e-17,0,-0.75943089275037,-0.650587979551098,2.94033544199093
,,-0.979386808465111,0.201993760805909,0.788517633412856
,,-0.979386808465111,-0.201993760805909,-0.873028626870428
