Q,P,EigValReal,EigValImag,AGPgrad,N,toda,k,E0,lmd,period
0,0,-0.145721494097394,0.989325652228839,-571.4451116464,3,2.96999999999998,1,1,6.66756501069217e-14,2.79570000000148
1.03444968731813,0,-0.145721494097394,-0.989325652228839,-7.29071133448634
0.370161703750646,0,0.994073240404283,0.108712431267624,2.47174781110091
0.12921762929496,0,0.994073240404283,-0.108712431267624,8.29226184101171
4.53462632520013e-17,0,0.547451531306012,0.836837392132234,22.9466885625089
,,0.547451531306012,-0.836837392132234,6.35820334609702
