Q,P,EigValReal,EigValImag,AGPgrad,N,toda,k,E0,lmd,period
0,0,0.998892849483774,0.0470433337483119,24.4771782359989,5,1.59,1,1,8.5656423317168e-15,7.440499999996
1.45167138601613,0,0.998892849483774,-0.0470433337483119,0.535667766092247
0.593012993748727,0,0.733280928058498,0.679925790469558,0.978999111952781
0.28051566219925,0,0.733280928058498,-0.679925790469558,-0.913357286207691
0.127399292022302,0,0.240213423406321,0.970720099315669,2.7933462617827
0.0477162549964963,0,0.240213423406321,-0.970720099315669,-0.974454519857804
2.75431307825926e-16,0,-0.973894417817031,0.227001460226177,-2.53991209817773
,,-0.973894417817031,-0.227001460226177,-0.20219193283991
,,-0.885072854168341,0.465452514027282,1.86573158554619
,,-0.885072854168341,-0.465452514027282,-0.112457960553337
