Q,P,EigValReal,EigValImag,AGPgrad,N,toda,k,E0,lmd,period
0,0,0.999609098348106,0.0279580131568616,-22.9263937829494,2,1.56,1,1,1.12778172040253e-14,3.991500000004
1.08287384428592,0,0.999609098348106,-0.0279580131568616,-0.928546799083692
0.25749528101055,0,-0.326830192860774,0.945083078377011,2.5336704602052
-2.19459885685064e-17,0,-0.326830192860774,-0.945083078377011,4.82450046390912
