Q,P,EigValReal,EigValImag,AGPgrad,N,toda,k,E0,lmd,period
0,0,0.999940425108423,0.0109154126803145,0.843436771406086,2,0.77,1,1,8.46875481684443e-15,5.40870000000073
1.22902847950664,0,0.999940425108423,-0.0109154126803145,0.0488888995076336
0.217863680872738,0,-0.978284962496755,0.207264401556842,-0.0282464917389259
-4.06863131332794e-17,0,-0.978284962496755,-0.207264401556842,0.926092572735428
