Q,P,EigValReal,EigValImag,AGPgrad,N,toda,k,E0,lmd,period
0,0,0.999904901137115,0.0137908912685009,0.268622539640975,2,0.940000000000001,1,1,1.49320551263994e-15,5.10420000000144
1.18962649438637,0,0.999904901137115,-0.0137908912685009,-0.0442489107831572
0.233126776922671,0,-0.989144767114929,0.146944308121092,0.254243415428016
-3.46628628009006e-17,0,-0.989144767114929,-0.146944308121092,1.26635389181658
