Q,P,EigValReal,EigValImag,AGPgrad,N,toda,k,E0,lmd,period
0,0,0.999085599587339,0.04275470380271,-20.1891540344177,2,1.53,1,1,1.83838936657197e-15,4.04290000000392
1.08703927506483,0,0.999085599587339,-0.04275470380271,-0.86862547225963
0.256953547629497,0,-0.368212219679238,0.929741771288615,2.3600471503937
-2.23554152200088e-17,0,-0.368212219679238,-0.929741771288615,4.51115511100266
