Q,P,EigValReal,EigValImag,AGPgrad,N,toda,k,E0,lmd,period
0,0,0.0824286816618667,0.996596965899197,-955.089540817081,3,3.18999999999998,1,1,4.62957793026663e-14,2.53320000000092
1.01499942813477,0,0.0824286816618667,-0.996596965899197,-8.82482933122508
0.366119724672112,0,0.992481802829955,0.122392283463588,3.18571056253656
0.129188320865051,0,0.992481802829955,-0.122392283463588,11.1192099608974
4.48459535342255e-17,0,0.652931230722128,0.757417195439664,33.6865478928406
,,0.652931230722128,-0.757417195439664,8.24295639237051
