Q,P,EigValReal,EigValImag,AGPgrad,N,toda,k,E0,lmd,period
0,0,0.999682711034986,0.0251888320046214,-66.4122381073827,2,1.84,1,1,9.32743622636468e-15,3.53260000000303
1.04744351819698,0,0.999682711034986,-0.0251888320046214,-1.54737221246403
0.260904852038955,0,0.0375362489051125,0.99929526668454,4.62834587624421
-1.87176654770342e-17,0,0.0375362489051125,-0.99929526668454,8.92882983289829
