Q,P,EigValReal,EigValImag,AGPgrad,N,toda,k,E0,lmd,period
0,0,0.999697114958754,0.0246105331742054,1.10563015026004,5,0.820000000000001,1,1,1.49218056563011e-14,9.99829999999004
1.75590434459851,0,0.999697114958754,-0.0246105331742054,-1.39506098741163
0.652647759397676,0,0.804092296574696,0.594504481555222,-0.659374246007828
0.265943013464318,0,0.804092296574696,-0.594504481555222,-0.361838347099257
0.0992592871519491,0,0.266988478181262,0.963699721136436,-0.577503979728073
0.0300763677958873,0,0.266988478181262,-0.963699721136436,0.936138331780178
3.37389750323888e-16,0,-0.367114078236005,0.930175926134905,0.622451539662635
,,-0.367114078236005,-0.930175926134905,0.415443694212704
,,-0.356768288989343,0.934192907258244,0.302829394899272
,,-0.356768288989343,-0.934192907258244,-1.02258933401433
