Q,P,EigValReal,EigValImag,AGPgrad,N,toda,k,E0,lmd,period
0,0,-0.342286441882987,0.939595653301501,0.222117639273723,2,0.27,1,1,8.50403221066601e-15,6.14079999999903
1.37080169380628,0,-0.342286441882987,-0.939595653301501,0.0398058822707296
0.11449297850703,0,0.999987620013151,0.00497592407913982,-0.314663818377411
-7.26368719743898e-17,0,0.999987620013151,-0.00497592407913982,0.43783460426682
