Q,P,EigValReal,EigValImag,AGPgrad,N,toda,k,E0,lmd,period
0,0,0.999939599478687,0.010990786796567,1.73601286412196,3,0.53,1,1,9.74284501461015e-15,7.51449999999583
1.55830251214938,0,0.999939599478687,-0.010990786796567,-0.871698312150147
0.352611988018548,0,-0.214533987057905,0.976716524072896,0.0336326165516824
0.0630949811705397,0,-0.214533987057905,-0.976716524072896,-0.0554894269589188
5.45191698468708e-17,0,0.18916168744802,0.981945953707137,0.73307976472127
,,0.18916168744802,-0.981945953707137,-0.233059281706811
