Q,P,EigValReal,EigValImag,AGPgrad,N,toda,k,E0,lmd,period
0,0,0.999201753881399,0.0399481544038259,-64.8209166305573,3,2.11,1,1,2.70896371990532e-14,4.09530000000379
1.13113938198941,0,0.999201753881399,-0.0399481544038259,-2.47679647474634
0.386580632911024,0,-0.16553563228395,0.986203809790024,1.24913404933767
0.126522830564702,0,-0.16553563228395,-0.986203809790024,2.58295375867581
4.74435240539964e-17,0,-0.990930613392376,0.134374549085036,5.87953713826469
,,-0.990930613392376,-0.134374549085036,2.9360785092721
