Q,P,EigValReal,EigValImag,AGPgrad,N,toda,k,E0,lmd,period
0,0,-0.857953154382966,0.513727928853709,0.0171311785157151,3,0.01,1,1,4.35751191349173e-15,8.20909999999421
1.84751308372752,0,-0.857953154382966,-0.513727928853709,-0.00861483906430088
0.0120657950493105,0,0.576015846803224,0.817438526270667,0.0163256402101431
5.25402806268449e-05,0,0.576015846803224,-0.817438526270667,-0.857572732718029
9.22558304435151e-17,0,0.999999983435316,0.000182014759763707,0.0132056046280769
,,0.999999983435316,-0.000182014759763707,0.84840696348399
