Q,P,EigValReal,EigValImag,AGPgrad,N,toda,k,E0,lmd,period
0,0,0.9999039335636,0.0138608673629966,0.202938483350066,2,0.950000000000001,1,1,1.86989012124726e-16,5.08600000000149
1.18747407883476,0,0.9999039335636,-0.0138608673629966,-0.0518313598887496
0.233852598327739,0,-0.985945195123885,0.167069064198507,0.274354834458538
-3.4356718583078e-17,0,-0.985945195123885,-0.167069064198507,1.29110206502263
