Q,P,EigValReal,EigValImag,AGPgrad,N,toda,k,E0,lmd,period
0,0,0.999136221340405,0.0415549179478332,109.583142416583,4,1.99,1,1,2.24032885333959e-14,5.30550000000097
1.25872881489888,0,0.999136221340405,-0.0415549179478332,0.255221575990546
0.48700927719407,0,0.480216330324218,0.877150087550552,4.45351121818803
0.208251475067764,0,0.480216330324218,-0.877150087550552,3.29621884848278
0.0757206586619718,0,-0.659349888143172,0.751836235496524,-3.69595467066974
-1.33170754548197e-17,0,-0.659349888143172,-0.751836235496524,-5.75318910946181
,,-0.557344830408076,0.830281121077308,-2.65002355031554
,,-0.557344830408076,-0.830281121077308,-3.31434070006444
