Q,P,EigValReal,EigValImag,AGPgrad,N,toda,k,E0,lmd,period
0,0,0.866386753041537,0.499373601779427,0.697093037690051,5,0.12,1,1,7.71611765132666e-15,12.0388999999853
2.59080463006154,0,0.866386753041537,-0.499373601779427,0.0731389648317814
0.379050973517589,0,0.999998672870415,0.00162918918279447,-0.220467161303084
0.0507443057317465,0,0.999998672870415,-0.00162918918279447,0.103324047737261
0.005739275923342,0,-0.418801529961063,0.908077793199609,0.274175008645271
0.000471171669591569,0,-0.418801529961063,-0.908077793199609,-1.66060875091803
6.63328813890862e-16,0,-0.249361700444459,0.968410420406271,-1.3217229157116
,,-0.249361700444459,-0.968410420406271,0.151248599188821
,,-0.299611134657176,0.954061406823189,1.19578001233038
,,-0.299611134657176,-0.954061406823189,1.12699743051379
