Q,P,EigValReal,EigValImag,AGPgrad,N,toda,k,E0,lmd,period
0,0,0.988613621626268,0.150476267680077,-3267.37837325524,4,3.68999999999997,1,0.999999999999999,4.34988476631493e-14,2.51760000000089
1.05665404231892,0,0.988613621626268,-0.150476267680077,-14.7027895667667
0.431666101836961,0,0.701425744030466,0.712742538095856,0.6486671031844
0.201207552134387,0,0.701425744030466,-0.712742538095856,0.3768819411786
0.0803473460872731,0,-0.337695697885993,0.94125534029257,19.5697653426638
-7.26933957655633e-18,0,-0.337695697885993,-0.94125534029257,62.4420673175785
,,0.104663579145941,0.994507684837266,42.8644708478658
,,0.104663579145941,-0.994507684837266,20.5690012520316
