Q,P,EigValReal,EigValImag,AGPgrad,N,toda,k,E0,lmd,period
0,0,0.999454826027899,0.0330159163065407,-9545.04354920604,2,3.61999999999997,1,1,2.70183952513229e-15,1.54459999999985
0.90401026095573,0,0.999454826027899,-0.0330159163065407,-7.7907349267774
0.25621140472394,0,0.929774694171755,0.368129078011829,90.7084870349891
-9.57176554236534e-18,0,0.929774694171755,-0.368129078011829,243.420049737798
