Q,P,EigValReal,EigValImag,AGPgrad,N,toda,k,E0,lmd,period
0,0,0.998981021924198,0.0451322261273892,114.805768392934,4,1.97,1,1,1.66451147116544e-14,5.35110000000087
1.26229053419018,0,0.998981021924198,-0.0451322261273892,0.468385209317263
0.487827491605534,0,0.533066519104871,0.846073333824788,4.62385964915106
0.208212095950559,0,0.533066519104871,-0.846073333824788,3.481991504147
0.0755445662271979,0,-0.578352729335767,0.815786810674138,-3.98936243032261
-1.34457321039671e-17,0,-0.578352729335767,-0.815786810674138,-6.2165655239823
,,-0.623263266024931,0.78201208508816,-2.83705940982688
,,-0.623263266024931,-0.78201208508816,-3.44956167717142
