Q,P,EigValReal,EigValImag,AGPgrad,N,toda,k,E0,lmd,period
0,0,-0.990849821745915,0.134968999203832,15.9396793158851,4,1.42,1,1,6.52811813187942e-13,6.72919999999766
1.38231149649177,0,-0.990849821745915,-0.134968999203832,0.32158568365084
0.511543981091778,0,0.999801924097517,0.0199025769910069,0.598533862842088
0.203418823341629,0,0.999801924097517,-0.0199025769910069,0.941618594926853
0.0679035891012923,0,0.739960929079402,0.672649852029982,-0.998235383935177
-1.81833115734402e-17,0,0.739960929079402,-0.672649852029982,-0.786851544773508
,,0.581391450094092,0.813623980569334,0.498630400012181
,,0.581391450094092,-0.813623980569334,0.717102754265928
