Q,P,EigValReal,EigValImag,AGPgrad,N,toda,k,E0,lmd,period
0,0,0.999585859603733,0.0287768879531936,-41.4872456950343,2,1.71,1,1,3.96818352678648e-15,3.74090000000347
1.06316844094963,0,0.999585859603733,-0.0287768879531936,-1.24684304781175
0.259651097558496,0,-0.125125895909269,0.992140872141089,3.53924506671597
-2.00954365820057e-17,0,-0.125125895909269,-0.992140872141089,6.73060827581018
