Q,P,EigValReal,EigValImag,AGPgrad,N,toda,k,E0,lmd,period
0,0,0.999440269919876,0.0334536524530331,-763.567939809753,2,2.63999999999999,1,1,2.43693691858286e-14,2.44900000000074
0.970388287205547,0,0.999440269919876,-0.0334536524530331,-3.82127750055369
0.261641425271423,0,0.685470542787323,0.728100360507319,19.3372231581405
-1.3113235877079e-17,0,0.685470542787323,-0.728100360507319,43.9074195319821
