Q,P,EigValReal,EigValImag,AGPgrad,N,toda,k,E0,lmd,period
0,0,0.999095380965367,0.0425255186174729,47.6584122152369,4,2.24,1,1,1.44746418584057e-14,4.76320000000224
1.21763223493432,0,0.999095380965367,-0.0425255186174729,-1.78465468193697
0.477136985880966,0,-0.953861643521893,0.300246507086612,3.12885521467212
0.208282076020856,0,-0.953861643521893,-0.300246507086612,1.90761487164544
0.0775215718802715,0,-0.290913937326787,0.956749225800064,-1.06346802834285
-1.18865690611406e-17,0,-0.290913937326787,-0.956749225800064,-1.29438065744663
,,-0.209427880129956,0.977824096156504,-0.534196314709702
,,-0.209427880129956,-0.977824096156504,-1.89240037343102
