Q,P,EigValReal,EigValImag,AGPgrad,N,toda,k,E0,lmd,period
0,0,0.994646935597961,0.103331861037753,-277.333370214244,4,2.78999999999998,1,1,4.77299670034155e-14,3.74390000000348
1.14441673105806,0,0.994646935597961,-0.103331861037753,-5.85707249441511
0.457712125228693,0,0.221400705056732,0.975182920174664,1.70243915972878
0.206442940883497,0,0.221400705056732,-0.975182920174664,0.811709544091479
0.0796450574477239,0,-0.794837430836046,0.606822427520563,4.00874631710003
-9.59122081059466e-18,0,-0.794837430836046,-0.606822427520563,10.4515882950185
,,-0.993886322274835,0.110408235177414,7.17261937959716
,,-0.993886322274835,-0.110408235177414,2.47931629994442
