Q,P,EigValReal,EigValImag,AGPgrad,N,toda,k,E0,lmd,period
0,0,0.99923480040428,0.0391128324344394,-201.271705324321,2,2.18,1,1,1.185834697259e-14,3.03010000000197
1.01113660223191,0,0.99923480040428,-0.0391128324344394,-2.42646526973299
0.262313993449285,0,0.386584208084059,0.92225411360428,8.79044792951822
-1.58516843083682e-17,0,0.386584208084059,-0.92225411360428,18.1019211507428
