Q,P,EigValReal,EigValImag,AGPgrad,N,toda,k,E0,lmd,period
0,0,0.999558782259993,0.0297025387286603,-38.4675543568822,2,1.69,1,1,5.00056355550877e-15,3.77370000000354
1.06569398809662,0,0.999558782259993,-0.0297025387286603,-1.20255142594204
0.259411687474681,0,-0.151312103906779,0.988486037944546,3.39078166446843
-2.03247879145865e-17,0,-0.151312103906779,-0.988486037944546,6.44076222717043
