Q,P,EigValReal,EigValImag,AGPgrad,N,toda,k,E0,lmd,period
0,0,0.999596893693987,0.0283910217734768,-4.82907487536063,2,1.25,1,1,5.69739558477543e-15,4.53820000000276
1.13021703461016,0,0.999596893693987,-0.0283910217734768,-0.387336127247981
0.249474169806307,0,-0.739063233977883,0.673636056177338,1.09488125350378
-2.69947879799041e-17,0,-0.739063233977883,-0.673636056177338,2.4125990621646
