Q,P,EigValReal,EigValImag,AGPgrad,N,toda,k,E0,lmd,period
0,0,0.995071489034508,0.0991601316595759,-1196.86068111194,5,3.46999999999997,1,1,1.10218994672943e-13,3.30220000000254
1.15403760059651,0,0.995071489034508,-0.0991601316595759,-12.2804122793279
0.499014173532635,0,0.517435224232748,0.855722378299884,2.16123678603645
0.259294370886355,0,0.517435224232748,-0.855722378299884,0.715527682179976
0.133092826576945,0,-0.373224948847504,0.927740878455711,0.459535843398384
0.0561320412591519,0,-0.373224948847504,-0.927740878455711,7.39208837869162
2.19441507716863e-16,0,-0.899019012657643,0.437909596697865,22.023011772054
,,-0.899019012657643,-0.437909596697865,17.9356928532131
,,-0.999827247939947,0.0185869383391764,9.78598231209671
,,-0.999827247939947,-0.0185869383391764,4.46899794334532
