Q,P,EigValReal,EigValImag,AGPgrad,N,toda,k,E0,lmd,period
0,0,0.998013165466761,0.0630057263664641,-56.9004873796006,3,2.08,1,1,3.24660660355176e-14,4.14930000000367
1.13532093408642,0,0.998013165466761,-0.0630057263664641,-2.34950382049636
0.387141487494447,0,-0.199171000946277,0.979964750581406,1.28603199790468
0.126295891820616,0,-0.199171000946277,-0.979964750581406,2.37326203917714
4.75198590338034e-17,0,-0.997136609213237,0.0756213102684748,5.41572180924652
,,-0.997136609213237,-0.0756213102684748,2.71913319976622
