Q,P,EigValReal,EigValImag,AGPgrad,N,toda,k,E0,lmd,period
0,0,0.991235245393183,0.13210862307328,-637.606612861,4,3.03999999999998,1,1,5.96443223991865e-14,3.35320000000265
1.11684362899926,0,0.991235245393183,-0.13210862307328,-8.00570637426681
0.44983483873092,0,0.397161625650563,0.917748681889886,1.29765359724552
0.205142357148732,0,0.397161625650563,-0.917748681889886,0.606670078320087
0.0800798089830438,0,-0.545297988368433,0.838242270397604,7.04608175987739
-8.8118570717872e-18,0,-0.545297988368433,-0.838242270397604,19.3039121869341
,,-0.944082510002704,0.329709287565563,13.3243004143026
,,-0.944082510002704,-0.329709287565563,5.69802497081461
