Q,P,EigValReal,EigValImag,AGPgrad,N,toda,k,E0,lmd,period
0,0,0.993259859776722,0.115908804480701,-2427.14456050537,5,3.71999999999996,1,1,1.51790790300952e-13,2.96030000000182
1.13045005569515,0,0.993259859776722,-0.115908804480701,-16.0192475940474
0.490530655519832,0,0.625856379519103,0.779938325904829,1.67654701295184
0.256326743397114,0,0.625856379519103,-0.779938325904829,0.453522779974462
0.13248554060919,0,-0.130343307202568,0.991468921483419,0.41924733474449
0.0562235154844097,0,-0.130343307202568,-0.991468921483419,11.9430480966549
2.15022769712998e-16,0,-0.696887624248083,0.717180339363718,37.7608772580995
,,-0.696887624248083,-0.717180339363718,30.3855584000998
,,-0.925414468014421,0.378956544196811,18.4958241591813
,,-0.925414468014421,-0.378956544196811,8.80407792061012
