Q,P,EigValReal,EigValImag,AGPgrad,N,toda,k,E0,lmd,period
0,0,0.999202166057133,0.0399378435412372,-73.7005254024901,2,1.87,1,1,1.70153275419227e-15,3.48580000000293
1.04397451945819,0,0.999202166057133,-0.0399378435412372,-1.61930414935078
0.261127491672199,0,0.0729519780593608,0.99733545454737,4.91302084329085
-1.84251646495636e-17,0,0.0729519780593608,-0.99733545454737,9.52201466398688
