Q,P,EigValReal,EigValImag,AGPgrad,N,toda,k,E0,lmd,period
0,0,0.999237565254484,0.0390421334494132,-210.863629496575,3,2.43999999999999,1,1,6.52290258297122e-14,3.54140000000305
1.08930453386665,0,0.999237565254484,-0.0390421334494132,-4.00579761898249
0.380264828858359,0,0.168964409135087,0.985622152980352,0.91106126863221
0.128283753901682,0,0.168964409135087,-0.985622152980352,5.43060167208941
4.66154776000884e-17,0,-0.754562670619871,0.656227990950553,12.865492613178
,,-0.754562670619871,-0.656227990950553,6.36183392713254
