Q,P,EigValReal,EigValImag,AGPgrad,N,toda,k,E0,lmd,period
0,0,0.998532938645724,0.0541476725222965,-722.50173635587,2,2.61999999999999,1,1,6.22501229458418e-14,2.47200000000079
0.972000567689044,0,0.998532938645724,-0.0541476725222965,-3.75288137611658
0.261709713585817,0,0.675918494680833,0.736976382625944,18.7080712035157
-1.32127472152559e-17,0,0.675918494680833,-0.736976382625944,42.309447318909
