Q,P,EigValReal,EigValImag,AGPgrad,N,toda,k,E0,lmd,period
0,0,0.998005127962483,0.0631329118648313,22.6707598929659,4,2.31999999999999,1,1,2.79243567401659e-14,4.60040000000262
1.20566835379707,0,0.998005127962483,-0.0631329118648313,-2.35124428806075
0.47411869106358,0,-0.989362076439327,0.145473989783921,2.85098193714471
0.208145611247467,0,-0.989362076439327,-0.145473989783921,1.64976071041196
0.0779644995973931,0,-0.207518024334017,0.978231194338277,-0.370771124493742
-1.14891221806165e-17,0,-0.207518024334017,-0.978231194338277,0.0351218146950491
,,-0.406294212040814,0.913742312286205,0.231037694626303
,,-0.406294212040814,-0.913742312286205,-1.41789421009686
