Q,P,EigValReal,EigValImag,AGPgrad,N,toda,k,E0,lmd,period
0,0,0.993601408353146,0.112943531548165,231.133622443291,5,2.72999999999999,1,1,1.05568627020647e-13,4.5664000000027
1.23885548189677,0,0.993601408353146,-0.112943531548165,-2.86140539137994
0.528411691774693,0,-0.981261246652781,0.192682032938797,4.73350938649985
0.268513960969496,0,-0.981261246652781,-0.192682032938797,3.1523606349277
0.134010670569447,0,-0.609840040485846,0.792524526447113,0.953816982801979
0.0550822264431409,0,-0.609840040485846,-0.792524526447113,-2.76060530989937
2.35314777281551e-16,0,0.0208943856902482,0.999781688493376,-5.13549737324395
,,0.0208943856902482,-0.999781688493376,-3.6631381136035
,,0.0557265832987748,0.998446066602422,-6.89059845994288
,,0.0557265832987748,-0.998446066602422,-4.51283045976762
