Q,P,EigValReal,EigValImag,AGPgrad,N,toda,k,E0,lmd,period
0,0,0.984332649472923,0.176321397401911,-1052.23474550765,5,3.42999999999997,1,1,8.87425437310169e-14,3.36060000000267
1.1580129935012,0,0.984332649472923,-0.176321397401911,-11.6912865510384
0.500430640863405,0,0.497592956519538,0.867410658005858,2.25518841895988
0.259777450836634,0,0.497592956519538,-0.867410658005858,0.768873081165756
0.133180235297496,0,-0.41346954924635,0.910517947020273,0.468236879051299
0.056108061065401,0,-0.41346954924635,-0.910517947020273,6.74787211273854
2.20186186950078e-16,0,-0.923750853580993,0.382993943174551,19.958737065163
,,-0.923750853580993,-0.382993943174551,16.2563331019119
,,-0.996007825307361,0.0892659617464187,8.58952084643966
,,-0.996007825307361,-0.0892659617464187,3.86942748116863
