Q,P,EigValReal,EigValImag,AGPgrad,N,toda,k,E0,lmd,period
0,0,-0.497726396264562,0.867334096217539,-15.7825812952009,5,0.890000000000001,1,1,1.53996629611967e-14,9.7568999999906
1.71583677205526,0,-0.497726396264562,-0.867334096217539,-5.38628898798898
0.647646374456012,0,0.977518177642005,0.210851161674408,-3.37485327808133
0.270129228869372,0,0.977518177642005,-0.210851161674408,-1.7801661382361
0.103876021743129,0,0.999781225239679,0.0209165403031859,-0.516178148429417
0.0325367034293523,0,0.999781225239679,-0.0209165403031859,5.05453707035613
3.28628454367708e-16,0,-0.0936281579335332,0.995607235832473,4.92488453004848
,,-0.0936281579335332,-0.995607235832473,0.527260453561744
,,-0.0954850430609832,0.995430864777482,-0.0709455626397627
,,-0.0954850430609832,-0.995430864777482,-3.08717265295384
