Q,P,EigValReal,EigValImag,AGPgrad,N,toda,k,E0,lmd,period
0,0,0.999789467281242,0.020518799026745,-3.80314419438947,4,0.940000000000001,1,1,8.62171642108108e-15,8.08559999999449
1.54524640394416,0,0.999789467281242,-0.020518799026745,-2.65794804629253
0.52939343540244,0,0.611621201192184,0.791150748120885,-0.572217802864584
0.186286076862088,0,0.611621201192184,-0.791150748120885,-1.01451270000927
0.0535366787533251,0,-0.718067900465278,0.695973052870132,1.8142662299742
-2.56056477013448e-17,0,-0.718067900465278,-0.695973052870132,2.38443643331319
,,-0.998148044977422,0.0608315732801569,0.70049519544603
,,-0.998148044977422,-0.0608315732801569,-0.737471320306608
