Q,P,EigValReal,EigValImag,AGPgrad,N,toda,k,E0,lmd,period
0,0,0.99646072178059,0.0840596808739432,-1525.09293382563,5,3.54999999999997,1,0.999999999999999,1.22861919515147e-13,3.1886000000023
1.14626070656774,0,0.99646072178059,-0.0840596808739432,-13.4438620861296
0.496231295579053,0,0.554941416330403,0.831889430418019,1.99170769390531
0.258334690244555,0,0.554941416330403,-0.831889430418019,0.617865232725592
0.13290917806253,0,-0.29357493582613,0.955936063267144,0.444060989000977
0.0561717404938461,0,-0.29357493582613,-0.955936063267144,8.74524381061596
2.17984940012499e-16,0,-0.842127257262766,0.53927885418871,26.5346494861325
,,-0.842127257262766,-0.53927885418871,21.5299035137315
,,-0.993031820293534,0.117846526824111,12.3278407594575
,,-0.993031820293534,-0.117846526824111,5.73906186546791
