Q,P,EigValReal,EigValImag,AGPgrad,N,toda,k,E0,lmd,period
0,0,0.992848703244347,0.119379447418794,275.845154896728,5,2.67999999999999,1,1,3.34013865181617e-14,4.66730000000246
1.24562517263183,0,0.992848703244347,-0.119379447418794,-2.22919297743277
0.530678612830174,0,-0.993900198408147,0.110283251694213,5.04680518625028
0.269147745853854,0,-0.993900198408147,-0.110283251694213,3.5538091169241
0.13399675599425,0,-0.515128669467054,0.857112859484153,1.05105566179108
0.054949608582085,0,-0.515128669467054,-0.857112859484153,-3.50572361210207
2.36581517870681e-16,0,-0.0229647648612678,0.999736275011999,-6.60459803647885
,,-0.0229647648612678,-0.999736275011999,-4.76552741005284
,,0.189377343831516,0.981904385183874,-7.86846488666935
,,0.189377343831516,-0.981904385183874,-5.16303199423176
