Q,P,EigValReal,EigValImag,AGPgrad,N,toda,k,E0,lmd,period
0,0,0.997002599643793,0.0773680573848769,-4777.4238036732,2,3.33999999999997,1,1,7.23408273556009e-16,1.76249999999982
0.920826923226389,0,0.997002599643793,-0.0773680573848769,-6.45808912058103
0.258038787342154,0,0.891866927204174,0.452297893162659,58.9962547291866
-1.03731725645385e-17,0,0.891866927204174,-0.452297893162659,151.831004849747
