Q,P,EigValReal,EigValImag,AGPgrad,N,toda,k,E0,lmd,period
0,0,-0.171360826292693,0.985208336958376,0.0638257824534123,2,0.13,1,1,1.13720704184718e-14,6.24849999999878
1.40278036435395,0,-0.171360826292693,-0.985208336958376,0.0208410734289028
0.0596389440505942,0,0.999996707446763,0.00256614411812907,-0.312965110127323
-8.6533290522135e-17,0,0.999996707446763,-0.00256614411812907,0.376977583978728
