Q,P,EigValReal,EigValImag,AGPgrad,N,toda,k,E0,lmd,period
0,0,0.997746466669325,0.0670968572202777,44.7640452436477,4,2.25,1,1,1.990190158168e-14,4.74260000000229
1.21610801045803,0,0.997746466669325,-0.0670968572202777,-1.8559190602584
0.476755960107374,0,-0.959743322846028,0.280878540035491,3.09251347876426
0.208268302048432,0,-0.959743322846028,-0.280878540035491,1.87232167412057
0.0775800610822142,0,-0.280405436638302,0.959881654738574,-0.97571289768026
-1.18354536967085e-17,0,-0.280405436638302,-0.959881654738574,-1.12919465641127
,,-0.235178983228074,0.971952080016179,-0.442983861595692
,,-0.235178983228074,-0.971952080016179,-1.83516197899786
