Q,P,EigValReal,EigValImag,AGPgrad,N,toda,k,E0,lmd,period
0,0,0.998679892969286,0.0513660527857796,88.0633411258888,4,2.08,1,1,1.8931888606745e-14,5.10440000000144
1.24323191473183,0,0.998679892969286,-0.0513660527857796,-0.570397747914701
0.483378772952435,0,-0.79881079114361,0.601582346775992,3.8519059324515
0.208354386250418,0,-0.79881079114361,-0.601582346775992,2.64520970572836
0.076450017962226,0,-0.461602631216795,0.887086811340189,-2.5952935488302
-1.27659079300902e-17,0,-0.461602631216795,-0.887086811340189,-3.9722497354123
,,0.231054487679575,0.972940812034901,-1.88547116783413
,,0.231054487679575,-0.972940812034901,-2.77866823508752
