Q,P,EigValReal,EigValImag,AGPgrad,N,toda,k,E0,lmd,period
0,0,0.999090504192119,0.0426399394128859,0.338330029925996,3,1.7,1,1,1.4535837232721e-14,4.88470000000195
1.19532092009613,0,0.999090504192119,-0.0426399394128859,-0.899243042043418
0.39368538077352,0,-0.638221838980711,0.769852508113143,1.838172248045
0.122018462125356,0,-0.638221838980711,-0.769852508113143,0.200476642211969
4.84974071198148e-17,0,-0.716161535847511,0.697934563245407,1.18227868703396
,,-0.716161535847511,-0.697934563245407,1.04798219607938
