Q,P,EigValReal,EigValImag,AGPgrad,N,toda,k,E0,lmd,period
0,0,-0.700296042853848,0.713852542450643,158.95968321469,4,1.85,1,1,1.37887471660476e-13,5.63150000000021
1.28464233512897,0,-0.700296042853848,-0.713852542450643,2.28360966449578
0.492820572731506,0,-0.370668349705109,0.928765295716254,6.28498271278256
0.207830223733585,0,-0.370668349705109,-0.928765295716254,5.27258019372923
0.0743686511218965,0,0.999886708906101,0.0150522208660883,-6.62611095025928
-1.42697169819429e-17,0,0.999886708906101,-0.0150522208660883,-10.3045377320368
,,0.810050883901978,0.586359587190007,-4.4063799767844
,,0.810050883901978,-0.586359587190007,-4.63682413458714
