Q,P,EigValReal,EigValImag,AGPgrad,N,toda,k,E0,lmd,period
0,0,0.996725996964786,0.0808534908000533,-3340.64426589267,4,3.69999999999997,1,1,1.73237010221287e-14,2.50650000000087
1.05583237134694,0,0.996725996964786,-0.0808534908000533,-14.8555536834159
0.431409847494866,0,0.704728237817042,0.709477350465331,0.6417409916595
0.201144027394203,0,0.704728237817042,-0.709477350465331,0.375624570277734
0.0803447517090286,0,-0.327144786043995,0.944974226613746,19.8350053340784
-7.24971497485712e-18,0,-0.327144786043995,-0.944974226613746,63.3993871586283
,,0.113180350829249,0.993574460312951,43.5360008289374
,,0.113180350829249,-0.993574460312951,20.9022893245035
