Q,P,EigValReal,EigValImag,AGPgrad,N,toda,k,E0,lmd,period
0,0,0.999114083661995,0.0420838190782206,118.084611488652,5,1.44,1,1,2.15481622205682e-14,7.9094999999949
1.49416304669348,0,0.999114083661995,-0.0420838190782206,9.04683057238526
0.603999263566094,0,0.959895528752155,0.280357938859626,2.3998585010321
0.280821720840655,0,0.959895528752155,-0.280357938859626,1.58294834784895
0.124622854481673,0,-0.382248436841192,0.924059593604478,7.3948391182807
0.0455711455448421,0,-0.382248436841192,-0.924059593604478,-7.83776708410862
2.83611134856363e-16,0,-0.966581983228684,0.256357698729146,-11.5167349636494
,,-0.966581983228684,-0.256357698729146,-4.76046016645061
,,-0.999877060052384,0.0156800759248857,0.958485475239982
,,-0.999877060052384,-0.0156800759248857,0.10137273067725
