Q,P,EigValReal,EigValImag,AGPgrad,N,toda,k,E0,lmd,period
0,0,-0.627395418079977,0.778700834321021,-0.543725082278254,3,0.74,1,1,6.88805125892828e-13,7.0546999999969
1.45675392347812,0,-0.627395418079977,-0.778700834321021,-2.61994093609413
0.381567723602394,0,0.999905903645146,0.0137180120867084,-0.902744775634526
0.0837931537554367,0,0.999905903645146,-0.0137180120867084,1.69043747700102
5.19414439529189e-17,0,0.805866728466923,0.592096964989704,2.6962732098037
,,0.805866728466923,-0.592096964989704,-1.45905439244807
