Q,P,EigValReal,EigValImag,AGPgrad,N,toda,k,E0,lmd,period
0,0,0.99011788911145,0.140237532997967,-1788.30829277314,4,3.42999999999997,1,1,1.99996059247683e-14,2.82310000000153
1.07901926279587,0,0.99011788911145,-0.140237532997967,-11.8308031551901
0.43856742292589,0,0.602756269974792,0.797925359295014,0.852447546970183
0.202840697243465,0,0.602756269974792,-0.797925359295014,0.434876408691235
0.0803554154690114,0,-0.612548481366544,0.790433019284704,13.5431934310717
-7.81746622812746e-18,0,-0.612548481366544,-0.790433019284704,40.7487039408797
,,-0.135712802726389,0.990748219870287,28.1027539392558
,,-0.135712802726389,-0.990748219870287,13.1928051247947
