Q,P,EigValReal,EigValImag,AGPgrad,N,toda,k,E0,lmd,period
0,0,0.235513007722851,0.971871196812284,-1403.08597287282,3,3.35999999999997,1,1,5.90030953054971e-14,2.34730000000053
1.00102993926414,0,0.235513007722851,-0.971871196812284,-10.0931692500293
0.363077230582889,0,0.992501171327804,0.122235121438053,3.77722394673378
0.129055569876003,0,0.992501171327804,-0.122235121438053,13.87859755276
4.44706792721425e-17,0,0.718118716352857,0.695920619915609,44.6447891991027
,,0.718118716352857,-0.695920619915609,10.0055790660541
