Q,P,EigValReal,EigValImag,AGPgrad,N,toda,k,E0,lmd,period
0,0,-0.766205859038799,0.642595192617109,-8.44962607943728,3,0.830000000000001,1,1,1.04734018644801e-14,6.84769999999738
1.42045428242676,0,-0.766205859038799,-0.642595192617109,-5.61320335974186
0.388026050248268,0,0.999828237921753,0.0185336087767285,-3.08574361281254
0.0906293781175277,0,0.999828237921753,-0.0185336087767285,4.78156768292046
5.13303421742579e-17,0,0.951831873956285,0.306620422869829,6.37417577113783
,,0.951831873956285,-0.306620422869829,-3.62202459034988
