Q,P,EigValReal,EigValImag,AGPgrad,N,toda,k,E0,lmd,period
0,0,-0.403595398120855,0.914937568698353,0.284290301598353,2,0.31,1,1,4.0421606802885e-15,6.09899999999912
1.35957088462458,0,-0.403595398120855,-0.914937568698353,0.0466925912063642
0.127747933804212,0,0.999980173689235,0.00629700154187966,-0.314505241894724
-6.90312219567399e-17,0,0.999980173689235,-0.00629700154187966,0.458918981951596
