Q,P,EigValReal,EigValImag,AGPgrad,N,toda,k,E0,lmd,period
0,0,0.999984143842437,0.00563134652645817,2.90258998059105,5,0.4,1,1,3.60221387474173e-14,11.3715999999868
2.12117790901099,0,0.999984143842437,-0.00563134652645817,-0.590472403909532
0.642879483920912,0,0.496956203578207,0.867775622914789,-0.628447953108346
0.19760253758984,0,0.496956203578207,-0.867775622914789,0.0806539931600566
0.0528352236484355,0,0.639053709979935,0.769162112796055,0.471860440535847
0.0109882213347117,0,0.639053709979935,-0.769162112796055,-0.429546643830288
4.33661088690604e-16,0,-0.907268536843424,0.420551782844869,0.199903485521119
,,-0.907268536843424,-0.420551782844869,-0.389330541706647
,,-0.99999605080315,0.00281040532731014,-0.406392673123629
,,-0.99999605080315,-0.00281040532731014,0.365910711341234
