Q,P,EigValReal,EigValImag,AGPgrad,N,toda,k,E0,lmd,period
0,0,0.998712252658685,0.0507329911339336,-6.69542780269792,3,1.78,1,1,9.58491251934503e-15,4.72200000000233
1.18146877483973,0,0.998712252658685,-0.0507329911339336,-1.18504150571097
0.392431958315202,0,-0.547368916880389,0.836891431927227,1.7083816526791
0.123174750933809,0,-0.547368916880389,-0.836891431927227,0.59874281968771
4.82900994177048e-17,0,-0.837633921746154,0.546232014019852,1.86725191452029
,,-0.837633921746154,-0.546232014019852,1.24898807641716
