Q,P,EigValReal,EigValImag,AGPgrad,N,toda,k,E0,lmd,period
0,0,0.999507837399789,0.0313700968501248,-339.784485130205,3,2.59999999999999,1,1,1.30155860460305e-13,3.29830000000254
1.07136176119743,0,0.999507837399789,-0.0313700968501248,-4.83672768767797
0.377178925154053,0,0.30386874341517,0.952713906046971,0.78671033618383
0.128758125441376,0,0.30386874341517,-0.952713906046971,7.26313110631907
4.62234679297997e-17,0,-0.576597101284613,0.81702863033689,17.8370511216431
,,-0.576597101284613,-0.81702863033689,8.85630727174156
