Q,P,EigValReal,EigValImag,AGPgrad,N,toda,k,E0,lmd,period
0,0,-0.913419264843983,0.407019958493276,2.11819403818286,4,0.21,1,1,1.3041472964112e-14,9.96409999999012
2.1069056059348,0,-0.913419264843983,-0.407019958493276,-1.23258247866419
0.366355156136833,0,0.670720264351904,0.741710406417301,-0.551693342765356
0.0550941794980965,0,0.670720264351904,-0.741710406417301,1.29161868698442
0.00595753671404775,0,0.999994347300791,0.00336234537823877,-0.95987832298056
-5.82806653934206e-17,0,0.999994347300791,-0.00336234537823877,0.785428136709347
,,0.994426380806179,0.105433263995422,-1.10170379370091
,,0.994426380806179,-0.105433263995422,1.41963970739685
