Q,P,EigValReal,EigValImag,AGPgrad,N,toda,k,E0,lmd,period
0,0,-0.631576389106103,0.775313655705671,25.1414555721464,5,0.970000000000001,1,1,1.24530030526499e-14,9.48089999999124
1.67440545008171,0,-0.631576389106103,-0.775313655705671,2.81041730605827
0.64145746130537,0,-0.486689585756649,0.873574980820766,3.29162999061389
0.273728838904378,0,-0.486689585756649,-0.873574980820766,1.69594331197918
0.108422659826031,0,0.209438587758052,0.977821802762605,-0.582049307653785
0.0350882863461957,0,0.209438587758052,-0.977821802762605,-4.0883783239896
3.19811927231184e-16,0,0.999510091061855,0.0312982086633635,-4.47702774380313
,,0.999510091061855,-0.0312982086633635,0.693882002009601
,,0.964590053449304,0.263753727531306,0.46014270158404
,,0.964590053449304,-0.263753727531306,2.26887145578661
