Q,P,EigValReal,EigValImag,AGPgrad,N,toda,k,E0,lmd,period
0,0,0.999573058234577,0.0292181664656778,-365.758802503517,2,2.37999999999999,1,1,6.37663294462236e-15,2.76370000000141
0.992415792993111,0,0.999573058234577,-0.0292181664656778,-3.00373409123191
0.262283954594531,0,0.53852413712162,0.842610084046845,12.4847164210266
-1.45344008863076e-17,0,0.53852413712162,-0.842610084046845,26.8463656513718
