Q,P,EigValReal,EigValImag,AGPgrad,N,toda,k,E0,lmd,period
0,0,0.999986951098511,0.00510858421605881,0.843397852841946,2,0.65,1,1,8.39126204885185e-15,5.61400000000025
1.26022453452059,0,0.999986951098511,-0.00510858421605881,0.0766924196116851
0.202819212189621,0,-0.892832248592227,0.450389360302575,-0.165518111534838
-4.60831888925431e-17,0,-0.892832248592227,-0.450389360302575,0.754953894712341
