Q,P,EigValReal,EigValImag,AGPgrad,N,toda,k,E0,lmd,period
0,0,-0.0658856462699561,0.997827180234937,-4432.38869239502,4,3.95999999999996,1,1,1.44218318747659e-14,2.23600000000029
1.03540935790106,0,-0.0658856462699561,-0.997827180234937,-20.5434707420825
0.424954341091514,0,0.994545988299193,0.104298979658909,4.6662473178434
0.199475774136535,0,0.994545988299193,-0.104298979658909,0.509268901632589
0.0802251095630163,0,0.778832408039237,0.627232078411031,21.1079324279986
-6.77533917778958e-18,0,0.778832408039237,-0.627232078411031,77.239319752199
,,0.312728272757475,0.949842632975668,39.2975780799105
,,0.312728272757475,-0.949842632975668,18.4296550280907
