Q,P,EigValReal,EigValImag,AGPgrad,N,toda,k,E0,lmd,period
0,0,0.999956916436299,0.00928252504430364,1.69326438157986,3,0.5,1,1,1.84679716978612e-14,7.57599999999568
1.57504265877491,0,0.999956916436299,-0.00928252504430364,-0.755873228283845
0.346041168584735,0,-0.150060538770409,0.988676810036483,0.0705308717872202
0.0595229456841597,0,-0.150060538770409,-0.988676810036483,-0.168036835352525
5.51169393829316e-17,0,0.0867906983622884,0.996226567944147,0.621626069838301
,,0.0867906983622884,-0.996226567944147,-0.14959921136085
