Q,P,EigValReal,EigValImag,AGPgrad,N,toda,k,E0,lmd,period
0,0,-0.500066101519003,0.865987236690925,0.387968001789002,2,0.37,1,1,1.23065383522346e-14,6.02869999999929
1.34193442693823,0,-0.500066101519003,-0.865987236690925,0.0574517574741327
0.145618657714543,0,0.999970232478087,0.007715838109365,-0.309829848369749
-6.39935864798652e-17,0,0.999970232478087,-0.007715838109365,0.495006754205975
