Q,P,EigValReal,EigValImag,AGPgrad,N,toda,k,E0,lmd,period
0,0,-0.944831995103741,0.32755534040569,-137.102080333206,4,1.16,1,1,1.47449297308158e-14,7.45279999999597
1.46072765831596,0,-0.944831995103741,-0.32755534040569,-20.9197335390952
0.522454770341684,0,-0.471082382817518,0.882089218049376,-7.94893049874887
0.196664675359143,0,-0.471082382817518,-0.882089218049376,-12.6800875853477
0.0614124352986571,0,0.999662756351947,0.0259687035266239,20.3484286843576
-2.16408854279738e-17,0,0.999662756351947,-0.0259687035266239,25.495321983944
,,0.992753917170241,0.120165136138342,4.6040688140565
,,0.992753917170241,-0.120165136138342,-5.3686726167846
