Q,P,EigValReal,EigValImag,AGPgrad,N,toda,k,E0,lmd,period
0,0,-0.989202267557675,0.146556725736948,94.7873433842185,4,1.26,1,1,1.20482568712289e-14,7.17029999999663
1.42829432220885,0,-0.989202267557675,-0.146556725736948,9.33806046155011
0.518427480095817,0,-0.0499210331329036,0.998753167930371,4.70034126616194
0.199800859440105,0,-0.0499210331329036,-0.998753167930371,7.22498488567699
0.0642140426457574,0,0.99967197265177,0.0256114641237285,-10.5747668556609
-2.01813384134159e-17,0,0.99967197265177,-0.0256114641237285,-13.1441348517958
,,0.97580733753659,0.218632202590884,-1.91339409786237
,,0.97580733753659,-0.218632202590884,2.27239454017368
