Q,P,EigValReal,EigValImag,AGPgrad,N,toda,k,E0,lmd,period
0,0,0.999289243354146,0.0376962613091557,-3187.73490150703,2,3.17999999999998,1,1,7.92914140528375e-13,1.90049999999981
0.931120122140524,0,0.999289243354146,-0.0376962613091557,-5.80655801656313
0.259014258611423,0,0.861677088228742,0.507456988937608,45.983808857906
-1.08940412227237e-17,0,0.861677088228742,-0.507456988937608,115.30919552075
