Q,P,EigValReal,EigValImag,AGPgrad,N,toda,k,E0,lmd,period
0,0,-0.786124452625714,0.618068236511097,2.61566074297002,4,0.53,1,0.999999999999999,3.70534933223289e-15,9.23919999999181
1.78278116426311,0,-0.786124452625714,-0.618068236511097,0.0355374749439674
0.514742609712927,0,0.99996352460671,0.00854104537524922,0.201821692553939
0.14178006344665,0,0.99996352460671,-0.00854104537524922,-0.333691629954513
0.0302250570603372,0,0.0781501386497364,0.996941601012326,-0.719960770339372
-3.76454800823805e-17,0,0.0781501386497364,-0.996941601012326,-0.386633605255331
,,0.340838806173062,0.94012175179948,0.542905133542262
,,0.340838806173062,-0.94012175179948,-0.0748505772128011
