Q,P,EigValReal,EigValImag,AGPgrad,N,toda,k,E0,lmd,period
0,0,0.503182574168637,0.864180129980439,-5432.51256194909,3,3.73999999999996,1,1,1.64941695660456e-14,1.9799999999998
0.972629912745564,0,0.503182574168637,-0.864180129980439,-12.4999874252423
0.356548345053661,0,0.998978774358759,0.0451819475088278,0.375316623089096
0.128507777591888,0,0.998978774358759,-0.0451819475088278,37.93733808184
4.36676442977128e-17,0,0.823921853400519,0.566703431689839,118.588103899035
,,0.823921853400519,-0.566703431689839,59.0960995910725
