Q,P,EigValReal,EigValImag,AGPgrad,N,toda,k,E0,lmd,period
0,0,-0.950874277652056,0.309577305530739,-198.965640532453,4,1.17,1,1,1.20366849920772e-14,7.42439999999604
1.4573384449808,0,-0.950874277652056,-0.309577305530739,-28.9828118090515
0.522068495647212,0,-0.431193403946213,0.902259523858445,-11.3330001471481
0.197013619480338,0,-0.431193403946213,-0.902259523858445,-18.0027028925951
0.0617117733698488,0,0.99932733527455,0.0366725643108807,28.6279550091202
-2.14863883171169e-17,0,0.99932733527455,-0.0366725643108807,35.8372637820618
,,0.99631786372683,0.0857363074712044,6.34655708585741
,,0.99631786372683,-0.0857363074712044,-7.36567675683944
