Q,P,EigValReal,EigValImag,AGPgrad,N,toda,k,E0,lmd,period
0,0,-0.627415229421367,0.778684872005447,4.79969992677022,5,0.74,1,1,7.61897415822909e-15,10.2725999999894
1.80690539427578,0,-0.627415229421367,-0.778684872005447,0.145183804402261
0.657521724358717,0,-0.206013584734704,0.978549131574275,0.154165414608719
0.259618299087947,0,-0.206013584734704,-0.978549131574275,0.011269988389646
0.0931243444002903,0,0.999772496804812,0.0213296655559544,-0.791033561032462
0.0269907707776251,0,0.999772496804812,-0.0213296655559544,-0.468837743847272
3.48922662930947e-16,0,0.637964807390331,0.770065519635456,-0.931452049103819
,,0.637964807390331,-0.770065519635456,0.41729217361981
,,0.43179168695556,0.901973358296175,0.615162799534638
,,0.43179168695556,-0.901973358296175,-0.640793267226703
