Q,P,EigValReal,EigValImag,AGPgrad,N,toda,k,E0,lmd,period
0,0,-0.611253830068612,0.791434618415464,343.121502031909,5,1.38,1,0.999999999999999,4.69701903014934e-15,8.10229999999446
1.51275251643489,0,-0.611253830068612,-0.791434618415464,32.7196000416093
0.608570921210821,0,-0.993024500599223,0.117908189748111,6.59557554424444
0.280723532491971,0,-0.993024500599223,-0.117908189748111,6.1885340573139
0.123270068397338,0,-0.842001663715908,0.539474928332755,22.033266611168
0.0445803112491419,0,-0.842001663715908,-0.539474928332755,-26.3283418706412
2.87221461048573e-16,0,0.995937345007347,0.0900489023793016,-36.0895487125548
,,0.995937345007347,-0.0900489023793016,-17.0471258826712
,,0.999581161723067,0.0289396117532628,1.59202156455041
,,0.999581161723067,-0.0289396117532628,1.56596016783821
