Q,P,EigValReal,EigValImag,AGPgrad,N,toda,k,E0,lmd,period
0,0,0.991642002205471,0.129019918857479,-1017.60445008303,5,3.41999999999997,1,1,1.07907690355272e-13,3.3753000000027
1.15901492574123,0,0.991642002205471,-0.129019918857479,-11.5664678191427
0.50078775072567,0,0.492549124148987,0.870284643263398,2.27556352054471
0.259898748879991,0,0.492549124148987,-0.870284643263398,0.784475772019679
0.133201723362647,0,-0.423508291376484,0.905892227108376,0.47073291342245
0.0561016770508011,0,-0.423508291376484,-0.905892227108376,6.5892952147762
2.20373617317536e-16,0,-0.929471224150788,0.3688946238096,19.4295437834129
,,-0.929471224150788,-0.3688946238096,15.8548754002627
,,-0.994251802942503,0.107067046030022,8.3002367619089
,,-0.994251802942503,-0.107067046030022,3.72360959544922
