Q,P,EigValReal,EigValImag,AGPgrad,N,toda,k,E0,lmd,period
0,0,0.998572480491175,0.0534134927311379,-89.481909416755,3,2.19,1,1,5.58915933409032e-14,3.95440000000392
1.12032194550149,0,0.998572480491175,-0.0534134927311379,-2.82420477844271
0.385069157799392,0,-0.0781754735936289,0.996939614685073,1.15644925109026
0.127066807108956,0,-0.0781754735936289,-0.996939614685073,3.17742225468377
4.72407252087635e-17,0,-0.959115077270638,0.283016375060065,7.24160608309546
,,-0.959115077270638,-0.283016375060065,3.58452985762838
