Q,P,EigValReal,EigValImag,AGPgrad,N,toda,k,E0,lmd,period
0,0,0.729691052813936,0.683776986628881,19.0854400242262,3,1.14,1,1,1.16964284954419e-14,6.12299999999907
1.31938566104205,0,0.729691052813936,-0.683776986628881,1.8786651935764
0.397191291077905,0,-0.997877129298216,0.065124763519947,3.46533975887268
0.107397984925872,0,-0.997877129298216,-0.065124763519947,-3.06140468422183
5.00388006897884e-17,0,0.999525040055613,0.0308171105367948,-3.16351172598283
,,0.999525040055613,-0.0308171105367948,1.90372678732375
