Q,P,EigValReal,EigValImag,AGPgrad,N,toda,k,E0,lmd,period
0,0,-0.981831456639246,0.189755080969275,439.492839877521,5,2.50999999999999,1,0.999999999999999,3.15607146433872e-14,5.02650000000162
1.26990315782871,0,-0.981831456639246,-0.189755080969275,0.271080757133041
0.53870589434483,0,0.998342633153923,0.0575498638337239,6.64596584455302
0.271291745032684,0,0.998342633153923,-0.0575498638337239,5.71827041355178
0.133839601190354,0,0.626936444078237,0.779070404447846,1.62433343701822
0.0544152409357293,0,0.626936444078237,-0.779070404447846,-6.83915183595193
2.41125586286496e-16,0,-0.180520759119716,0.983571174611597,-12.7627090971434
,,-0.180520759119716,-0.983571174611597,-9.27706971641383
,,-0.126242176772169,0.991999452017906,-11.8942469488393
,,-0.126242176772169,-0.991999452017906,-8.2158921279496
