Q,P,EigValReal,EigValImag,AGPgrad,N,toda,k,E0,lmd,period
0,0,0.999475838076195,0.032373586485832,-14.7985358410211,4,1.03,1,1,1.28088365211591e-14,7.8255999999951
1.50816825529518,0,0.999475838076195,-0.032373586485832,-4.5055590780208
0.527013023985702,0,0.835251301966887,0.549868404768468,-1.23270809029673
0.191225045923724,0,0.835251301966887,-0.549868404768468,-2.04046608601187
0.0570763487006864,0,-0.832376445543327,0.554210657516322,3.62870084643308
-2.38404385145111e-17,0,-0.832376445543327,-0.554210657516322,4.59673090503096
,,-0.884565012006467,0.466416916003264,1.06000822720174
,,-0.884565012006467,-0.466416916003264,-1.24628951355734
