Q,P,EigValReal,EigValImag,AGPgrad,N,toda,k,E0,lmd,period
0,0,0.981440992873272,0.191764380185502,-5164.05352042459,4,3.89999999999996,1,1,5.22965481607958e-14,2.29570000000042
1.03997400080023,0,0.981440992873272,-0.191764380185502,-17.1790252779745
0.426407548944596,0,0.763509289947943,0.645796844342837,0.522846818913783
0.199861834092136,0,0.763509289947943,-0.645796844342837,0.349400796644394
0.0802604467747966,0,-0.123690258359008,0.992320875517125,25.7870999038821
-6.87942610551069e-18,0,-0.123690258359008,-0.992320875517125,85.9546844448784
,,0.270204740246564,0.962802886549618,58.7242800853933
,,0.270204740246564,-0.962802886549618,28.45313644604
