Q,P,EigValReal,EigValImag,AGPgrad,N,toda,k,E0,lmd,period
0,0,-0.190350768738001,0.981716142701571,-824.191889872616,3,2.92999999999998,1,1,3.23013537220236e-13,2.84620000000158
1.03816969243424,0,-0.190350768738001,-0.981716142701571,-6.72555226186996
0.370908421346277,0,0.996547030708487,0.0830302088766448,0.596854479089253
0.129202245908651,0,0.996547030708487,-0.0830302088766448,12.3568704858474
4.54389714879566e-17,0,0.525384163088596,0.850865136890506,32.8149322023564
,,0.525384163088596,-0.850865136890506,16.3767089037935
