Q,P,EigValReal,EigValImag,AGPgrad,N,toda,k,E0,lmd,period
0,0,-0.790226793707511,0.612814502526476,0.336703249220528,3,0.14,1,1,3.66017838618037e-15,8.14379999999436
1.80478280005726,0,-0.790226793707511,-0.612814502526476,-0.11763530566448
0.156325049105182,0,0.500066724404431,0.865986877004179,0.148862965222086
0.00924803520308015,0,0.500066724404431,-0.865986877004179,-0.815686856392621
7.51403102433563e-17,0,0.999996533446379,0.00263307714121533,0.145245263856547
,,0.999996533446379,-0.00263307714121533,0.66069868460861
