Q,P,EigValReal,EigValImag,AGPgrad,N,toda,k,E0,lmd,period
0,0,-0.909939345411366,0.414741350328531,-55.3337025411888,5,1.72,1,1,7.32294611173739e-13,7.05029999999691
1.4187550892652,0,-0.909939345411366,-0.414741350328531,-3.53699236959938
0.584017260131219,0,-0.462843866139869,0.886439820617671,0.251014473815561
0.279780269496004,0,-0.462843866139869,-0.886439820617671,-3.37633528462227
0.129234516348949,0,0.997813354357178,0.0660947037701607,1.48044317803998
0.0492477849287398,0,0.997813354357178,-0.0660947037701607,2.74713142586317
2.69152504973724e-16,0,0.431743826150279,0.901996268607101,2.3406361788811
,,0.431743826150279,-0.901996268607101,2.34718308357632
,,0.688298173914033,0.725427890135625,4.61511431785364
,,0.688298173914033,-0.725427890135625,0.555891768570735
