Q,P,EigValReal,EigValImag,AGPgrad,N,toda,k,E0,lmd,period
0,0,0.0334381345301917,0.999440789221212,-851.311900295743,3,3.13999999999998,1,1,3.91576803730296e-14,2.59060000000104
1.01927686612317,0,0.0334381345301917,-0.999440789221212,-8.46565881344795
0.367028448455472,0,0.994886543980026,0.100998834683762,3.01845565508029
0.129210501775377,0,0.994886543980026,-0.100998834683762,10.4094756536
4.49582044759156e-17,0,0.63120548813549,0.775615646920311,30.9370814749304
,,0.63120548813549,-0.775615646920311,7.77925284812575
