Q,P,EigValReal,EigValImag,AGPgrad,N,toda,k,E0,lmd,period
0,0,0.999988967133277,0.00469740478690809,13.9671616198664,3,1.4,1,1,3.09216923393191e-14,5.52910000000045
1.25485676155277,0,0.999988967133277,-0.00469740478690809,0.19816422144997
0.397180989260141,0,-0.918400242804712,0.395652617855912,2.41741409730686
0.115927727391365,0,-0.918400242804712,-0.395652617855912,-1.20428515700327
4.92886036668338e-17,0,0.0124387174004077,0.999922636162126,-0.885829940618982
,,0.0124387174004077,-0.999922636162126,0.92677521059549
