Q,P,EigValReal,EigValImag,AGPgrad,N,toda,k,E0,lmd,period
0,0,0.999909036787994,0.013487703648246,0.775638944124107,2,0.59,1,1,4.60829386834747e-15,5.71200000000003
1.27686779502701,0,0.999909036787994,-0.013487703648246,0.0806496233440907
0.193538871025402,0,-0.827275943940966,0.561795792594228,-0.216365959986486
-4.92284509006649e-17,0,-0.827275943940966,-0.561795792594228,0.684767191361079
