Q,P,EigValReal,EigValImag,AGPgrad,N,toda,k,E0,lmd,period
0,0,0.996788607179431,0.0800779157899829,-1968.18733693313,4,3.46999999999997,1,1,2.0027394697004e-14,2.77370000000143
1.07544326177134,0,0.996788607179431,-0.0800779157899829,-12.277511967508
0.437476000056975,0,0.619737620183745,0.784809073679057,0.816343099205261
0.202593078928253,0,0.619737620183745,-0.784809073679057,0.424090163281965
0.0803626128292024,0,-0.570834383778819,0.821065226578164,14.3672062440731
-7.72783229530792e-18,0,-0.570834383778819,-0.821065226578164,43.6163782918262
,,-0.0963560534164793,0.995346929954582,30.0791997264391
,,-0.0963560534164793,-0.995346929954582,14.1833677635127
