Q,P,EigValReal,EigValImag,AGPgrad,N,toda,k,E0,lmd,period
0,0,0.999955860153558,0.00939562369284577,0.834445729498102,2,0.64,1,0.999999999999999,5.69197841342021e-15,5.63060000000022
1.26295174758548,0,0.999955860153558,-0.00939562369284577,0.0777834096036267
0.201362778703863,0,-0.882887072372094,0.46958536757253,-0.174809533211424
-4.65849479940687e-17,0,-0.882887072372094,-0.46958536757253,0.742620364355822
