Q,P,EigValReal,EigValImag,AGPgrad,N,toda,k,E0,lmd,period
0,0,0.999419254280489,0.0340757123684697,-61.9050765910007,2,1.82,1,1,9.72963067920021e-15,3.5641000000031
1.04978823588719,0,0.999419254280489,-0.0340757123684697,-1.49956895035775
0.260743448365512,0,0.0134357457973848,0.999909736293651,4.4458053642078
-1.89176849265352e-17,0,0.0134357457973848,-0.999909736293651,8.5526745816067
