Q,P,EigValReal,EigValImag,AGPgrad,N,toda,k,E0,lmd,period
0,0,-0.818625298516698,0.574327973050646,-0.877660772058716,5,1.11,1,1,1.37829757392835e-14,9.00089999999236
1.61100628140969,0,-0.818625298516698,-0.574327973050646,-2.30761556731187
0.630125787892437,0,-0.936328274438571,0.351125849926909,0.574504303171698
0.277801796998888,0,-0.936328274438571,-0.351125849926909,0.116363888225013
0.114848872446036,0,0.999419893471955,0.03405696011832,-1.26764894791783
0.0389451288873292,0,0.999419893471955,-0.03405696011832,0.801282491050687
3.06730256130791e-16,0,0.666081528840492,0.745878942548671,0.800587383148737
,,0.666081528840492,-0.745878942548671,1.56549129955303
,,0.465796231900297,0.884892010556928,0.100252011029807
,,0.465796231900297,-0.884892010556928,0.0937713770966212
