Q,P,EigValReal,EigValImag,AGPgrad,N,toda,k,E0,lmd,period
0,0,0.991180464320588,0.132519006746906,-9090.41398889643,2,3.59999999999997,1,0.999999999999999,3.4343107547291e-15,1.55929999999984
0.905166914400455,0,0.991180464320588,-0.132519006746906,-7.52086428067202
0.256344088127955,0,0.927565151703978,0.373661463552715,87.9795808579452
-9.62540259600505e-18,0,0.927565151703978,-0.373661463552715,235.513263236741
