Q,P,EigValReal,EigValImag,AGPgrad,N,toda,k,E0,lmd,period
0,0,0.999721522024426,0.0235982711462371,-370.036178647134,3,2.62999999999999,1,1,4.15758193723743e-14,3.25450000000244
1.06814301330437,0,0.999721522024426,-0.0235982711462371,-4.99917808023266
0.376602351652797,0,0.327099779241825,0.944989806516423,0.765924345660432
0.128825653396646,0,0.327099779241825,-0.944989806516423,7.64742712152469
4.61507669410239e-17,0,-0.541478607941119,0.840714527733499,18.9136671646556
,,-0.541478607941119,-0.840714527733499,9.39772558731631
