Q,P,EigValReal,EigValImag,AGPgrad,N,toda,k,E0,lmd,period
0,0,-0.784634128070768,0.619959099511103,251.362966884591,4,1.76,1,1,5.49565682871243e-13,5.84949999999971
1.30261373406393,0,-0.784634128070768,-0.619959099511103,5.76658613094996
0.496653094776409,0,-0.146632271790561,0.989191071972212,10.0828190590742
0.207354025731842,0,-0.146632271790561,-0.989191071972212,9.19633653418832
0.0733365816870228,0,0.999653900842586,0.0263073854684927,-12.0972045513638
-1.4952546238911e-17,0,0.999653900842586,-0.0263073854684927,-18.7306662303351
,,0.948063149775944,0.31808216554363,-7.62605643671489
,,0.948063149775944,-0.31808216554363,-7.23158547233685
