Q,P,EigValReal,EigValImag,AGPgrad,N,toda,k,E0,lmd,period
0,0,-0.874007182534724,0.485913001346654,0.925782129892811,3,0.920000000000001,1,1,1.64011501770397e-15,6.63789999999787
1.38768145886971,0,-0.874007182534724,-0.485913001346654,-0.204646785788361
0.392422118133123,0,0.999691248673173,0.0248476825128481,0.533325584604712
0.0963243787368571,0,0.999691248673173,-0.0248476825128481,0.141998949343558
5.08132879501143e-17,0,0.999979937822128,0.00633434710478713,0.15766527556478
,,0.999979937822128,-0.00633434710478713,-0.465919633688221
