Q,P,EigValReal,EigValImag,AGPgrad,N,toda,k,E0,lmd,period
0,0,0.473463909823876,0.880813218619185,-2888.25698150269,3,3.68999999999997,1,1,1.39891582820665e-14,2.02479999999985
0.976166180090727,0,0.473463909823876,-0.880813218619185,-12.7779874113542
0.357385502721644,0,0.994368611274679,0.105976718724842,5.02601868863603
0.128595756676737,0,0.994368611274679,-0.105976718724842,21.1354135971925
4.37705161628839e-17,0,0.812615642525304,0.582799980716528,74.9110103770069
,,0.812615642525304,-0.582799980716528,14.4767007713426
