Q,P,EigValReal,EigValImag,AGPgrad,N,toda,k,E0,lmd,period
0,0,0.984866897176072,0.173312419770367,-1759.65797487664,5,3.59999999999997,1,1,1.32205197650324e-13,3.11970000000216
1.1415133912907,0,0.984866897176072,-0.173312419770367,-14.1546075687323
0.494524957567227,0,0.576972789866455,0.816763368273643,1.89586400034409
0.257739445814212,0,0.576972789866455,-0.816763368273643,0.562172336302122
0.132788897885213,0,-0.244612378618635,0.969620948735399,0.435571194326827
0.0561913039442723,0,-0.244612378618635,-0.969620948735399,9.63853086867111
2.17095885377896e-16,0,-0.802359655899298,0.59684083521921,29.6298087710346
,,-0.802359655899298,-0.59684083521921,23.9461701588736
,,-0.979991291814499,0.199040367683935,14.025533844853
,,-0.979991291814499,-0.199040367683935,6.58516521673432
