Q,P,EigValReal,EigValImag,AGPgrad,N,toda,k,E0,lmd,period
0,0,0.997724133883029,0.0674281296447005,-683.504866335845,2,2.59999999999999,1,1,8.54082807427903e-14,2.49520000000084
0.973625786881839,0,0.997724133883029,-0.0674281296447005,-3.68543193568406
0.261775207766877,0,0.666096242734412,0.745865802551022,18.0978028714778
-1.33137660628052e-17,0,0.666096242734412,-0.745865802551022,40.7648420681926
