Q,P,EigValReal,EigValImag,AGPgrad,N,toda,k,E0,lmd,period
0,0,0.999631615474738,0.0271409900953363,6.71872597047658,3,1.6,1,1,1.57331301712602e-14,5.09370000000147
1.21373406408568,0,0.999631615474738,-0.0271409900953363,-0.5474029082956
0.39510075893765,0,-0.745233349791244,0.666803760006596,2.01166204456203
0.120326918375649,0,-0.745233349791244,-0.666803760006596,-0.271454941232305
4.87579933367404e-17,0,-0.516149593304922,0.856498451447041,0.429340006758647
,,-0.516149593304922,-0.856498451447041,0.897921916517179
