Q,P,EigValReal,EigValImag,AGPgrad,N,toda,k,E0,lmd,period
0,0,-0.293560409338828,0.955940524336537,-653.773102010685,3,2.83999999999998,1,1,2.86686363383643e-13,2.96320000000183
1.04676511297677,0,-0.293560409338828,-0.955940524336537,-6.18444191754657
0.372600222947118,0,0.996156843379021,0.0875873471983592,0.641019136872005
0.129140384636968,0,0.996156843379021,-0.0875873471983592,10.7618951977509
4.56495117664881e-17,0,0.472109016416649,0.881540173002965,27.985339420498
,,0.472109016416649,-0.881540173002965,13.9531070723525
