Q,P,EigValReal,EigValImag,AGPgrad,N,toda,k,E0,lmd,period
0,0,0.991666968421206,0.128827884179925,-207.632728535636,5,3.08999999999998,1,1,1.72896873270354e-14,3.90040000000381
1.19436215747742,0,0.991666968421206,-0.128827884179925,-7.22350379353108
0.513213880327866,0,0.298094496698488,0.954536364439874,3.19062112917033
0.263967573311876,0,0.298094496698488,-0.954536364439874,1.47320915955462
0.133779482588954,0,-0.984239836812917,0.176838750364486,0.592420950384598
0.0557743093134492,0,-0.984239836812917,-0.176838750364486,1.92045311289975
2.26989962707468e-16,0,-0.745365068196852,0.666656519590038,5.69148831971215
,,-0.745365068196852,-0.666656519590038,4.82552822419811
,,-0.724647033333669,0.689120219613909,0.119395992370719
,,-0.724647033333669,-0.689120219613909,-0.475003842431157
