Q,P,EigValReal,EigValImag,AGPgrad,N,toda,k,E0,lmd,period
0,0,0.111015664461459,0.993818656619097,-1675.9863115121,3,3.21999999999998,1,1,5.29879710256445e-13,2.49930000000085
1.01247039788492,0,0.111015664461459,-0.993818656619097,-8.59692296154989
0.365577757357609,0,0.997328031967359,0.0730533822083816,0.486353183973292
0.129171234817722,0,0.997328031967359,-0.0730533822083816,18.8439132692345
4.47789848651618e-17,0,0.665411469163339,0.746476775731082,53.3573488415066
,,0.665411469163339,-0.746476775731082,26.6514654330869
