Q,P,EigValReal,EigValImag,AGPgrad,N,toda,k,E0,lmd,period
0,0,0.995140456686969,0.0984655851806164,-29.3876881488487,4,2.44999999999999,1,1,2.09461914368599e-14,4.34670000000321
1.18728007554827,0,0.995140456686969,-0.0984655851806164,-3.27038001600588
0.469357926647969,0,-0.0772298030078935,0.997013318630884,2.46648428301693
0.207809662057836,0,-0.0772298030078935,-0.997013318630884,1.325879937325
0.0785725341019784,0,-0.67111279676914,0.741355254930258,0.745847713243679
-1.08952238193458e-17,0,-0.67111279676914,-0.741355254930258,2.36686306638263
,,-0.995285108838636,0.0969925364349144,1.6825843662262
,,-0.995285108838636,-0.0969925364349144,-0.554985077804402
