Q,P,EigValReal,EigValImag,AGPgrad,N,toda,k,E0,lmd,period
0,0,0.986819908506622,0.161822335216896,-2304.7762958977,5,3.69999999999997,1,1,1.35730529987065e-13,2.98630000000188
1.13226274293914,0,0.986819908506622,-0.161822335216896,-15.6851655266507
0.491186685122668,0,0.618084195263164,0.786111905243689,1.71201671977358
0.256560588965955,0,0.618084195263164,-0.786111905243689,0.469136915640055
0.132537422071581,0,-0.149027022740466,0.988833123683214,0.421600421019915
0.0562195083950202,0,-0.149027022740466,-0.988833123683214,11.5423731505963
2.1536260031585e-16,0,-0.71527157153723,0.69884660616667,36.3380732217745
,,-0.71527157153723,-0.69884660616667,29.2447453427615
,,-0.936546445082042,0.350543515421673,17.7093860661273
,,-0.936546445082042,-0.350543515421673,8.41450959359734
