Q,P,EigValReal,EigValImag,AGPgrad,N,toda,k,E0,lmd,period
0,0,0.995618411911681,0.0935092394495836,-54.2603144002795,4,2.49999999999999,1,1,2.42635205712755e-14,4.25260000000343
1.18052753108051,0,0.995618411911681,-0.0935092394495836,-3.63084207652323
0.467573513318198,0,-0.0292207361203666,0.9995729831186,2.33451556558147
0.207648234539217,0,-0.0292207361203666,-0.9995729831186,1.22500159804441
0.0787735809281395,0,-0.752303629277977,0.658816552141174,1.18512567377818
-1.06823156727909e-17,0,-0.752303629277977,-0.658816552141174,3.34711125457161
,,-0.982770934406425,0.184827731917878,2.32321397588471
,,-0.982770934406425,-0.184827731917878,-0.185555376662513
