Q,P,EigValReal,EigValImag,AGPgrad,N,toda,k,E0,lmd,period
0,0,0.999741785908638,0.0227235892451467,-12.9543825026607,4,1.02,1,1,1.11602203421497e-14,7.85439999999503
1.5121018633089,0,0.999741785908638,-0.0227235892451467,-4.2222527115215
0.52731625337479,0,0.814768857063211,0.579785917007224,-1.12638093614256
0.19072933121407,0,0.814768857063211,-0.579785917007224,-1.87210252908924
0.0567062510057375,0,-0.821147109897734,0.570716588077313,3.34639737414847
-2.40259172108988e-17,0,-0.821147109897734,-0.570716588077313,4.248473261985
,,-0.905346743042212,0.424673138852513,1.00229573040348
,,-0.905346743042212,-0.424673138852513,-1.17083107342691
