Q,P,EigValReal,EigValImag,AGPgrad,N,toda,k,E0,lmd,period
0,0,0.999978687126161,0.00652880490206321,-2.47148634207658,4,0.920000000000001,1,1,1.74317103562661e-14,8.14339999999436
1.55403234950586,0,0.999978687126161,-0.00652880490206321,-2.38739155638708
0.529796834210995,0,0.551076352807551,0.834454824047617,-0.483401372525666
0.185029473525178,0,0.551076352807551,-0.834454824047617,-0.885095112741565
0.0526833020840022,0,-0.688799810717516,0.724951598905406,1.55492046280847
-2.6029191501068e-17,0,-0.688799810717516,-0.724951598905406,2.07632804834457
,,-0.999403647108821,0.0345304234779972,0.653073066889936
,,-0.999403647108821,-0.0345304234779972,-0.659666144546013
