Q,P,EigValReal,EigValImag,AGPgrad,N,toda,k,E0,lmd,period
0,0,0.997523363364728,0.0703359050671,302.430532882053,5,2.64999999999999,1,1,5.38337576297603e-14,4.72880000000232
1.24976442764774,0,0.997523363364728,-0.0703359050671,-1.83634619854054
0.532058754890605,0,0.26974763183124,0.962931054188938,5.25377127084309
0.269527650036662,0,0.26974763183124,-0.962931054188938,3.83074253183135
0.133981857679009,0,-0.0498168374469455,0.998758370531523,1.12030782312183
0.0548650054856213,0,-0.0498168374469455,-0.998758370531523,-3.98495590850045
2.3735606250706e-16,0,-0.453652171620575,0.891178830080658,-7.53221232283772
,,-0.453652171620575,-0.891178830080658,-5.44921133991941
,,-0.998235999564007,0.0593707771083417,-8.47784686735347
,,-0.998235999564007,-0.0593707771083417,-5.58541491094134
