Q,P,EigValReal,EigValImag,AGPgrad,N,toda,k,E0,lmd,period
0,0,0.999036538506676,0.0438861564572559,-315.937220171716,2,2.32999999999999,1,1,6.01361459954736e-15,2.82830000000154
0.996938568931089,0,0.999036538506676,-0.0438861564572559,-2.85448439609295
0.262335939001497,0,0.503985639537983,0.863712032531376,11.4517677341405
-1.48431571560166e-17,0,0.503985639537983,-0.863712032531376,24.3615515829285
