Q,P,EigValReal,EigValImag,AGPgrad,N,toda,k,E0,lmd,period
0,0,0.987140623443609,0.159854275974506,-17871.0265022256,2,3.87999999999996,1,1,6.1152551592903e-15,1.36679999999987
0.889593758389406,0,0.987140623443609,-0.159854275974506,-8.62742268100856
0.2544210571592,0,0.95292775346251,0.303197454938073,134.471284667703
-8.93220615814981e-18,0,0.95292775346251,-0.303197454938073,374.235753296638
