Q,P,EigValReal,EigValImag,AGPgrad,N,toda,k,E0,lmd,period
0,0,-0.746335143337617,0.665570322219395,8.04365738712513,5,1.05,1,1,6.95199482699807e-15,9.20579999999188
1.63690944622318,0,-0.746335143337617,-0.665570322219395,-0.77727294828319
0.635016573459746,0,-0.791794531076588,0.610787541259013,1.13137008886139
0.276346978387972,0,-0.791794531076588,-0.610787541259013,0.500535743425205
0.11230749771908,0,0.487878761943412,0.872911400798841,-0.849842960511102
0.0373815571599052,0,0.487878761943412,-0.872911400798841,-0.525109200569509
3.12020512748734e-16,0,0.999883560019882,0.0152599607443049,-0.702617349926708
,,0.999883560019882,-0.0152599607443049,1.09443108724235
,,0.739344033937297,0.673327854378037,0.19150359355967
,,0.739344033937297,-0.673327854378037,0.543282950032972
