Q,P,EigValReal,EigValImag,AGPgrad,N,toda,k,E0,lmd,period
0,0,0.476965874215259,0.878921813834472,16.9940224186251,3,1.24,1,1,1.83559932876628e-14,5.89159999999961
1.29282119357237,0,0.476965874215259,-0.878921813834472,1.00997747362824
0.397693071875223,0,0.999996320772277,0.00271264481736485,2.89972151978735
0.111138369904411,0,0.999996320772277,-0.00271264481736485,-2.12844830624464
4.97356938277476e-17,0,-0.992416183858892,0.122923219999137,-2.0422361376772
,,-0.992416183858892,-0.122923219999137,1.32590267276235
