Q,P,EigValReal,EigValImag,AGPgrad,N,toda,k,E0,lmd,period
0,0,0.542171157383088,0.840268073951333,-3729.6157819199,3,3.80999999999996,1,1,1.41620776342697e-13,1.91909999999981
0.967774898072312,0,0.542171157383088,-0.840268073951333,-13.83652129658
0.355386158004864,0,0.987135575292925,0.159885446464472,5.51430370279412
0.128377407802264,0,0.987135575292925,-0.159885446464472,24.5630004107808
4.35251485123711e-17,0,0.838594764676264,0.544755744033565,89.7200121734651
,,0.838594764676264,-0.544755744033565,16.5490218204783
