Q,P,EigValReal,EigValImag,AGPgrad,N,toda,k,E0,lmd,period
0,0,0.999951558492029,0.00984279784209832,1.17431923394773,4,0.830000000000001,1,1,7.97279341478493e-13,8.40319999999375
1.59637859557485,0,0.999951558492029,-0.00984279784209832,-1.46913485046408
0.530831795566329,0,0.24196271956152,0.970285546806911,-0.20165654774267
0.178521641619916,0,0.24196271956152,-0.970285546806911,-0.52011143582315
0.0485153211096249,0,-0.540880461551912,0.84109947468263,0.690959151486907
-2.8096107533228e-17,0,-0.540880461551912,-0.84109947468263,1.08069618554203
,,-0.892405495833468,0.451234341563479,0.513255196914361
,,-0.892405495833468,-0.451234341563479,-0.393628827821225
