Q,P,EigValReal,EigValImag,AGPgrad,N,toda,k,E0,lmd,period
0,0,0.998699100066346,0.0509912495113309,-2267.35919244576,4,3.52999999999997,1,1,5.20007782839794e-15,2.70130000000128
1.0701749271026,0,0.998699100066346,-0.0509912495113309,-12.9361022693858
0.435859424033695,0,0.643912978187456,0.765098736452869,0.766083187101118
0.202218761583406,0,0.643912978187456,-0.765098736452869,0.40913475635498
0.0803672734679024,0,-0.507471754248638,0.86166839250364,15.6696676322477
-7.59718427240551e-18,0,-0.507471754248638,-0.86166839250364,48.2279940224472
,,-0.0388723165405266,0.999244185875892,33.2311046061314
,,-0.0388723165405266,-0.999244185875892,15.7610594302329
