Q,P,EigValReal,EigValImag,AGPgrad,N,toda,k,E0,lmd,period
0,0,0.993671830297389,0.112322275944692,165.265173775791,5,2.79999999999998,1,1,3.42137181656863e-14,4.42870000000302
1.2296387529603,0,0.993671830297389,-0.112322275944692,-3.71753722951359
0.52530566620935,0,-0.953313668030043,0.301981870891448,4.35483483090797
0.267626174330884,0,-0.953313668030043,-0.301981870891448,2.68797486640733
0.134008688324338,0,-0.725068468731546,0.688676786055183,0.845960732486271
0.0552512131749265,0,-0.725068468731546,-0.688676786055183,-1.79387541179762
2.33590291046448e-16,0,0.0801797211972763,0.996780423317356,-3.14177067628001
,,0.0801797211972763,-0.996780423317356,-2.14459972414955
,,-0.12636165670741,0.991984239650093,-5.56662982454226
,,-0.12636165670741,-0.991984239650093,-3.67867551948379
