Q,P,EigValReal,EigValImag,AGPgrad,N,toda,k,E0,lmd,period
0,0,0.999316331739584,0.0369711930921363,-4443.14624643784,5,3.96999999999996,1,1,1.44686398235007e-14,2.65460000000118
1.10879273390828,0,0.999316331739584,-0.0369711930921363,-20.1533110468503
0.482631283083113,0,0.711058950264681,0.703132398093345,1.30376110215171
0.25345505779976,0,0.711058950264681,-0.703132398093345,0.291720107663182
0.131797443266428,0,0.087459469254264,0.996168078808873,0.397152938357753
0.0562321253882853,0,0.087459469254264,-0.996168078808873,17.6230974566037
2.10962719070749e-16,0,-0.737260209498899,0.675608898320338,59.0876921071598
,,-0.737260209498899,-0.675608898320338,47.0448110534329
,,-0.453454829949452,0.891279258815943,29.8863794958949
,,-0.453454829949452,-0.891279258815943,14.436822497574
