Q,P,EigValReal,EigValImag,AGPgrad,N,toda,k,E0,lmd,period
0,0,0.999093030718024,0.0425806995088986,-19.3368078018901,2,1.52,1,1,7.14005498758289e-15,4.06010000000388
1.08844556321925,0,0.999093030718024,-0.0425806995088986,-0.849063809505838
0.256763741310151,0,-0.382018396233398,0.924154719156516,2.30406207778899
-2.24951076228388e-17,0,-0.382018396233398,-0.924154719156516,4.41109562066097
