Q,P,EigValReal,EigValImag,AGPgrad,N,toda,k,E0,lmd,period
0,0,-0.881997954574144,0.471253231423428,-508.949721130842,4,1.64,1,1,6.50840444045179e-15,6.15019999999901
1.32841495690275,0,-0.881997954574144,-0.471253231423428,-19.4869991072712
0.501860129175699,0,0.17933362521564,0.98378831608584,-21.399627868023
0.206406096986358,0,0.17933362521564,-0.98378831608584,-21.7125864440114
0.0717247087407374,0,0.998590537805582,0.0530748321260724,30.2897769718098
-1.59636533834966e-17,0,0.998590537805582,-0.0530748321260724,47.0940038402158
,,0.994760689014957,0.102230971777069,18.6390318960172
,,0.994760689014957,-0.102230971777069,15.0717873218094
