Q,P,EigValReal,EigValImag,AGPgrad,N,toda,k,E0,lmd,period
0,0,-0.915979846951013,0.40122427640859,-46.8347414776792,5,1.71,1,1,7.9307587210163e-13,7.07969999999684
1.42117350211737,0,-0.915979846951013,-0.40122427640859,-3.18313199875128
0.584691988343999,0,-0.502438753904129,0.864612802689889,0.321702435528674
0.279848896388886,0,-0.502438753904129,-0.864612802689889,-3.12230580060551
0.129109361129706,0,0.999237102998409,0.0390539625553245,1.56221315553601
0.049139479399681,0,0.999237102998409,-0.0390539625553245,2.40697914845071
2.69612356976225e-16,0,0.45691954879517,0.889508024656781,1.89261600861795
,,0.45691954879517,-0.889508024656781,2.11116754900903
,,0.659820473346372,0.751423278154839,4.27920626711656
,,0.659820473346372,-0.751423278154839,0.4711314509951
