Q,P,EigValReal,EigValImag,AGPgrad,N,toda,k,E0,lmd,period
0,0,0.999227471385704,0.0392996237657756,-297.812995784871,2,2.30999999999999,1,1,1.30055285208026e-14,2.8545000000016
0.998775971875131,0,0.999227471385704,-0.0392996237657756,-2.79627260917628
0.262349033938496,0,0.48955270701766,0.871973707775456,11.0604104083712
-1.49702931272307e-17,0,0.48955270701766,-0.871973707775456,23.4269189464026
