Q,P,EigValReal,EigValImag,AGPgrad,N,toda,k,E0,lmd,period
0,0,0.994023329745531,0.109167852051642,70.4627150228857,5,2.88999999999998,1,1,3.08892544600554e-14,4.25760000000342
1.21821074346582,0,0.994023329745531,-0.109167852051642,-4.79766450555605
0.521423463770267,0,0.15264391670969,0.988281252828122,3.93808804504471
0.266485900961952,0,0.15264391670969,-0.988281252828122,2.21278675828103
0.133972824373331,0,-0.343847119326451,0.939025643170026,0.74146495571241
0.055442176638104,0,-0.343847119326451,-0.939025643170026,-0.623240474005928
2.31452156879357e-16,0,-0.902384857700071,0.430931048537489,-0.571788975668359
,,-0.902384857700071,-0.430931048537489,-0.14867582780425
,,-0.842559792002482,0.538602819246907,-3.8746853572568
,,-0.842559792002482,-0.538602819246907,-2.67430037814946
