Q,P,EigValReal,EigValImag,AGPgrad,N,toda,k,E0,lmd,period
0,0,0.514620287171235,0.857418194367123,-5673.77001034426,3,3.75999999999996,1,1,7.31589509209282e-15,1.9623999999998
0.971231444431277,0,0.514620287171235,-0.857418194367123,-12.638980162694
0.356215159749067,0,0.995771286684833,0.0918669941496486,0.372847881561771
0.128471378173301,0,0.995771286684833,-0.0918669941496486,38.9342098792913
4.36267465800903e-17,0,0.82824389421105,0.560367782534016,122.135276313506
,,0.82824389421105,-0.560367782534016,60.8474193054882
