Q,P,EigValReal,EigValImag,AGPgrad,N,toda,k,E0,lmd,period
0,0,0.99848887535083,0.0549542154947239,-2530.52851967259,2,3.08999999999998,1,1,7.99300867676266e-13,1.9827999999998
0.937153336130222,0,0.99848887535083,-0.0549542154947239,-5.43934286115773
0.259532951226881,0,0.84117203928729,0.540767602876908,39.9185499233851
-1.12105972049911e-17,0,0.84117203928729,-0.540767602876908,98.5921316762635
