Q,P,EigValReal,EigValImag,AGPgrad,N,toda,k,E0,lmd,period
0,0,0.276490720469925,0.961016587522825,-1568.32196979632,3,3.40999999999997,1,1,4.37595059887427e-14,2.29530000000042
0.9970808372241,0,0.276490720469925,-0.961016587522825,-10.4807421684125
0.36219627283047,0,0.990348553452847,0.138599215993029,3.95757629205896
0.129001365326656,0,0.990348553452847,-0.138599215993029,14.8028959535938
4.43622153385995e-17,0,0.734937859985438,0.678134457139601,48.3955079168926
,,0.734937859985438,-0.678134457139601,10.5854981657718
