Q,P,EigValReal,EigValImag,AGPgrad,N,toda,k,E0,lmd,period
0,0,0.584205416060766,0.811605835270604,17.7144271149748,3,1.2,1,1,1.34607737865732e-14,5.98379999999939
1.30315864951053,0,0.584205416060766,-0.811605835270604,1.29890352814994
0.397584652887836,0,0.999807322166341,0.0196295324086209,3.08213772073007
0.109719562274119,0,0.999807322166341,-0.0196295324086209,-2.44262242574741
4.9853875772557e-17,0,-0.998805451533669,0.048863790137858,-2.42175556037105
,,-0.998805451533669,-0.048863790137858,1.50977691845853
