Q,P,EigValReal,EigValImag,AGPgrad,N,toda,k,E0,lmd,period
0,0,-0.647036962931619,0.762458634025628,21.212045511986,5,0.980000000000001,1,1,7.55602415217324e-15,9.44639999999132
1.66951678068354,0,-0.647036962931619,-0.762458634025628,1.96842230871842
0.640661874328183,0,-0.530726114336313,0.847543386241365,2.71210394311803
0.274104614551959,0,-0.530726114336313,-0.847543386241365,1.38693889736763
0.1089421779094,0,0.246173208327144,0.969225851647558,-0.60257432948377
0.0353886596451227,0,0.246173208327144,-0.969225851647558,-3.21166568778507
3.18786527211716e-16,0,0.99973802347591,0.0228885214995318,-3.56241677686684
,,0.99973802347591,-0.0228885214995318,0.735548756643575
,,0.9472035037587,0.320633002772993,0.396799839388108
,,0.9472035037587,-0.320633002772993,1.80797834902273
