Q,P,EigValReal,EigValImag,AGPgrad,N,toda,k,E0,lmd,period
0,0,0.99742831893027,0.0716711140974222,-925.128225135229,2,2.70999999999999,1,1,1.93313504122696e-13,2.37020000000058
0.964844484007925,0,0.99742831893027,-0.0716711140974222,-4.04871445315849
0.261381623877161,0,0.71681345964881,0.697264988412814,21.6946452506438
-1.27763689689096e-17,0,0.71681345964881,-0.697264988412814,49.9589722217451
