Q,P,EigValReal,EigValImag,AGPgrad,N,toda,k,E0,lmd,period
0,0,0.99911395255124,0.0420869316703015,-76.278795199563,2,1.88,1,1,4.25849747510487e-15,3.4703000000029
1.04283074592906,0,0.99911395255124,-0.0420869316703015,-1.64357090205481
0.261196701687172,0,0.0845714414534866,0.996417418199061,5.01095693375483
-1.83296136383527e-17,0,0.0845714414534866,-0.996417418199061,9.72752919747077
