Q,P,EigValReal,EigValImag,AGPgrad,N,toda,k,E0,lmd,period
0,0,0.996536751407408,0.0831534911738127,-10521.4810653243,2,3.65999999999997,1,1,2.61019947584622e-14,1.51579999999985
0.90172143316452,0,0.996536751407408,-0.0831534911738127,-7.92766958656674
0.255940789123996,0,0.933968999633885,0.357354036947792,96.4034720241333
-9.46733557786389e-18,0,0.933968999633885,-0.357354036947792,260.210701756144
