Q,P,EigValReal,EigValImag,AGPgrad,N,toda,k,E0,lmd,period
0,0,0.999981869210412,0.00602173151599839,1.45331582857922,3,0.42,1,1,1.09816348181732e-14,7.73259999999532
1.62262539596977,0,0.999981869210412,-0.00602173151599839,-0.515369171974656
0.323980243766809,0,0.0215231650699307,0.999768349851785,0.133215187926744
0.0492182538197328,0,0.0215231650699307,-0.999768349851785,-0.403218409825428
5.71856878322512e-17,0,-0.179422060347987,0.983772191241689,0.407563984013038
,,-0.179422060347987,-0.983772191241689,0.041177521410816
