Q,P,EigValReal,EigValImag,AGPgrad,N,toda,k,E0,lmd,period
0,0,0.999210773123573,0.0397219193114539,13.2165359553013,3,1.43,1,1,4.86948310114781e-15,5.46250000000061
1.24827849970153,0,0.999210773123573,-0.0397219193114539,0.0769271296204137
0.396951838788239,0,-0.89720367673123,0.441616986154248,2.34906819434781
0.116687863855809,0,-0.89720367673123,-0.441616986154248,-1.05882750358978
4.92077129239177e-17,0,-0.0742869582754165,0.99723690657244,-0.693169378030344
,,-0.0742869582754165,-0.99723690657244,0.893546603114279
