Q,P,EigValReal,EigValImag,AGPgrad,N,toda,k,E0,lmd,period
0,0,0.99956326589199,0.0295512686582983,-1.5910164567985,2,1.11,1,1,1.28773550182315e-14,4.79340000000217
1.1552829372891,0,0.99956326589199,-0.0295512686582983,-0.205168396046825
0.243481681545065,0,-0.885745051930624,0.46417206182665,0.655772699724856
-3.00381699613871e-17,0,-0.885745051930624,-0.46417206182665,1.78476407375724
