Q,P,EigValReal,EigValImag,AGPgrad,N,toda,k,E0,lmd,period
0,0,-0.921875810948863,0.38748546964678,-38.9276168428288,5,1.7,1,1,9.01523459262388e-13,7.10929999999677
1.42361000513148,0,-0.921875810948863,-0.38748546964678,-2.84308996903119
0.585369583735349,0,-0.541303237299629,0.84082745274459,0.387647459171628
0.279915692659477,0,-0.541303237299629,-0.84082745274459,-2.88275441199608
0.128981667679288,0,0.998243089886278,0.0592514429723654,1.64677653541738
0.0490296571797353,0,0.998243089886278,-0.0592514429723654,2.08242047385215
2.70075874992424e-16,0,0.48194392312001,0.876202062864317,1.46528617333178
,,0.48194392312001,-0.876202062864317,1.88750144747687
,,0.630120277413627,0.776497544099262,3.9736766783555
,,0.630120277413627,-0.776497544099262,0.393475355335163
