Q,P,EigValReal,EigValImag,AGPgrad,N,toda,k,E0,lmd,period
0,0,0.989859802614099,0.142047777768125,-3867.60428751574,5,3.90999999999996,1,1,1.76968780851795e-13,2.72490000000133
1.11383012404526,0,0.989859802614099,-0.142047777768125,-19.0893012969458
0.484477550187401,0,0.692476283780477,0.721440639555028,1.3843528593013
0.254135201931658,0,0.692476283780477,-0.721440639555028,0.322766988818544
0.131968441509969,0,0.0379553188104786,0.99927943728168,0.401170517902111
0.0562364808755871,0,0.0379553188104786,-0.99927943728168,16.1393302485701
2.11907439384282e-16,0,-0.789043725188935,0.614337040833409,53.3992309058085
,,-0.789043725188935,-0.614337040833409,42.5929215676572
,,-0.51319688114445,0.858270913630185,26.8632003165669
,,-0.51319688114445,-0.858270913630185,12.943821570868
