Q,P,EigValReal,EigValImag,AGPgrad,N,toda,k,E0,lmd,period
0,0,0.998119786414888,0.0612934904139656,-2166.41241846208,2,3.02999999999998,1,1,7.29982081596123e-13,2.03959999999988
0.9412793098128,0,0.998119786414888,-0.0612934904139656,-5.20387781761775
0.259864524631278,0,0.825873044961685,0.563856110728371,36.3060167775897
-1.1431992531378e-17,0,0.825873044961685,-0.563856110728371,88.7413421748092
