Q,P,EigValReal,EigValImag,AGPgrad,N,toda,k,E0,lmd,period
0,0,-0.997216924556155,0.0745547139944297,60.6082909621143,4,1.3,1,1,8.18261603613554e-15,7.05869999999689
1.41616724631232,0,-0.997216924556155,-0.0745547139944297,4.97292628974136
0.516742140312611,0,0.121388163851535,0.992605114673882,2.8578633301443
0.200849854681474,0,0.121388163851535,-0.992605114673882,4.31761084275707
0.065221421753269,0,0.999243259443167,0.038896123938102,-6.07441926153807
-1.9645870075062e-17,0,0.999243259443167,-0.038896123938102,-7.46048065662476
,,0.938339938902581,0.345713984473154,-0.910889235507898
,,0.938339938902581,-0.345713984473154,1.26799686309552
