Q,P,EigValReal,EigValImag,AGPgrad,N,toda,k,E0,lmd,period
0,0,0.997311538696169,0.0732782012848427,338.339302503186,5,2.60999999999999,1,1,4.96354806320979e-14,4.81210000000212
1.25537753364258,0,0.997311538696169,-0.0732782012848427,-1.28993945746119
0.533922696767731,0,0.376049691246926,0.926599498010387,5.56991249899318
0.270033389718437,0,0.376049691246926,-0.926599498010387,4.25354893068247
0.133953825595435,0,-0.0863165543482275,0.996267761420316,1.22849460389661
0.0547459821522564,0,-0.0863165543482275,-0.996267761420316,-4.67611111544538
2.3840654199689e-16,0,-0.366453687136447,0.930436292920751,-8.83114646365718
,,-0.366453687136447,-0.930436292920751,-6.40675603121417
,,-0.999948526212096,0.0101461779145266,-9.33667834810347
,,-0.999948526212096,-0.0101461779145266,-6.20366380395068
