Q,P,EigValReal,EigValImag,AGPgrad,N,toda,k,E0,lmd,period
0,0,0.999934753336792,0.011423181224792,2.98859287345289,4,0.64,1,1,6.53928642943435e-14,8.9414999999925
1.70456506035029,0,0.999934753336792,-0.011423181224792,-0.354324333565918
0.525961708471569,0,-0.465774927362684,0.884903224675034,0.103180931267495
0.158695152245561,0,-0.465774927362684,-0.884903224675034,-0.317644886954155
0.03775632603328,0,-0.161413572061968,0.986886852052549,-0.342756042027014
-3.35475246853268e-17,0,-0.161413572061968,-0.986886852052549,-0.0106664663667915
,,-0.17760485047046,0.984101883490413,0.455273850678488
,,-0.17760485047046,-0.984101883490413,-0.121667834574788
