Q,P,EigValReal,EigValImag,AGPgrad,N,toda,k,E0,lmd,period
0,0,0.999274809672707,0.038076958303191,-70.7133131807952,4,2.52999999999999,1,1,8.9832732090698e-14,4.19700000000356
1.1765559110192,0,0.999274809672707,-0.038076958303191,-3.85153456998261
0.466515109024813,0,-0.0010073295626144,0.999999492643451,2.25774373073889
0.207543823161572,0,-0.0010073295626144,-0.999999492643451,1.16973492214708
0.0788862417076743,0,-0.97181916352402,0.235727625465214,1.45343055352934
-1.05583904776527e-17,0,-0.97181916352402,-0.235727625465214,3.9588071878243
,,-0.795306653549175,0.606207329896649,2.7326615818643
,,-0.795306653549175,-0.606207329896649,0.0478376128183364
