Q,P,EigValReal,EigValImag,AGPgrad,N,toda,k,E0,lmd,period
0,0,0.999935661382318,0.0113434164135214,6.1825718497697,3,1.61,1,1,2.65683820778543e-14,5.07250000000152
1.21183396187932,0,0.999935661382318,-0.0113434164135214,-0.582657706871824
0.394968191925806,0,-0.734963840679339,0.678106299110911,1.99356490832991
0.120509565559511,0,-0.734963840679339,-0.678106299110911,-0.225107483937745
4.87318432352202e-17,0,-0.538460456386587,0.842650779924863,0.500232058976899
,,-0.538460456386587,-0.842650779924863,0.908008121723914
