Q,P,EigValReal,EigValImag,AGPgrad,N,toda,k,E0,lmd,period
0,0,-0.731924464943341,0.681385777381215,4334.89273317691,5,1.95,1,1,3.0864471647122e-13,6.39899999999843
1.36761386615813,0,-0.731924464943341,-0.681385777381215,138.277784452424
0.569262133370454,0,-0.163905265603918,0.986476083798945,28.5262425590777
0.277797649369448,0,-0.163905265603918,-0.986476083798945,117.062467118992
0.131512788878539,0,0.481799882527737,0.876281275160114,3.1888780971272
0.0513684786615171,0,0.481799882527737,-0.876281275160114,-137.637240787311
2.59471864432495e-16,0,0.999917351167413,0.012856548299103,-171.905627349991
,,0.999917351167413,-0.012856548299103,-83.7019922020714
,,0.999632243207359,0.0271178601703495,-210.207505836872
,,0.999632243207359,-0.0271178601703495,-27.1734865527881
