Q,P,EigValReal,EigValImag,AGPgrad,N,toda,k,E0,lmd,period
0,0,-0.838178877495403,0.545395424733804,6.17069536546819,5,0.66,1,1,2.66745323234165e-14,10.5434999999888
1.86462468770423,0,-0.838178877495403,-0.545395424733804,1.8555646547444
0.660876092709574,0,0.999919881661809,0.0126582090912514,0.98320467263367
0.251134341623538,0,0.999919881661809,-0.0126582090912514,0.234958690498514
0.0859136146076516,0,0.897697013767832,0.440613290167603,-1.39132315831168
0.0236082969085283,0,0.897697013767832,-0.440613290167603,-1.84508931960588
3.62565011560113e-16,0,-0.0369493323616422,0.999317140270308,-2.70559079891109
,,-0.0369493323616422,-0.999317140270308,0.669042727674507
,,-0.0410620457794255,0.999156598535184,1.30476747217105
,,-0.0410620457794255,-0.999156598535184,-0.763402883048925
