Q,P,EigValReal,EigValImag,AGPgrad,N,toda,k,E0,lmd,period
0,0,0.997532780480864,0.0702022212333558,-8656.2565905217,2,3.57999999999997,1,1,1.8374552621628e-14,1.57399999999984
0.90632657634207,0,0.997532780480864,-0.0702022212333558,-7.55965533314644
0.256479652221639,0,0.925306268276685,0.379220661209132,85.3366576086777
-9.67864132783868e-18,0,0.925306268276685,-0.379220661209132,227.70871467127
