Q,P,EigValReal,EigValImag,AGPgrad,N,toda,k,E0,lmd,period
0,0,0.30221765807921,0.953238945461798,3.11034724371256,5,0.5,1,1,3.76160431904077e-15,11.0662999999875
2.00699380560479,0,0.30221765807921,-0.953238945461798,-2.34378161392268
0.658143057427749,0,-0.840743808276596,0.541433143467017,-1.50346530954046
0.224447289325685,0,-0.840743808276596,-0.541433143467017,-0.0286301204171563
0.0675128865004229,0,0.929363005184197,0.369167177028242,1.23993542298408
0.0160387160371063,0,0.929363005184197,-0.369167177028242,0.998796669012556
3.99549165140422e-16,0,-0.998633798735114,0.052254531132506,2.18701550995601
,,-0.998633798735114,-0.052254531132506,-0.854027772368091
,,0.999961223070571,0.00880638150561239,-1.41981146501469
,,0.999961223070571,-0.00880638150561239,0.729647296629204
