Q,P,EigValReal,EigValImag,AGPgrad,N,toda,k,E0,lmd,period
0,0,-0.405564717607834,0.91406633229305,-0.950657679863052,5,0.840000000000001,1,1,1.27315047084928e-14,9.9293999999902
1.74405626050558,0,-0.405564717607834,-0.91406633229305,-1.97454882038077
0.65127304828718,0,-0.28307959793793,0.959096419152576,-1.01122636123028
0.267252908097332,0,-0.28307959793793,-0.959096419152576,-0.541816293372773
0.100644917866027,0,0.164599320888375,0.986360513992262,-0.549501701230425
0.0308017455235947,0,0.164599320888375,-0.986360513992262,1.50492496767982
3.34773226480115e-16,0,0.999734695901871,0.0230334063906363,1.22502832953393
,,0.999734695901871,-0.0230334063906363,0.435537043255436
,,0.870242594281511,0.492623413063347,0.230470608034498
,,0.870242594281511,-0.492623413063347,-1.26560532468489
