Q,P,EigValReal,EigValImag,AGPgrad,N,toda,k,E0,lmd,period
0,0,0.998534903884711,0.0541114195342174,47.7143349006607,5,1.54,1,1,9.04032098301783e-15,7.59469999999564
1.46525200680839,0,0.998534903884711,-0.0541114195342174,2.27409843238202
0.596603186697326,0,0.827265937462192,0.561810527415427,1.25857502632288
0.280693010632418,0,0.827265937462192,-0.561810527415427,-0.205665289039919
0.126560815702755,0,0.0355488248175156,0.999367940777617,3.59550261075613
0.0470500551818236,0,0.0355488248175156,-0.999367940777617,-2.43412793543169
2.78035586501534e-16,0,-0.988880464270738,0.148712566327449,-4.43898884501405
,,-0.988880464270738,-0.148712566327449,-1.18026927698865
,,-0.970951700197759,0.239275564743007,1.37761826180204
,,-0.970951700197759,-0.239275564743007,-0.17261748016625
