Q,P,EigValReal,EigValImag,AGPgrad,N,toda,k,E0,lmd,period
0,0,0.994647408817769,0.1033273058401,-1354.29611937415,5,3.50999999999997,1,1,1.27034756718336e-13,3.24490000000242
1.15012106776902,0,0.994647408817769,-0.1033273058401,-12.8549200458357
0.49761440495377,0,0.536532084942106,0.843879921450713,2.07504792592063
0.258813371305127,0,0.536532084942106,-0.843879921450713,0.66461110141752
0.133002380649588,0,-0.3332473511912,0.942839436449308,0.451422351214104
0.0561532087614617,0,-0.3332473511912,-0.942839436449308,8.05773883544542
2.18708012416217e-16,0,-0.871725073432373,0.489995302374754,24.2262080619768
,,-0.871725073432373,-0.489995302374754,19.6895448590738
,,-0.99872311966764,0.0505186128206163,11.0302039157405
,,-0.99872311966764,-0.0505186128206163,5.09147600733056
