Q,P,EigValReal,EigValImag,AGPgrad,N,toda,k,E0,lmd,period
0,0,0.995629407488794,0.0933920925104143,-19194.2075302825,2,3.90999999999996,1,1,1.16274449366996e-14,1.34759999999987
0.887991659837924,0,0.995629407488794,-0.0933920925104143,-9.18289213847649
0.254215541720319,0,0.955054999788931,0.296428654785893,140.68137616158
-8.86252267170046e-18,0,0.955054999788931,-0.296428654785893,392.869278350027
