Q,P,EigValReal,EigValImag,AGPgrad,N,toda,k,E0,lmd,period
0,0,-0.759198721340771,0.650858895241154,6.65513315089987,5,1.06,1,0.999999999999999,1.55060218991667e-14,9.17159999999196
1.63246802603922,0,-0.759198721340771,-0.650858895241154,-1.03802006025266
0.634203031162725,0,-0.821336882656954,0.570443446090272,1.02041075057998
0.276616917876329,0,-0.821336882656954,-0.570443446090272,0.430129957079307
0.112751848759165,0,0.999520720661107,0.0309568888800798,-0.903241376213662
0.0376511283474743,0,0.999520720661107,-0.0309568888800798,-0.29097996962909
3.11108341108621e-16,0,0.519650650960115,0.854378839249151,-0.443619482714417
,,0.519650650960115,-0.854378839249151,1.15964557341646
,,0.698890966710066,0.715228226967479,0.174036313348888
,,0.698890966710066,-0.715228226967479,0.453456632922351
