Q,P,EigValReal,EigValImag,AGPgrad,N,toda,k,E0,lmd,period
0,0,0.999642704650465,0.0267294414283382,9.53105613466027,3,1.54,1,1,8.02931914982312e-15,5.22200000000117
1.22542788151063,0,0.999642704650465,-0.0267294414283382,-0.334387987956609
0.395847024823909,0,-0.804124072777422,0.594461500502648,2.12316147686122
0.119162272640669,0,-0.804124072777422,-0.594461500502648,-0.547311696498934
4.89154545471865e-17,0,-0.372710553413063,0.92794765120374,0.0183286288146785
,,-0.372710553413063,-0.92794765120374,0.860201992279252
