Q,P,EigValReal,EigValImag,AGPgrad,N,toda,k,E0,lmd,period
0,0,0.997973669627816,0.0636282541769961,-152.085370427347,2,2.09,1,1,3.48254390718341e-15,3.15710000000224
1.02014899840095,0,0.997973669627816,-0.0636282541769961,-2.17976198533467
0.262149914987776,0,0.305553035489995,0.952175058748578,7.46580210260264
-1.65237094336296e-17,0,0.305553035489995,-0.952175058748578,15.0847533360284
