Q,P,EigValReal,EigValImag,AGPgrad,N,toda,k,E0,lmd,period
0,0,0.996286158737891,0.0861039482679746,-266.775752026907,4,2.77999999999998,1,1,5.98924634111882e-14,3.76040000000351
1.1455829166816,0,0.996286158737891,-0.0861039482679746,-5.77722955498401
0.458038841560439,0,0.213605289771984,0.976920047998525,1.7205658962448
0.206490788030671,0,0.213605289771984,-0.976920047998525,0.822312963983333
0.0796222838493846,0,-0.80370428544167,0.595028924979858,3.90080061346041
-9.6252034422801e-18,0,-0.80370428544167,-0.595028924979858,10.1547171536314
,,-0.991574339600387,0.129538909390387,6.96894804729582
,,-0.991574339600387,-0.129538909390387,2.37052621906267
