Q,P,EigValReal,EigValImag,AGPgrad,N,toda,k,E0,lmd,period
0,0,-0.714579723019878,0.699554014675672,0.544026015036046,3,0.2,1,1,1.36700026502552e-14,8.08059999999451
1.76847854237698,0,-0.714579723019878,-0.699554014675672,-0.170485610973537
0.208550629225487,0,0.425918459801357,0.90476155179167,0.170964695977258
0.0171527958495658,0,0.425918459801357,-0.90476155179167,-0.761869115834058
6.92400212792025e-17,0,0.999995958121143,0.00284319211174286,0.17785541852518
,,0.999995958121143,-0.00284319211174286,0.527205029995957
