Q,P,EigValReal,EigValImag,AGPgrad,N,toda,k,E0,lmd,period
0,0,0.621024345407371,0.783791274773675,-8893.63207038302,3,3.96999999999996,1,1,2.98129105922338e-14,1.78679999999982
0.957059581438493,0,0.621024345407371,-0.783791274773675,-14.4346745906991
0.352781089640076,0,0.995052851540894,0.0993469810327361,0.350329800375408
0.128054759454212,0,0.995052851540894,-0.0993469810327361,50.9546461872368
4.32052336459841e-17,0,0.867787512498576,0.496935441633549,165.423972737765
,,0.867787512498576,-0.496935441633549,82.3104862480927
