Q,P,EigValReal,EigValImag,AGPgrad,N,toda,k,E0,lmd,period
0,0,0.873102798197911,0.487536156381222,0.630733310062848,5,0.11,1,0.999999999999999,1.01552904751085e-14,12.0536999999852
2.60944144177604,0,0.873102798197911,-0.487536156381222,0.0718461648427243
0.355487842091962,0,0.999999738415688,0.000723303924568087,-0.209823545212745
0.0441401559832143,0,0.999999738415688,-0.000723303924568087,0.0993301371556568
0.00462890980343089,0,-0.44181680871015,0.897105293452881,0.266559509647803
0.000351385093908918,0,-0.44181680871015,-0.897105293452881,-1.6972025812746
6.79202424671877e-16,0,-0.229350007635882,0.973344016264249,-1.37655060629416
,,-0.229350007635882,-0.973344016264249,0.162059675438475
,,-0.272292240993782,0.962214599501891,1.27956927225563
,,-0.272292240993782,-0.962214599501891,1.19590265743026
