Q,P,EigValReal,EigValImag,AGPgrad,N,toda,k,E0,lmd,period
0,0,0.998637821483413,0.0521775957944079,-12.1649627645769,3,1.83,1,1,1.09893981543411e-14,4.62240000000257
1.1731729702019,0,0.998637821483413,-0.0521775957944079,-1.36774929116761
0.391605642501092,0,-0.489265694158701,0.872134783459191,1.63094992191846
0.123818983706586,0,-0.489265694158701,-0.872134783459191,0.860485418288882
4.81609477400512e-17,0,-0.895754397338675,0.44454927696311,2.34145859818557
,,-0.895754397338675,-0.44454927696311,1.41285645455629
