Q,P,EigValReal,EigValImag,AGPgrad,N,toda,k,E0,lmd,period
0,0,-0.799891588247074,0.600144521804196,0.30569377749547,3,0.13,1,1,5.13664200713225e-15,8.15249999999434
1.81015492579105,0,-0.799891588247074,-0.600144521804196,-0.109314435105101
0.146606192869966,0,0.510233034570972,0.8600361913504,0.143148342490584
0.00808493436180358,0,0.510233034570972,-0.8600361913504,-0.823106388477355
7.62591585499573e-17,0,0.999997806555467,0.00209448902488007,0.138603770836159
,,0.999997806555467,-0.00209448902488007,0.681373534557772
