Q,P,EigValReal,EigValImag,AGPgrad,N,toda,k,E0,lmd,period
0,0,0.994889786204252,0.100966892130706,-40.9408286984845,5,2.97999999999998,1,1,1.08978209648339e-14,4.0930000000038
1.20722692034138,0,0.994889786204252,-0.100966892130706,-5.87947414385097
0.517660389148895,0,0.22077236782543,0.975325361920184,3.57616045896085
0.265349191493899,0,0.22077236782543,-0.975325361920184,1.83653822890718
0.133903628169984,0,-0.534779327051438,0.844991758160054,0.663446459172511
0.0556063051152793,0,-0.534779327051438,-0.844991758160054,0.516703691493368
2.29397093364098e-16,0,-0.925922057049183,0.377714633380548,2.11431047820569
,,-0.925922057049183,-0.377714633380548,1.97405417320815
,,-0.837877903344812,0.545857691240575,-2.13503919745958
,,-0.837877903344812,-0.545857691240575,-1.69386388996023
