Q,P,EigValReal,EigValImag,AGPgrad,N,toda,k,E0,lmd,period
0,0,0.994959843311978,0.100274175123001,-5833.44547124711,2,3.41999999999997,1,1,7.51563985785827e-15,1.69729999999983
0.915874480797371,0,0.994959843311978,-0.100274175123001,-6.78161882887235
0.257529745108389,0,0.904406038190531,0.426672846668859,66.7587842272493
-1.01309855614959e-17,0,0.904406038190531,-0.426672846668859,173.96767385225
