Q,P,EigValReal,EigValImag,AGPgrad,N,toda,k,E0,lmd,period
0,0,0.999123267364943,0.041865219574441,-16.9357662940847,5,1.18,1,1,8.41672121455678e-15,8.76379999999291
1.58288197456988,0,0.999123267364943,-0.041865219574441,-4.50747430370656
0.624426949440287,0,0.830195536926432,0.557472304664044,0.0258849217197106
0.279055749365509,0,0.830195536926432,-0.557472304664044,-0.372009970569317
0.117464821351804,0,0.0863531820551443,0.996264587320543,-2.21923545164242
0.0406137508872292,0,0.0863531820551443,-0.996264587320543,2.5895103806029
3.01062537834244e-16,0,-0.887501951351674,0.460803956522697,2.96434692298141
,,-0.887501951351674,-0.460803956522697,2.49749779670785
,,-0.999846869961398,0.0174996179492667,0.0116104776003145
,,-0.999846869961398,-0.0174996179492667,-0.310388770897968
