Q,P,EigValReal,EigValImag,AGPgrad,N,toda,k,E0,lmd,period
0,0,0.987800065675708,0.155727422925651,-14756.4158012044,2,3.79999999999996,1,1,1.71392419784338e-14,1.41919999999986
0.893918048365593,0,0.987800065675708,-0.155727422925651,-8.31464767466118
0.254977685457503,0,0.946765553092168,0.321923884603328,119.190422778503
-9.11988591166623e-18,0,0.946765553092168,-0.321923884603328,328.159567816982
