Q,P,EigValReal,EigValImag,AGPgrad,N,toda,k,E0,lmd,period
0,0,0.986144286010989,0.165889864572595,-3354.3375677638,5,3.84999999999996,1,1,1.95931967060299e-13,2.79710000000148
1.11896642021861,0,0.986144286010989,-0.165889864572595,-18.0773271798798
0.486354406094774,0,0.672758484577801,0.739862163803895,1.47073730248848
0.25482105898993,0,0.672758484577801,-0.739862163803895,0.358417725732116
0.132135961701672,0,-0.013354369291769,0.999910826434447,0.405933525932339
0.0562369555890931,0,-0.013354369291769,-0.999910826434447,14.7352214817239
2.1287051988007e-16,0,-0.572483187749325,0.819916459003214,48.0853327194472
,,-0.572483187749325,-0.819916459003214,38.4412506523609
,,-0.837268499189645,0.54679197165351,24.0317826674142
,,-0.837268499189645,-0.54679197165351,11.5445125261663
