Q,P,EigValReal,EigValImag,AGPgrad,N,toda,k,E0,lmd,period
0,0,0.994441566631232,0.105289935682449,406.249956981907,5,2.53999999999999,1,1,5.60224430525165e-14,4.96130000000178
1.26546925041741,0,0.994441566631232,-0.105289935682449,-0.238376223076302
0.537251985206217,0,-0.990810081764972,0.135260422418681,6.26728774298305
0.270915353210878,0,-0.990810081764972,-0.135260422418681,5.19857561792621
0.133880831301063,0,0.554995257430062,0.831853511280761,1.48040716857736
0.054519648802568,0,0.554995257430062,-0.831853511280761,-6.10090916525392
2.40295517799947e-16,0,-0.151876570563479,0.988399467479555,-11.4322477890131
,,-0.151876570563479,-0.988399467479555,-8.30993392620971
,,-0.201169956830316,0.979556352880669,-11.0404066017046
,,-0.201169956830316,-0.979556352880669,-7.51540785981615
