Q,P,EigValReal,EigValImag,AGPgrad,N,toda,k,E0,lmd,period
0,0,0.997855588049678,0.0654539945146146,-439.147218386532,4,2.91999999999998,1,1,3.5418261869283e-13,3.53540000000304
1.12971206648037,0,0.997855588049678,-0.0654539945146146,-6.9521963576043
0.453547720967017,0,0.317450689366201,0.948274780757618,1.47691954642343
0.205789738074044,0,0.317450689366201,-0.948274780757618,0.692755435913874
0.0799016908370287,0,-0.670188187503348,0.74219121076105,5.50087263767881
-9.16980622372381e-18,0,-0.670188187503348,-0.74219121076105,14.6636444079091
,,-0.991561207415812,0.129639391961316,10.1075938502428
,,-0.991561207415812,-0.129639391961316,4.02847486660207
