Q,P,EigValReal,EigValImag,AGPgrad,N,toda,k,E0,lmd,period
0,0,0.999154424597038,0.0411149098041249,123.297175470601,4,1.94,1,1,3.58625824914826e-14,5.42010000000071
1.26771776319226,0,0.999154424597038,-0.0411149098041249,0.819830699759537
0.489062450044146,0,0.609506711390289,0.792780908429428,4.91711269770529
0.208140760682122,0,0.609506711390289,-0.792780908429428,3.80181291999114
0.0752702283735737,0,-0.609566929717371,0.792734607668251,-4.48113881596891
-1.36431824333457e-17,0,-0.609566929717371,-0.792734607668251,-6.98718082552178
,,-0.565784928133995,0.82455285767282,-3.14108172329241
,,-0.565784928133995,-0.82455285767282,-3.67248853952399
