Q,P,EigValReal,EigValImag,AGPgrad,N,toda,k,E0,lmd,period
0,0,-0.530030145577763,0.847978799722496,-412.090355798017,5,2.16,1,0.999999999999999,7.6858377054409e-13,5.84929999999971
1.32721110452732,0,-0.530030145577763,-0.847978799722496,-3.2732744080403
0.556983580362334,0,-0.61567669157609,0.787998865132371,-7.72796091729685
0.275529742572253,0,-0.61567669157609,-0.787998865132371,-8.37232917691278
0.132802307049765,0,0.75696527835546,0.653455099730831,-3.80485807478479
0.052796826536628,0,0.75696527835546,-0.653455099730831,10.0641514138664
2.51869237339716e-16,0,0.996408869103525,0.0846721062202632,20.2014746138821
,,0.996408869103525,-0.0846721062202632,18.31856166851
,,0.96536240721604,0.260912672620669,4.90884330306101
,,0.96536240721604,-0.260912672620669,16.4477032639112
