Q,P,EigValReal,EigValImag,AGPgrad,N,toda,k,E0,lmd,period
0,0,-0.00704525243713799,0.999975181901081,-775.906898397135,3,3.09999999999998,1,1,2.67580400963266e-14,2.63750000000114
1.02275792466456,0,-0.00704525243713799,-0.999975181901081,-8.1828713453913
0.367759541634742,0,0.992766006265307,0.120065218960253,2.88650724583518
0.129221962000443,0,0.992766006265307,-0.120065218960253,9.87135189393026
4.50486416919529e-17,0,0.612892763232167,0.790166096955339,28.8738208870459
,,0.612892763232167,-0.790166096955339,7.42402906246206
