Q,P,EigValReal,EigValImag,AGPgrad,N,toda,k,E0,lmd,period
0,0,-0.50040330674605,0.865792429279447,173.697938771728,5,1.41,1,1,1.47701504671498e-14,8.00549999999468
1.50333339811859,0,-0.50040330674605,-0.865792429279447,14.8439412613794
0.606272757539165,0,-0.915704834733774,0.401851534332231,3.42201012355216
0.280791222890241,0,-0.915704834733774,-0.401851534332231,2.77931005481887
0.123965778361448,0,-0.997785175931558,0.0665187393988555,10.9194143204485
0.0450860452193153,0,-0.997785175931558,-0.0665187393988555,-12.3865934983121
2.85389644082459e-16,0,0.982412112353268,0.186725578059278,-17.5380156173365
,,0.982412112353268,-0.186725578059278,-7.76642986478348
,,0.999988800456607,0.00473275409786816,1.03996856987834
,,0.999988800456607,-0.00473275409786816,0.449397689816124
