Q,P,EigValReal,EigValImag,AGPgrad,N,toda,k,E0,lmd,period
0,0,0.999214649746742,0.0396242820951783,-53.670914476503,2,1.78,1,1,1.15806481701107e-14,3.62770000000323
1.05455697224242,0,0.999214649746742,-0.0396242820951783,-1.40570203213621
0.260387771408151,0,-0.0358172836531585,0.999358355241854,4.09765377304416
-1.93303029412191e-17,0,-0.0358172836531585,-0.999358355241854,7.84336372400368
