Q,P,EigValReal,EigValImag,AGPgrad,N,toda,k,E0,lmd,period
0,0,0.999653295312749,0.0263303849262427,-0.463012185723685,4,0.880000000000001,1,1,9.10909100971761e-15,8.25909999999409
1.57226193067847,0,0.999653295312749,-0.0263303849262427,-1.92870971735205
0.530429932095796,0,0.420061802657648,0.907495499684708,-0.338885385995985
0.182318738977136,0,0.420061802657648,-0.907495499684708,-0.686395252324386
0.0508987268491118,0,-0.626143710126817,0.77970767231611,1.12037578939054
-2.69139411616745e-17,0,-0.626143710126817,-0.77970767231611,1.56866632726555
,,-0.974425703848136,0.22470991896233,0.578260543944203
,,-0.974425703848136,-0.22470991896233,-0.526234566268583
