Q,P,EigValReal,EigValImag,AGPgrad,N,toda,k,E0,lmd,period
0,0,0.994854669864806,0.101312318343706,-855.850619003167,5,3.36999999999997,1,1,9.92713823328668e-14,3.45000000000286
1.16408512060591,0,0.994854669864806,-0.101312318343706,-10.8794827667855
0.502588703642463,0,0.466535692863865,0.884502372684227,2.39340116166381
0.260506623595054,0,0.466535692863865,-0.884502372684227,0.861709361193707
0.133305757167034,0,-0.473888334152129,0.880584945791442,0.483463780967566
0.0560667837554931,0,-0.473888334152129,-0.880584945791442,5.81607667776011
2.21322908761683e-16,0,-0.955270359301392,0.295733901743075,16.973279357233
,,-0.955270359301392,-0.295733901743075,13.8978754424329
,,-0.980367749231061,0.197177778331173,6.88957375135757
,,-0.980367749231061,-0.197177778331173,3.01259175105195
