Q,P,EigValReal,EigValImag,AGPgrad,N,toda,k,E0,lmd,period
0,0,-0.235775016957867,0.971807666865479,-744.120967162763,3,2.88999999999998,1,1,1.71975525324793e-13,2.89760000000169
1.04195056730358,0,-0.235775016957867,-0.971807666865479,-6.48700538709549
0.371658401534772,0,0.998474094537933,0.0552221199948528,0.615607826327214
0.129179577119786,0,0.998474094537933,-0.0552221199948528,11.6266701966499
4.55322139107802e-17,0,0.50234706262353,0.864666079289297,30.5863903236023
,,0.50234706262353,-0.864666079289297,15.2612817519784
