Q,P,EigValReal,EigValImag,AGPgrad,N,toda,k,E0,lmd,period
0,0,-0.135276759077878,0.990807851429025,0.0311321795651716,2,0.08,1,1,2.61851572012311e-15,6.26989999999873
1.40976490173796,0,-0.135276759077878,-0.990807851429025,0.0148032252072609
0.0373176520702926,0,0.999999625744286,0.00086516547266189,-0.317272634990886
-9.17618142631611e-17,0,0.999999625744286,-0.00086516547266189,0.358485030853731
