Q,P,EigValReal,EigValImag,AGPgrad,N,toda,k,E0,lmd,period
0,0,0.597861347693328,0.801599531520772,-4701.8513830242,3,3.91999999999996,1,1,2.12714788976871e-14,1.82709999999982
0.960351828444053,0,0.597861347693328,-0.801599531520772,-14.8438927962143
0.353588137512949,0,0.993305746111386,0.115514911340981,5.98097629699672
0.128159235369309,0,0.993305746111386,-0.115514911340981,28.1639570137126
4.33042919772212e-17,0,0.859279867564342,0.511505727434809,105.555556388687
,,0.859279867564342,-0.511505727434809,18.7108573608676
