Q,P,EigValReal,EigValImag,AGPgrad,N,toda,k,E0,lmd,period
0,0,0.997152193360081,0.0754155373728171,-702.748558789037,2,2.60999999999999,1,1,1.14239307142219e-13,2.48360000000082
0.972811614015005,0,0.997152193360081,-0.0754155373728171,-3.71630441622969
0.261742756633347,0,0.671031786829906,0.741428581229429,18.4003548367164
-1.32630833310364e-17,0,0.671031786829906,-0.741428581229429,41.532417296866
