Q,P,EigValReal,EigValImag,AGPgrad,N,toda,k,E0,lmd,period
0,0,0.997721860993593,0.0674617528349289,-335.452841412894,5,3.15999999999998,1,1,2.78088064105305e-14,3.78250000000356
1.18647452990232,0,0.997721860993593,-0.0674617528349289,-8.10926885876037
0.510467513536738,0,0.343983152597843,0.938975820098062,2.96541808741445
0.263094122542397,0,0.343983152597843,-0.938975820098062,1.28552423326359
0.133680558253021,0,-0.680866122884737,0.732407893668482,0.557542571381162
0.0558644180068992,0,-0.680866122884737,-0.732407893668482,2.83924827759747
2.2551383858446e-16,0,-0.8189100540161,0.573921879206,8.16630484091498
,,-0.8189100540161,-0.573921879206,6.82750863888177
,,-0.998699658649039,0.0509803081031428,1.65713333629816
,,-0.998699658649039,-0.0509803081031428,0.333525260036019
