Q,P,EigValReal,EigValImag,AGPgrad,N,toda,k,E0,lmd,period
0,0,0.805224766791612,0.592969708286507,1.19643163611489,5,0.19,1,1,1.266092715989e-14,11.9114999999856
2.45528975065792,0,0.805224766791612,-0.592969708286507,0.0586072232178947
0.504204944494806,0,0.999993399341274,0.00363335573231439,-0.277776003331383
0.0975272147578191,0,0.999993399341274,-0.00363335573231439,0.111890329621679
0.0160032110411109,0,-0.211968719115857,0.977276451223707,0.299033019607475
0.00194492287564607,0,-0.211968719115857,-0.977276451223707,-1.4055756154095
5.72834607677296e-16,0,-0.521928922163299,0.85298898012192,-0.982204702748043
,,-0.521928922163299,-0.85298898012192,0.0212162594857892
,,-0.414531560807009,0.910034936194715,0.654332063893894
,,-0.414531560807009,-0.910034936194715,0.729676203277439
