Q,P,EigValReal,EigValImag,AGPgrad,N,toda,k,E0,lmd,period
0,0,0.999983571483736,0.00573208187672339,-0.106549748737635,2,0.990000000000001,1,1,7.22705463884902e-15,5.01300000000166
1.17903657019468,0,0.999983571483736,-0.00573208187672339,-0.0845685712186002
0.236596315295787,0,-0.969252230717932,0.246069326102006,0.359006688246227
-3.31781607447216e-17,0,-0.969252230717932,-0.246069326102006,1.3965003424133
