Q,P,EigValReal,EigValImag,AGPgrad,N,toda,k,E0,lmd,period
0,0,-0.424481705120478,0.905436514625963,-2.37953025277914,5,0.850000000000001,1,0.999999999999999,7.66439253920894e-15,9.89489999999028
1.73825599711219,0,-0.424481705120478,-0.905436514625963,-2.34288890175917
0.650567804180729,0,-0.245639827386266,0.969361168606231,-1.24636848563167
0.26787214613089,0,-0.245639827386266,-0.969361168606231,-0.663754665905027
0.10131719798177,0,0.112725398555837,0.993626179466115,-0.538590235913611
0.0311576519378197,0,0.112725398555837,-0.993626179466115,1.87471276873604
3.33500370936818e-16,0,0.999840544582273,0.0178573628916242,1.61385719915207
,,0.999840544582273,-0.0178573628916242,0.448584802099528
,,0.898530494716983,0.438911095853898,0.190550643186792
,,0.898530494716983,-0.438911095853898,-1.43723776251722
