Q,P,EigValReal,EigValImag,AGPgrad,N,toda,k,E0,lmd,period
0,0,-0.866813714052651,0.49863211401816,842.264316281391,5,2.33999999999999,1,1,7.27175606752242e-13,5.41180000000073
1.29637237753274,0,-0.866813714052651,-0.49863211401816,5.39037281967983
0.547268382274945,0,-0.348271956692263,0.937393537518639,12.2210054807019
0.273395026261198,0,-0.348271956692263,-0.937393537518639,12.9102137859758
0.133476692998184,0,0.32282347049626,0.946459194522796,3.80259015232274
0.0537291219598133,0,0.32282347049626,-0.946459194522796,-16.1120358871657
2.46083774770866e-16,0,0.998210157891973,0.059803684514454,-29.2843616617985
,,0.998210157891973,-0.059803684514454,-21.6026941185938
,,0.936470102741883,0.350747411495202,-22.045977225292
,,0.936470102741883,-0.350747411495202,-18.0326257533832
