Q,P,EigValReal,EigValImag,AGPgrad,N,toda,k,E0,lmd,period
0,0,-0.670630283213446,0.741791765414702,144.502661297247,4,1.88,1,1,9.78365159819976e-14,5.56030000000038
1.27888992795163,0,-0.670630283213446,-0.741791765414702,1.69813164005292
0.491559208514062,0,-0.439289827790871,0.898345394154972,5.7126391582024
0.207950755127139,0,-0.439289827790871,-0.898345394154972,4.66223373044994
0.0746828439705083,0,0.999662497625139,0.0259786612794046,-5.75132244650184
-1.40549476635587e-17,0,0.999662497625139,-0.0259786612794046,-8.9562914382597
,,0.748920606406006,0.662659735686765,-3.89599508424063
,,0.748920606406006,-0.662659735686765,-4.241644331925
