Q,P,EigValReal,EigValImag,AGPgrad,N,toda,k,E0,lmd,period
0,0,0.994167892940411,0.10784340798788,451.466017502716,5,2.49999999999999,1,0.999999999999999,6.36585571793529e-14,5.04850000000157
1.27139636965295,0,0.994167892940411,-0.10784340798788,0.450594987858805
0.539194170462836,0,-0.978113300608224,0.208072994819816,6.79251590367027
0.271416915298386,0,-0.978113300608224,-0.208072994819816,5.91354741955952
0.133824428271221,0,0.650161925616952,0.759795676796102,1.67880788276353
0.0543793663369143,0,0.650161925616952,-0.759795676796102,-7.11007802892753
2.41405184055113e-16,0,-0.190194328785151,0.981746462839554,-13.2416128192215
,,-0.190194328785151,-0.981746462839554,-9.62893497722617
,,-0.100711830889712,0.994915638191921,-12.2056089457942
,,-0.100711830889712,-0.994915638191921,-8.47756182276808
