Q,P,EigValReal,EigValImag,AGPgrad,N,toda,k,E0,lmd,period
0,0,0.999805369147185,0.0197287562840626,-79.591372383829,3,2.16,1,1,3.140119627334e-14,4.006700000004
1.12432315876623,0,0.999805369147185,-0.0197287562840626,-2.69281544731805
0.385638342974438,0,-0.110504161395394,0.993875661395476,1.19017915144911
0.126872837137758,0,-0.110504161395394,-0.993875661395476,2.94825613489184
4.73166394338374e-17,0,-0.973483852620034,0.228755740229701,6.70824962553424
,,-0.973483852620034,-0.228755740229701,3.32917003306051
