Q,P,EigValReal,EigValImag,AGPgrad,N,toda,k,E0,lmd,period
0,0,0.99856611458086,0.0535323716153056,-242.154381804442,5,3.10999999999998,1,1,2.67105014388624e-13,3.86630000000373
1.19208530843686,0,0.99856611458086,-0.0535323716153056,-7.4794091231311
0.512422829305004,0,0.311493428933047,0.950248306355514,3.12150851741572
0.263717559337113,0,0.311493428933047,-0.950248306355514,1.41725468564203
0.133752733446837,0,-0.990076828531007,0.140527127651505,0.581918046963053
0.0558013381877615,0,-0.990076828531007,-0.140527127651505,2.1801233022562
2.26563831360274e-16,0,-0.727277213830122,0.686343830921147,6.36760056981291
,,-0.727277213830122,-0.686343830921147,5.38343953123133
,,-0.753745840970219,0.657166042351621,0.551179676652314
,,-0.753745840970219,-0.657166042351621,-0.246848232775851
