Q,P,EigValReal,EigValImag,AGPgrad,N,toda,k,E0,lmd,period
0,0,-0.998854145235054,0.0478580875792722,1.29944364756253,4,0.36,1,1,3.90091255918325e-14,9.66029999999082
1.93532063405998,0,-0.998854145235054,-0.0478580875792722,0.545039049234081
0.469724923140767,0,0.428635024463017,0.903477733983287,0.342648420514588
0.103709047092538,0,0.428635024463017,-0.903477733983287,-0.493264485847851
0.0170923406013953,0,0.999998882565744,0.00149494724253331,-1.1672036906936
-4.62533299971611e-17,0,0.999998882565744,-0.00149494724253331,-0.950680663318521
,,0.896360234635671,0.443326437023425,1.03114672575154
,,0.896360234635671,-0.443326437023425,-0.0946710563718132
