Q,P,EigValReal,EigValImag,AGPgrad,N,toda,k,E0,lmd,period
0,0,0.997699087231218,0.0677977236935301,-2733.73436258358,2,3.11999999999998,1,1,1.48406179048366e-15,1.9549999999998
0.935121967077372,0,0.997699087231218,-0.0677977236935301,-5.55220620140511
0.259362696167034,0,0.848315464972266,0.529491144296977,41.8499193547871
-1.11030828839285e-17,0,0.848315464972266,-0.529491144296977,103.897673985025
