Q,P,EigValReal,EigValImag,AGPgrad,N,toda,k,E0,lmd,period
0,0,0.997614090798095,0.0690371337835914,-47.3368029669057,3,2.04,1,1,2.51525578695856e-14,4.2222000000035
1.14100781858307,0,0.997614090798095,-0.0690371337835914,-2.18353605994824
0.387883063340616,0,-0.244593881685194,0.96962561488555,1.33658338350744
0.125972345448669,0,-0.244593881685194,-0.96962561488555,2.10420871815965
4.76218597188426e-17,0,-0.999988607036049,0.00477344719330945,4.83203728398691
,,-0.999988607036049,-0.00477344719330945,2.45134622382554
