Q,P,EigValReal,EigValImag,AGPgrad,N,toda,k,E0,lmd,period
0,0,0.999571936376362,0.02925652079217,16.8241912067141,3,1.25,1,1,2.51356658926709e-14,5.86869999999966
1.29029365067743,0,0.999571936376362,-0.02925652079217,0.945854987691753
0.397703065998377,0,0.44925707164391,0.893402531660805,2.86031041246177
0.111477983974848,0,0.44925707164391,-0.893402531660805,-2.05805853407279
4.97066653174461e-17,0,-0.989998268424009,0.141079511331218,-1.95653477010107
,,-0.989998268424009,-0.141079511331218,1.28697800533301
