Q,P,EigValReal,EigValImag,AGPgrad,N,toda,k,E0,lmd,period
0,0,0.996295351245813,0.0859975179056516,-375.658791750995,5,3.17999999999998,1,1,2.72162481146e-14,3.74950000000349
1.18426177068686,0,0.996295351245813,-0.0859975179056516,-8.36284054540037
0.509694234376774,0,0.356609014445455,0.934253718652612,2.90591145112825
0.262845470248311,0,0.356609014445455,-0.934253718652612,1.23653313932762
0.133649683488301,0,-0.66186711746875,0.749621183541131,0.548635730344648
0.0558879289237471,0,-0.66186711746875,-0.749621183541131,3.10725018955206
2.25099729238487e-16,0,-0.841996219777832,0.5394834250279,8.91701617992714
,,-0.841996219777832,-0.5394834250279,7.42808058840844
,,-0.999876381532142,0.0157232838234075,2.11259400650471
,,-0.999876381532142,-0.0157232838234075,0.570694068549269
