Q,P,EigValReal,EigValImag,AGPgrad,N,toda,k,E0,lmd,period
0,0,0.999976782459965,0.00681428947174814,2.43306193621494,5,0.34,1,1,1.17589393563302e-14,11.5428999999864
2.20223536023605,0,0.999976782459965,-0.00681428947174814,-0.241478391312811
0.623726070254615,0,0.601389240906609,0.798956182103739,-0.460167131929671
0.175960088782545,0,0.601389240906609,-0.798956182103739,0.0948327635980249
0.0428287803029548,0,0.397591845427379,0.917562381775573,0.362947539827383
0.00801573976014519,0,0.397591845427379,-0.917562381775573,-0.799244625773966
4.61044476693746e-16,0,-0.793745638949463,0.608249834072083,-0.25978164680247
,,-0.793745638949463,-0.608249834072083,-0.27278436642883
,,-0.949283567068574,0.314421229075816,-0.125571012410549
,,-0.949283567068574,-0.314421229075816,0.363024094937637
