Q,P,EigValReal,EigValImag,AGPgrad,N,toda,k,E0,lmd,period
0,0,0.003175798822809,0.999994957138204,-794.151845877549,3,3.10999999999998,1,1,3.71837028811814e-14,2.62570000000112
1.02188270864832,0,0.003175798822809,-0.999994957138204,-8.25320654517288
0.367576396114778,0,0.99300697601838,0.118055688464609,2.91929226204478
0.129219623916921,0,0.99300697601838,-0.118055688464609,10.0034343034719
4.50259826085953e-17,0,0.617547262023388,0.78653377496928,29.378345708614
,,0.617547262023388,-0.78653377496928,7.51154774446089
