Q,P,EigValReal,EigValImag,AGPgrad,N,toda,k,E0,lmd,period
0,0,0.999630664189399,0.0271760043467526,-33.207304095438,5,1.22,1,1,7.22339283028526e-15,8.62939999999323
1.56772241483223,0,0.999630664189399,-0.0271760043467526,-6.45662461796029
0.62119354911416,0,0.900086868970285,0.435710486799739,-0.370525206386357
0.279591912831466,0,0.900086868970285,-0.435710486799739,-0.781581244383236
0.118809311155284,0,-0.136793429281336,0.990599595046083,-3.24496055266439
0.0414973347702079,0,-0.136793429281336,-0.990599595046083,4.13489246613729
2.98037565748148e-16,0,-0.919325427812751,0.393498103905105,4.91825007052469
,,-0.919325427812751,-0.393498103905105,3.43015616395489
,,-0.984879469450963,0.173240961247564,-0.0474291976727835
,,-0.984879469450963,-0.173240961247564,-0.549569719915243
