Q,P,EigValReal,EigValImag,AGPgrad,N,toda,k,E0,lmd,period
0,0,-0.729510573630484,0.683969533649954,214.875777766109,5,2.23,1,1,8.57042670094487e-15,5.67550000000011
1.31484278358077,0,-0.729510573630484,-0.683969533649954,3.7523971699625
0.553123488102073,0,-0.45945950396546,0.888198718877612,2.52338300032625
0.274718724839225,0,-0.45945950396546,-0.888198718877612,2.33166590105394
0.133114042794448,0,0.602394568203624,0.798198461661496,1.26867319227559
0.0531597255957432,0,0.602394568203624,-0.798198461661496,-4.51568609507862
2.49521747465345e-16,0,0.996807878136237,0.079837673347175,-7.46877010448821
,,0.996807878136237,-0.079837673347175,-3.66658689096595
,,0.99988982428268,0.014843830232318,-8.61696227004145
,,0.99988982428268,-0.014843830232318,-1.433993441377
