Q,P,EigValReal,EigValImag,AGPgrad,N,toda,k,E0,lmd,period
0,0,-0.991711974347531,0.128480971103605,83.1983235192421,4,1.27,1,1,2.79810933311565e-13,7.14229999999669
1.42521990018635,0,-0.991711974347531,-0.128480971103605,7.83907380124803
0.518009240280462,0,-0.00675675064484937,0.999977172899828,4.07303753779158
0.200073225915365,0,-0.00675675064484937,-0.999977172899828,6.23280457412065
0.0644716252779554,0,0.99976615644933,0.0216248102552842,-9.03589182969195
-2.00450414959437e-17,0,0.99976615644933,-0.0216248102552842,-11.2061823311132
,,0.96796880271004,0.251070502011058,-1.5761876011544
,,0.96796880271004,-0.251070502011058,1.91548694444392
