Q,P,EigValReal,EigValImag,AGPgrad,N,toda,k,E0,lmd,period
0,0,-0.924450696586874,0.381301599236145,-65.5397525991786,4,1.13,1,1,2.94327597760746e-15,7.53839999999577
1.47110560782608,0,-0.924450696586874,-0.381301599236145,-11.4946049150221
0.523590692486054,0,-0.585711977296096,0.81051926544154,-4.04096722991878
0.195560517003527,0,-0.585711977296096,-0.81051926544154,-6.50212873237261
0.0604859913846277,0,0.999392525917042,0.0348508126328575,10.7175236458117
-2.21158355473617e-17,0,0.999392525917042,-0.0348508126328575,13.4416869770344
,,0.974736753581229,0.223356802488552,2.556024984596
,,0.974736753581229,-0.223356802488552,-3.01967240267208
