Q,P,EigValReal,EigValImag,AGPgrad,N,toda,k,E0,lmd,period
0,0,0.994002035309799,0.109361573690514,-4342.86461087634,5,3.95999999999996,1,1,1.60892817778751e-13,2.6662000000012
1.10962567327979,0,0.994002035309799,-0.109361573690514,-19.9561265663468
0.482936881377397,0,0.708033432678704,0.706178913738738,1.31673442602876
0.253568001741433,0,0.708033432678704,-0.706178913738738,0.296126264828979
0.131826161993945,0,0.0793270392120337,0.996848644905468,0.397752080929026
0.0562331061296106,0,0.0793270392120337,-0.996848644905468,17.3704199558544
2.1111896403757e-16,0,-0.746112698166022,0.665819676515678,58.1250343527098
,,-0.746112698166022,-0.665819676515678,46.2782774779059
,,-0.46343444470774,0.886131206683552,29.3680288578549
,,-0.46343444470774,-0.886131206683552,14.1810166232332
