Q,P,EigValReal,EigValImag,AGPgrad,N,toda,k,E0,lmd,period
0,0,-0.896067710843293,0.443917399505885,-266.152530744497,4,1.62,1,1,2.62867310727954e-13,6.20139999999889
1.33294012709827,0,-0.896067710843293,-0.443917399505885,-11.1036886311116
0.502736344689085,0,0.234635965632498,0.97208331105503,-11.3240957525116
0.206207478965135,0,0.234635965632498,-0.97208331105503,-11.6744546273979
0.0714272738534509,0,0.998420998809699,0.0561739186439593,16.4855479473626
-1.61443800585194e-17,0,0.998420998809699,-0.0561739186439593,25.7306121909802
,,0.984563828064458,0.175025907988122,10.2293102902117
,,0.984563828064458,-0.175025907988122,8.05319569821283
