Q,P,EigValReal,EigValImag,AGPgrad,N,toda,k,E0,lmd,period
0,0,0.998779190972995,0.0493976485205955,3.17652443127429,3,1.66,1,1,4.17764894396262e-15,4.96760000000176
1.20253263350167,0,0.998779190972995,-0.0493976485205955,-0.758190346760506
0.394274252882136,0,-0.682139706335621,0.731221868546304,1.90611927073249
0.121376838871655,0,-0.682139706335621,-0.731221868546304,0.00892520042336082
4.8601416596685e-17,0,-0.642359179594627,0.766403734588059,0.869364302427795
,,-0.642359179594627,-0.766403734588059,0.974706113019977
