Q,P,EigValReal,EigValImag,AGPgrad,N,toda,k,E0,lmd,period
0,0,0.999842624044882,0.0177405508112876,0.132763940057599,2,0.960000000000001,1,1,3.18453887466433e-15,5.06780000000153
1.18533904979364,0,0.999842624044882,-0.0177405508112876,-0.0596286030030239
0.234562085069059,0,-0.982354077884862,0.187030654340303,0.294862719056523
-3.40552685067372e-17,0,-0.982354077884862,-0.187030654340303,1.31648953460564
