Q,P,EigValReal,EigValImag,AGPgrad,N,toda,k,E0,lmd,period
0,0,0.999980568463434,0.00623399515242072,1.75600408061285,5,0.26,1,1,1.75258658420273e-14,11.7522999999859
2.32802741517818,0,0.999980568463434,-0.00623399515242072,-0.0169021103801805
0.577501780426257,0,0.721440565048333,0.69247636140358,-0.339443278109488
0.138761597980658,0,0.721440565048333,-0.69247636140358,0.105169702505062
0.0284797916327924,0,0.0570228615717912,0.998372872857718,0.312860888812101
0.0044124222580702,0,0.0570228615717912,-0.998372872857718,-1.1497285498581
5.10492381174475e-16,0,-0.598712738930488,0.800963829546851,-0.675743491511707
,,-0.598712738930488,-0.800963829546851,-0.125824068346702
,,-0.753565308108763,0.657373049656696,0.240869962871889
,,-0.753565308108763,-0.657373049656696,0.487170725911969
