Q,P,EigValReal,EigValImag,AGPgrad,N,toda,k,E0,lmd,period
0,0,-0.976003755762978,0.217753688227264,-3.66688454310136,4,1.47,1,1,4.98023861951035e-13,6.59459999999797
1.36920945726053,0,-0.976003755762978,-0.217753688227264,-0.962638300361345
0.509344468799896,0,0.999908824470421,0.0135034346055996,-0.293679943998308
0.20426995427315,0,0.999908824470421,-0.0135034346055996,-0.196503048018497
0.0688859581569495,0,0.627737929458065,0.778424750325749,0.627846697482538
-1.76308720270606e-17,0,0.627737929458065,-0.778424750325749,1.52138073227254
,,0.731680567882475,0.681647670415739,1.16064559368501
,,0.731680567882475,-0.681647670415739,0.96248887203507
