Q,P,EigValReal,EigValImag,AGPgrad,N,toda,k,E0,lmd,period
0,0,0.36033146826494,0.93282433125324,-1998.54072829887,3,3.51999999999997,1,1,5.5588140620353e-14,2.18490000000019
0.988628853306594,0,0.36033146826494,-0.93282433125324,-11.3566359184908
0.360281744195971,0,0.992489223807724,0.122332091560309,4.36562786484774
0.128861424162964,0,0.992489223807724,-0.122332091560309,17.0423825408431
4.41265632185374e-17,0,0.76861630508575,0.639710071482666,57.6240108090205
,,0.76861630508575,-0.639710071482666,11.9750414346829
