Q,P,EigValReal,EigValImag,AGPgrad,N,toda,k,E0,lmd,period
0,0,0.999964726840871,0.00839911150370498,2.53449233289973,4,0.75,1,1,3.2362825851341e-13,8.63229999999322
1.63843083109197,0,0.999964726840871,-0.00839911150370498,-0.906330976810162
0.530285411480452,0,-0.0613103237402202,0.998118752555457,-0.043471095120576
0.171342949306894,0,-0.0613103237402202,-0.998118752555457,-0.376478701408887
0.04432585622854,0,-0.390062672513299,0.920788309825765,0.171059888221002
-3.01870444520643e-17,0,-0.390062672513299,-0.920788309825765,0.515412291591426
,,-0.654587850495289,0.755985942980395,0.456906905852053
,,-0.654587850495289,-0.755985942980395,-0.240777725314494
