Q,P,EigValReal,EigValImag,AGPgrad,N,toda,k,E0,lmd,period
0,0,0.999812557133461,0.0193610588100947,0.440361565873521,2,0.910000000000001,1,1,1.0603918227127e-14,5.15870000000132
1.19618972767004,0,0.999812557133461,-0.0193610588100947,-0.0228880171229825
0.230847332049022,0,-0.996315429932285,0.0857645852249855,0.196317069456312
-3.56104208728822e-17,0,-0.996315429932285,-0.0857645852249855,1.19571187190191
