Q,P,EigValReal,EigValImag,AGPgrad,N,toda,k,E0,lmd,period
0,0,-0.650311112309,0.759667991432723,-716.631334657999,5,2.18,1,1,8.11262504471288e-13,5.79909999999982
1.32362546462969,0,-0.650311112309,-0.759667991432723,-6.46870176614244
0.555868883598741,0,-0.509901636605094,0.860232713274402,-12.2607019637598
0.275299260052189,0,-0.509901636605094,-0.860232713274402,-13.9573358010115
0.132894581298937,0,0.715377217988574,0.698738460357615,-5.56799788691949
0.0529125225468722,0,0.715377217988574,-0.698738460357615,16.9586102649775
2.51195976440726e-16,0,0.999198226905294,0.0400362754209476,32.5540981496746
,,0.999198226905294,-0.0400362754209476,27.7574747641214
,,0.981668453817996,0.190596555001872,12.3088270835684
,,0.981668453817996,-0.190596555001872,24.2608666046763
