Q,P,EigValReal,EigValImag,AGPgrad,N,toda,k,E0,lmd,period
0,0,0.415983221643363,0.909372288620668,-2378.89410023714,3,3.59999999999997,1,1,3.38938431793964e-15,2.10800000000002
0.982676722803786,0,0.415983221643363,-0.909372288620668,-12.0147213397985
0.358909393806381,0,0.994912215870887,0.10074563370643,4.67191738373185
0.128743319276505,0,0.994912215870887,-0.10074563370643,18.8659243758465
4.39577783298278e-17,0,0.790458520335171,0.612515573377132,65.2655878386056
,,0.790458520335171,-0.612515573377132,13.0943563556603
