Q,P,EigValReal,EigValImag,AGPgrad,N,toda,k,E0,lmd,period
0,0,0.994717354094271,0.102651767951854,-501.367492905752,3,2.73999999999999,1,1,3.57483070314492e-14,3.09870000000211
1.05670286370872,0,0.994717354094271,-0.102651767951854,-5.60321733305822
0.374497499316004,0,0.406776249910945,0.91352782251467,0.696721509060729
0.129022804331943,0,0.406776249910945,-0.91352782251467,9.18074153342094
4.5886506737275e-17,0,-0.411296224661258,0.911501736465376,23.3164873603899
,,-0.411296224661258,-0.911501736465376,11.6061950517605
