Q,P,EigValReal,EigValImag,AGPgrad,N,toda,k,E0,lmd,period
0,0,0.990794460927925,0.135374798963929,-2919.94355512295,4,3.63999999999997,1,1,3.89331667450694e-14,2.57360000000101
1.0607998261864,0,0.990794460927925,-0.135374798963929,-14.1379432725304
0.432958537003844,0,0.684477089252821,0.729034371129368,0.683194378506645
0.201525263641884,0,0.684477089252821,-0.729034371129368,0.385731103334274
0.0803583010339067,0,-0.390536158701902,0.920587588850928,18.2803542810464
-7.36873365435136e-18,0,-0.390536158701902,-0.920587588850928,57.6910555931929
,,0.0613801611349085,0.998114460279507,39.6479828422381
,,0.0613801611349085,-0.998114460279507,18.9659536086954
