Q,P,EigValReal,EigValImag,AGPgrad,N,toda,k,E0,lmd,period
0,0,0.99950385859181,0.031496613470987,129.581941182934,4,1.92,1,1,4.71982418285259e-14,5.4665000000006
1.27139385189391,0,0.99950385859181,-0.031496613470987,1.08138295964859
0.489890775189431,0,0.658192262819404,0.752849882223989,5.14493934865148
0.208084659850428,0,0.658192262819404,-0.752849882223989,4.04963437759661
0.0750803065994582,0,-0.630141505818186,0.776480316972155,-4.85339917032432
-1.37778841669361e-17,0,-0.630141505818186,-0.776480316972155,-7.56682408754695
,,-0.525292955014273,0.85092144843833,-3.36565556764012
,,-0.525292955014273,-0.85092144843833,-3.83951982598249
