Q,P,EigValReal,EigValImag,AGPgrad,N,toda,k,E0,lmd,period
0,0,-0.964362196422671,0.264585627181137,15.6146306961635,3,1.32,1,1,2.83179961897827e-14,5.70900000000003
1.27320070541258,0,-0.964362196422671,-0.264585627181137,0.557821795090618
0.397603640692307,0,0.999945345178712,0.010454982324961,2.62604951570917
0.113697928385805,0,0.999945345178712,-0.010454982324961,-1.62331256397685
4.9508115225341e-17,0,0.24775903891246,0.968821685676565,-1.4210024025057
,,0.24775903891246,-0.968821685676565,1.07323570601703
