Q,P,EigValReal,EigValImag,AGPgrad,N,toda,k,E0,lmd,period
0,0,0.997749101462998,0.0670576657048577,-437.435404222108,3,2.68999999999999,1,1,1.17731304049165e-13,3.16860000000226
1.06183409401961,0,0.997749101462998,-0.0670576657048577,-5.32674386142479
0.375452275568853,0,0.371614114201755,0.928387284556414,0.726900434522174
0.128942631250255,0,0.371614114201755,-0.928387284556414,8.45866515528236
4.60061662403047e-17,0,-0.470590162116665,0.882351913535072,21.2234758022794
,,-0.470590162116665,-0.882351913535072,10.5571678443191
