Q,P,EigValReal,EigValImag,AGPgrad,N,toda,k,E0,lmd,period
0,0,-0.53848889613051,0.842632606029539,0.780816366934239,3,0.69,1,1,2.70302597711574e-13,7.16779999999663
1.47864020637913,0,-0.53848889613051,-0.842632606029539,-1.94100921246853
0.376756375969528,0,0.999850430287027,0.017295000862832,-0.476653194724365
0.0795068381177155,0,0.999850430287027,-0.017295000862832,1.00189316533776
5.2373604846392e-17,0,0.687169383073872,0.726497239475754,1.89568730677851
,,0.687169383073872,-0.726497239475754,-0.977484190370291
