Q,P,EigValReal,EigValImag,AGPgrad,N,toda,k,E0,lmd,period
0,0,0.999756495274533,0.0220669471465165,-5.47050574185845,2,1.27,1,0.999999999999999,6.50264517626924e-15,4.50200000000285
1.12684480913504,0,0.999756495274533,-0.0220669471465165,-0.416850344286113
0.25018493589991,0,-0.714972636735283,0.699152435967877,1.16688326351159
-2.66055905401369e-17,0,-0.714972636735283,-0.699152435967877,2.52118670287577
