Q,P,EigValReal,EigValImag,AGPgrad,N,toda,k,E0,lmd,period
0,0,0.999213315386648,0.0396579166633315,-49.9164898259152,2,1.76,1,1,4.14896425793042e-15,3.6598000000033
1.05698209833624,0,0.999213315386648,-0.0396579166633315,-1.35959808084636
0.260192678089539,0,-0.060948262793848,0.998140926554158,3.93169901355574
-1.95431537488706e-17,0,-0.060948262793848,-0.998140926554158,7.50930619947879
