Q,P,EigValReal,EigValImag,AGPgrad,N,toda,k,E0,lmd,period
0,0,0.977777733750749,0.209644230498706,-3604.27887011289,5,3.87999999999996,1,1,1.93102794010137e-13,2.7608000000014
1.11638755364292,0,0.977777733750749,-0.209644230498706,-18.532871513281
0.485411598547079,0,0.682747046361775,0.730654823212902,1.42719114543632
0.254477119383681,0,0.682747046361775,-0.730654823212902,0.338441571058152
0.132052476703535,0,0.0124926750357377,0.999921963490374,0.403356735482058
0.0562371325363913,0,0.0124926750357377,-0.999921963490374,15.4287244530743
2.12387400168719e-16,0,-0.542957337460232,0.839760281091039,50.7339497739813
,,-0.542957337460232,-0.839760281091039,40.4720567195303
,,-0.813675246861522,0.581319699171504,25.4224632742632
,,-0.813675246861522,-0.581319699171504,12.2323823270904
