Q,P,EigValReal,EigValImag,AGPgrad,N,toda,k,E0,lmd,period
0,0,-0.879377326245356,0.476125527655849,1.25583360282617,4,0.18,1,1,2.5924786603264e-14,10.01299999999
2.14364739532305,0,-0.879377326245356,-0.476125527655849,-0.524350098878069
0.332499867253945,0,0.707462879949812,0.706750503001684,-0.231456343202314
0.0441494625501183,0,0.707462879949812,-0.706750503001684,0.64979069409369
0.00418438299785595,0,0.999996489290127,0.00264979384442659,-1.16536740373621
-6.15784596520632e-17,0,0.999996489290127,-0.00264979384442659,0.0105990850187667
,,0.980533706224711,0.196350836405768,-0.0639320673459852
,,0.980533706224711,-0.196350836405768,1.06048432355752
