Q,P,EigValReal,EigValImag,AGPgrad,N,toda,k,E0,lmd,period
0,0,-0.850726363293645,0.525608842008151,2.43445471523847,4,0.5,1,1,2.3843529504579e-14,9.31759999999162
1.80663912812,0,-0.850726363293645,-0.525608842008151,0.123734175704299
0.509861552893401,0,0.999938646304437,0.0110771669149076,0.223623929266099
0.136237434056146,0,0.999938646304437,-0.0110771669149076,-0.345358247691398
0.0280143403309641,0,0.143143824680747,0.989701897267938,-0.807072582646054
-3.89280930062369e-17,0,0.143143824680747,-0.989701897267938,-0.476823756830601
,,0.469103163109471,0.88314337587999,0.58667168534081
,,0.469103163109471,-0.88314337587999,-0.0699919128927936
