Q,P,EigValReal,EigValImag,AGPgrad,N,toda,k,E0,lmd,period
0,0,-0.792694493514273,0.609619094149912,-494.904216965723,5,1.88,1,1,9.51093510040498e-13,6.59179999999798
1.38233106616943,0,-0.792694493514273,-0.609619094149912,-18.3258686221637
0.573601400546481,0,0.0139467045804922,0.999902739985917,-2.98856518465467
0.278471315265776,0,0.0139467045804922,-0.999902739985917,-15.665114567458
0.130930143544914,0,0.213289244500571,0.976989098291473,0.106494455604451
0.0507925420041168,0,0.213289244500571,-0.976989098291473,17.5812416958172
2.62250037783614e-16,0,0.999611269637472,0.0278802728422599,21.4871154926382
,,0.999611269637472,-0.0278802728422599,12.2407973373497
,,0.976305478020492,0.216396889042294,24.4670598634928
,,0.976305478020492,-0.216396889042294,4.42735661641049
