Q,P,EigValReal,EigValImag,AGPgrad,N,toda,k,E0,lmd,period
0,0,0.999269734339944,0.0382099205995069,-43.0694553475342,2,1.72,1,1,7.94572166069643e-15,3.72460000000344
1.06191675815783,0,0.999269734339944,-0.0382099205995069,-1.26897698468902
0.259765795771005,0,-0.112155851466476,0.993690628405948,3.61521153552063
-1.9982607113468e-17,0,-0.112155851466476,-0.993690628405948,6.88021965604355
