Q,P,EigValReal,EigValImag,AGPgrad,N,toda,k,E0,lmd,period
0,0,0.999977022883678,0.00677891618852976,0.871504089014942,2,0.71,1,1,5.465144739473e-15,5.51270000000049
1.24427006968617,0,0.999977022883678,-0.00677891618852976,0.0663816803110441
0.210870762493709,0,-0.943526904991972,0.331295909356393,-0.102959571850883
-4.32472732253376e-17,0,-0.943526904991972,-0.331295909356393,0.834856848756073
