Q,P,EigValReal,EigValImag,AGPgrad,N,toda,k,E0,lmd,period
0,0,0.999929659597507,0.0118606853600909,2.16246795987067,4,0.78,1,1,5.10033608105569e-13,8.54669999999342
1.62212486550381,0,0.999929659597507,-0.0118606853600909,-1.09738605901118
0.530690925587286,0,0.0536063257307633,0.998562147210505,-0.0960727955602585
0.174209064087682,0,0.0536063257307633,-0.998562147210505,-0.416737328245065
0.0459529799630954,0,-0.448475902323517,0.893794923366146,0.34721251682259
-2.93719616710717e-17,0,-0.448475902323517,-0.893794923366146,0.703360337984248
,,-0.757662207459066,0.652646902534777,0.472083089599211
,,-0.757662207459066,-0.652646902534777,-0.290509485357829
