Q,P,EigValReal,EigValImag,AGPgrad,N,toda,k,E0,lmd,period
0,0,0.422624325586669,0.906304959394149,-2430.94170266269,3,3.60999999999997,1,1,7.16824341357871e-14,2.0986
0.981944051005572,0,0.422624325586669,-0.906304959394149,-12.0986664635662
0.358738895302987,0,0.993054672568086,0.117653802704159,4.71058004475241
0.128727607204135,0,0.993054672568086,-0.117653802704159,19.1060543957693
4.39368471087848e-17,0,0.793037637364753,0.609172640326985,66.2786506418038
,,0.793037637364753,-0.609172640326985,13.241239664291
