Q,P,EigValReal,EigValImag,AGPgrad,N,toda,k,E0,lmd,period
0,0,0.998422320133364,0.056150428844621,-208.465612378967,4,2.71999999999999,1,1,1.41969332506087e-13,3.86100000000372
1.15269171828171,0,0.998422320133364,-0.056150428844621,-5.29783201605804
0.460018497112722,0,0.165498555475325,0.986210032465489,1.83595991240653
0.206769591328375,0,0.165498555475325,-0.986210032465489,0.890195381705302
0.0794756856566937,0,-0.854188306857446,0.51996378376575,3.2716125836219
-9.8341781970553e-18,0,-0.854188306857446,-0.51996378376575,8.46958790024777
,,-0.969388122692733,0.2455334347543,5.80496675417794
,,-0.969388122692733,-0.2455334347543,1.74478897908762
