Q,P,EigValReal,EigValImag,AGPgrad,N,toda,k,E0,lmd,period
0,0,-0.419386578837587,0.907807742581501,0.300784381907673,2,0.32,1,1,6.17843698880801e-15,6.08789999999915
1.35668355137455,0,-0.419386578837587,-0.907807742581501,0.048481966386788
0.130891476328641,0,0.999975635390001,0.00698058925631756,-0.314159795692125
-6.81602803406871e-17,0,0.999975635390001,-0.00698058925631756,0.464541952727247
