Q,P,EigValReal,EigValImag,AGPgrad,N,toda,k,E0,lmd,period
0,0,0.978430453926053,0.206576491474994,-6208.44393376222,5,4.11999999999996,1,1,1.86340272370668e-13,2.48710000000082
1.09661472518235,0,0.978430453926053,-0.206576491474994,-22.6694520529856
0.478142573005911,0,0.752836082400276,0.658208046924533,1.12105880109267
0.25177909050902,0,0.752836082400276,-0.658208046924533,0.221704762031456
0.131356241976012,0,0.202874129512106,0.979204824117363,0.389536724643964
0.0562055657288347,0,0.202874129512106,-0.979204824117363,21.7251683697912
2.08679039521956e-16,0,-0.597324078865891,0.801999965590419,75.3990119820042
,,-0.597324078865891,-0.801999965590419,59.5547235818761
,,-0.305049381470321,0.952336534458584,38.3591959187346
,,-0.305049381470321,-0.952336534458584,18.62006295217
