Q,P,EigValReal,EigValImag,AGPgrad,N,toda,k,E0,lmd,period
0,0,-0.361907632750106,0.932213959001479,1.65139119366262,3,0.6,1,1,4.88427284832026e-14,7.36619999999617
1.52152748256896,0,-0.361907632750106,-0.932213959001479,-1.2199185497482
0.365135864693031,0,0.999925709170695,0.0121891812479714,-0.102006887713267
0.0708083388955424,0,0.999925709170695,-0.0121891812479714,0.284429833400776
5.34004672604147e-17,0,0.422454743635301,0.906384018824264,1.09029802326796
,,0.422454743635301,-0.906384018824264,-0.475454088424851
