Q,P,EigValReal,EigValImag,AGPgrad,N,toda,k,E0,lmd,period
0,0,0.991571164202176,0.129563213617264,-2113.43496716162,4,3.49999999999997,1,1,6.62328223252432e-14,2.73730000000135
1.07279549748145,0,0.991571164202176,-0.129563213617264,-12.5845046277995
0.436664466376745,0,0.631993599219449,0.774973606354195,0.791307250103272
0.202406223547946,0,0.631993599219449,-0.774973606354195,0.416068756251335
0.0803657896976011,0,-0.539279163407897,0.842127059245858,15.0087423114154
-7.66198808247006e-18,0,-0.539279163407897,-0.842127059245858,45.8956643475867
,,-0.0674138587323695,0.997725098236378,31.6229555906626
,,-0.0674138587323695,-0.997725098236378,14.9572121114707
