Q,P,EigValReal,EigValImag,AGPgrad,N,toda,k,E0,lmd,period
0,0,0.999976535253164,0.00685047027492027,29.1318835843352,5,1.58,1,1,8.32088680320873e-15,7.47109999999593
1.45434390042989,0,0.999976535253164,-0.00685047027492027,0.85530420704428
0.593725212576873,0,0.753267194931848,0.657714628877521,1.03136380605228
0.28055644130564,0,0.753267194931848,-0.657714628877521,-0.769043557646739
0.127237995292814,0,0.200262850508309,0.979742206249316,2.93098389625367
0.0475866749800016,0,0.200262850508309,-0.979742206249316,-1.24809363343508
2.75943129275469e-16,0,-0.977349865435189,0.211629961333006,-2.89596778399535
,,-0.977349865435189,-0.211629961333006,-0.386248769731079
,,-0.906384203197905,0.42245434805822,1.75019417614231
,,-0.906384203197905,-0.42245434805822,-0.132752577025723
