Q,P,EigValReal,EigValImag,AGPgrad,N,toda,k,E0,lmd,period
0,0,-0.737101289891513,0.675782278874106,2.72126470477286,4,0.55,1,1,1.827845258182e-14,9.18619999999193
1.76751778477822,0,-0.737101289891513,-0.675782278874106,-0.02668913021464
0.517493282197007,0,0.999961457061297,0.00877977174167939,0.186384969568663
0.145235780545836,0,0.999961457061297,-0.00877977174167939,-0.327538855580597
0.031663507323402,0,0.0345454536169965,0.999403127688908,-0.658675932378044
-3.68337154417725e-17,0,0.0345454536169965,-0.999403127688908,-0.324661785772266
,,0.25058803378917,0.968093816384384,0.519145980343777
,,0.25058803378917,-0.968093816384384,-0.0796146273354537
