Q,P,EigValReal,EigValImag,AGPgrad,N,toda,k,E0,lmd,period
0,0,-0.676892407103187,0.736081971798025,-1.96421869943053,3,0.77,1,1,1.30684026770084e-14,6.98609999999706
1.44423093511137,0,-0.676892407103187,-0.736081971798025,-3.22911965052725
0.384003986566529,0,0.999952519368561,0.00974469129736282,-1.3193537410231
0.0861922524032317,0,0.999952519368561,-0.00974469129736282,2.31452155879912
5.1717147675766e-17,0,0.864816319415719,0.502088372373084,3.43204993078328
,,0.864816319415719,-0.502088372373084,-1.89583599057851
