Q,P,EigValReal,EigValImag,AGPgrad,N,toda,k,E0,lmd,period
0,0,-0.646889486204192,0.762583761063972,0.69972261691728,3,0.24,1,1,1.65432077703856e-14,8.02939999999463
1.74193704043983,0,-0.646889486204192,-0.762583761063972,-0.211048622893809
0.237673123038882,0,0.365645244098671,0.93075429382196,0.176205437271362
0.0229718159150366,0,0.365645244098671,-0.93075429382196,-0.717722895763581
6.6047613629549e-17,0,0.99998683660011,0.00513094791459952,0.198515830680618
,,0.99998683660011,-0.00513094791459952,0.435298188411091
