Q,P,EigValReal,EigValImag,AGPgrad,N,toda,k,E0,lmd,period
0,0,0.999921786310136,0.0125068486189064,-0.857354679029772,2,1.06,1,1,3.24039396877234e-15,4.88490000000195
1.16490720576043,0,0.999921786310136,-0.0125068486189064,-0.150898139754902
0.240837844954271,0,-0.926143170894864,0.377172145054226,0.523970715215828
-3.12794515415084e-17,0,-0.926143170894864,-0.377172145054226,1.60856277211998
