Q,P,EigValReal,EigValImag,AGPgrad,N,toda,k,E0,lmd,period
0,0,-0.644222954439131,0.76483775075092,-0.946311024702206,3,0.75,1,1,8.56363349406593e-13,7.03189999999695
1.4525304914695,0,-0.644222954439131,-0.76483775075092,-2.80014347831243
0.382414543616507,0,0.99989613960268,0.014412147919599,-1.02340888841623
0.0846068036688603,0,0.99989613960268,-0.014412147919599,1.87461525570509
5.18640587450768e-17,0,0.826590304520472,0.562804111989924,2.91268682235171
,,0.826590304520472,-0.562804111989924,-1.5879208855109
