Q,P,EigValReal,EigValImag,AGPgrad,N,toda,k,E0,lmd,period
0,0,0.999992965106621,0.0037509648431954,1.50970180559088,5,0.23,1,1,3.63794916459206e-15,11.8236999999858
2.38074812011685,0,0.999992965106621,-0.0037509648431954,0.0254220338284561
0.550933053140244,0,0.759928275586292,0.650006935320264,-0.310053599468044
0.122061929285516,0,0.759928275586292,-0.650006935320264,0.108658604624625
0.0230255102395465,0,-0.0639465468671582,0.997953325132881,0.305778449690723
0.00325309781354224,0,-0.0639465468671582,-0.997953325132881,-1.26170142742977
5.34480995074443e-16,0,-0.519547736806737,0.85444142524751,-0.808135694502237
,,-0.519547736806737,-0.85444142524751,-0.0646656533419742
,,-0.657267847278301,0.753657068522647,0.403062926460115
,,-0.657267847278301,-0.753657068522647,0.573868852850121
