Q,P,EigValReal,EigValImag,AGPgrad,N,toda,k,E0,lmd,period
0,0,-0.993878544978806,0.110478223332984,74.1387765984975,4,1.28,1,1,8.19372238876347e-13,7.11439999999676
1.42217423456352,0,-0.993878544978806,-0.110478223332984,6.6785591536209
0.517588892118281,0,0.0361914328485838,0.999344875500129,3.58350165524448
0.200338689919918,0,0.0361914328485838,-0.999344875500129,5.4607964776382
0.0647253301507001,0,0.999413372693374,0.0342477806815224,-7.83970437120479
-1.99103745104731e-17,0,0.999413372693374,-0.0342477806815224,-9.69806187768927
,,0.959105923605896,0.283047394095203,-1.31167680486975
,,0.959105923605896,-0.283047394095203,1.64638700738339
