Q,P,EigValReal,EigValImag,AGPgrad,N,toda,k,E0,lmd,period
0,0,0.999625815834594,0.0273537623916898,-2223.42528535383,2,3.03999999999998,1,1,2.563726567266e-13,2.02999999999986
0.940585646018172,0,0.999625815834594,-0.0273537623916898,-5.25180729378835
0.259810165812728,0,0.828525523813428,0.55995129823022,36.8862743168608
-1.13944773451312e-17,0,0.828525523813428,-0.55995129823022,90.3111224587682
