Q,P,EigValReal,EigValImag,AGPgrad,N,toda,k,E0,lmd,period
0,0,0.991040377331075,0.133562608912919,47.2967008479825,5,2.90999999999998,1,1,3.10549495025783e-14,4.2205000000035
1.21573283279771,0,0.991040377331075,-0.133562608912919,-5.03570038719719
0.520577097054658,0,0.168141838704163,0.985762812281523,3.85567700691007
0.266232878404364,0,0.168141838704163,-0.985762812281523,2.12145183505188
0.133960156031921,0,-0.388772942773152,0.921333598088928,0.722072162064129
0.0554808555940116,0,-0.388772942773152,-0.921333598088928,-0.368729720899504
2.30988594660823e-16,0,-0.889115192496525,0.457683487217812,0.017878116956922
,,-0.889115192496525,-0.457683487217812,0.309057252338569
,,-0.863973254818248,0.503537699640011,-3.49494394348964
,,-0.863973254818248,-0.503537699640011,-2.45618794827096
