Q,P,EigValReal,EigValImag,AGPgrad,N,toda,k,E0,lmd,period
0,0,0.996600106953578,0.082390696199202,-349.642168627934,3,2.60999999999999,1,1,3.24420646531591e-14,3.28370000000251
1.07028407305053,0,0.996600106953578,-0.082390696199202,-4.8868536739162
0.376986583453431,0,0.311647245912228,0.950197871032832,0.780090987989642
0.128781306563319,0,0.311647245912228,-0.950197871032832,7.3896238530068
4.61992092483166e-17,0,-0.564967759357399,0.825112980680031,18.1947732106463
,,-0.564967759357399,-0.825112980680031,9.03343606446632
