Q,P,EigValReal,EigValImag,AGPgrad,N,toda,k,E0,lmd,period
0,0,0.99553943102506,0.0943463898318916,-920.906295936492,4,3.16999999999998,1,1,5.39218775197166e-14,3.16620000000226
1.10359573622319,0,0.99553943102506,-0.0943463898318916,-9.22578016387086
0.445948057780998,0,0.474399461561241,0.880309690319485,1.12613074615612
0.20440340620328,0,0.474399461561241,-0.880309690319485,0.534373040390967
0.0802182613551163,0,-0.406084607428421,0.913835483886289,8.93517249709289
-8.45379717397055e-18,0,-0.406084607428421,-0.913835483886289,25.2426791437996
,,-0.85610470681242,0.516802409992065,17.4496092064356
,,-0.85610470681242,-0.516802409992065,7.81104212473213
