Q,P,EigValReal,EigValImag,AGPgrad,N,toda,k,E0,lmd,period
0,0,0.998654655156799,0.051854409009339,-4.75113096449463,3,1.76,1,1,7.70686807938196e-15,4.76230000000224
1.18486320039284,0,0.998654655156799,-0.051854409009339,-1.11290345045319
0.392753825049985,0,-0.570385187408106,0.821377342020964,1.74017316036371
0.122900704868612,0,-0.570385187408106,-0.821377342020964,0.496975898252831
4.83418462116044e-17,0,-0.810553955601489,0.585663969404623,1.6880662387172
,,-0.810553955601489,-0.585663969404623,1.19177928177287
