Q,P,EigValReal,EigValImag,AGPgrad,N,toda,k,E0,lmd,period
0,0,0.999196473841043,0.0400800032882177,12.6631690513209,3,1.45,1,1,1.14237115855039e-14,5.41830000000071
1.24397877247136,0,0.999196473841043,-0.0400800032882177,-0.00116048785987119
0.396780334148043,0,-0.881976281903605,0.471293791768438,2.30531821158544
0.117173267149595,0,-0.881976281903605,-0.471293791768438,-0.963849573091884
4.91541182801186e-17,0,-0.131182210530703,0.991358274106924,-0.565428821510124
,,-0.131182210530703,-0.991358274106924,0.877333266010713
