Q,P,EigValReal,EigValImag,AGPgrad,N,toda,k,E0,lmd,period
0,0,0.999265417216906,0.0383226558870972,15.9719941828221,3,1.3,1,1,2.2206973026907e-14,5.75449999999993
1.27798039078059,0,0.999265417216906,-0.0383226558870972,0.659663353087685
0.39766046837384,0,0.306341475842213,0.95192168804939,2.68687052420055
0.113090773472657,0,0.306341475842213,-0.95192168804939,-1.73904443220073
4.95641037741708e-17,0,-0.973189979050116,0.230002749280162,-1.56480536660207
,,-0.973189979050116,-0.230002749280162,1.12496573540287
