Q,P,EigValReal,EigValImag,AGPgrad,N,toda,k,E0,lmd,period
0,0,-0.840710859289605,0.541484303625246,-204.559146659426,5,1.82,1,0.999999999999999,3.28708353164004e-13,6.76089999999758
1.39551183833357,0,-0.840710859289605,-0.541484303625246,-8.8847260947254
0.577424690173793,0,-0.0398558499023782,0.999205439951445,-0.909637077084538
0.279004322088831,0,-0.0398558499023782,-0.999205439951445,-7.65129359215063
0.130357902861396,0,0.17132854498329,0.985213951217651,0.693179424217072
0.0502527099571898,0,0.17132854498329,-0.985213951217651,8.068333545113
2.64743126114112e-16,0,0.997713988645088,0.0675780797444147,9.3045650761673
,,0.997713988645088,-0.0675780797444147,5.99172828549699
,,0.906730735037789,0.421710059327289,11.0297106862177
,,0.906730735037789,-0.421710059327289,2.01140089148207
