Q,P,EigValReal,EigValImag,AGPgrad,N,toda,k,E0,lmd,period
0,0,0.993736151043069,0.111751787950125,-174.011540989873,4,2.67999999999999,1,1,1.27083735517447e-14,3.92960000000387
1.15754034270292,0,0.993736151043069,-0.111751787950125,-4.98025298527927
0.461357018658462,0,0.132163060375007,0.991227988644539,1.91921954721868
0.206947075319567,0,0.132163060375007,-0.991227988644539,0.93998218578166
0.0793680450156022,0,-0.884871260730342,0.465835649058223,2.86852182727011
-9.97850163836156e-18,0,-0.884871260730342,-0.465835649058223,7.4304021839336
,,-0.94626480882322,0.323392813127869,5.08247001418823
,,-0.94626480882322,-0.323392813127869,1.35231042713487
