Q,P,EigValReal,EigValImag,AGPgrad,N,toda,k,E0,lmd,period
0,0,-0.933791921244375,0.357816500204714,-75.5186717265911,4,1.56,1,1,3.53936387264893e-13,6.35669999999852
1.34693629682457,0,-0.933791921244375,-0.357816500204714,-4.20933219496704
0.505374838587628,0,0.398355844695834,0.917230952921169,-3.37409789475533
0.205532744060926,0,0.398355844695834,-0.917230952921169,-3.60548405027249
0.070478829043629,0,0.999483406147818,0.0321390857864184,5.37250296581601
-1.67102860675644e-17,0,0.999483406147818,-0.0321390857864184,8.62244361511105
,,0.920792872927568,0.3900519006053,3.63364956046685
,,0.920792872927568,-0.3900519006053,2.67431828441387
