Q,P,EigValReal,EigValImag,AGPgrad,N,toda,k,E0,lmd,period
0,0,0.991509753078899,0.130032340398182,-780.195564884937,4,3.10999999999998,1,1,4.3223291239347e-14,3.25120000000244
1.10962477147382,0,0.991509753078899,-0.130032340398182,-8.65064301463313
0.447724877588049,0,0.439892564396182,0.898050406040189,1.20259188438199
0.204748732881048,0,0.439892564396182,-0.898050406040189,0.565319335770068
0.0801608767648022,0,-0.470474507275894,0.882413586706089,8.03324534325528
-8.61544199762105e-18,0,-0.470474507275894,-0.882413586706089,22.3758373321178
,,-0.900657929171924,0.434528819089994,15.4566538578018
,,-0.900657929171924,-0.434528819089994,6.79343935619231
