Q,P,EigValReal,EigValImag,AGPgrad,N,toda,k,E0,lmd,period
0,0,0.99987784890006,0.0156296922230308,2.98606425101477,4,0.66,1,1,9.05645713993436e-14,8.88599999999263
1.69172972422836,0,0.99987784890006,-0.0156296922230308,-0.440240519524704
0.527150871185882,0,-0.396421176786024,0.918068761365714,0.0808569348434242
0.161274124966118,0,-0.396421176786024,-0.918068761365714,-0.320816562951245
0.0390226906855141,0,-0.204250335312453,0.978918689434796,-0.261728584934592
-3.28883892825167e-17,0,-0.204250335312453,-0.978918689434796,0.0703549987505951
,,-0.27199621423356,0.962298321438119,0.449380247747036
,,-0.27199621423356,-0.962298321438119,-0.136858225143507
