Q,P,EigValReal,EigValImag,AGPgrad,N,toda,k,E0,lmd,period
0,0,0.999802816378809,0.0198577028132255,-462.09279851828,3,2.70999999999999,1,1,8.21325826145835e-14,3.1404000000022
1.05976802822656,0,0.999802816378809,-0.0198577028132255,-5.4416649042456
0.375069989951552,0,0.385920227210007,0.922532155661885,0.714198007844708
0.128976544349753,0,0.385920227210007,-0.922532155661885,8.74237034609437
4.59582049825319e-17,0,-0.446829200763459,0.894619285140376,22.0367107928797
,,-0.446829200763459,-0.894619285140376,10.9680928679855
