Q,P,EigValReal,EigValImag,AGPgrad,N,toda,k,E0,lmd,period
0,0,0.995399479644592,0.0958116690350561,-54.5727554326507,5,2.98999999999998,1,1,3.1759253860251e-14,4.07510000000384
1.20603256355171,0,0.995399479644592,-0.0958116690350561,-6.00083880402494
0.517249357639209,0,0.228074620006523,0.97364365540422,3.5383874559297
0.26522320429187,0,0.228074620006523,-0.97364365540422,1.79964578357048
0.133894060599391,0,-0.554100523150486,0.832449764396837,0.656041288270125
0.0556230048633282,0,-0.554100523150486,-0.832449764396837,0.643161669082725
2.29173619417428e-16,0,-0.933147515494273,0.359493691637098,2.42309745079872
,,-0.933147515494273,-0.359493691637098,2.22060915731684
,,-0.830016115636183,0.557739408491292,-1.93661629478765
,,-0.830016115636183,-0.557739408491292,-1.58462546501191
