Q,P,EigValReal,EigValImag,AGPgrad,N,toda,k,E0,lmd,period
0,0,0.999948825391766,0.0101166495256196,0.857911940843764,2,0.67,1,1,2.11236723694521e-14,5.58060000000033
1.2548279602773,0,0.999948825391766,-0.0101166495256196,0.0740303864919881
0.205630683974815,0,-0.911434081410374,0.411446126781646,-0.146010449848567
-4.51052685528348e-17,0,-0.911434081410374,-0.411446126781646,0.780442231815033
