Q,P,EigValReal,EigValImag,AGPgrad,N,toda,k,E0,lmd,period
0,0,-0.999907095748265,0.0136308426834562,1.1944950977344,4,0.35,1,0.999999999999999,5.52341341171551e-14,9.68299999999077
1.94570966851341,0,-0.999907095748265,-0.0136308426834562,0.589563722469871
0.465327776043254,0,0.447311531947612,0.894378216073419,0.358613985639868
0.10091295907674,0,0.447311531947612,-0.894378216073419,-0.521405036209437
0.0162969862293083,0,0.914105678127171,0.405476027917393,-1.19378116526575
-4.68864332466326e-17,0,0.914105678127171,-0.405476027917393,-1.00226145612236
,,0.999991251802733,0.00418286002883488,1.09616604210507
,,0.999991251802733,-0.00418286002883488,-0.105324033802904
