Q,P,EigValReal,EigValImag,AGPgrad,N,toda,k,E0,lmd,period
0,0,0.993346589791311,0.115163156218374,-4163.31124267711,4,3.79999999999996,1,1,3.26225273337144e-14,2.39870000000064
1.04777263333984,0,0.993346589791311,-0.115163156218374,-16.0267566227598
0.42887867731273,0,0.735705139867068,0.677301961589651,0.579143426846484
0.200504762836868,0,0.735705139867068,-0.677301961589651,0.361107763177284
0.0803097040296755,0,-0.22355845268211,0.974690524338051,22.6545828244177
-7.05967779251802e-18,0,-0.22355845268211,-0.974690524338051,73.9638439888622
,,0.194699866918139,0.980862865961423,50.674272443348
,,0.194699866918139,-0.980862865961423,24.4534201531876
