Q,P,EigValReal,EigValImag,AGPgrad,N,toda,k,E0,lmd,period
0,0,-0.818131716859601,0.575030863405052,-22.7408844384484,3,0.870000000000001,1,1,6.99084080510018e-15,6.7546999999976
1.40547811656138,0,-0.818131716859601,-0.575030863405052,-10.3905546762436
0.390170375177373,0,0.999753136037142,0.0222186179574886,-6.81132262602741
0.0933384006348315,0,0.999753136037142,-0.0222186179574886,9.75581480208142
5.1108987627704e-17,0,0.985641138364228,0.168853624077423,12.3461872512904
,,0.985641138364228,-0.168853624077423,-7.10051691724493
