Q,P,EigValReal,EigValImag,AGPgrad,N,toda,k,E0,lmd,period
0,0,-0.667178704433607,0.744897695224182,384.345291397482,5,2.02,1,1,6.23373274109569e-15,6.21099999999886
1.35355417654112,0,-0.667178704433607,-0.744897695224182,11.4395842122411
0.56504919201304,0,-0.330599709397747,0.943771069775991,1.95217571777644
0.277077564311722,0,-0.330599709397747,-0.943771069775991,8.93410860079421
0.132013313410004,0,0.703606561030456,0.710589760181559,-0.255333831931151
0.0518914161795886,0,0.703606561030456,-0.710589760181559,-10.9304143571589
2.5682266407971e-16,0,0.999122508091757,0.0418833358814414,-12.7215143545859
,,0.999122508091757,-0.0418833358814414,-3.7776496619676
,,0.965412158062357,0.260728527525036,-20.7227264621769
,,0.965412158062357,-0.260728527525036,0.744640277840037
