Q,P,EigValReal,EigValImag,AGPgrad,N,toda,k,E0,lmd,period
0,0,0.990041410688907,0.140776436668558,-950.954975237134,5,3.39999999999997,1,1,8.05092807455806e-14,3.40500000000276
1.16103185761805,0,0.990041410688907,-0.140776436668558,-11.2845833988836
0.501504760095497,0,0.482274183198266,0.87602032637402,2.32311200897842
0.260141457176947,0,0.482274183198266,-0.87602032637402,0.814010287506366
0.13324392223791,0,-0.4436710949199,0.896189689481298,0.475588944669763
0.0560882684108248,0,-0.4436710949199,-0.896189689481298,6.27671286736873
2.20751309005701e-16,0,-0.940387455519218,0.34010503304435,18.4369626912163
,,-0.940387455519218,-0.34010503304435,15.0564287838017
,,-0.989726841255444,0.14297125479809,7.72675197833785
,,-0.989726841255444,-0.14297125479809,3.43511190547698
