Q,P,EigValReal,EigValImag,AGPgrad,N,toda,k,E0,lmd,period
0,0,-0.953289286868657,0.302058827948217,-0.530965451878777,5,1.64,1,0.999999999999999,1.38910927866385e-14,7.28859999999635
1.43862075865442,0,-0.953289286868657,-0.302058827948217,-0.980636993450881
0.589495376359753,0,-0.7509764384712,0.660329000469551,0.726598861806652
0.280275547282177,0,-0.7509764384712,-0.660329000469551,-1.69750639418515
0.128160649374345,0,0.998147505733135,0.0608404207645748,2.20682858528353
0.0483380007697637,0,0.998147505733135,-0.0608404207645748,0.357938427385393
2.72936556134961e-16,0,0.625314255273407,0.78037304037996,-0.800066793351924
,,0.625314255273407,-0.78037304037996,0.702058213236628
,,0.430390514728338,0.902642789165164,2.59859036944937
,,0.430390514728338,-0.902642789165164,0.0478712624493059
