Q,P,EigValReal,EigValImag,AGPgrad,N,toda,k,E0,lmd,period
0,0,-0.983446301347571,0.181199813371276,-2.35651040739717,5,0.56,1,1,7.56503852174667e-15,10.874199999988
1.94865896009307,0,-0.983446301347571,-0.181199813371276,-14.7030822294032
0.661279792223248,0,-0.600586525121952,0.79955977002468,-8.15691594200534
0.236342119473407,0,-0.600586525121952,-0.79955977002468,-0.927775168254364
0.0751016548919042,0,0.17707853305089,0.984196724812949,7.72847054271224
0.0189857388819146,0,0.17707853305089,-0.984196724812949,10.0459466690142
3.83752222718799e-16,0,0.9998876793387,0.0149876184462683,16.0374837576935
,,0.9998876793387,-0.0149876184462683,-4.45185650943342
,,0.997651223691444,0.0684984369674284,-8.52782935820556
,,0.997651223691444,-0.0684984369674284,4.10736124371995
