Q,P,EigValReal,EigValImag,AGPgrad,N,toda,k,E0,lmd,period
0,0,0.986550237583929,0.163458339411456,-825.722076435052,5,3.35999999999997,1,0.999999999999999,6.24262064266037e-14,3.46520000000289
1.16511141817132,0,0.986550237583929,-0.163458339411456,-10.7273528158899
0.502952024547526,0,0.461162782518751,0.887315551548347,2.42142383052268
0.260628473281321,0,0.461162782518751,-0.887315551548347,0.876735992058433
0.133325864658405,0,-0.483999440964039,0.875068306560401,0.486014831941805
0.0560591966664147,0,-0.483999440964039,-0.875068306560401,5.66530249361332
2.21515217073005e-16,0,-0.959835786204267,0.28056240575249,16.5246799139814
,,-0.959835786204267,-0.28056240575249,13.5152503478931
,,-0.976527001211164,0.215395022935825,6.61374717181524
,,-0.976527001211164,-0.215395022935825,2.87369794114724
