Q,P,EigValReal,EigValImag,AGPgrad,N,toda,k,E0,lmd,period
0,0,0.611917918172822,0.790921273844005,-8524.92827842811,3,3.94999999999996,1,1,1.82745309195599e-14,1.80279999999982
0.958370329205892,0,0.611917918172822,-0.790921273844005,-14.2667969017661
0.353103232390404,0,0.99590417735955,0.0904149850295372,0.352041015051578
0.128096961362662,0,0.99590417735955,-0.0904149850295372,49.6770880337513
4.32447494677216e-17,0,0.864449903929666,0.502718970793797,160.764172060019
,,0.864449903929666,-0.502718970793797,80.003908910459
