Q,P,EigValReal,EigValImag,AGPgrad,N,toda,k,E0,lmd,period
0,0,-0.996441516017653,0.0842870402638118,19.3764445801177,3,1.13,1,1,2.5862509672525e-14,6.14619999999901
1.32217907664165,0,-0.996441516017653,-0.0842870402638118,2.00114722879627
0.397095521121731,0,0.751632910640352,0.659581661087013,3.54853092103207
0.106986986194663,0,0.751632910640352,-0.659581661087013,-3.19072988416557
5.0070715214612e-17,0,0.999991023527943,0.00423708195758412,-3.31810421372357
,,0.999991023527943,-0.00423708195758412,1.98932339685044
