Q,P,EigValReal,EigValImag,AGPgrad,N,toda,k,E0,lmd,period
0,0,0.992646449285556,0.121049686992457,-4757.49547653588,5,3.99999999999996,1,0.999999999999999,1.86676584451612e-13,2.6202000000011
1.1063106809495,0,0.992646449285556,-0.121049686992457,-20.6382033104384
0.481719180489126,0,0.719923818856996,0.694053092380087,1.2651950626103
0.25311703705252,0,0.719923818856996,-0.694053092380087,0.275869714507246
0.131710676893996,0,0.111480839544981,0.993766583466337,0.395313656352653
0.0562285386345981,0,0.111480839544981,-0.993766583466337,18.3980470168831
2.10497296377951e-16,0,-0.710314590406603,0.70388435318275,62.1319604272882
,,-0.710314590406603,-0.70388435318275,49.3774518418756
,,-0.423594488131524,0.90585192477833,31.4714665621975
,,-0.423594488131524,-0.90585192477833,15.2197739945875
