Q,P,EigValReal,EigValImag,AGPgrad,N,toda,k,E0,lmd,period
0,0,0.999250164785841,0.0387183183452543,92.7231637238378,4,2.06,1,1,1.43052415650231e-14,5.14850000000134
1.24660301973816,0,0.999250164785841,-0.0387183183452543,-0.40100804806577
0.484178198742828,0,-0.771105387713691,0.636707531790645,3.96753577077604
0.2083414535437,0,-0.771105387713691,-0.636707531790645,2.76923794227337
0.0762964854420347,0,-0.482985554850222,0.875628319440394,-2.81656248573956
-1.28846063001356e-17,0,-0.482985554850222,-0.875628319440394,-4.33759281098305
,,0.287390891309417,0.957813382445867,-2.04947792422079
,,0.287390891309417,-0.957813382445867,-2.89118642276242
