Q,P,EigValReal,EigValImag,AGPgrad,N,toda,k,E0,lmd,period
0,0,-0.0564220014116032,0.9984070100699,-5986.74376003699,4,3.96999999999996,1,1,9.496357440569e-15,2.22620000000027
1.03465711241635,0,-0.0564220014116032,-0.9984070100699,-18.1736040830787
0.424714079234292,0,0.998242446520036,0.0592622811387393,0.487942565196598
0.199411344227347,0,0.998242446520036,-0.0592622811387393,0.343943537888134
0.080218785357099,0,0.781292104006722,0.624165561543383,28.1803533923034
-6.75830738100378e-18,0,0.781292104006722,-0.624165561543383,95.1569773792783
,,0.319614787280958,0.9475475649018,64.977176587748
,,0.319614787280958,-0.9475475649018,31.5523205512962
