Q,P,EigValReal,EigValImag,AGPgrad,N,toda,k,E0,lmd,period
0,0,-0.793519426720716,0.608544919802,273.649813167423,4,1.75,1,1,9.82596699704148e-13,5.87419999999965
1.30468026904697,0,-0.793519426720716,-0.608544919802,6.56590049678732
0.497083125504339,0,-0.120268420595928,0.99274140993885,11.0085423819122
0.207289611097933,0,-0.120268420595928,-0.99274140993885,10.1344652226515
0.0732129583958246,0,0.998054165982582,0.0623528809658838,-13.3905491163212
-1.50322507271356e-17,0,0.998054165982582,-0.0623528809658838,-20.7247137013872
,,0.958504654339593,0.285076880173293,-8.39428154594833
,,0.958504654339593,-0.285076880173293,-7.86697425580446
