Q,P,EigValReal,EigValImag,AGPgrad,N,toda,k,E0,lmd,period
0,0,0.999945936134307,0.0103983079581093,-3899.02115844621,4,3.76999999999996,1,1,2.32053588169239e-14,2.4305000000007
1.05016240355436,0,0.999945936134307,-0.0103983079581093,-15.6988083334912
0.429631622616851,0,0.726768775207741,0.686882193234818,0.59712864907103
0.200696998682711,0,0.726768775207741,-0.686882193234818,0.36533880384851
0.0803217856895637,0,-0.25427788887356,0.967131198560991,21.7769055539656
-7.11562492972248e-18,0,-0.25427788887356,-0.967131198560991,70.6360564032035
,,0.170894723935711,0.985289294233401,48.4440664688426
,,0.170894723935711,-0.985289294233401,23.3438722153223
