Q,P,EigValReal,EigValImag,AGPgrad,N,toda,k,E0,lmd,period
0,0,0.99993813946124,0.0111228256649919,3.20571352025566,5,0.46,1,1,2.58237815062428e-13,11.1909999999873
2.04987150318518,0,0.99993813946124,-0.0111228256649919,-1.29723923095808
0.653896009998114,0,0.835929094484836,0.548837452251357,-0.972070546961527
0.214899606844352,0,0.835929094484836,-0.548837452251357,0.0415354324654923
0.0619518237588899,0,0.382706625762574,0.923869925150412,0.753564587448136
0.0140266686038957,0,0.382706625762574,-0.923869925150412,0.181961184315952
4.11821991495221e-16,0,-0.94258802085597,0.333957816106811,1.01767324877275
,,-0.94258802085597,-0.333957816106811,-0.576321293983864
,,-0.97869644222253,0.205312624991653,-0.831457396812797
,,-0.97869644222253,-0.205312624991653,0.486477206066059
