Q,P,EigValReal,EigValImag,AGPgrad,N,toda,k,E0,lmd,period
0,0,0.993499704961798,0.113834688213805,58.9968483326829,5,2.89999999999998,1,1,3.84528288730035e-14,4.23900000000346
1.21696899446595,0,0.993499704961798,-0.113834688213805,-4.91713235703353
0.520999568364909,0,0.160425502682289,0.987047951261298,3.89590942436049
0.266359377987137,0,0.160425502682289,-0.987047951261298,2.16662580221146
0.133966701193263,0,-0.366490428742736,0.930421821347689,0.731648661670176
0.0554616845548931,0,-0.366490428742736,-0.930421821347689,-0.495847147451569
2.3121983802884e-16,0,-0.895827509538984,0.444401927485904,-0.279695824985178
,,-0.895827509538984,-0.444401927485904,0.0795485731948005
,,-0.853482086476455,0.52112218151198,-3.68487089265194
,,-0.853482086476455,-0.52112218151198,-2.56504892087311
