Q,P,EigValReal,EigValImag,AGPgrad,N,toda,k,E0,lmd,period
0,0,-0.212979448708036,0.97705667923004,-783.259301658968,3,2.90999999999998,1,1,3.14769714821801e-13,2.87180000000164
1.04005245413041,0,-0.212979448708036,-0.97705667923004,-6.6041988876526
0.371282988215299,0,0.996698825407142,0.0811877541998184,0.606192313446681
0.129191835696902,0,0.996698825407142,-0.0811877541998184,11.9873721859636
4.54855284059754e-17,0,0.513981925393002,0.857801014437082,31.686118339949
,,0.513981925393002,-0.857801014437082,15.8108275986083
