Q,P,EigValReal,EigValImag,AGPgrad,N,toda,k,E0,lmd,period
0,0,0.99704867815995,0.0767719569865641,-646.478119318209,2,2.57999999999999,1,1,9.96084151070195e-14,2.51860000000089
0.975264133560693,0,0.99704867815995,-0.0767719569865641,-3.61898361692508
0.261837824654754,0,0.655998025292805,0.75476260559988,17.5058737956778
-1.34163234066461e-17,0,0.655998025292805,-0.75476260559988,39.2718627354953
