Q,P,EigValReal,EigValImag,AGPgrad,N,toda,k,E0,lmd,period
0,0,-0.1412243602508,0.989977615944797,0.0367522260701639,2,0.09,1,1,9.31025977482084e-16,6.26639999999873
1.40860833054865,0,-0.1412243602508,-0.989977615944797,0.0160906648306637
0.0418671821762209,0,0.999999418611818,0.00107832093331999,-0.316061924968586
-9.07150150831785e-17,0,0.999999418611818,-0.00107832093331999,0.362049957457031
