Q,P,EigValReal,EigValImag,AGPgrad,N,toda,k,E0,lmd,period
0,0,-0.821615401065885,0.570042220130546,0.67939479238864,4,0.13,1,1,1.38194081180355e-14,10.0823999999898
2.20259377620787,0,-0.821615401065885,-0.570042220130546,-0.197622424910855
0.262337446462495,0,0.758124636218758,0.652109680926599,-0.0935447808638568
0.0263236838517942,0,0.758124636218758,-0.652109680926599,0.351581105205932
0.00186438174639969,0,0.946462446654826,0.322813935684551,-1.30242902923735
-6.80365087618192e-17,0,0.946462446654826,-0.322813935684551,-0.407694272214741
,,0.999997848031342,0.00207459217272327,0.517970146117831
,,0.999997848031342,-0.00207459217272327,1.04246472156342
