Q,P,EigValReal,EigValImag,AGPgrad,N,toda,k,E0,lmd,period
0,0,0.999976506507119,0.00685466511332367,2.51611534286468,5,0.35,1,1,1.27044997359064e-14,11.5150999999865
2.18798138902627,0,0.999976506507119,-0.00685466511332367,-0.285526902750771
0.627645156307082,0,0.58476911968871,0.811199776046855,-0.481846087486112
0.179908666912379,0,0.58476911968871,-0.811199776046855,0.0931886786356111
0.0445528053076288,0,0.439687186538502,0.898150977282685,0.374971878559352
0.00850107684006683,0,0.439687186538502,-0.898150977282685,-0.746523710016561
4.56007295856273e-16,0,-0.815107136640937,0.579310241405258,-0.195843078458285
,,-0.815107136640937,-0.579310241405258,-0.290717890001855
,,-0.96448012496023,0.264155424999504,-0.169303895490153
,,-0.96448012496023,-0.264155424999504,0.357580515899341
