Q,P,EigValReal,EigValImag,AGPgrad,N,toda,k,E0,lmd,period
0,0,0.998596772226821,0.0529574026757992,-17.2303860412261,3,1.87,1,1,1.78895720958842e-14,4.54390000000275
1.16672398596694,0,0.998596772226821,-0.0529574026757992,-1.51675783400844
0.390924793815539,0,-0.442430687641185,0.896802702177778,1.57102456235421
0.124294698722445,0,-0.442430687641185,-0.896802702177778,1.07823372504945
4.80578410024939e-17,0,-0.932559113062446,0.36101731349643,2.74998978268209
,,-0.932559113062446,-0.36101731349643,1.56599386905584
