Q,P,EigValReal,EigValImag,AGPgrad,N,toda,k,E0,lmd,period
0,0,0.999328716637536,0.0366349028054693,-23.9013512907926,2,1.57,1,1,1.64248926480225e-15,3.97450000000396
1.08150286121603,0,0.999328716637536,-0.0366349028054693,-0.948591405900278
0.257666913698057,0,-0.313110678714153,0.949716643465387,2.59336376763598
-2.18126473130257e-17,0,-0.313110678714153,-0.949716643465387,4.93375877859316
