Q,P,EigValReal,EigValImag,AGPgrad,N,toda,k,E0,lmd,period
0,0,0.999934658411526,0.0114314875420684,2.85248739242421,4,0.58,1,1,5.58441024818561e-14,9.10569999999212
1.74553045406647,0,0.999934658411526,-0.0114314875420684,-0.126413723015698
0.520965080120768,0,-0.655276271669867,0.755389308758351,0.161420833622649
0.150085105963741,0,-0.655276271669867,-0.755389308758351,-0.320721417213328
0.0337649819886118,0,-0.0310092967053037,0.999519096124646,-0.561247832271182
-3.56752392721785e-17,0,-0.0310092967053037,-0.999519096124646,-0.227453803317838
,,0.110170796240615,0.993912670034808,0.490542886233277
,,0.110170796240615,-0.993912670034808,-0.0894825267261738
