Q,P,EigValReal,EigValImag,AGPgrad,N,toda,k,E0,lmd,period
0,0,0.997387862949576,0.072231923973153,124.864443570554,5,2.83999999999998,1,1,2.57495035178213e-14,4.3518000000032
1.22450259584742,0,0.997387862949576,-0.072231923973153,-4.19999745033068
0.523565164496128,0,0.112939543885113,0.993601861626191,4.15898593752898
0.267119116598312,0,0.112939543885113,-0.993601861626191,2.46259615653394
0.133997156387899,0,-0.225873335626319,0.974156679519817,0.795692766217863
0.0553395932977502,0,-0.225873335626319,-0.974156679519817,-1.266838957879
2.32629301595779e-16,0,-0.932565512277273,0.361000782978435,-2.01393073347232
,,-0.932565512277273,-0.361000782978435,-1.26799524197509
,,-0.781586768329102,0.623796540205928,-4.81590429735502
,,-0.781586768329102,-0.623796540205928,-3.22589012681032
