Q,P,EigValReal,EigValImag,AGPgrad,N,toda,k,E0,lmd,period
0,0,0.999572810831498,0.0292266290636303,-7.71792070798574,3,1.79,1,1,1.84443047089614e-14,4.70190000000238
1.17978810402544,0,0.999572810831498,-0.0292266290636303,-1.22152337864065
0.392269098833295,0,-0.535773802793745,0.844361553032787,1.6924355861135
0.123308200296837,0,-0.535773802793745,-0.844361553032787,0.650303920934277
4.82642444416579e-17,0,-0.850374764607198,0.526177498301919,1.95847123025893
,,-0.850374764607198,-0.526177498301919,1.27942445059457
