Q,P,EigValReal,EigValImag,AGPgrad,N,toda,k,E0,lmd,period
0,0,0.999189137196054,0.040262490104092,-168.674556304162,3,2.36999999999999,1,1,4.30900246522034e-14,3.65290000000328
1.09759744234941,0,0.999189137196054,-0.040262490104092,-3.66061294104914
0.381616228262869,0,0.104104359849732,0.994566379011612,0.973165407646155
0.128007925215399,0,0.104104359849732,-0.994566379011612,4.73200988685669
4.67890990105149e-17,0,-0.823895980668218,0.56674104583908,11.0544115954228
,,-0.823895980668218,-0.56674104583908,5.45840703133525
