Q,P,EigValReal,EigValImag,AGPgrad,N,toda,k,E0,lmd,period
0,0,0.993126605230961,0.11704505962436,-97.2245847030944,5,3.01999999999998,1,1,1.77327038033919e-14,4.02190000000397
1.20247996036725,0,0.993126605230961,-0.11704505962436,-6.36378297014401
0.51602450125913,0,0.249637763727966,0.968339293285614,3.43028415517206
0.264845650593735,0,0.249637763727966,-0.968339293285614,1.69362479835944
0.133863213224115,0,-0.609613718257097,0.792698627797954,0.634971244434456
0.0556713376831693,0,-0.609613718257097,-0.792698627797954,1.02348789372969
2.28508926377296e-16,0,-0.952450287375243,0.304694026982517,3.37384479481591
,,-0.952450287375243,-0.304694026982517,2.97379948570579
,,-0.805728569083029,0.592284959258132,-1.33497356168729
,,-0.805728569083029,-0.592284959258132,-1.25576655906282
