Q,P,EigValReal,EigValImag,AGPgrad,N,toda,k,E0,lmd,period
0,0,0.995051570129819,0.0993598147249477,-558.143702374291,3,2.77999999999998,1,1,3.57004575364436e-14,3.043800000002
1.05267696766066,0,0.995051570129819,-0.0993598147249477,-5.83251884153954
0.3737365366233,0,-0.363954782741796,0.931416617910259,0.673600737838015
0.129076419332833,0,-0.363954782741796,-0.931416617910259,9.79050035734659
4.57913296387088e-17,0,0.433705725931637,0.90105457287232,25.1021913520324
,,0.433705725931637,-0.90105457287232,12.5038542149551
