Q,P,EigValReal,EigValImag,AGPgrad,N,toda,k,E0,lmd,period
0,0,-0.657594061724953,0.753372451038718,5.02868930714207,5,0.73,1,1,1.11406428803116e-14,10.3066999999893
1.81372468943306,0,-0.657594061724953,-0.753372451038718,0.316420285193594
0.658040780640169,0,-0.185198398415357,0.98270115153306,0.23653234156142
0.258688773422883,0,-0.185198398415357,-0.98270115153306,0.041390079395097
0.0922854926847825,0,0.999757060541745,0.0220413224857496,-0.833911137177264
0.0265841484307265,0,0.999757060541745,-0.0220413224857496,-0.614220158156298
3.50500118760061e-16,0,0.677754991188821,0.735287815701205,-1.10371259299514
,,0.677754991188821,-0.735287815701205,0.429033069005268
,,0.375961135090717,0.926635432573843,0.667224646069361
,,0.375961135090717,-0.926635432573843,-0.629412570473808
