Q,P,EigValReal,EigValImag,AGPgrad,N,toda,k,E0,lmd,period
0,0,0.834363144388652,0.551215151538733,0.9747474387217,5,0.16,1,0.999999999999999,1.42840421786312e-14,11.9706999999854
2.51342278395992,0,0.834363144388652,-0.551215151538733,0.0703782473841924
0.458374862026556,0,0.999996452909462,0.00266348802863175,-0.255216404546685
0.0777567996173077,0,0.999996452909462,-0.00266348802863175,0.111491438808956
0.0111657813704071,0,-0.421845416201778,0.906667769819552,0.292388189339641
0.00117728216226284,0,-0.421845416201778,-0.906667769819552,-1.51357431470848
6.07495614648736e-16,0,-0.309744482296731,0.950819833452538,-1.11917321341262
,,-0.309744482296731,-0.950819833452538,0.0841851836434227
,,-0.339477547281441,0.940614158351751,0.872215864524882
,,-0.339477547281441,-0.940614158351751,0.880183407398975
