Q,P,EigValReal,EigValImag,AGPgrad,N,toda,k,E0,lmd,period
0,0,0.999931446981257,0.011709028057201,14.9153230487371,5,1.61,1,1,1.75008763532621e-14,7.37939999999614
1.44638956647078,0,0.999931446981257,-0.011709028057201,-0.0829981842998969
0.59159723116576,0,0.691538042240163,0.722340041901756,0.878412021835632
0.280426692511068,0,0.691538042240163,-0.722340041901756,-1.21321576798086
0.127712718729214,0,0.318511491714431,0.947918999517289,2.53961138739331
0.0479701182580054,0,0.318511491714431,-0.947918999517289,-0.43871358094181
2.74420750827429e-16,0,-0.96628539747108,0.257473359076557,-1.84125980883428
,,-0.96628539747108,-0.257473359076557,0.159811858687318
,,-0.836614864243523,0.547791537837883,2.12374220865135
,,-0.836614864243523,-0.547791537837883,-0.0609448973348099
