Q,P,EigValReal,EigValImag,AGPgrad,N,toda,k,E0,lmd,period
0,0,0.218630382685406,0.975807745289431,-2219.05624289089,3,3.33999999999997,1,1,9.76704548540186e-13,2.36840000000057
1.00262891202285,0,0.218630382685406,-0.975807745289431,-9.42654252648994
0.363431566128836,0,0.996447080690134,0.084221228821101,0.452448654462941
0.129075514516958,0,0.996447080690134,-0.084221228821101,22.2622392879222
4.4514292775265e-17,0,0.711119566226913,0.703071093509936,64.6142731106614
,,0.711119566226913,-0.703071093509936,32.2625708947289
