Q,P,EigValReal,EigValImag,AGPgrad,N,toda,k,E0,lmd,period
0,0,-0.897301242270117,0.441418713491522,-74.490271799784,5,1.74,1,1,5.68941989122714e-13,6.99159999999704
1.41397122909463,0,-0.897301242270117,-0.441418713491522,-4.30027676132926
0.582676293530708,0,-0.381264905649881,0.924465830477142,0.0954676563939468
0.279637790839833,0,-0.381264905649881,-0.924465830477142,-3.94524734255279
0.12947758147929,0,0.380599432332197,0.924740002437669,1.31941643049875
0.0494599982877525,0,0.380599432332197,-0.924740002437669,3.48943230186865
2.68243472802981e-16,0,0.999189770660387,0.040246766423535,3.31790332430286
,,0.999189770660387,-0.040246766423535,2.85941488991545
,,0.741922138311266,0.670486048090212,5.38862541245064
,,0.741922138311266,-0.670486048090212,0.748527822408267
