Q,P,EigValReal,EigValImag,AGPgrad,N,toda,k,E0,lmd,period
0,0,-0.800271677806356,0.599637591967849,0.529613873430697,4,0.11,1,1,2.70805725089166e-15,10.1051999999898
2.22408883955771,0,-0.800271677806356,-0.599637591967849,-0.139160589787158
0.229027328715279,0,0.774346926807226,0.632761279586708,-0.0705928656229414
0.0197568908432677,0,0.774346926807226,-0.632761279586708,0.291111525197119
0.00119825984784117,0,0.931644402073232,0.363371308836576,-1.33747593194032
-7.09997968890188e-17,0,0.931644402073232,-0.363371308836576,-0.506109828689292
,,0.99999905804119,0.00137255846430052,0.645244258445304
,,0.99999905804119,-0.00137255846430052,1.08788625446651
