Q,P,EigValReal,EigValImag,AGPgrad,N,toda,k,E0,lmd,period
0,0,0.999958180095893,0.00914538459006392,1.52548743837831,3,0.44,1,1,5.98948803671114e-15,7.69459999999541
1.61033171237908,0,0.999958180095893,-0.00914538459006392,-0.567474818700298
0.330195833900695,0,-0.020980847439238,0.999779877793472,0.121231480968083
0.0518981664908736,0,-0.020980847439238,-0.999779877793472,-0.35186673413555
5.65932136191923e-17,0,-0.114743908892808,0.993395105369459,0.451506006466096
,,-0.114743908892808,-0.993395105369459,-0.00359910281113957
