Q,P,EigValReal,EigValImag,AGPgrad,N,toda,k,E0,lmd,period
0,0,-0.97515723342313,0.221513814699055,-239.290238110791,5,1.32,1,1,2.52128190271462e-14,8.297899999994
1.532385617624,0,-0.97515723342313,-0.221513814699055,-28.5433991721607
0.613236545552404,0,-0.631103791491703,0.775698397809867,-4.36429071646919
0.280464370402627,0,-0.631103791491703,-0.775698397809867,-5.08707750300433
0.121753963534653,0,-0.80136976943254,0.598169284266276,-16.7110588240304
0.0435035067242314,0,-0.80136976943254,-0.598169284266276,21.4306117562223
2.91058798063844e-16,0,0.994092694526578,0.10853439403654,27.7748403492576
,,0.994092694526578,-0.10853439403654,14.7462569707896
,,0.999363135615083,0.0356836541521681,-0.723073601455911
,,0.999363135615083,-0.0356836541521681,-2.08974527910498
