Q,P,EigValReal,EigValImag,AGPgrad,N,toda,k,E0,lmd,period
0,0,0.995747918664112,0.0921199352802673,-13402.0684413741,2,3.75999999999996,1,1,1.73450434177021e-15,1.44609999999986
0.896113199053115,0,0.995747918664112,-0.0921199352802673,-8.40658508734453
0.255257191161947,0,0.943393236270947,0.331676350917955,112.198314089011
-9.2158067101202e-18,0,0.943393236270947,-0.331676350917955,307.094969974364
