Q,P,EigValReal,EigValImag,AGPgrad,N,toda,k,E0,lmd,period
0,0,0.999856503430424,0.0169402641041793,3.82318919246175,3,1.65,1,1,7.59358494429431e-15,4.98840000000171
1.20436687446573,0,0.999856503430424,-0.0169402641041793,-0.723232406341917
0.394416988004865,0,-0.692865452540051,0.721066893343793,1.92307129697045
0.121209349561893,0,-0.692865452540051,-0.721066893343793,-0.0381955118563731
4.86274620661641e-17,0,-0.622648701068116,0.782501498438303,0.793176650831199
,,-0.622648701068116,-0.782501498438303,0.959211107364819
