Q,P,EigValReal,EigValImag,AGPgrad,N,toda,k,E0,lmd,period
0,0,-0.81071299531422,0.585443796814546,0.601164129184164,4,0.12,1,1,9.65338313342325e-15,10.0941999999898
2.21355803263397,0,-0.81071299531422,-0.585443796814546,-0.165777636782866
0.246065938888885,0,0.76654810352674,0.642186892562888,-0.0809805516470346
0.0229779445808895,0,0.76654810352674,-0.642186892562888,0.319608148182769
0.00151147187002371,0,0.939014804092831,0.343876718744515,-1.32091041779499
-6.94896226047196e-17,0,0.939014804092831,-0.343876718744515,-0.459214647074619
,,0.999998035693492,0.00198207193352211,0.586164742707402
,,0.999998035693492,-0.00198207193352211,1.0633123106597
