Q,P,EigValReal,EigValImag,AGPgrad,N,toda,k,E0,lmd,period
0,0,0.995657196976104,0.0930953603004855,320.250828203503,5,2.62999999999999,1,1,9.78546908423673e-14,4.77030000000222
1.25255744884076,0,0.995657196976104,-0.0930953603004855,-1.56697038066319
0.532987273583648,0,0.323141013026845,0.946350825909709,5.40751469039593
0.269780635681446,0,0.323141013026845,-0.946350825909709,4.03373051873895
0.133969023516899,0,-0.0679910997171188,0.99768592771436,1.17176934613884
0.0548063899483476,0,-0.0679910997171188,-0.99768592771436,-4.32213099684727
2.3787876724397e-16,0,-0.410741305598856,0.911751928912101,-8.16699550418608
,,-0.410741305598856,-0.911751928912101,-5.91985340776122
,,-0.999692436764102,0.0247998362224294,-8.90042710412433
,,-0.999692436764102,-0.0247998362224294,-5.88592738214471
