Q,P,EigValReal,EigValImag,AGPgrad,N,toda,k,E0,lmd,period
0,0,-0.575015696342136,0.818142376949248,0.361884268773192,3,0.71,1,1,3.79811720857805e-13,7.12269999999674
1.46972856846226,0,-0.575015696342136,-0.818142376949248,-2.17689106629183
0.378802363769189,0,0.999990598378095,0.00433626053767482,-0.618484984457772
0.0812658574585726,0,0.999990598378095,-0.00433626053767482,1.23985736930604
5.21910515561762e-17,0,0.737583701986434,0.675255716424515,2.1704648152553
,,0.737583701986434,-0.675255716424515,-1.14392005829541
