Q,P,EigValReal,EigValImag,AGPgrad,N,toda,k,E0,lmd,period
0,0,0.999471987909188,0.0324922357621574,-4.53053931420639,5,1.13,1,1,7.89675681131493e-15,8.93289999999252
1.60275196300736,0,0.999471987909188,-0.0324922357621574,-2.85242834093605
0.628494383544588,0,0.718150067643179,0.695888267140703,0.420098039395723
0.278204886198167,0,0.718150067643179,-0.695888267140703,-0.00857146883060354
0.115632571283159,0,0.361542597480009,0.932355592146799,-1.47223025848549
0.0394384001087927,0,0.361542597480009,-0.932355592146799,1.25227706091595
3.05058961710652e-16,0,-0.840026195036448,0.542545842904171,1.33264066010786
,,-0.840026195036448,-0.542545842904171,1.77624371143032
,,-0.966267596664701,0.25754015538518,0.0743996022908538
,,-0.966267596664701,-0.25754015538518,-0.027019198073102
