Q,P,EigValReal,EigValImag,AGPgrad,N,toda,k,E0,lmd,period
0,0,0.999953077264756,0.00968727354596433,0.499222233548532,2,0.43,1,1,2.53676011462644e-15,5.95049999999947
1.32390312750784,0,0.999953077264756,-0.00968727354596433,0.0675659359651849
0.161228476815937,0,-0.597338817697803,0.801988987998835,-0.297567273515012
-5.94076056426892e-17,0,-0.597338817697803,-0.801988987998835,0.537269824684629
