Q,P,EigValReal,EigValImag,AGPgrad,N,toda,k,E0,lmd,period
0,0,0.998508338827883,0.054599425740823,61.3045911299199,4,2.19,1,1,1.75541731990612e-14,4.86760000000199
1.22538218452025,0,0.998508338827883,-0.054599425740823,-1.42257575693375
0.479058113043293,0,-0.917881790081825,0.396853901878478,3.32560853563669
0.208335672426946,0,-0.917881790081825,-0.396853901878478,2.09989194103104
0.0772148897446143,0,-0.343920983203528,0.938998592817005,-1.51170163405733
-1.2148639846862e-17,0,-0.343920983203528,-0.938998592817005,-2.11041884912031
,,-0.0763746042013972,0.997079194363766,-0.974783767004753
,,-0.0763746042013972,-0.997079194363766,-2.17389068892745
