Q,P,EigValReal,EigValImag,AGPgrad,N,toda,k,E0,lmd,period
0,0,0.995280368484086,0.0970411670902849,-1025.3997873624,4,3.20999999999998,1,1,9.36918525311476e-14,3.11080000000214
1.09965481417888,0,0.995280368484086,-0.0970411670902849,-9.61154791283458
0.444779268286723,0,0.496327079519146,0.868135605845077,1.07851913894667
0.204169484238896,0,0.496327079519146,-0.868135605845077,0.515543141025539
0.0802506805463095,0,-0.363325833130079,0.931662137784036,9.56730469612931
-8.34932869184345e-18,0,-0.363325833130079,-0.931662137784036,27.2934800068446
,,-0.823282196166062,0.567632297773814,18.866643651341
,,-0.823282196166062,-0.567632297773814,8.53196697866763
