Q,P,EigValReal,EigValImag,AGPgrad,N,toda,k,E0,lmd,period
0,0,0.999426229857037,0.0338705044799977,-6.91804231965013,2,1.31,1,1,6.7391661642189e-15,4.43000000000301
1.1202449061925,0,0.999426229857037,-0.0338705044799977,-0.478053151228043
0.25151231418918,0,-0.665142800517872,0.746716180967867,1.31836145425226
-2.58573873883427e-17,0,-0.665142800517872,-0.746716180967867,2.75492105993318
