Q,P,EigValReal,EigValImag,AGPgrad,N,toda,k,E0,lmd,period
0,0,-0.959622087578692,0.281292461738859,505.759713201445,5,2.45999999999999,1,1,9.99460678568311e-14,5.13710000000137
1.27744543201823,0,-0.959622087578692,-0.281292461738859,1.24662227189099
0.541166174177766,0,-0.229042759186887,0.97341636233631,7.47097067672307
0.271916186524189,0,-0.229042759186887,-0.97341636233631,6.831292431771
0.133756546985788,0,0.00299785560650228,0.999995506420785,1.94138291205495
0.0542306382135044,0,0.00299785560650228,-0.999995506420785,-8.35515342009912
2.42537878461756e-16,0,0.996631122709402,0.0820146648285872,-15.4589891096407
,,0.996631122709402,-0.0820146648285872,-11.2493661611779
,,0.737819353619495,0.674998223275081,-13.610736514967
,,0.737819353619495,-0.674998223275081,-9.70246714224694
