Q,P,EigValReal,EigValImag,AGPgrad,N,toda,k,E0,lmd,period
0,0,-0.610275370516034,0.792189353716336,-0.1970398052528,3,0.73,1,1,5.79493581946975e-13,7.07739999999684
1.46102753327235,0,-0.610275370516034,-0.792189353716336,-2.45796670737619
0.380684377112719,0,0.99999718914446,0.00237101310800379,-0.796453622913057
0.0829652614702777,0,0.99999718914446,-0.00237101310800379,1.52519923514067
5.20216368678051e-17,0,0.784133723426452,0.62059189793725,2.50278285592817
,,0.784133723426452,-0.62059189793725,-1.34350867513565
