Q,P,EigValReal,EigValImag,AGPgrad,N,toda,k,E0,lmd,period
0,0,0.993275462043786,0.115775025379108,-453.764058161584,4,2.92999999999998,1,1,5.82352737242771e-14,3.519900000003
1.12861499319114,0,0.993275462043786,-0.115775025379108,-7.03293644503737
0.453233514612041,0,0.324386717754113,0.945924551613241,1.46211814147747
0.205737232595633,0,0.324386717754113,-0.945924551613241,0.684553165783416
0.0799185445423246,0,-0.660077175317957,0.751197791945811,5.62317308902772
-9.13890662112721e-18,0,-0.660077175317957,-0.751197791945811,15.0293286830205
,,-0.989112729601852,0.147159804768724,10.35475383046
,,-0.989112729601852,-0.147159804768724,4.15777498644733
