Q,P,EigValReal,EigValImag,AGPgrad,N,toda,k,E0,lmd,period
0,0,0.999438738953571,0.0334993593816199,-548.323244598128,4,2.98999999999998,1,1,2.97015320991492e-13,3.42790000000281
1.12212713768398,0,0.999438738953571,-0.0334993593816199,-7.56842767540955
0.451367048504027,0,0.364997047465406,0.931008676297664,1.36820298183713
0.205416703795,0,0.364997047465406,-0.931008676297664,0.640388266327981
0.0800119286697413,0,-0.598022110058764,0.801479604157742,6.38064471067494
-8.95759253445159e-18,0,-0.598022110058764,-0.801479604157742,17.2661479777604
,,-0.968409862927613,0.249363865434689,11.9217502152498
,,-0.968409862927613,-0.249363865434689,4.972692972834
