Q,P,EigValReal,EigValImag,AGPgrad,N,toda,k,E0,lmd,period
0,0,0.996786172990179,0.0801082101630969,-1624.24455673515,2,2.91999999999998,1,1,7.52648319550738e-13,2.14790000000011
0.949072063922507,0,0.996786172990179,-0.0801082101630969,-4.78438758886742
0.260438175862166,0,0.793997458905132,0.607921076499379,30.4715876465975
-1.18612992764977e-17,0,0.793997458905132,-0.607921076499379,73.0309248956113
