Q,P,EigValReal,EigValImag,AGPgrad,N,toda,k,E0,lmd,period
0,0,0.986690357035945,0.162610391218482,-3571.20411552258,4,3.72999999999996,1,1,3.97472814826596e-14,2.4737000000008
1.05338740800279,0,0.986690357035945,-0.162610391218482,-15.1598707142032
0.430643578083018,0,0.71435184679922,0.699786709629815,0.622399626336227
0.200952465241301,0,0.71435184679922,-0.699786709629815,0.370485168597869
0.0803357080225651,0,-0.295798619566243,0.955250321466946,20.6510136960077
-7.19172568204483e-18,0,-0.295798619566243,-0.955250321466946,66.4636812907343
,,0.138226315512335,0.990400669274757,45.5826057356869
,,0.138226315512335,-0.990400669274757,21.9223946116876
