Q,P,EigValReal,EigValImag,AGPgrad,N,toda,k,E0,lmd,period
0,0,0.998456258882148,0.0555436683979812,-10.9977400651918,3,1.82,1,1,1.05370037193407e-14,4.64220000000252
1.17481089067558,0,0.998456258882148,-0.0555436683979812,-1.33085369932095
0.391773221638015,0,-0.500943970483102,0.865479715785779,1.64626155630318
0.12369465995107,0,-0.500943970483102,-0.865479715785779,0.807232052926106
4.81867541881857e-17,0,-0.885212037008794,0.465187757292416,2.24362518526151
,,-0.885212037008794,-0.465187757292416,1.37764896187545
