Q,P,EigValReal,EigValImag,AGPgrad,N,toda,k,E0,lmd,period
0,0,-0.094527611383962,0.995522240176496,-5502.39118708195,4,3.92999999999996,1,1,1.94723502153447e-14,2.26560000000036
1.03767952120412,0,-0.094527611383962,-0.995522240176496,-17.6592761243217
0.425678836063129,0,0.997652541932804,0.0684792346273808,0.50781616378042
0.199669138493271,0,0.997652541932804,-0.0684792346273808,0.347299814467663
0.0802434440230569,0,0.771311915505173,0.636457326927505,26.7900740344807
-6.82689189738004e-18,0,0.771311915505173,-0.636457326927505,89.7647843578568
,,0.291763460896156,0.956490503291005,61.3452935255549
,,0.291763460896156,-0.956490503291005,29.7510245218897
