Q,P,EigValReal,EigValImag,AGPgrad,N,toda,k,E0,lmd,period
0,0,0.997065756423934,0.0765498358374338,58.6726126983346,4,2.2,1,1,2.50382292404754e-14,4.84660000000204
1.22381479877658,0,0.997065756423934,-0.0765498358374338,-1.49565891618256
0.478671731388331,0,-0.925945842434705,0.377656321114692,3.28536681277929
0.208327036238006,0,-0.925945842434705,-0.377656321114692,2.05921883885896
0.0772781563877619,0,-0.333306201325902,0.942818633756096,-1.42069499573667
-1.20953489500331e-17,0,-0.333306201325902,-0.942818633756096,-1.94554826684992
,,-0.103431744944146,0.994636553791293,-0.888578245874492
,,-0.103431744944146,-0.994636553791293,-2.1185838629587
