Q,P,EigValReal,EigValImag,AGPgrad,N,toda,k,E0,lmd,period
0,0,0.989080677277532,0.147375078748788,-3985.92398973127,4,3.77999999999996,1,1,3.19647091811947e-14,2.41990000000068
1.04936393887861,0,0.989080677277532,-0.147375078748788,-15.7641201882499
0.429379763905235,0,0.729762327637164,0.683700917917754,0.59113721232753
0.200632810354538,0,0.729762327637164,-0.683700917917754,0.363516809738843
0.0803178347163952,0,-0.244041557107241,0.969764774780293,22.0673251858331
-7.09693208701941e-18,0,-0.244041557107241,-0.969764774780293,71.7628147901173
,,0.178855547068318,0.983875344382044,49.173969540133
,,0.178855547068318,-0.983875344382044,23.7082951882006
