Q,P,EigValReal,EigValImag,AGPgrad,N,toda,k,E0,lmd,period
0,0,0.983542880380951,0.18067485284882,-3815.42581637252,4,3.75999999999996,1,1,3.47285952921094e-14,2.44130000000073
1.05096626072995,0,0.983542880380951,-0.18067485284882,-15.497127657565
0.429883109808196,0,0.723687481904501,0.690127834922439,0.603458968450916
0.200760611888678,0,0.723687481904501,-0.690127834922439,0.365980856613542
0.0803253439721524,0,-0.264669883020499,0.96433907575184,21.4924096097507
-7.13461646919417e-18,0,-0.264669883020499,-0.96433907575184,69.6207462906206
,,0.162765330664799,0.986664809919549,47.7087871355043
,,0.162765330664799,-0.986664809919549,22.9806003231841
