Q,P,EigValReal,EigValImag,AGPgrad,N,toda,k,E0,lmd,period
0,0,0.992632322936471,0.121165471409038,-4320.7451580857,2,3.29999999999997,1,1,4.87927377547623e-13,1.79609999999982
0.923351556244487,0,0.992632322936471,-0.121165471409038,-6.23748588476003
0.258287423716926,0,0.884983607671706,0.465622179618146,55.4451429286861
-1.04989372657568e-17,0,0.884983607671706,-0.465622179618146,141.822717219103
