Q,P,EigValReal,EigValImag,AGPgrad,N,toda,k,E0,lmd,period
0,0,-0.737923150311533,0.674884748852944,0.0342972419717233,4,0.01,1,1,1.1159627672838e-13,10.1658999999896
2.28764186897537,0,-0.737923150311533,-0.674884748852944,-0.00703418493086941
0.0227710735978389,0,0.816405025493153,0.577479726353675,-0.00651981735234002
0.000186808154159945,0,0.816405025493153,-0.577479726353675,0.0322833409358481
1.06565736424091e-06,0,0.88367758138312,0.468096071507644,-1.38284742905488
-8.90329964146406e-17,0,0.88367758138312,-0.468096071507644,-0.831433030016173
,,0.999999994858681,0.000101403223145469,0.858431678332219
,,0.999999994858681,-0.000101403223145469,1.35545850801274
