Q,P,EigValReal,EigValImag,AGPgrad,N,toda,k,E0,lmd,period
0,0,0.120400230721399,0.992725432555367,-1716.05109638197,3,3.22999999999998,1,1,2.93679109430185e-13,2.48810000000083
1.01163369082035,0,0.120400230721399,-0.992725432555367,-8.6710467525007
0.365397551364382,0,0.999071129863541,0.0430915011712999,0.483142766021908
0.129164891390499,0,0.999071129863541,-0.0430915011712999,19.1103611771683
4.47567350156854e-17,0,0.669476840709391,0.742832928560516,54.2209339275501
,,0.669476840709391,-0.742832928560516,27.0852440014097
