Q,P,EigValReal,EigValImag,AGPgrad,N,toda,k,E0,lmd,period
0,0,0.985645963319167,0.168825457181998,-2488.57688234667,4,3.56999999999997,1,1,2.72423299392161e-14,2.65420000000118
1.06672548693167,0,0.985645963319167,-0.168825457181998,-13.3305595827879
0.434794832440552,0,0.659177209345001,0.751987637318658,0.735444919820987
0.20196732524639,0,0.659177209345001,-0.751987637318658,0.399471279175025
0.0803664211322807,0,-0.465009609531731,0.885305632560383,16.5853868268504
-7.51258944413747e-18,0,-0.465009609531731,-0.885305632560383,51.5488075418586
,,-0.00168481500241371,0.999998580698187,35.4596412087499
,,-0.00168481500241371,-0.999998580698187,16.8765122570805
