Q,P,EigValReal,EigValImag,AGPgrad,N,toda,k,E0,lmd,period
0,0,0.330847786836818,0.943684132506837,-1830.65426013208,3,3.47999999999997,1,1,2.55258339114566e-14,2.22440000000027
0.9916653477124,0,0.330847786836818,-0.943684132506837,-11.0341590400372
0.36097435032782,0,0.99274290960834,0.120256041105681,4.21561665442628
0.128915514315672,0,0.99274290960834,-0.120256041105681,16.1939220681827
4.42117663312121e-17,0,0.75688299795024,0.653550401586501,54.106362466159
,,0.75688299795024,-0.653550401586501,11.4507581165262
