Q,P,EigValReal,EigValImag,AGPgrad,N,toda,k,E0,lmd,period
0,0,-0.540978912383599,0.841036156390584,0.258342607933679,5,0.05,1,0.999999999999999,9.23339766360351e-15,12.1196999999851
2.70239227070312,0,-0.540978912383599,-0.841036156390584,0.046355686528596
0.180390668657124,0,-0.138428784799911,0.990372390335483,-0.116821269463833
0.0107675069587173,0,-0.138428784799911,-0.990372390335483,0.0553092517515856
0.00054231715241404,0,-0.147927997618636,0.988998133223995,0.17282224056948
1.95062885788022e-05,0,-0.147927997618636,-0.988998133223995,-1.878387458748
7.908047563981e-16,0,0.901969321847952,0.431800118625668,-1.71382484838395
,,0.901969321847952,-0.431800118625668,0.139113981921418
,,0.999999748266473,0.000709554074918329,1.727951829285
,,0.999999748266473,-0.000709554074918329,1.62432638755646
