Q,P,EigValReal,EigValImag,AGPgrad,N,toda,k,E0,lmd,period
0,0,0.999987176388132,0.00506429257469625,1.41514877314219,3,0.41,1,1,6.34306092002793e-15,7.75129999999527
1.62886864136761,0,0.999987176388132,-0.00506429257469625,-0.491035734233087
0.320674314682887,0,0.0426184781074637,0.999091419903006,0.138497208808359
0.0478536316147751,0,0.0426184781074637,-0.999091419903006,-0.427335502069287
5.75037869685176e-17,0,-0.2111098029296,0.977462352782455,0.38762617623842
,,-0.2111098029296,-0.977462352782455,0.0631383157470118
