Q,P,EigValReal,EigValImag,AGPgrad,N,toda,k,E0,lmd,period
0,0,0.996328716716612,0.0856100942987703,32.5586837738376,4,2.29,1,1,3.21113934852181e-14,4.66090000000248
1.21009403966751,0,0.996328716716612,-0.0856100942987703,-2.13938418492282
0.475242546943661,0,-0.979102641525144,0.203366706612655,2.95173077949039
0.208203652672302,0,-0.979102641525144,-0.203366706612655,1.74020278641608
0.0778049729973512,0,-0.238587127940426,0.971121095631811,-0.628501055806713
-1.16351396320913e-17,0,-0.238587127940426,-0.971121095631811,-0.467030881893511
,,-0.335063468057997,0.942195559516689,-0.065917581353404
,,-0.335063468057997,-0.942195559516689,-1.60042773882895
