Q,P,EigValReal,EigValImag,AGPgrad,N,toda,k,E0,lmd,period
0,0,0.999682727238721,0.0251881889096108,-4.57313303388516,4,0.950000000000001,1,1,1.35451757496294e-14,8.05669999999456
1.54093186007749,0,0.999682727238721,-0.0251881889096108,-2.80632154642649
0.529172364317528,0,0.640538281387415,0.767926239997866,-0.621965249157184
0.186891170751148,0,0.640538281387415,-0.767926239997866,-1.08863349753553
0.0539539296441401,0,-0.732185456366544,0.681105320405959,1.95735973127529
-2.53983653745747e-17,0,-0.732185456366544,-0.681105320405959,2.55571049436577
,,-0.994127506106152,0.108215071053746,0.727311028349654
,,-0.994127506106152,-0.108215071053746,-0.779791430116644
