Q,P,EigValReal,EigValImag,AGPgrad,N,toda,k,E0,lmd,period
0,0,-0.180524181238459,0.983570546523321,0.0718841724703199,2,0.14,1,1,3.93241345076519e-15,6.24299999999879
1.4010433614579,0,-0.180524181238459,-0.983570546523321,0.021932178518418
0.0639591165072877,0,0.99999849161668,0.00173688352335475,-0.312551788221731
-8.54941021178072e-17,0,0.99999849161668,-0.00173688352335475,0.380831787281396
