Q,P,EigValReal,EigValImag,AGPgrad,N,toda,k,E0,lmd,period
0,0,0.999875015058436,0.0158099418698892,-22.0651421492751,4,1.06,1,1,4.30254008170329e-15,7.7390999999953
1.49662604427771,0,0.999875015058436,-0.0158099418698892,-5.57898151165289
0.526055745034191,0,0.889828920544415,0.456294304328633,-1.64429423202593
0.192640513923329,0,0.889828920544415,-0.456294304328633,-2.69542469205942
0.0581538041225017,0,-0.863942312149164,0.503590787523333,4.70354670320357
-2.32988225375889e-17,0,-0.863942312149164,-0.503590787523333,5.92945254178559
,,-0.811147146303924,0.58484212146783,1.28345419574182
,,-0.811147146303924,-0.58484212146783,-1.52804272150197
