Q,P,EigValReal,EigValImag,AGPgrad,N,toda,k,E0,lmd,period
0,0,-0.519946632326862,0.854198747091082,-542.168051230417,5,2.17,1,1,6.48335754452855e-13,5.82409999999977
1.32541297492541,0,-0.519946632326862,-0.854198747091082,-4.67683369254335
0.556425092867711,0,-0.633234925964282,0.773959642706912,-9.65255994004409
0.275414739544517,0,-0.633234925964282,-0.773959642706912,-10.7769686135731
0.132849035195,0,0.7364250679898,0.676519119638332,-4.55566487329895
0.0528551511032277,0,0.7364250679898,-0.676519119638332,13.0292813131757
2.51531626054539e-16,0,0.999986202084317,0.00525315533745887,25.4894965446003
,,0.999986202084317,-0.00525315533745887,22.3367940894554
,,0.97418596301769,0.225747003212235,8.10241017015508
,,0.97418596301769,-0.225747003212235,19.762805716541
