Q,P,EigValReal,EigValImag,AGPgrad,N,toda,k,E0,lmd,period
0,0,0.987056890234187,0.160370494297678,-22134.9668842401,2,3.96999999999996,1,1,8.78300582458491e-16,1.31019999999987
0.88484071712925,0,0.987056890234187,-0.160370494297678,-8.99437459834731
0.253790086243606,0,0.95900534814816,0.283387971204212,153.935715003961
-8.7299807260927e-18,0,0.95900534814816,-0.283387971204212,433.479357548744
