Q,P,EigValReal,EigValImag,AGPgrad,N,toda,k,E0,lmd,period
0,0,0.999812574922448,0.019360140158645,2.62934875309672,4,0.74,1,1,3.17125767884225e-13,8.66079999999315
1.64401882521987,0,0.999812574922448,-0.019360140158645,-0.847019946824773
0.53008843083003,0,-0.0996651691185964,0.995021031970964,-0.0273469716522113
0.170337151828637,0,-0.0996651691185964,-0.995021031970964,-0.365988270843294
0.0437681303945009,0,-0.616915027310402,0.787029763781902,0.116327593668626
-3.04675995621474e-17,0,-0.616915027310402,-0.787029763781902,0.457877024243408
,,-0.370092759986628,0.928994805693483,0.453302427134585
,,-0.370092759986628,-0.928994805693483,-0.225930872616075
