Q,P,EigValReal,EigValImag,AGPgrad,N,toda,k,E0,lmd,period
0,0,0.995825346029199,0.0912791334631614,-2877.74146755572,2,3.13999999999998,1,1,6.89594788582042e-15,1.9366999999998
0.93377932221131,0,0.995825346029199,-0.0912791334631614,-5.61720415594287
0.259247488790586,0,0.852896700629436,0.522079704695997,43.1860113073837
-1.10325883754612e-17,0,0.852896700629436,-0.522079704695997,107.58844919438
