Q,P,EigValReal,EigValImag,AGPgrad,N,toda,k,E0,lmd,period
0,0,-0.519833913211668,0.854267348477665,0.948799489829881,3,0.68,1,1,1.99711488916332e-13,7.19019999999658
1.48317707998305,0,-0.519833913211668,-0.854267348477665,-1.83686100172312
0.375667805500978,0,0.99985273066963,0.0171614968020783,-0.416473178463462
0.0786044372425074,0,0.99985273066963,-0.0171614968020783,0.897214271700225
5.2470256006463e-17,0,0.660670326812933,0.750676174704455,1.77568553830609
,,0.660670326812933,-0.750676174704455,-0.904321093374896
