Q,P,EigValReal,EigValImag,AGPgrad,N,toda,k,E0,lmd,period
0,0,-0.997908590011119,0.0646409002259201,2.45056582137947,5,0.53,1,1,6.51424225351801e-15,10.9708999999878
1.97698927740932,0,-0.997908590011119,-0.0646409002259201,-4.29377901520883
0.660124055325712,0,-0.732701278473396,0.680550392346845,-2.53036778674516
0.230726635570962,0,-0.732701278473396,-0.680550392346845,-0.16839337298451
0.0714176041763945,0,0.240150608240333,0.970735641336915,2.22330092382835
0.0175254517337722,0,0.240150608240333,-0.970735641336915,2.4532888100335
3.91301794564384e-16,0,0.975029681811264,0.222074581136683,4.36290059839177
,,0.975029681811264,-0.222074581136683,-1.39975225951552
,,0.999990987679157,0.00424553417953703,-2.52408633562382
,,0.999990987679157,-0.00424553417953703,1.23603079329613
