Q,P,EigValReal,EigValImag,AGPgrad,N,toda,k,E0,lmd,period
0,0,0.999445428133859,0.0332991919170391,-5.81103054951954,2,1.28,1,1,6.90696777617334e-15,4.48400000000289
1.12517698420214,0,0.999445428133859,-0.0332991919170391,-0.431756282228285
0.250528294273282,0,-0.702742064432534,0.71144472088639,1.20374208726121
-2.64148354739513e-17,0,-0.702742064432534,-0.71144472088639,2.57761222867583
