Q,P,EigValReal,EigValImag,AGPgrad,N,toda,k,E0,lmd,period
0,0,0.659636699462622,0.751584609157256,18.3350986503941,3,1.17,1,1,2.36137014443189e-14,6.05329999999923
1.31116016149526,0,0.659636699462622,-0.751584609157256,1.56059817029625
0.397425179059125,0,0.999524441747825,0.0308365099957789,3.25249601015544
0.108588999346578,0,0.999524441747825,-0.0308365099957789,-2.72343931687332
4.9945037042488e-17,0,-0.999969664764995,0.00778906604149204,-2.75891676039525
,,-0.999969664764995,-0.00778906604149204,1.68468209675462
