Q,P,EigValReal,EigValImag,AGPgrad,N,toda,k,E0,lmd,period
0,0,-0.772048268162082,0.635563900507217,2589.15106280595,5,2.26,1,0.999999999999999,1.37327093274911e-14,5.60240000000028
1.30969152335604,0,-0.772048268162082,-0.635563900507217,22.1997760443495
0.55149958749263,0,-0.429065438481162,0.903273407945227,38.6587613765864
0.274359184472193,0,-0.429065438481162,-0.903273407945227,44.1950815442336
0.13321857863197,0,0.529414988603171,0.848362994149497,14.0581307546368
0.0533437629885728,0,0.529414988603171,-0.848362994149497,-54.8560566014764
2.48581070062708e-16,0,0.999231267088648,0.0392029957066145,-99.8018452190922
,,0.999231267088648,-0.0392029957066145,-76.2486114842875
,,0.996025841606966,0.0890647115930009,-63.1071830263638
,,0.996025841606966,-0.0890647115930009,-63.7848279176296
