Q,P,EigValReal,EigValImag,AGPgrad,N,toda,k,E0,lmd,period
0,0,-0.938434220042802,0.345457978128563,-18.1121222220344,5,1.67,1,1,1.10166581121747e-14,7.19849999999656
1.43102988121733,0,-0.938434220042802,-0.345457978128563,-1.88589614654492
0.587419521960081,0,-0.651651303278159,0.75851867408514,0.567032765623797
0.280104723692922,0,-0.651651303278159,-0.75851867408514,-2.2455097690363
0.128583218230233,0,0.998886760515921,0.0471724460454337,1.91260962775209
0.0486909832933845,0,0.998886760515921,-0.0471724460454337,1.18428007376047
2.71488808788347e-16,0,0.555162213320732,0.831742097588441,0.283955106828827
,,0.555162213320732,-0.831742097588441,1.26817807595707
,,0.534727089896537,0.845024815807668,3.20035167365561
,,0.534727089896537,-0.845024815807668,0.196905138745978
