Q,P,EigValReal,EigValImag,AGPgrad,N,toda,k,E0,lmd,period
0,0,0.999121259561279,0.0419131088405993,-84.4891513798406,2,1.91,1,1,1.66623779050088e-14,3.4241000000028
1.03943622470272,0,0.999121259561279,-0.0419131088405993,-1.71729474992635
0.261389942782651,0,0.11886092486119,0.992910912691146,5.3142353425024
-1.80486146168272e-17,0,0.11886092486119,-0.992910912691146,10.3683096615621
