Q,P,EigValReal,EigValImag,AGPgrad,N,toda,k,E0,lmd,period
0,0,0.9999656259009,0.00829138207071967,-9.87024105708238,4,1,1,1,4.6651758005778e-15,7.9120999999949
1.52010339437045,0,0.9999656259009,-0.00829138207071967,-3.73124513628653
0.52789650396961,0,0.770375105297308,0.637590932446629,-0.945934555123804
0.189700113794685,0,0.770375105297308,-0.637590932446629,-1.58781424977416
0.0559491357789725,0,-0.797562749200235,0.603235991207554,2.86025674082313
-2.44045587900094e-17,0,-0.797562749200235,-0.603235991207554,3.65128214866859
,,-0.941110467291758,0.338099228561523,0.903921396584453
,,-0.941110467291758,-0.338099228561523,-1.03800613704302
