Q,P,EigValReal,EigValImag,AGPgrad,N,toda,k,E0,lmd,period
0,0,-0.955249541289612,0.295801139054572,10.6428121231875,5,0.59,1,1,1.16691457159971e-14,10.7761999999882
1.92186348883141,0,-0.955249541289612,-0.295801139054572,11.5692287830481
0.661758115515032,0,-0.448039575316972,0.894013724139504,6.16465962248231
0.241365735148664,0,-0.448039575316972,-0.894013724139504,0.973579138297829
0.0785749661522254,0,0.113203721721336,0.993571797802471,-6.39876293810518
0.0204147854836639,0,0.113203721721336,-0.993571797802471,-8.98066541277573
3.7680898838585e-16,0,0.999859659634548,0.0167529410993799,-13.5281801192099
,,0.999859659634548,-0.0167529410993799,3.40687203856798
,,0.996128265486779,0.0879117665519863,6.78222819435433
,,0.996128265486779,-0.0879117665519863,-3.31606592500904
