Q,P,EigValReal,EigValImag,AGPgrad,N,toda,k,E0,lmd,period
0,0,-0.817225691292815,0.576317767807831,-305.037066974105,5,1.85,1,1,2.83780238378514e-13,6.67589999999778
1.3888534874519,0,-0.817225691292815,-0.576317767807831,-12.1880959511892
0.575500864104793,0,0.999045315821154,0.0436858894353223,-1.64620099989312
0.278743413970034,0,0.999045315821154,-0.0436858894353223,-10.4407722536679
0.130652912091426,0,0.947362018350228,0.320164342467101,0.431700741071598
0.0505282031951182,0,0.947362018350228,-0.320164342467101,11.4025114531559
2.63483092736346e-16,0,0.0923239133712667,0.995729026904323,13.605489544414
,,0.0923239133712667,-0.995729026904323,8.21372276858033
,,0.0883790925217277,0.996086911873177,15.6046693637883
,,0.0883790925217277,-0.996086911873177,2.89678556293492
