Q,P,EigValReal,EigValImag,AGPgrad,N,toda,k,E0,lmd,period
0,0,0.999302173051432,0.0373519334793708,0.678607482596387,4,2.37999999999999,1,1,5.76895105295524e-14,4.48160000000289
1.19702648709959,0,0.999302173051432,-0.0373519334793708,-2.7744718050853
0.471899479199048,0,-0.146433709511872,0.989220485391696,2.66376081703307
0.208006707417852,0,-0.146433709511872,-0.989220485391696,1.48791508626637
0.0782612761587372,0,-0.537838918898762,0.843047624584646,0.142455619018592
-1.12074375012013e-17,0,-0.537838918898762,-0.843047624584646,1.07404261163881
,,-0.999505689127966,0.0314384700776766,0.865626464025633
,,-0.999505689127966,-0.0314384700776766,-1.03523709627617
