Q,P,EigValReal,EigValImag,AGPgrad,N,toda,k,E0,lmd,period
0,0,-0.662144651295659,0.749376047629318,18.328416823012,5,0.990000000000001,1,1,1.62729828527832e-14,9.4119999999914
1.66468815495745,0,-0.662144651295659,-0.749376047629318,1.34917556508248
0.639862867304576,0,-0.573184152078374,0.819426584756795,2.30482263025511
0.2744656305247,0,-0.573184152078374,-0.819426584756795,1.16720843233981
0.109451601284154,0,0.282374574359806,0.959304226903603,-0.626239868623849
0.0356849941971755,0,0.282374574359806,-0.959304226903603,-2.57755186957086
3.17776598649995e-16,0,0.999502033650829,0.0315544723906617,-2.89789340351592
,,0.999502033650829,-0.0315544723906617,0.778591834495154
,,0.926559476804362,0.376148289832633,0.349488795689898
,,0.926559476804362,-0.376148289832633,1.48384705824306
