Q,P,EigValReal,EigValImag,AGPgrad,N,toda,k,E0,lmd,period
0,0,0.99838484231031,0.0568129091407266,-582.817888755163,4,3.00999999999998,1,1,3.76682649544757e-13,3.39780000000275
1.1200004828134,0,0.99838484231031,-0.0568129091407266,-7.74578273241353
0.45075169705472,0,0.378047740872417,0.92578610144096,1.33900742766804
0.205307735289115,0,0.378047740872417,-0.92578610144096,0.626631456371352
0.0800401400380359,0,-0.577011208706305,0.816736227326355,6.64292281993519
-8.89872119079971e-18,0,-0.577011208706305,-0.816736227326355,18.0600017380889
,,-0.959397520873326,0.28205743553768,12.4721812327179
,,-0.959397520873326,-0.28205743553768,5.25770707113596
