Q,P,EigValReal,EigValImag,AGPgrad,N,toda,k,E0,lmd,period
0,0,0.999954262999447,0.00956409479376391,1.67186094801863,3,0.49,1,1,9.13037498084733e-15,7.59619999999564
1.58075646952099,0,0.999954262999447,-0.00956409479376391,-0.720744861252299
0.343664596363366,0,-0.12849616296654,0.991710006051616,0.0808596829721927
0.0582964280151172,0,-0.12849616296654,-0.991710006051616,-0.202192374905357
5.53352001646876e-17,0,0.0527219730572013,0.998609229657405,0.588761127105642
,,0.0527219730572013,-0.998609229657405,-0.123619006546068
