Q,P,EigValReal,EigValImag,AGPgrad,N,toda,k,E0,lmd,period
0,0,0.997200480246654,0.0747743418281715,-120.118803873765,3,2.27,1,1,3.10073428550357e-14,3.81780000000363
1.10996011248963,0,0.997200480246654,-0.0747743418281715,-3.1855670221619
0.383540733481922,0,0.00543695603228389,0.999985219645322,1.07097364225463
0.127529718392323,0,0.00543695603228389,-0.999985219645322,3.8284422240204
4.70391458046522e-17,0,-0.908287847681428,0.418345772960888,8.79962017071351
,,-0.908287847681428,-0.418345772960888,4.34216603446299
