Q,P,EigValReal,EigValImag,AGPgrad,N,toda,k,E0,lmd,period
0,0,-0.714523880862825,0.699611051711393,215.983785386392,5,2.22,1,1,2.90082749476946e-14,5.70000000000005
1.31657853202128,0,-0.714523880862825,-0.699611051711393,3.96163395561261
0.553666585432145,0,-0.469550743734166,0.88290548704756,2.41154678263427
0.274832708252515,0,-0.469550743734166,-0.88290548704756,2.49628416539734
0.133065474834683,0,0.625895922390857,0.779906593339546,1.2979346193528
0.0531336920334726,0,0.625895922390857,-0.779906593339546,-4.62998942242879
2.49872746878733e-16,0,0.998549355839543,0.0538440707292466,-7.76801030111166
,,0.998549355839543,-0.0538440707292466,-3.63205178237148
,,0.998759275528395,0.0497986902036104,-8.74703375005288
,,0.998759275528395,-0.0497986902036104,-1.39706891246489
