Q,P,EigValReal,EigValImag,AGPgrad,N,toda,k,E0,lmd,period
0,0,0.15713813856508,0.987576632676329,-1885.42214628831,3,3.26999999999997,1,1,7.23647260194244e-13,2.44390000000073
1.00831768113571,0,0.15713813856508,-0.987576632676329,-8.93794460604854
0.364679072995317,0,0.996849134881838,0.0793208817728876,0.471509704046213
0.129136415322464,0,0.996849134881838,-0.0793208817728876,20.208779952119
4.46680944527403e-17,0,0.685235262009775,0.728321794056997,57.8228909793293
,,0.685235262009775,-0.728321794056997,28.8783152706114
