Q,P,EigValReal,EigValImag,AGPgrad,N,toda,k,E0,lmd,period
0,0,-0.902831718408447,0.429994056046895,-207.265677921567,4,1.61,1,1,3.47560926408506e-14,6.22709999999883
1.33522841329945,0,-0.902831718408447,-0.429994056046895,-9.03705881363643
0.503175156845321,0,0.262206793160504,0.96501170854063,-8.87630269389684
0.206103414584705,0,0.262206793160504,-0.96501170854063,-9.219483232646
0.0712751260298251,0,0.998561703220736,0.0536145955955062,13.1079332545763
-1.62361947785239e-17,0,0.998561703220736,-0.0536145955955062,20.5128396991966
,,0.977412520520343,0.21134040013705,8.19074855841225
,,0.977412520520343,-0.21134040013705,6.36444741804908
