Q,P,EigValReal,EigValImag,AGPgrad,N,toda,k,E0,lmd,period
0,0,-0.975709549198465,0.219068198520271,228.021620658828,4,1.22,1,1,9.55435462612676e-15,7.28279999999637
1.44088910701579,0,-0.975709549198465,-0.219068198520271,26.7868179293882
0.520076702440586,0,-0.222446655966783,0.974944862671317,11.9376549981298
0.19863877668083,0,-0.222446655966783,-0.974944862671317,18.6868070073725
0.0631436677077917,0,0.999299358104796,0.0374271678246585,-28.3875005206305
-2.07433127998002e-17,0,0.999299358104796,-0.0374271678246585,-35.5044969339528
,,0.996340314694079,0.0854750098877334,-5.74982891439671
,,0.996340314694079,-0.0854750098877334,6.59473284387895
