Q,P,EigValReal,EigValImag,AGPgrad,N,toda,k,E0,lmd,period
0,0,0.998548731111437,0.0538556551889361,-107.855897039054,3,2.24,1,1,4.9440949166747e-14,3.86850000000374
1.11379459637164,0,0.998548731111437,-0.0538556551889361,-3.04893280539649
0.384115452511972,0,-0.025430093208096,0.99967660288687,1.10206182248866
0.127365039660054,0,-0.025430093208096,-0.99967660288687,3.57730766940068
4.71145848520363e-17,0,-0.929314825939164,0.36928844321162,8.19013771605793
,,-0.929314825939164,-0.36928844321162,4.04477832037987
