Q,P,EigValReal,EigValImag,AGPgrad,N,toda,k,E0,lmd,period
0,0,-0.83301760782958,0.553246477662423,-232.471437263847,5,1.83,1,1,3.23035168813041e-13,6.73249999999765
1.39327701359235,0,-0.83301760782958,-0.553246477662423,-9.81116313488589
0.576780698686873,0,0.00309113866733829,0.999995222419461,-1.11738724256336
0.27891867983595,0,0.00309113866733829,-0.999995222419461,-8.42826774745208
0.130458210283105,0,0.144987345127928,0.989433509515802,0.610427478667769
0.0503457940062468,0,0.144987345127928,-0.989433509515802,9.00289009458673
2.64320106742505e-16,0,0.997339388574012,0.0728981755522293,10.5148743203138
,,0.997339388574012,-0.0728981755522293,6.62089099636105
,,0.92156252491652,0.388229973945207,12.289407586899
,,0.92156252491652,-0.388229973945207,2.26476162467276
