Q,P,EigValReal,EigValImag,AGPgrad,N,toda,k,E0,lmd,period
0,0,0.999918979135458,0.012729303385378,-96.6288999272794,2,1.95,1,1,6.22157678748732e-15,3.36320000000267
1.03499382275189,0,0.999918979135458,-0.012729303385378,-1.81792860051598
0.261615573735099,0,0.163228008868544,0.986588372686817,5.74164073159722
-1.76866547959413e-17,0,0.163228008868544,-0.986588372686817,11.2816666314948
