Q,P,EigValReal,EigValImag,AGPgrad,N,toda,k,E0,lmd,period
0,0,0.999230040532627,0.039234246484217,-38.8722554032256,5,1.23,1,1,2.59804431671278e-14,8.5959999999933
1.56402885200564,0,0.999230040532627,-0.039234246484217,-7.10469463189424
0.620389083732676,0,0.91468233549036,0.4041735087087,-0.494726721412442
0.279707738073382,0,0.91468233549036,-0.4041735087087,-0.916445487972894
0.119129660181232,0,-0.191417307665225,0.981508743886773,-3.6062405089458
0.0417106887787449,0,-0.191417307665225,-0.981508743886773,4.64646561328814
2.97303473251954e-16,0,-0.926410010647822,0.376516257512874,5.5761205873687
,,-0.926410010647822,-0.376516257512874,3.74900328127294
,,-0.975559718026588,0.219734468310921,-0.0652609970774678
,,-0.975559718026588,-0.219734468310921,-0.614795853573182
