Q,P,EigValReal,EigValImag,AGPgrad,N,toda,k,E0,lmd,period
0,0,0.984799859722943,0.173692936786915,-1123.2114476091,5,3.44999999999997,1,1,9.8289423953188e-14,3.33130000000261
1.15601845149277,0,0.984799859722943,-0.173692936786915,-11.9737110544083
0.499720136686637,0,0.507590245460577,0.861598597209438,2.20942322350068
0.259535555805475,0,0.507590245460577,-0.861598597209438,0.740887000474743
0.133136860098567,0,-0.393347645659595,0.919389813764575,0.463696904944922
0.0561203801057366,0,-0.393347645659595,-0.919389813764575,7.06778161829585
2.19812676242356e-16,0,-0.911739423629177,0.410769063343798,20.9924241973643
,,-0.911739423629177,-0.410769063343798,17.0829821013205
,,-0.998552300356243,0.0537894362608201,9.1805340552979
,,-0.998552300356243,-0.0537894362608201,4.16608684866442
