Q,P,EigValReal,EigValImag,AGPgrad,N,toda,k,E0,lmd,period
0,0,0.997763489917744,0.0668432359122998,-302.702526822557,3,2.55999999999999,1,1,1.16830541764066e-13,3.35760000000266
1.07572253359372,0,0.997763489917744,-0.0668432359122998,-4.62160335224687
0.37794898367679,0,0.271865445424238,0.962335273999814,0.815838536098148
0.128658139374171,0,0.271865445424238,-0.962335273999814,6.77168007364282
4.63208083470874e-17,0,-0.622844119253126,0.782345961267644,16.4784131579144
,,-0.622844119253126,-0.782345961267644,8.17206703638115
