Q,P,EigValReal,EigValImag,AGPgrad,N,toda,k,E0,lmd,period
0,0,0.999976367445889,0.00687492179787607,0.62938434565982,2,0.5,1,1,1.55503793120605e-15,5.8507999999997
1.30296308487438,0,0.999976367445889,-0.00687492179787607,0.0765831016787639
0.176881177376285,0,-0.705715245453469,0.708495583849699,-0.271302034674343
-5.46068662683332e-17,0,-0.705715245453469,-0.708495583849699,0.595228378706109
