Q,P,EigValReal,EigValImag,AGPgrad,N,toda,k,E0,lmd,period
0,0,0.998650447459926,0.0519353808886728,-133.916958905681,2,2.05,1,1,4.55238825297615e-15,3.21490000000236
1.02428361649014,0,0.998650447459926,-0.0519353808886728,-2.07439231748632
0.262034567275059,0,0.26693549605252,0.963714398017979,6.93421548879814
-1.68405146570184e-17,0,0.26693549605252,-0.963714398017979,13.8947777017211
