Q,P,EigValReal,EigValImag,AGPgrad,N,toda,k,E0,lmd,period
0,0,-0.743179559196306,0.669092028642364,0.471116598596952,3,0.18,1,1,1.43378318102001e-14,8.10359999999445
1.7812036960262,0,-0.743179559196306,-0.669092028642364,-0.152099614776351
0.192305687018884,0,0.452951006693708,0.891535409019269,0.165691220367862
0.0143738795223602,0,0.452951006693708,-0.891535409019269,-0.781428811104849
7.105335284888e-17,0,0.999997458433852,0.00225457885336762,0.167846267952602
,,0.999997458433852,-0.00225457885336762,0.572845227565989
