Q,P,EigValReal,EigValImag,AGPgrad,N,toda,k,E0,lmd,period
0,0,0.992922833327387,0.118761302860099,-12771.1665594301,2,3.73999999999996,1,1,9.28049405813309e-15,1.45979999999986
0.897222996160584,0,0.992922833327387,-0.118761302860099,-8.22397466822421
0.255393866691784,0,0.941620271872432,0.336676793971428,108.849860597678
-9.2652839957293e-18,0,0.941620271872432,-0.336676793971428,297.154299589047
