Q,P,EigValReal,EigValImag,AGPgrad,N,toda,k,E0,lmd,period
0,0,0.997060527710281,0.0766179096692624,-13728.7144726568,2,3.76999999999996,1,1,9.04977951364078e-15,1.43929999999986
0.895560833006759,0,0.997060527710281,-0.0766179096692624,-8.49476069329023
0.255188556082789,0,0.944259167523641,0.329203014183608,113.909690837399
-9.19131019311443e-18,0,0.944259167523641,-0.329203014183608,312.186945063069
