Q,P,EigValReal,EigValImag,AGPgrad,N,toda,k,E0,lmd,period
0,0,0.395632411595554,0.918408947525589,-3738.15472227106,3,3.56999999999997,1,1,2.67723259128684e-14,2.13650000000008
0.984890028631151,0,0.395632411595554,-0.918408947525589,-11.1196524283202
0.359422120115437,0,0.995186153597602,0.0980026514319666,0.402333854917304
0.128789145998054,0,0.995186153597602,-0.0980026514319666,30.3567591366622
4.4020809734104e-17,0,0.782517566334611,0.622628507520916,92.0899514214841
,,0.782517566334611,-0.622628507520916,45.9283400161584
