Q,P,EigValReal,EigValImag,AGPgrad,N,toda,k,E0,lmd,period
0,0,-0.849881646240546,0.526973611657603,0.096258201678853,3,0.05,1,1,8.85020971023236e-15,8.20069999999423
1.84170345268012,0,-0.849881646240546,-0.526973611657603,-0.0428237152329885
0.0597078575081953,0,0.566298326119904,0.824200343262355,0.0718421156560471
0.00129483473104652,0,0.566298326119904,-0.824200343262355,-0.860619639581507
8.64939497554791e-17,0,0.999999857365919,0.00053410499093218,0.0637141674304866
,,0.999999857365919,-0.00053410499093218,0.813092707805692
