Q,P,EigValReal,EigValImag,AGPgrad,N,toda,k,E0,lmd,period
0,0,-0.85906044971783,0.511874148331979,6.33529824497029,5,0.65,1,1,7.71941292934502e-15,10.5769999999887
1.8723853917561,0,-0.85906044971783,-0.511874148331979,2.20929410198084
0.661142536840817,0,-0.0155468617551182,0.999879140241241,1.1615765429799
0.249887984735573,0,-0.0155468617551182,-0.999879140241241,0.267896305025169
0.0849275006265677,0,-0.101604103178276,0.994824912342542,-1.54993090013275
0.0231649904820249,0,-0.101604103178276,-0.994824912342542,-2.11509942807325
3.64452191879136e-16,0,0.919666853340003,0.392699476530951,-3.08691826426778
,,0.919666853340003,-0.392699476530951,0.749351004498761
,,0.999983815504121,0.00568935231868239,1.48177056586638
,,0.999983815504121,-0.00568935231868239,-0.832152102708438
