Q,P,EigValReal,EigValImag,AGPgrad,N,toda,k,E0,lmd,period
0,0,0.994056463338469,0.108865732418551,-3440.88553747125,2,3.20999999999998,1,1,2.97286311931396e-13,1.87389999999981
0.929149703301786,0,0.994056463338469,-0.108865732418551,-5.88283040829254
0.258835610093555,0,0.86789766276549,0.496743039172353,48.1915433654542
-1.07926167662688e-17,0,0.86789766276549,-0.496743039172353,121.477545603354
