Q,P,EigValReal,EigValImag,AGPgrad,N,toda,k,E0,lmd,period
0,0,0.345767938480165,0.93832005878547,-3195.97278402028,3,3.49999999999997,1,1,5.35970527865916e-13,2.20450000000023
0.990141394311119,0,0.345767938480165,-0.93832005878547,-10.6116240677857
0.360627807057049,0,0.999617766721566,0.0276463461345346,0.415445368826455
0.128889025995684,0,0.999617766721566,-0.0276463461345346,27.6540559562539
4.41690693441331e-17,0,0.762840445184187,0.646586773133503,82.7912689141316
,,0.762840445184187,-0.646586773133503,41.3158119132455
