Q,P,EigValReal,EigValImag,AGPgrad,N,toda,k,E0,lmd,period
0,0,0.999839153719076,0.0179350687279028,-4865.55217133456,5,4.00999999999996,1,1,2.5810074298993e-14,2.60880000000108
1.1054881672301,0,0.999839153719076,-0.0179350687279028,-20.849011133984
0.481416885933399,0,0.722832680572925,0.691023093605246,1.25301308499384
0.253004746320956,0,0.722832680572925,-0.691023093605246,0.272086076724742
0.131681622908289,0,0.119409189102903,0.992845126672729,0.394794525604359
0.0562271637129121,0,0.119409189102903,-0.992845126672729,18.6601488394913
2.10342965364519e-16,0,-0.701170306696994,0.712993829571078,63.1347212745941
,,-0.701170306696994,-0.712993829571078,50.1812459457561
,,-0.41362098732383,0.91044916324046,32.013191622657
,,-0.41362098732383,-0.91044916324046,15.4869907563387
