Q,P,EigValReal,EigValImag,AGPgrad,N,toda,k,E0,lmd,period
0,0,0.999648453711921,0.0265135624043845,8.66644024852628,3,1.56,1,1,1.39973916733911e-14,5.17900000000127
1.22147289853505,0,0.999648453711921,-0.0265135624043845,-0.405855910016717
0.395608108810028,0,-0.785034131434966,0.619452510271899,2.0852750602172
0.119563955041617,0,-0.785034131434966,-0.619452510271899,-0.455592136153807
4.88628505207398e-17,0,-0.422295188847573,0.906458368308334,0.152705312880806
,,-0.422295188847573,-0.906458368308334,0.86844779324807
