Q,P,EigValReal,EigValImag,AGPgrad,N,toda,k,E0,lmd,period
0,0,0.997989536701816,0.0633788973848199,-4898.62137972167,2,3.34999999999997,1,1,1.32715078011687e-14,1.75419999999982
0.920200888538169,0,0.997989536701816,-0.0633788973848199,-6.51306868990171
0.257975983495069,0,0.893522483088688,0.449018454203192,59.9174646532741
-1.03422304129677e-17,0,0.893522483088688,-0.449018454203192,154.436666089108
