Q,P,EigValReal,EigValImag,AGPgrad,N,toda,k,E0,lmd,period
0,0,0.98569640660759,0.168530691569769,-2555.1947677,5,3.73999999999996,1,0.999999999999999,1.60732072251852e-13,2.93460000000177
1.12865117510273,0,0.98569640660759,-0.168530691569769,-16.307037622192
0.489877959997531,0,0.633451543460093,0.773782360931062,1.64405205053469
0.256093275284241,0,0.633451543460093,-0.773782360931062,0.436329828882578
0.132433001738507,0,-0.111876230479137,0.993722148819167,0.416842607507428
0.0562269252567031,0,-0.111876230479137,-0.993722148819167,12.3521801090206
2.14685830777028e-16,0,-0.6782960684391,0.734788706731439,39.2673268950036
,,-0.6782960684391,-0.734788706731439,31.542149286551
,,-0.913589265666866,0.406638234378254,19.296488324115
,,-0.913589265666866,-0.406638234378254,9.20117163223214
