Q,P,EigValReal,EigValImag,AGPgrad,N,toda,k,E0,lmd,period
0,0,0.995824522808932,0.0912881140806107,-7288.95628391126,2,3.50999999999997,1,1,1.39014595943947e-14,1.62679999999984
0.910447021392637,0,0.995824522808932,-0.0912881140806107,-7.20062526602291
0.256943859423601,0,0.916792169508,0.399364642812606,76.6662360820851
-9.87151212790829e-18,0,0.916792169508,-0.399364642812606,202.50123988522
