Q,P,EigValReal,EigValImag,AGPgrad,N,toda,k,E0,lmd,period
0,0,0.994329193557576,0.10634592065117,-710.272149550937,5,3.31999999999997,1,1,5.97185950596618e-14,3.52640000000302
1.16925204427965,0,0.994329193557576,-0.10634592065117,-10.198357961261
0.504417600331201,0,0.439329015637352,0.898326230285582,2.51898632338423
0.2611177730593,0,0.439329015637352,-0.898326230285582,0.946497014557902
0.133404505177649,0,-0.524168831717317,0.851614370390785,0.497740158729555
0.0560270714880594,0,-0.524168831717317,-0.851614370390785,5.0705594079758
2.22290249316757e-16,0,-0.975818839439049,0.218580860543245,14.673512251284
,,-0.975818839439049,-0.218580860543245,12.0516880553277
,,-0.957570180871659,0.288200188593666,5.54675441884943
,,-0.957570180871659,-0.288200188593666,2.33256887242456
