Q,P,EigValReal,EigValImag,AGPgrad,N,toda,k,E0,lmd,period
0,0,-0.270340768029846,0.962764700817924,-688.688963808767,3,2.85999999999998,1,1,3.02492789051717e-13,2.93680000000177
1.04482735117739,0,-0.270340768029846,-0.962764700817924,-6.30325440893281
0.372222901749426,0,0.996329869958571,0.0855966718295875,0.630735859227575
0.12915754075865,0,0.996329869958571,-0.0855966718295875,11.1015728051921
4.5602496660002e-17,0,0.484388584473126,0.874852958634834,29.0044891450517
,,0.484388584473126,-0.874852958634834,14.4649118539205
