Q,P,EigValReal,EigValImag,AGPgrad,N,toda,k,E0,lmd,period
0,0,0.999683045462016,0.0251755559177745,-1.27542973492572,2,1.09,1,1,2.63344379789789e-17,4.83000000000208
1.15908754895441,0,0.999683045462016,-0.0251755559177745,-0.182759232699407
0.242459853395512,0,-0.902791216952429,0.430079084115419,0.601580744056248
-3.05239202164623e-17,0,-0.902791216952429,-0.430079084115419,1.71161655970983
