Q,P,EigValReal,EigValImag,AGPgrad,N,toda,k,E0,lmd,period
0,0,-0.89544713705104,0.445167861314244,709.559133590941,5,2.36999999999999,1,1,3.42300988146718e-13,5.34190000000089
1.29152653283094,0,-0.89544713705104,-0.445167861314244,3.8822715129268
0.545715923820577,0,-0.318184835091684,0.948028697201553,10.2883200271715
0.273028486298621,0,-0.318184835091684,-0.948028697201553,10.4946660837358
0.13355806931697,0,0.242855090990182,0.970062577765047,3.04514796534745
0.0538626851132338,0,0.242855090990182,-0.970062577765047,-13.0775310488664
2.45175628693625e-16,0,0.996438581303298,0.084321727272783,-23.8502602986256
,,0.996438581303298,-0.084321727272783,-17.4882115057964
,,0.897674265022921,0.440659634996881,-18.7824086586808
,,0.897674265022921,-0.440659634996881,-14.6652828548115
