Q,P,EigValReal,EigValImag,AGPgrad,N,toda,k,E0,lmd,period
0,0,0.988522982785253,0.151070554726382,-18743.5086654375,2,3.89999999999996,1,1,3.03631065152781e-14,1.35399999999987
0.888526326672679,0,0.988522982785253,-0.151070554726382,-8.79399289857085
0.254282256179826,0,0.954353688521253,0.298678819479874,138.57919408874
-8.88617515799745e-18,0,0.954353688521253,-0.298678819479874,386.649088957883
