Q,P,EigValReal,EigValImag,AGPgrad,N,toda,k,E0,lmd,period
0,0,-0.948573220785246,0.316557806425766,28.2479518474349,3,1.01,1,1,3.18376851433925e-13,6.42689999999836
1.35789032350161,0,-0.948573220785246,-0.316557806425766,5.28291244600512
0.395117440864455,0,0.999791544646623,0.0204173272759189,5.97391617262916
0.101452612857727,0,0.999791544646623,-0.0204173272759189,-6.62063338010401
5.04881977819705e-17,0,0.949884391050308,0.312601413366899,-7.42610016191383
,,0.949884391050308,-0.312601413366899,4.35440167680859
