Q,P,EigValReal,EigValImag,AGPgrad,N,toda,k,E0,lmd,period
0,0,0.992457703458921,0.122587547675555,-1231.18949238588,4,3.27999999999997,1,1,6.37952333315096e-14,3.01620000000194
1.09290306352752,0,0.992457703458921,-0.122587547675555,-10.2956735269555
0.442763592388173,0,0.532718552793062,0.846292469250469,1.00057396666251
0.20375380964007,0,0.532718552793062,-0.846292469250469,0.4858601170001
0.0802969226095755,0,-0.289227264043415,0.957260460759749,10.7369405869299
-8.17252056161567e-18,0,-0.289227264043415,-0.957260460759749,31.1625332966342
,,-0.760926269057936,0.648838356647923,21.528969161314
,,-0.760926269057936,-0.648838356647923,9.88152907591309
