Q,P,EigValReal,EigValImag,AGPgrad,N,toda,k,E0,lmd,period
0,0,-0.956698454006591,0.291080861791699,1.92585534655421,4,0.43,1,0.999999999999999,3.2554008097201e-15,9.49429999999121
1.86719590462514,0,-0.956698454006591,-0.291080861791699,0.317315392869603
0.494062369922292,0,0.290685356619258,0.956818699361138,0.272824563989965
0.121447819265376,0,0.290685356619258,-0.956818699361138,-0.388604578395099
0.0226438233107917,0,0.999962464283448,0.00866429594191973,-0.992256830428454
-4.22747417917315e-17,0,0.999962464283448,-0.00866429594191973,-0.687150146507015
,,0.722725582936203,0.691135103846948,0.740134465313253
,,0.722725582936203,-0.691135103846948,-0.0682510611357208
