Q,P,EigValReal,EigValImag,AGPgrad,N,toda,k,E0,lmd,period
0,0,0.999982683149885,0.00588501489759859,1.67298815154617,5,0.25,1,1,2.29119858649658e-14,11.7765999999859
2.34527005684052,0,0.999982683149885,-0.00588501489759859,-0.000836272670963524
0.569337771670336,0,0.734696181733465,0.678396285769806,-0.328977758676034
0.133364843758809,0,0.734696181733465,-0.678396285769806,0.106367706293542
0.0266549923373919,0,0.0159193457490721,0.999873279186379,0.310128689084662
0.00401119817059567,0,0.0159193457490721,-0.999873279186379,-1.18775423350141
5.1809090352275e-16,0,-0.572436772510884,0.819948865160092,-0.720557030409354
,,-0.572436772510884,-0.819948865160092,-0.105883353882509
,,-0.722305538389214,0.691574080784029,0.292756805289078
,,-0.722305538389214,-0.691574080784029,0.513399460639106
