Q,P,EigValReal,EigValImag,AGPgrad,N,toda,k,E0,lmd,period
0,0,0.994764006700497,0.102198683813215,-20129.3542848023,2,3.92999999999996,1,1,1.28930611889201e-14,1.33499999999987
0.886934218808044,0,0.994764006700497,-0.102198683813215,-9.25303263875782
0.254075216103626,0,0.956414208293068,0.292013462318354,144.972034281611
-8.8175214617382e-18,0,0.956414208293068,-0.292013462318354,405.927527056195
