Q,P,EigValReal,EigValImag,AGPgrad,N,toda,k,E0,lmd,period
0,0,0.997669828887747,0.068226919373233,15.6835373751488,4,2.33999999999999,1,1,1.54959527368299e-14,4.56050000000271
1.20275721941236,0,0.997669828887747,-0.068226919373233,-2.49201337284357
0.473374733141695,0,-0.187008582624064,0.98235827986787,2.78706495951016
0.208102583624377,0,-0.187008582624064,-0.98235827986787,1.59314384808849
0.0780666475486218,0,-0.451795777157644,0.892121390698891,-0.199656860157712
-1.13937259496038e-17,0,-0.451795777157644,-0.892121390698891,0.376968321593332
,,-0.994240018199786,0.10717642562664,0.43621781070807
,,-0.994240018199786,-0.10717642562664,-1.29326653986589
