Q,P,EigValReal,EigValImag,AGPgrad,N,toda,k,E0,lmd,period
0,0,-0.887501372190953,0.460805071976404,2.3004422897473,4,0.48,1,0.999999999999999,6.88097163717585e-15,9.3689999999915
1.82321928352161,0,-0.887501372190953,-0.460805071976404,0.179896482847761
0.506035968100293,0,0.99996304476357,0.00859704060538023,0.237522862099384
0.132287991584045,0,0.99996304476357,-0.00859704060538023,-0.354910959654396
0.0265076918204459,0,0.185973541570061,0.982554752589339,-0.86219908411469
-3.98303778906253e-17,0,0.185973541570061,-0.982554752589339,-0.535970071674533
,,0.548690085066981,0.836025831269106,0.622156870779401
,,0.548690085066981,-0.836025831269106,-0.0681056155021672
