Q,P,EigValReal,EigValImag,AGPgrad,N,toda,k,E0,lmd,period
0,0,0.995843452520764,0.0910813815854145,-256.481003478252,4,2.76999999999998,1,1,2.73016508989664e-14,3.77700000000355
1.14675443658298,0,0.995843452520764,-0.0910813815854145,-5.69575017703148
0.458366443689968,0,0.205731830691661,0.978608406790102,1.73953159854081
0.206538234618035,0,0.205731830691661,-0.978608406790102,0.833020498478722
0.0795990366889093,0,-0.812462183377045,0.583013893987268,3.79378280735634
-9.65943048815121e-18,0,-0.812462183377045,-0.583013893987268,9.86543822025496
,,-0.988872771777243,0.148763709410518,6.76765862987473
,,-0.988872771777243,-0.148763709410518,2.26281867533803
