Q,P,EigValReal,EigValImag,AGPgrad,N,toda,k,E0,lmd,period
0,0,-0.878653148530957,0.477460620969565,6.53113418859033,5,0.64,1,1,1.29900469981922e-14,10.6104999999886
1.88027853518564,0,-0.878653148530957,-0.477460620969565,2.64853780287831
0.661367146919942,0,-0.161843805208581,0.986816387539051,1.3865307794102
0.248595008347781,0,-0.161843805208581,-0.986816387539051,0.306200980670552
0.0839212713596001,0,0.00595382567331415,0.999982275822855,-1.75586412631868
0.0227172618962488,0,0.00595382567331415,-0.999982275822855,-2.44701306704864
3.66385275797324e-16,0,0.939113615729586,0.343606776346591,-3.56543891214252
,,0.939113615729586,-0.343606776346591,0.856287898921048
,,0.999865804401557,0.016382099634422,1.71027888494435
,,0.999865804401557,-0.016382099634422,-0.927005016002891
