Q,P,EigValReal,EigValImag,AGPgrad,N,toda,k,E0,lmd,period
0,0,0.986816556678968,0.161842773902007,-4074.03466131391,4,3.78999999999996,1,1,4.06446706132735e-14,2.40930000000066
1.04856764035086,0,0.986816556678968,-0.161842773902007,-15.8717056995659
0.429128680404231,0,0.732741058802864,0.680507561122164,0.585107294686688
0.200568675412485,0,0.732741058802864,-0.680507561122164,0.362095377142139
0.0803137813070808,0,-0.233801273059514,0.972284405262036,22.3599198739289
-7.07830407055471e-18,0,-0.233801273059514,-0.972284405262036,72.8729918184144
,,0.186790739642476,0.982399724951002,49.9172331437435
,,0.186790739642476,-0.982399724951002,24.0781315254986
