Q,P,EigValReal,EigValImag,AGPgrad,N,toda,k,E0,lmd,period
0,0,0.997613117927591,0.0690511907120905,-2596.60960796462,2,3.09999999999998,1,1,2.13396371907163e-15,1.9734999999998
0.936473955234195,0,0.997613117927591,-0.0690511907120905,-5.47249490625921
0.259476474571514,0,0.843586884665247,0.536992707604825,40.5525049688676
-1.11745411163749e-17,0,0.843586884665247,-0.536992707604825,100.334196421138
