Q,P,EigValReal,EigValImag,AGPgrad,N,toda,k,E0,lmd,period
0,0,0.999107231929098,0.0422461726904441,-34.2814972044519,2,1.66,1,1,1.86847000719409e-15,3.82330000000364
1.06953894717653,0,0.999107231929098,-0.0422461726904441,-1.13689448574536
0.259026597121369,0,-0.191100267283771,0.98157052107532,3.17672385460598
-2.06783292662027e-17,0,-0.191100267283771,-0.98157052107532,6.02799218127128
