Q,P,EigValReal,EigValImag,AGPgrad,N,toda,k,E0,lmd,period
0,0,-0.500097164557648,0.865969298532804,0.43864005864819,5,0.08,1,1,8.05211397191198e-15,12.0919999999852
2.66118584656786,0,-0.500097164557648,-0.865969298532804,0.0631080323635577
0.275086281840458,0,-0.176899902220362,0.984228847674377,-0.170351337886612
0.0256414465871184,0,-0.176899902220362,-0.984228847674377,0.0816924554048577
0.00201728117107436,0,-0.200563691437902,0.979680665154101,0.232062967790517
0.000114015183914684,0,-0.200563691437902,-0.979680665154101,-1.8010333664357
7.31629260483659e-16,0,0.890075629475451,0.455812871487716,-1.54831890414025
,,0.890075629475451,-0.455812871487716,0.171830674523388
,,0.999999538857044,0.000960357068809522,1.52394276476935
,,0.999999538857044,-0.000960357068809522,1.41271575653909
