Q,P,EigValReal,EigValImag,AGPgrad,N,toda,k,E0,lmd,period
0,0,0.999679546200132,0.0253141246959618,-1.24105248506043,3,1.72,1,1,1.09458382721332e-14,4.84360000000205
1.19178816779679,0,0.999679546200132,-0.0253141246959618,-0.970250522433776
0.393380906265155,0,-0.615812421259968,0.787892798432585,1.80482184342162
0.122322892729615,0,-0.615812421259968,-0.787892798432585,0.298032295826896
4.84454969244207e-17,0,-0.74984469829626,0.661613881684017,1.34536285766602
,,-0.74984469829626,-0.661613881684017,1.09138346835097
