Q,P,EigValReal,EigValImag,AGPgrad,N,toda,k,E0,lmd,period
0,0,0.993891351663211,0.110362951614511,-16240.9731623969,2,3.83999999999996,1,1,3.11251816100717e-15,1.39269999999986
0.891740198124582,0,0.993891351663211,-0.110362951614511,-8.75189717869041
0.254703258202141,0,0.94994770562902,0.312408957250258,126.610238029883
-9.02411112608883e-18,0,0.94994770562902,-0.312408957250258,350.343996508854
