Q,P,EigValReal,EigValImag,AGPgrad,N,toda,k,E0,lmd,period
0,0,-0.999495281742525,0.0317676214790944,35.5362078990797,4,1.36,1,1,2.63509193237422e-14,6.89289999999727
1.39879007501438,0,-0.999495281742525,-0.0317676214790944,2.07247585999045
0.514163110493564,0,0.36547145873984,0.930822546378512,1.550878133441
0.202234819210842,0,0.36547145873984,-0.930822546378512,2.29939751571238
0.0666230317330794,0,0.853644295338129,0.520856426509899,-2.99941469090108
-1.88890527799362e-17,0,0.853644295338129,-0.520856426509899,-3.49122435414438
,,0.999141337960116,0.0414317122413595,-0.14026049298564
,,0.999141337960116,-0.0414317122413595,0.762106721167481
