Q,P,EigValReal,EigValImag,AGPgrad,N,toda,k,E0,lmd,period
0,0,0.993966471179429,0.109684338768519,103.640912724247,5,2.85999999999998,1,1,5.72388024298718e-14,4.31390000000328
1.22196914649078,0,0.993966471179429,-0.109684338768519,-4.43856158584225
0.52270398202855,0,0.128967793636382,0.991648782686968,4.06984658676855
0.266865708480143,0,0.128967793636382,-0.991648782686968,2.35854086536862
0.133988693851572,0,-0.273950307170844,0.961743848018264,0.772841974141307
0.0553816450354407,0,-0.273950307170844,-0.961743848018264,-1.00780468396647
2.32155334806913e-16,0,-0.921040356516034,0.389467150949617,-1.43654962677746
,,-0.921040356516034,-0.389467150949617,-0.824516152649831
,,-0.807240358089823,0.590222842891571,-4.44125759564613
,,-0.807240358089823,-0.590222842891571,-3.00411125726656
