Q,P,EigValReal,EigValImag,AGPgrad,N,toda,k,E0,lmd,period
0,0,0.993867487433652,0.110577653358571,-12168.7585514783,2,3.71999999999996,1,1,8.89821776983247e-15,1.47359999999985
0.898337845180836,0,0.993867487433652,-0.110577653358571,-8.15444121808853
0.255531294755689,0,0.939795387998783,0.341737660634864,105.599948540563
-9.31495885311244e-18,0,0.939795387998783,-0.341737660634864,287.472763407632
