Q,P,EigValReal,EigValImag,AGPgrad,N,toda,k,E0,lmd,period
0,0,0.0920646504429506,0.995753031699528,-1598.32107503105,3,3.19999999999998,1,1,3.17170467229723e-13,2.5218000000009
1.01415295257156,0,0.0920646504429506,-0.995753031699528,-8.46511970734855
0.365938997305333,0,0.998409577294417,0.0563765551159619,0.492520190936524
0.129183019359162,0,0.998409577294417,-0.0563765551159619,18.3204523270518
4.48235800627226e-17,0,0.657159907456194,0.75375118973847,51.6536538745619
,,0.657159907456194,-0.75375118973847,25.8028375896686
