Q,P,EigValReal,EigValImag,AGPgrad,N,toda,k,E0,lmd,period
0,0,-0.934915746161007,0.354869761433983,32.8210234624455,3,0.990000000000001,1,1,6.83580731694832e-15,6.47379999999825
1.36426803367164,0,-0.934915746161007,-0.354869761433983,6.83471891685357
0.394612337153943,0,0.999805307575935,0.0197318763167553,7.17550954972474
0.100411912328399,0,0.999805307575935,-0.0197318763167553,-8.23789307122744
5.05658850185398e-17,0,0.969070412560105,0.246784390715035,-9.36892872793642
,,0.969070412560105,-0.246784390715035,5.48330170962916
