Q,P,EigValReal,EigValImag,AGPgrad,N,toda,k,E0,lmd,period
0,0,0.992720860428872,0.120437922887092,-17448.6943477596,2,3.86999999999996,1,1,6.98468738624863e-15,1.37319999999987
0.890125583879577,0,0.992720860428872,-0.120437922887092,-8.85680063235697
0.254493986927708,0,0.952203110482578,0.305465605899048,132.464208670431
-8.95433938656723e-18,0,0.952203110482578,-0.305465605899048,368.031901375408
