Q,P,EigValReal,EigValImag,AGPgrad,N,toda,k,E0,lmd,period
0,0,0.996783027404111,0.08014734106028,-2015.55919683102,4,3.47999999999997,1,1,2.89293479157013e-14,2.7615000000014
1.07455739341544,0,0.996783027404111,-0.08014734106028,-12.3851856105792
0.437204843069936,0,0.623870199287591,0.781527974189588,0.807748952194217
0.202530909286367,0,0.623870199287591,-0.781527974189588,0.421448640638537
0.0803638843660405,0,-0.560332725749033,0.828267611617575,14.5787124992158
-7.70575049864326e-18,0,-0.560332725749033,-0.828267611617575,44.3614523490802
,,-0.0866487518612684,0.996238924054315,30.5881715807787
,,-0.0866487518612684,-0.996238924054315,14.4383983144769
