Q,P,EigValReal,EigValImag,AGPgrad,N,toda,k,E0,lmd,period
0,0,-0.993149377060448,0.116851678825911,1.49422061325138,4,0.38,1,1,1.06961744642132e-14,9.61419999999093
1.91504120214823,0,-0.993149377060448,-0.116851678825911,0.469393858460892
0.477762565414597,0,0.390540894166,0.920585579934858,0.317425326726877
0.109100695503805,0,0.390540894166,-0.920585579934858,-0.451010451258674
0.0186852816828742,0,0.999955716266779,0.00941092478995381,-1.11656898254281
-4.50396466108128e-17,0,0.999955716266779,-0.00941092478995381,-0.862696017999132
,,0.85563265900122,0.517583570885393,0.924507513184137
,,0.85563265900122,-0.517583570885393,-0.0810008657178421
