Q,P,EigValReal,EigValImag,AGPgrad,N,toda,k,E0,lmd,period
0,0,-0.565204691861665,0.824950699313336,0.461747647698703,2,0.41,1,1,6.28187471032684e-15,5.97729999999941
1.32992596088718,0,-0.565204691861665,-0.824950699313336,0.0643025697617858
0.156263307252993,0,0.99998999116686,0.00447409947327283,-0.302579953095612
-6.08866373515343e-17,0,0.99998999116686,-0.00447409947327283,0.522449572583019
