Q,P,EigValReal,EigValImag,AGPgrad,N,toda,k,E0,lmd,period
0,0,-0.943573396492179,0.331163472370094,-11.9537559996918,5,1.66,1,1,4.81715423307713e-14,7.22839999999649
1.43354081664047,0,-0.943573396492179,-0.331163472370094,-1.58097727961474
0.588108580233372,0,-0.686078171659492,0.727527829276906,0.622091225396944
0.280163768255699,0,-0.686078171659492,-0.727527829276906,-2.05483170768311
0.12844511146106,0,0.999496870283988,0.0317176022509854,2.00668046328612
0.0485749447879346,0,0.999496870283988,-0.0317176022509854,0.903279213656265
2.71967445053232e-16,0,0.57889521019879,0.815401947268282,-0.0849900599147986
,,0.57889521019879,-0.815401947268282,1.07497729106235
,,0.500923778537646,0.865491402669936,2.98275168406146
,,0.500923778537646,-0.865491402669936,0.142250731701504
