Q,P,EigValReal,EigValImag,AGPgrad,N,toda,k,E0,lmd,period
0,0,0.999972600478074,0.00740258692092216,0.869298256647738,2,0.73,1,1,1.1334200218549e-14,5.47830000000057
1.23911003782375,0,0.999972600478074,-0.00740258692092216,0.0613796182788197
0.21331165877136,0,-0.956918481199114,0.290356712234435,-0.079425163805516
-4.23646822599085e-17,0,-0.956918481199114,-0.290356712234435,0.863915327507419
