Q,P,EigValReal,EigValImag,AGPgrad,N,toda,k,E0,lmd,period
0,0,0.999098417180681,0.042454125678031,-2.07331716868202,3,1.73,1,1,3.19061888463305e-14,4.8232000000021
1.19003957586577,0,0.999098417180681,-0.042454125678031,-1.0056931172014
0.393226328019884,0,-0.604548632400113,0.79656823377734,1.78857813886616
0.122471161353691,0,-0.604548632400113,-0.79656823377734,0.347208275397887
4.8419563788556e-17,0,-0.76583088705364,0.643042030068506,1.42927205693757
,,-0.76583088705364,-0.643042030068506,1.11473867578059
