Q,P,EigValReal,EigValImag,AGPgrad,N,toda,k,E0,lmd,period
0,0,0.998466837925054,0.0553531712186868,-207.535460455446,2,2.19,1,1,1.09905763994164e-15,3.01630000000194
1.01015905288107,0,0.998466837925054,-0.0553531712186868,-2.45323289753162
0.262324660619388,0,0.395065332118601,0.918653026641734,8.94917125892245
-1.57803039986637e-17,0,0.395065332118601,-0.918653026641734,18.4696227904853
