Q,P,EigValReal,EigValImag,AGPgrad,N,toda,k,E0,lmd,period
0,0,-0.3864881863216,0.922294357476961,0.182825542149392,5,0.830000000000001,1,1,1.10391776477438e-14,9.96379999999012
1.74993837810247,0,-0.3864881863216,-0.922294357476961,-1.66461869806458
0.651966662436765,0,-0.320068636371953,0.947394357177095,-0.820162536443801
0.26661014195974,0,-0.320068636371953,-0.947394357177095,-0.443526080240857
0.0999590472094077,0,0.21597489455604,0.976398916898981,-0.562284038476166
0.0304413330571247,0,0.21597489455604,-0.976398916898981,1.19860204491141
3.36069433276632e-16,0,0.999943520781297,0.0106280406249821,0.901331575460617
,,0.999943520781297,-0.0106280406249821,0.42447579282006
,,0.838782640671386,0.544466419265987,0.267360858053452
,,0.838782640671386,-0.544466419265987,-1.13099175960274
