Q,P,EigValReal,EigValImag,AGPgrad,N,toda,k,E0,lmd,period
0,0,0.997048467610937,0.076774691368493,-543.436989475377,3,2.76999999999998,1,1,1.94717400756279e-13,3.05740000000203
1.05367683706672,0,0.997048467610937,-0.076774691368493,-5.77832232712311
0.373926604134558,0,-0.375741613889659,0.926724468000923,0.679024462892137
0.129063896574729,0,-0.375741613889659,-0.926724468000923,9.63533728509754
4.58150705613281e-17,0,0.427094489068685,0.904206999202702,24.6422459586327
,,0.427094489068685,-0.904206999202702,12.2749038615205
