Q,P,EigValReal,EigValImag,AGPgrad,N,toda,k,E0,lmd,period
0,0,0.999820576878393,0.0189423876681761,-2.52478392740232,2,1.16,1,1,5.2070858806252e-15,4.70190000000238
1.14602464683062,0,0.999820576878393,-0.0189423876681761,-0.265375428709031
0.245842988707233,0,-0.838383111214668,0.545081424036859,0.800306805555325
-2.88826936057307e-17,0,-0.838383111214668,-0.545081424036859,1.98435635783758
