Q,P,EigValReal,EigValImag,AGPgrad,N,toda,k,E0,lmd,period
0,0,0.999319037347251,0.0368979890425308,-8.60976518623117,2,1.35,1,1,6.57862510414211e-15,4.35840000000318
1.11383029835709,0,0.999319037347251,-0.0368979890425308,-0.542501991828463
0.252722677899431,0,-0.613392197073581,0.78977845790401,1.48052505682446
-2.51471060830629e-17,0,-0.613392197073581,-0.78977845790401,3.01190406022021
