Q,P,EigValReal,EigValImag,AGPgrad,N,toda,k,E0,lmd,period
0,0,-0.285162515682049,0.95847918060326,0.16688897559966,2,0.23,1,1,1.1081428854741e-14,6.17809999999894
1.38133810654484,0,-0.285162515682049,-0.95847918060326,0.0335496387777713
0.100136935422966,0,0.999987676175999,0.00496462446959325,-0.313627875139538
-7.64269819689619e-17,0,0.999987676175999,-0.00496462446959325,0.418720162746753
