Q,P,EigValReal,EigValImag,AGPgrad,N,toda,k,E0,lmd,period
0,0,-0.784316589465021,0.620360772043156,-604.197238461116,5,1.89,1,1,1.18246923571939e-14,6.56399999999804
1.38018630582477,0,-0.784316589465021,-0.620360772043156,-21.8453801918775
0.572973623541615,0,-0.0119226866313221,0.999928922245725,-3.74707215964502
0.278378349823694,0,-0.0119226866313221,-0.999928922245725,-18.6574774120721
0.131018652110625,0,0.253816043169979,0.967252509032434,-0.0325548328284769
0.0508782332592133,0,0.253816043169979,-0.967252509032434,21.1105523465842
2.61844929638693e-16,0,0.998644925047124,0.0520414611403645,25.9583170726365
,,0.998644925047124,-0.0520414611403645,14.5172471130558
,,0.983375242356111,0.181585056436546,29.6423861618016
,,0.983375242356111,-0.181585056436546,5.259361942875
