Q,P,EigValReal,EigValImag,AGPgrad,N,toda,k,E0,lmd,period
0,0,0.992118853294867,0.125300362876257,-27.608686408215,5,2.96999999999998,1,1,6.52301422692937e-14,4.11100000000376
1.20842653420813,0,0.992118853294867,-0.125300362876257,-5.7569579208325
0.518072778191096,0,0.213403550425921,0.976964136836965,3.61589201317151
0.265475224184485,0,0.213403550425921,-0.976964136836965,1.87408922075922
0.133912817301667,0,-0.515041589115531,0.857165189144625,0.671000437570261
0.055589298106581,0,-0.515041589115531,-0.857165189144625,0.390367493802153
2.29621579550572e-16,0,-0.918288052335241,0.395912936058356,1.81276905627753
,,-0.918288052335241,-0.395912936058356,1.72925594729731
,,-0.845622434089627,0.533781508638436,-2.33294986616976
,,-0.845622434089627,-0.533781508638436,-1.80311738872362
