Q,P,EigValReal,EigValImag,AGPgrad,N,toda,k,E0,lmd,period
0,0,0.996376528741634,0.0850518252171062,-6938.09544855762,2,3.48999999999997,1,1,1.24218696186901e-14,1.64219999999984
0.911640131380705,0,0.996376528741634,-0.0850518252171062,-7.11783764226318
0.257075325136311,0,0.914187455182981,0.405291619437283,74.3496002342676
-9.92798513267449e-18,0,0.914187455182981,-0.405291619437283,195.793941794004
