Q,P,EigValReal,EigValImag,AGPgrad,N,toda,k,E0,lmd,period
0,0,0.998953055646812,0.0457470503303805,12.3694193750863,3,1.46,1,1,1.51422011417704e-14,5.39630000000076
1.24185396188641,0,0.998953055646812,-0.0457470503303805,-0.0394820134341127
0.396689286658943,0,-0.874066079473846,0.485807048850884,2.28407068561007
0.117409775202588,0,-0.874066079473846,-0.485807048850884,-0.916891497136976
4.91274091101903e-17,0,-0.159244425267032,0.987239187340821,-0.501445679869047
,,-0.159244425267032,-0.987239187340821,0.870965794604283
