Q,P,EigValReal,EigValImag,AGPgrad,N,toda,k,E0,lmd,period
0,0,-0.538305168198856,0.84274999014561,206.794155906751,5,1.4,1,1,2.41730152015281e-14,8.03769999999461
1.50644488923347,0,-0.538305168198856,-0.84274999014561,18.3307130302297
0.607036103872392,0,-0.893624653602392,0.448815082716726,4.0381346217917
0.280772946765467,0,-0.893624653602392,-0.448815082716726,3.45916906413003
0.123738275450723,0,-0.996498584742347,0.0836096322591101,13.0707945111496
0.0449198026903565,0,-0.996498584742347,-0.0836096322591101,-15.1084873082695
2.85994183431035e-16,0,0.987949679036816,0.154775423407844,-21.1532334755303
,,0.987949679036816,-0.154775423407844,-9.57700379829209
,,0.999694653555838,0.02471031468446,1.13224936121375
,,0.999694653555838,-0.02471031468446,0.667620604752413
