Q,P,EigValReal,EigValImag,AGPgrad,N,toda,k,E0,lmd,period
0,0,0.998196733810747,0.0600273321875989,-51.9813533983246,3,2.06,1,1,3.31657899910883e-14,4.18560000000358
1.13814815951612,0,0.998196733810747,-0.0600273321875989,-2.26625963368854
0.387513237360093,0,-0.221790854574972,0.975094260483007,1.31100105871172
0.126137193693538,0,-0.221790854574972,-0.975094260483007,2.23730007289856
4.75708281086554e-17,0,-0.999362041623807,0.0357142795180659,5.11856798288759
,,-0.999362041623807,-0.0357142795180659,2.58228841843
