Q,P,EigValReal,EigValImag,AGPgrad,N,toda,k,E0,lmd,period
0,0,0.609850222037186,0.792516691736647,17.9100351530432,3,1.19,1,1,1.81416415403869e-14,6.00689999999934
1.30580155799033,0,0.609850222037186,-0.792516691736647,1.38095582770027
0.397539333490178,0,0.999952870082,0.00970863609350433,3.13488290436264
0.109349230378628,0,0.999952870082,-0.00970863609350433,-2.53092775890855
4.98840005713074e-17,0,-0.999546713527766,0.0301059375516123,-2.52796223544018
,,-0.999546713527766,-0.0301059375516123,1.56392325495117
