Q,P,EigValReal,EigValImag,AGPgrad,N,toda,k,E0,lmd,period
0,0,0.593058630431163,0.805159276709335,-4604.21196005617,3,3.90999999999996,1,1,2.08061968444799e-13,1.83529999999981
0.961017374917512,0,0.593058630431163,-0.805159276709335,-14.7524954958741
0.353749754803414,0,0.988227193686822,0.152993508548014,5.93733365973914
0.128179514891294,0,0.988227193686822,-0.152993508548014,27.8162696992569
4.33242561916597e-17,0,0.85750689431993,0.514472473698813,104.012671337978
,,0.85750689431993,-0.514472473698813,18.5031366071171
