Q,P,EigValReal,EigValImag,AGPgrad,N,toda,k,E0,lmd,period
0,0,-0.976922907448188,0.213592211709534,-0.0368991635053701,4,0.28,1,1,1.02899887195225e-15,9.83299999999042
2.02300335589559,0,-0.976922907448188,-0.213592211709534,1.4004074272081
0.425937431396428,0,0.568701421823709,0.822544037006965,0.705676255215872
0.0794597287927812,0,0.568701421823709,-0.822544037006965,-1.19338093120729
0.0108490531943565,0,0.999985565156678,0.00537303250348082,-1.48983953534612
-5.19040778518336e-17,0,0.999985565156678,-0.00537303250348082,-1.89333737921799
,,0.990273728986847,0.139132820277959,2.27216878118948
,,0.990273728986847,-0.139132820277959,-0.488197692023062
