Q,P,EigValReal,EigValImag,AGPgrad,N,toda,k,E0,lmd,period
0,0,-0.959564292258557,0.281489554019914,-26.1253918754253,4,1.51,1,1,4.3784467272142e-13,6.48819999999822
1.35911106900164,0,-0.959564292258557,-0.281489554019914,-2.1194669730392
0.507580141031574,0,0.529280493665489,0.848446909962671,-1.27480733409503
0.204871249236292,0,0.529280493665489,-0.848446909962671,-1.33910869622571
0.0696204706761748,0,0.999186404644531,0.0403302463856231,2.23065044888169
-1.72105375274682e-17,0,0.999186404644531,-0.0403302463856231,3.87839027954809
,,0.829259961885931,0.558863056224837,1.93053985514453
,,0.829259961885931,-0.558863056224837,1.42357611956271
