Q,P,EigValReal,EigValImag,AGPgrad,N,toda,k,E0,lmd,period
0,0,0.994973399385753,0.100139575167773,-2665.76074136236,4,3.59999999999997,1,1,1.7944388568159e-14,2.6193000000011
1.06416755026342,0,0.994973399385753,-0.100139575167773,-13.7016272961406
0.434004201966603,0,0.670266433332278,0.742120548393606,0.712100156850377
0.201778427537554,0,0.670266433332278,-0.742120548393606,0.393670468885656
0.0803640688990537,0,-0.433028469140017,0.901380244355426,17.2960587337366
-7.45019940836208e-18,0,-0.433028469140017,-0.901380244355426,54.0922079861148
,,0.0257191654809221,0.999669207551663,37.214073972693
,,0.0257191654809221,-0.999669207551663,17.7513091585552
