Q,P,EigValReal,EigValImag,AGPgrad,N,toda,k,E0,lmd,period
0,0,0.990901718190607,0.134587461848477,-2546.36357596182,4,3.57999999999997,1,1,4.03755067600813e-14,2.64250000000115
1.06586947001692,0,0.990901718190607,-0.134587461848477,-13.4619283442514
0.434530773264113,0,0.662918265152913,0.74869177484906,0.727421407154388
0.201904509823732,0,0.662918265152913,-0.74869177484906,0.397605676800478
0.080365854023272,0,-0.454338035675133,0.890829360393369,16.8196243839276
-7.49164808621216e-18,0,-0.454338035675133,-0.890829360393369,52.378997211794
,,0.00751686108075972,0.999971748000644,36.0383241285445
,,0.00751686108075972,-0.999971748000644,17.1648510224778
