Q,P,EigValReal,EigValImag,AGPgrad,N,toda,k,E0,lmd,period
0,0,0.996220319499173,0.0868623912691996,-1385.4965981812,2,2.85999999999998,1,1,3.91245928990709e-14,2.20930000000024
0.953453847395588,0,0.996220319499173,-0.0868623912691996,-4.5648742313411
0.260729920188726,0,0.774294462963577,0.632825477224119,27.6736299119333
-1.21092299849404e-17,0,0.774294462963577,-0.632825477224119,65.5950794514998
