Q,P,EigValReal,EigValImag,AGPgrad,N,toda,k,E0,lmd,period
0,0,0.25216183463912,0.967685077466548,-2433.23970826128,3,3.37999999999997,1,1,7.12439553643583e-13,2.32630000000048
0.999441332533823,0,0.25216183463912,-0.967685077466548,-9.71817208391669
0.362724400947692,0,0.997780918649439,0.0665825681319608,0.442294607176691
0.129034787134423,0,0.997780918649439,-0.0665825681319608,23.5151663295884
4.44271593914181e-17,0,0.724987778716637,0.688761729999217,68.792919497683
,,0.724987778716637,-0.688761729999217,34.3463169845519
