Q,P,EigValReal,EigValImag,AGPgrad,N,toda,k,E0,lmd,period
0,0,-0.129993994340847,0.991514781249026,0.0259415709160638,2,0.07,1,1,3.60521040281068e-15,6.27299999999872
1.41079400736187,0,-0.129993994340847,-0.991514781249026,0.0134409362470099
0.0327327269150999,0,0.999999755892327,0.000698724040360335,-0.318665302094349
-9.28071088108793e-17,0,0.999999755892327,-0.000698724040360335,0.354996146044604
