Q,P,EigValReal,EigValImag,AGPgrad,N,toda,k,E0,lmd,period
0,0,-0.481783043597987,0.876290533385725,1.21832440500593,3,0.66,1,1,1.64403962182274e-13,7.23469999999648
1.49241712416962,0,-0.481783043597987,-0.876290533385725,-1.65081106899587
0.373350690157812,0,0.999951387080843,0.00986019650497609,-0.313354589368178
0.0767527844018785,0,0.999951387080843,-0.00986019650497609,0.710949791019075
5.26752841155131e-17,0,0.605283306438001,0.796010124902614,1.56379701303586
,,0.605283306438001,-0.796010124902614,-0.774167812183736
