Q,P,EigValReal,EigValImag,AGPgrad,N,toda,k,E0,lmd,period
0,0,0.993332229575967,0.115286953666277,347.512620766155,5,2.59999999999999,1,1,6.89031860639316e-14,4.83320000000207
1.25679813761316,0,0.993332229575967,-0.115286953666277,-1.14867467008579
0.534392963495194,0,0.402352986050848,0.915484611894685,5.65971497333616
0.270159626682492,0,0.402352986050848,-0.915484611894685,4.3708565534432
0.133945285281949,0,-0.0955869543019433,0.995421083847084,1.25884967589157
0.0547150631367103,0,-0.0955869543019433,-0.995421083847084,-4.86066041509311
2.38672455640875e-16,0,-0.34372946495592,0.939068716825945,-9.16772129448617
,,-0.34372946495592,-0.939068716825945,-6.65726076987558
,,-0.99961288950496,0.0278221339143729,-9.56316270294486
,,-0.99961288950496,-0.0278221339143729,-6.37109512874205
