Q,P,EigValReal,EigValImag,AGPgrad,N,toda,k,E0,lmd,period
0,0,0.993082443618023,0.117419164439561,-19656.6375902221,2,3.91999999999996,1,1,7.50604582403341e-15,1.34129999999987
0.887463026993811,0,0.993082443618023,-0.117419164439561,-9.1251205069369
0.254144692863657,0,0.955738335848812,0.294218003169362,142.810021409107
-8.84017378665766e-18,0,0.955738335848812,-0.294218003169362,399.387480855198
