Q,P,EigValReal,EigValImag,AGPgrad,N,toda,k,E0,lmd,period
0,0,0.999588249821479,0.0286937418059157,-546.302363888135,2,2.51999999999999,1,1,1.55163531505806e-14,2.58990000000104
0.980259684073736,0,0.999588249821479,-0.0286937418059157,-3.43423862270769
0.262007720067699,0,0.624032123334611,0.781398687640626,15.8357723854897
-1.37334965115466e-17,0,0.624032123334611,-0.781398687640626,35.0804756826539
