Q,P,EigValReal,EigValImag,AGPgrad,N,toda,k,E0,lmd,period
0,0,-0.91361174944187,0.406587716589883,7.12409096237127,5,0.62,1,0.999999999999999,4.99064946325755e-15,10.6770999999885
1.89647687232106,0,-0.91361174944187,-0.406587716589883,4.00431505209652
0.661679510365273,0,-0.279891453046022,0.960031652869737,2.09564906212998
0.245861965082814,0,-0.279891453046022,-0.960031652869737,0.415075989929072
0.0818469956237939,0,0.0488965534718959,0.998803848139659,-2.42618786197575
0.0218088073870548,0,0.0488965534718959,-0.998803848139659,-3.4559666173245
3.70396726188522e-16,0,0.999859499934872,0.0167624696868265,-5.06049104301178
,,0.999859499934872,-0.0167624696868265,1.21555324123656
,,0.97002653430393,0.242999017994531,2.44901678639604
,,0.97002653430393,-0.242999017994531,-1.25652300351199
