Q,P,EigValReal,EigValImag,AGPgrad,N,toda,k,E0,lmd,period
0,0,0.990192042646185,0.139712986799289,-2986.70402466262,4,3.64999999999997,1,1,1.4847104042854e-14,2.56230000000098
1.05996504965802,0,0.990192042646185,-0.139712986799289,-14.2495231911363
0.432698757293458,0,0.687938428224476,0.725769053468153,0.676140943251097
0.201461827273171,0,0.687938428224476,-0.725769053468153,0.383872933309751
0.0803564367308239,0,-0.379936644314108,0.925012511432865,18.5328863956292
-7.3486409643775e-18,0,-0.379936644314108,-0.925012511432865,58.6180810244876
,,0.0701531843774914,0.997536230280239,40.2755622812092
,,0.0701531843774914,-0.997536230280239,19.2788980156369
