Q,P,EigValReal,EigValImag,AGPgrad,N,toda,k,E0,lmd,period
0,0,0.999940780517367,0.0108828056268784,1.74180537854926,3,0.54,1,1,1.68729605731102e-14,7.49369999999587
1.55285512981697,0,0.999940780517367,-0.0108828056268784,-0.914181301295348
0.354628481018313,0,-0.235918263955841,0.971772901830493,0.0190342470281396
0.0642498563943458,0,-0.235918263955841,-0.971772901830493,-0.014189403550237
5.43373395300155e-17,0,0.223189778413762,0.974775011380384,0.775013499874435
,,0.223189778413762,-0.974775011380384,-0.263078956410666
