Q,P,EigValReal,EigValImag,AGPgrad,N,toda,k,E0,lmd,period
0,0,-0.90938826891599,0.415948285677404,-165.652961547235,4,1.6,1,1,2.96494615817984e-13,6.25279999999877
1.33753411778499,0,-0.90938826891599,-0.415948285677404,-7.55566211465786
0.503614382748458,0,0.289623749615142,0.957140576748711,-7.14491918994129
0.205996068632784,0,0.289623749615142,-0.957140576748711,-7.47489639041537
0.0711207301866733,0,0.999917580426749,0.0128387052884358,10.7042431387444
-1.63289599390666e-17,0,0.999917580426749,-0.0128387052884358,16.8040829700758
,,0.968900508842801,0.247450609140753,6.74696708806443
,,0.968900508842801,-0.247450609140753,5.1780310915304
