Q,P,EigValReal,EigValImag,AGPgrad,N,toda,k,E0,lmd,period
0,0,-0.921986884004367,0.387221107022764,-110.468506483233,4,1.58,1,1,2.82725783545999e-13,6.30459999999865
1.3421988792725,0,-0.921986884004367,-0.387221107022764,-5.54291084980606
0.504493993426494,0,0.344300761411323,0.938859406775896,-4.84081921999759
0.205771375950842,0,0.344300761411323,-0.938859406775896,-5.12682463765033
0.0708045829618828,0,0.999730042699196,0.0232344942853957,7.47114470570804
-1.65175967535178e-17,0,0.999730042699196,-0.0232344942853957,11.8324739198732
,,0.94764886878192,0.319314298922457,4.84062949090984
,,0.94764886878192,-0.319314298922457,3.62908545767483
