Q,P,EigValReal,EigValImag,AGPgrad,N,toda,k,E0,lmd,period
0,0,-0.809172917886518,0.587570582108239,-353.615157602241,5,1.86,1,1,3.69096352968077e-13,6.64779999999785
1.3866645124951,0,-0.809172917886518,-0.587570582108239,-13.7647783666605
0.574865029870157,0,0.0661353275976223,0.997810662622699,-1.99570883956436
0.278653944319405,0,0.0661353275976223,-0.997810662622699,-11.7782822545314
0.13074719669675,0,0.130439431965472,0.991456279716121,0.335220059547418
0.0506175195090797,0,0.130439431965472,-0.991456279716121,12.9919106885935
2.63069185919054e-16,0,0.998378573435203,0.0569229664150444,15.6423477978136
,,0.998378573435203,-0.0569229664150444,9.26252715255222
,,0.958291591783047,0.285792276169092,17.8539638768479
,,0.958291591783047,-0.285792276169092,3.30320351279521
