Q,P,EigValReal,EigValImag,AGPgrad,N,toda,k,E0,lmd,period
0,0,0.9930265330204,0.117891071407135,-5149.97021529812,2,3.36999999999997,1,1,6.59279404699586e-13,1.73779999999983
0.918955908859333,0,0.9930265330204,-0.117891071407135,-6.53763748061272
0.257848719515003,0,0.896743415511879,0.442550840848888,61.7984744609732
-1.02811987101696e-17,0,0.896743415511879,-0.442550840848888,159.820992290602
