Q,P,EigValReal,EigValImag,AGPgrad,N,toda,k,E0,lmd,period
0,0,-0.0276468737496366,0.999617752129239,-1197.1806953647,3,3.07999999999998,1,1,4.37687837952078e-13,2.66120000000119
1.02451802577891,0,-0.0276468737496366,-0.999617752129239,-7.66817088800567
0.36812676414666,0,0.996834856078795,0.0795001239392977,0.534191661520886
0.129225640838346,0,0.996834856078795,-0.0795001239392977,15.4303154230812
4.5094041398997e-17,0,0.603451680924606,0.797399566584598,42.3918879960911
,,0.603451680924606,-0.797399566584598,21.172734443869
