Q,P,EigValReal,EigValImag,AGPgrad,N,toda,k,E0,lmd,period
0,0,0.998158429243835,0.060660944021309,-92.9622044633682,3,2.2,1,1,6.92523607435159e-14,3.93710000000388
1.11900253344203,0,0.998158429243835,-0.060660944021309,-2.86843670526971
0.384878882006287,0,-0.0675145669756376,0.997718288519406,1.14542636166946
0.127128907361763,0,-0.0675145669756376,-0.997718288519406,3.25556248719323
4.72154583812726e-17,0,-0.953721559246606,0.300691182824231,7.42544159012271
,,-0.953721559246606,-0.300691182824231,3.67303659892558
