Q,P,EigValReal,EigValImag,AGPgrad,N,toda,k,E0,lmd,period
0,0,0.99641152523671,0.0846408434233762,-226.999206261546,4,2.73999999999999,1,1,5.50140613765602e-14,3.82720000000365
1.1503006835012,0,0.99641152523671,-0.0846408434233762,-5.45517073033462
0.459354857360028,0,0.181764252403331,0.983342136058589,1.79707758039205
0.206678254950882,0,0.181764252403331,-0.983342136058589,0.866578417574052
0.0795264741322171,0,-0.837930385387263,0.545777124149351,3.47795748003962
-9.76354591102421e-18,0,-0.837930385387263,-0.545777124149351,9.01803727381733
,,-0.978398112548233,0.206729614138989,6.18143054102816
,,-0.978398112548233,-0.206729614138989,1.94795793613965
