Q,P,EigValReal,EigValImag,AGPgrad,N,toda,k,E0,lmd,period
0,0,0.99901362061164,0.0444047951509277,-30.4788162400678,2,1.63,1,1,1.63411998492875e-14,3.87330000000375
1.07345384371162,0,0.99901362061164,-0.0444047951509277,-1.07272447839643
0.258608742179967,0,-0.231380665316861,0.972863293437229,2.97277720543852
-2.10437654088685e-17,0,-0.231380665316861,-0.972863293437229,5.64001280141394
