Q,P,EigValReal,EigValImag,AGPgrad,N,toda,k,E0,lmd,period
0,0,0.999560378292988,0.0296487798537396,74.4962810287594,5,1.49,1,1,4.01492985222855e-15,7.75099999999527
1.47940148405025,0,0.999560378292988,-0.0296487798537396,4.66883678088756
0.600265559711355,0,0.903841937557832,0.427866511790406,1.65243130229325
0.280798583218705,0,0.903841937557832,-0.427866511790406,0.53808495212337
0.12563803552719,0,-0.17507712646945,0.984554721580879,4.85757827821702
0.0463361855555053,0,-0.17507712646945,-0.984554721580879,-4.375245742069
2.80758752568872e-16,0,-0.997705964952027,0.0676964363842804,-6.96830985468388
,,-0.997705964952027,-0.0676964363842804,-2.46744650652734
,,-0.999981309387586,0.00611399014500727,1.07342114826013
,,-0.999981309387586,-0.00611399014500727,-0.125195851385964
