Q,P,EigValReal,EigValImag,AGPgrad,N,toda,k,E0,lmd,period
0,0,0.999887197193634,0.0150197499395067,2.30227355179833,4,0.77,1,1,3.96477640488426e-13,8.57529999999335
1.62748552760058,0,0.999887197193634,-0.0150197499395067,-1.03129488420989
0.530585165106869,0,0.015316418436198,0.999882696783121,-0.0777589450794246
0.173278206753696,0,0.015316418436198,-0.999882696783121,-0.401767919311175
0.045418217960681,0,-0.429219427196649,0.903200245414596,0.286273281731437
-2.96393311150902e-17,0,-0.429219427196649,-0.903200245414596,0.63791892445692
,,-0.724987898970265,0.688761603420712,0.466277991482896
,,-0.724987898970265,-0.688761603420712,-0.272955830392131
