Q,P,EigValReal,EigValImag,AGPgrad,N,toda,k,E0,lmd,period
0,0,0.9998422862992,0.0177595756708728,-1180.16946872218,2,2.79999999999998,1,1,3.77826755466591e-14,2.27230000000037
0.957932970048238,0,0.9998422862992,-0.0177595756708728,-4.36780952582573
0.26100499596938,0,0.752809212417353,0.658238778635503,25.1191230766184
-1.23675787110343e-17,0,0.752809212417353,-0.658238778635503,58.8568622090507
