Q,P,EigValReal,EigValImag,AGPgrad,N,toda,k,E0,lmd,period
0,0,0.999911336471606,0.0133161253955669,0.616078818588865,2,0.870000000000001,1,1,5.64234123898519e-15,5.23090000000115
1.20519403875192,0,0.999911336471606,-0.0133161253955669,0.00220335094773844
0.227554350539969,0,-0.999995936922638,0.0028506382142334,0.124682584337998
-3.69455617612465e-17,0,-0.999995936922638,-0.0028506382142334,1.10923087601182
