Q,P,EigValReal,EigValImag,AGPgrad,N,toda,k,E0,lmd,period
0,0,-0.729287759173121,0.684207106306453,178.277146408789,4,1.82,1,1,2.64756480924491e-13,5.70350000000005
1.29051094286843,0,-0.729287759173121,-0.684207106306453,3.04344322190614
0.4940902329548,0,-0.298737578971518,0.954335296900542,7.06836682245365
0.207691330933679,0,-0.298737578971518,-0.954335296900542,6.09643928075809
0.0740399581139269,0,0.998505722115484,0.0546472588753724,-7.78891172688156
-1.44907421689946e-17,0,0.998505722115484,-0.0546472588753724,-12.0929386147691
,,0.864263786597502,0.503038872430499,-5.08287231787695
,,0.864263786597502,-0.503038872430499,-5.17143593144708
