Q,P,EigValReal,EigValImag,AGPgrad,N,toda,k,E0,lmd,period
0,0,0.999498270003375,0.0316734630309333,19.7488658094783,5,1.6,1,1,1.01136931723936e-14,7.40989999999607
1.4490200241643,0,0.999498270003375,-0.0316734630309333,0.223112080632469
0.592303657312424,0,0.712673486205916,0.701495903095025,0.928466489053068
0.280472400747447,0,0.712673486205916,-0.701495903095025,-1.06139822071057
0.127557521438176,0,0.2796895398822,0.960090496401503,2.66280723358021
0.0478440637707181,0,0.2796895398822,-0.960090496401503,-0.705089034653332
2.74923876776536e-16,0,-0.970199811593419,0.242306264021543,-2.18877705758266
,,-0.970199811593419,-0.242306264021543,-0.0203843329646627
,,-0.861770187487992,0.507298870447114,1.98951474503482
,,-0.861770187487992,-0.507298870447114,-0.0887304102869206
