Q,P,EigValReal,EigValImag,AGPgrad,N,toda,k,E0,lmd,period
0,0,0.479509179877776,0.877536863278643,-2950.7286140158,3,3.69999999999997,1,1,8.51911819631553e-14,2.01579999999983
0.97545534030897,0,0.479509179877776,-0.877536863278643,-12.8654615005007
0.357217045126166,0,0.989415305250715,0.145111521718861,5.06554701545874
0.128578283357991,0,0.989415305250715,-0.145111521718861,21.4022444845624
4.37499217423064e-17,0,0.814920336752203,0.579572984832494,76.0518161019781
,,0.814920336752203,-0.579572984832494,14.6389693433989
