Q,P,EigValReal,EigValImag,AGPgrad,N,toda,k,E0,lmd,period
0,0,0.999519904565666,0.0309832273504744,-315.963206482467,5,3.14999999999998,1,1,2.85317957680169e-13,3.79910000000359
1.18758759480336,0,0.999519904565666,-0.0309832273504744,-7.98424721595353
0.510856037383112,0,0.337597062539629,0.941290722021951,2.99507174452231
0.263218608560544,0,0.337597062539629,-0.941290722021951,1.31095532810666
0.133695575138912,0,-0.690272823686912,0.723549188983939,0.562203255723417
0.0558522998977901,0,-0.690272823686912,-0.723549188983939,2.70618580526024
2.25722138362687e-16,0,-0.806737492652116,0.590909991411025,7.79471354165201
,,-0.806737492652116,-0.590909991411025,6.532756605586
,,-0.997635328785431,0.0687295479339321,1.4326220160677
,,-0.997635328785431,-0.0687295479339321,0.21616034425657
