Q,P,EigValReal,EigValImag,AGPgrad,N,toda,k,E0,lmd,period
0,0,0.996641670254277,0.0818863914993005,-359.724821924718,3,2.61999999999999,1,1,1.750670096288e-13,3.26910000000247
1.06921116861876,0,0.996641670254277,-0.0818863914993005,-4.94090271757111
0.376794391628952,0,0.319391076530313,0.947622994778403,0.773163431755332
0.128803813187591,0,0.319391076530313,-0.947622994778403,7.51771694072635
4.6174975454365e-17,0,-0.553260499474771,0.833008295109307,18.5537051999001
,,-0.553260499474771,-0.833008295109307,9.2138879566503
