Q,P,EigValReal,EigValImag,AGPgrad,N,toda,k,E0,lmd,period
0,0,0.998002818913298,0.0631694027284779,-86.0961201081683,3,2.18,1,1,4.71151309529067e-14,3.97180000000396
1.12164850024464,0,0.998002818913298,-0.0631694027284779,-2.77959806354995
0.385259155794978,0,-0.0889179483781884,0.996038954286531,1.16776560516762
0.127003434436293,0,-0.0889179483781884,-0.996038954286531,3.10011767068503
4.72660121817806e-17,0,-0.96421979203258,0.265104116627095,7.06177636036197
,,-0.96421979203258,-0.265104116627095,3.49759307760521
