Q,P,EigValReal,EigValImag,AGPgrad,N,toda,k,E0,lmd,period
0,0,0.381735881223388,0.924271452002401,-3575.05333836022,3,3.54999999999997,1,1,1.85153903259415e-14,2.15570000000012
0.986377734067841,0,0.381735881223388,-0.924271452002401,-10.9798639747872
0.359765339033014,0,0.997483941883992,0.0708927759617924,0.405859266853003
0.128818740619024,0,0.997483941883992,-0.0708927759617924,29.5613721367824
4.40629934997064e-17,0,0.777066707159643,0.629418249357363,89.3391251723518
,,0.777066707159643,-0.629418249357363,44.5665518418775
