Q,P,EigValReal,EigValImag,AGPgrad,N,toda,k,E0,lmd,period
0,0,-0.969864947078791,0.243643149765896,-0.511768135754537,4,0.27,1,1,1.22567977090766e-14,9.85299999999038
2.03465744336914,0,-0.969864947078791,-0.243643149765896,1.82180398056857
0.41884798252633,0,0.584552329272727,0.811356009617122,0.89820403564847
0.0761355205697709,0,0.584552329272727,-0.811356009617122,-1.57371508665448
0.0101032600624229,0,0.999988851631072,0.00472192900871998,-1.60338910878617
-5.27193697801807e-17,0,0.999988851631072,-0.00472192900871998,-2.34060335070464
,,0.994770460332569,0.102135847035831,2.85762964289159
,,0.994770460332569,-0.102135847035831,-0.738646126740533
