Q,P,EigValReal,EigValImag,AGPgrad,N,toda,k,E0,lmd,period
0,0,-0.855711133181376,0.517453820692675,-159.679363769436,5,1.8,1,1,3.56671662633094e-13,6.81799999999745
1.40002869085358,0,-0.855711133181376,-0.517453820692675,-7.3692905998307
0.578720918133381,0,-0.126088856238105,0.992018951599493,-0.570743251792266
0.279171545442201,0,-0.126088856238105,-0.992018951599493,-6.3923453226067
0.130150993025572,0,0.224025067725599,0.974583382287303,0.852854745950433
0.0500626430931077,0,0.224025067725599,-0.974583382287303,6.54233580012098
2.65598602853769e-16,0,0.998136753837439,0.0610165603658989,7.31980793958084
,,0.998136753837439,-0.0610165603658989,4.95694971863033
,,0.873171187655401,0.487413661122112,9.03217771298072
,,0.873171187655401,-0.487413661122112,1.59076093293136
