Q,P,EigValReal,EigValImag,AGPgrad,N,toda,k,E0,lmd,period
0,0,0.999827712594104,0.0185619268618077,0.831945252519465,2,0.78,1,1,1.2898438725732e-15,5.39120000000077
1.22655760416543,0,0.999827712594104,-0.0185619268618077,0.045277156607659
0.218936856182438,0,-0.982479323008508,0.186371617637337,-0.0146226053303519
-4.02839732208995e-17,0,-0.982479323008508,-0.186371617637337,0.94255694699621
