Q,P,EigValReal,EigValImag,AGPgrad,N,toda,k,E0,lmd,period
0,0,0.997009871471499,0.0772742918982878,-3270.07293721129,2,3.18999999999998,1,0.999999999999999,7.51713877888973e-15,1.89159999999981
0.930461078459902,0,0.997009871471499,-0.0772742918982878,-5.82820582741757
0.258955035302016,0,0.86378040395474,0.503868448847329,46.7085491935664
-1.08600056838992e-17,0,0.86378040395474,-0.503868448847329,117.33399471089
