Q,P,EigValReal,EigValImag,AGPgrad,N,toda,k,E0,lmd,period
0,0,-0.945473151613494,0.325700045406915,2.00507082743032,4,0.44,1,1,6.01051846908153e-15,9.46959999999127
1.85810089358985,0,-0.945473151613494,-0.325700045406915,0.289575420307325
0.49676457573248,0,0.270037275129363,0.962849868899982,0.265402375982905
0.123731523959771,0,0.270037275129363,-0.962849868899982,-0.380295961314844
0.0234261931528772,0,0.999991038664935,0.00423350797992943,-0.966883141209918
-4.17624655948324e-17,0,0.999991038664935,-0.00423350797992943,-0.655881537250488
,,0.690984288447054,0.722869776045005,0.71247296567742
,,0.690984288447054,-0.722869776045005,-0.0675565282580104
