Q,P,EigValReal,EigValImag,AGPgrad,N,toda,k,E0,lmd,period
0,0,0.995203353050653,0.0978278389660488,-391.466152638036,3,2.64999999999999,1,1,3.38736190360505e-14,3.22570000000238
1.06602143212104,0,0.995203353050653,-0.0978278389660488,-5.10226109502154
0.376218414028631,0,0.342175429809502,0.939636086596641,0.753088313352831
0.128867221081491,0,0.342175429809502,-0.939636086596641,7.91129277921646
4.61024550158104e-17,0,-0.517977714917092,0.855394112002914,19.6662415367059
,,-0.517977714917092,-0.855394112002914,9.77178451552915
