Q,P,EigValReal,EigValImag,AGPgrad,N,toda,k,E0,lmd,period
0,0,0.998550516421742,0.0538225431753949,-90.3798339000492,2,1.93,1,1,1.39152077337294e-14,3.39360000000274
1.03720329558162,0,0.998550516421742,-0.0538225431753949,-1.76651991306446
0.261507178359271,0,0.141206141202614,0.989980214795556,5.52439918648491
-1.78658678978506e-17,0,0.141206141202614,-0.989980214795556,10.8169382863209
