Q,P,EigValReal,EigValImag,AGPgrad,N,toda,k,E0,lmd,period
0,0,0.999301383636034,0.0373730472814769,-758.334093868374,4,3.09999999999998,1,1,4.0044845433188e-13,3.26550000000247
1.11064317730201,0,0.999301383636034,-0.0373730472814769,-8.57093500727328
0.448023998127244,0,0.433996711224806,0.90091445467705,1.21410364712206
0.204805695372148,0,0.433996711224806,-0.90091445467705,0.571319840139193
0.0801502967813797,0,-0.481142000763784,0.87664267241621,7.88775751394802
-8.6429402539937e-18,0,-0.481142000763784,-0.87664267241621,21.9020644449713
,,-0.907432260328015,0.420198397088818,15.1425314899604
,,-0.907432260328015,-0.420198397088818,6.63203766691369
