Q,P,EigValReal,EigValImag,AGPgrad,N,toda,k,E0,lmd,period
0,0,0.995542820496567,0.0943106174181758,-1622.25469285197,4,3.38999999999997,1,1,1.9560869272799e-14,2.87330000000164
1.08264637421681,0,0.995542820496567,-0.0943106174181758,-11.4267061003465
0.43967055221988,0,0.585111903334126,0.810952563703161,0.888933943543453
0.203086888428729,0,0.585111903334126,-0.810952563703161,0.447245640955914
0.0803449045883698,0,-0.653521283859646,0.756908139434659,12.7517629973839
-7.9091006521447e-18,0,-0.653521283859646,-0.756908139434659,37.9932184241399
,,-0.175743837921107,0.984435931603866,26.2281901172866
,,-0.175743837921107,-0.984435931603866,12.2504774947442
