Q,P,EigValReal,EigValImag,AGPgrad,N,toda,k,E0,lmd,period
0,0,0.998728999919104,0.0504022293219368,-42.9520432525144,3,2.02,1,1,1.6887728201281e-14,4.25900000000341
1.14390049379244,0,0.998728999919104,-0.0504022293219368,-2.10245331470806
0.388250853682644,0,-0.267495486225611,0.963559113313199,1.36225898862638
0.125801183296552,0,-0.267495486225611,-0.963559113313199,1.97404368453769
4.76729486733554e-17,0,-0.998955747661899,0.0456882283882802,4.55372230016772
,,-0.998955747661899,-0.0456882283882802,2.32648038110986
