Q,P,EigValReal,EigValImag,AGPgrad,N,toda,k,E0,lmd,period
0,0,-0.442703336580638,0.8966681413881,1.41583514711413,3,0.64,1,1,1.01716669777152e-13,7.27889999999637
1.50188448484514,0,-0.442703336580638,-0.8966681413881,-1.48879940598023
0.370834232796149,0,0.999969814586287,0.00776980799528574,-0.228989568113305
0.074837265079673,0,0.999969814586287,-0.00776980799528574,0.549762591025751
5.28973730565256e-17,0,0.546861357219285,0.837223181702644,1.38258745759471
,,0.546861357219285,-0.837223181702644,-0.661465797978162
