Q,P,EigValReal,EigValImag,AGPgrad,N,toda,k,E0,lmd,period
0,0,0.38796018875737,0.921676131805185,12.4391215765306,5,1.02,1,1,1.12666897811895e-14,9.30879999999164
1.65055007492254,0,0.38796018875737,-0.921676131805185,0.100570397693296
0.637448962755256,0,0.9995487091726,0.0300396070448808,1.56209364756762
0.275464760567244,0,0.9995487091726,-0.0300396070448808,0.755784874321827
0.110921351626433,0,0.845784779611323,0.533524232418561,-0.719051288494915
0.0365504885058613,0,0.845784779611323,-0.533524232418561,-1.34310286430213
3.14835795721807e-16,0,-0.70567186716011,0.708538789268981,-1.58993626535537
,,-0.70567186716011,-0.708538789268981,0.922011086196914
,,-0.690816231458198,0.723030382732225,0.25467044051113
,,-0.690816231458198,-0.723030382732225,0.890575625385736
