Q,P,EigValReal,EigValImag,AGPgrad,N,toda,k,E0,lmd,period
0,0,0.996678907710652,0.0814319036050929,-529.084028509758,3,2.75999999999999,1,1,1.97216272106314e-13,3.07110000000206
1.05468114492802,0,0.996678907710652,-0.0814319036050929,-5.72035993538043
0.374116759208368,0,-0.387574780961656,0.921838266271533,0.684799229096993
0.129050778160669,0,-0.387574780961656,-0.921838266271533,9.48198940100725
4.58388497988739e-17,0,0.42039360815646,0.907341839783189,24.1930674261866
,,0.42039360815646,-0.907341839783189,12.0487913470051
