Q,P,EigValReal,EigValImag,AGPgrad,N,toda,k,E0,lmd,period
0,0,0.997605043738719,0.0691677432553702,-24.7621200549143,4,2.43999999999999,1,1,1.53179170373178e-14,4.36570000000316
1.18865101302577,0,0.997605043738719,-0.0691677432553702,-3.19982976536454
0.469717926942374,0,-0.0869497640406919,0.996212697436281,2.49280350536378
0.207839975936409,0,-0.0869497640406919,-0.996212697436281,1.34752055358852
0.0785302658911198,0,-0.653490358474437,0.756934839587224,0.659009737805308
-1.09387845936611e-17,0,-0.653490358474437,-0.756934839587224,2.17401879094277
,,-0.99687096737208,0.0790460271655838,1.56063021160403
,,-0.99687096737208,-0.0790460271655838,-0.625786009583447
