Q,P,EigValReal,EigValImag,AGPgrad,N,toda,k,E0,lmd,period
0,0,0.992909146516101,0.118875677767327,-5550.2366816244,2,3.39999999999997,1,1,7.5455323521751e-13,1.71339999999983
0.917101642337245,0,0.992909146516101,-0.118875677767327,-6.66497022352203
0.257657589241491,0,0.901408910397357,0.432968793628654,64.7299039181098
-1.01906343733063e-17,0,0.901408910397357,-0.432968793628654,168.181403389926
