Q,P,EigValReal,EigValImag,AGPgrad,N,toda,k,E0,lmd,period
0,0,0.997556604197531,0.0698628758486419,-333.88096414405,4,2.83999999999998,1,1,3.03622501216287e-13,3.6623000000033
1.13866214948936,0,0.997556604197531,-0.0698628758486419,-6.27253470025906
0.456092475953303,0,0.259561329571673,0.965726626013272,1.61141407393764
0.206198387749351,0,0.259561329571673,-0.965726626013272,0.762346819458657
0.0797522518929423,0,-0.748729081434096,0.662876129163547,4.56239390540763
-9.42472494600304e-18,0,-0.748729081434096,-0.662876129163547,11.9794954443505
,,-0.999874562832073,0.0158385163880526,8.23876704021478
,,-0.999874562832073,-0.0158385163880526,3.04575084011348
