Q,P,EigValReal,EigValImag,AGPgrad,N,toda,k,E0,lmd,period
0,0,0.996882198345637,0.0789042623788278,-103.984171631846,3,2.23,1,1,3.34534584435363e-14,3.88560000000378
1.1150863128357,0,0.996882198345637,-0.0789042623788278,-3.00242216233989
0.38430660439143,0,-0.0358928578732832,0.999355643779377,1.11301910342693
0.127307797245669,0,-0.0358928578732832,-0.999355643779377,3.49541120914043
4.71397757369528e-17,0,-0.935838914760106,0.352428043181347,7.99576169078274
,,-0.935838914760106,-0.352428043181347,3.94896449006189
