Q,P,EigValReal,EigValImag,AGPgrad,N,toda,k,E0,lmd,period
0,0,0.992443527029871,0.122702264267981,-4546.30493792087,5,3.97999999999996,1,1,2.01610414812104e-13,2.64310000000115
1.10796296293901,0,0.992443527029871,-0.122702264267981,-20.2916109915752
0.482326371516867,0,0.714037024715738,0.700107939774377,1.29067081770325
0.253342190655801,0,0.714037024715738,-0.700107939774377,0.285684745858698
0.131768587052805,0,0.0955056009492197,0.995428892582153,0.396490882716968
0.0562310198535111,0,0.0955056009492197,-0.995428892582153,17.8795246710955
2.10807175966283e-16,0,-0.728362546463693,0.685191944573865,60.1081088279074
,,-0.728362546463693,-0.685191944573865,47.8094302414232
,,-0.443513205315585,0.896267837596934,30.40812987652
,,-0.443513205315585,-0.896267837596934,14.6947279493836
