Q,P,EigValReal,EigValImag,AGPgrad,N,toda,k,E0,lmd,period
0,0,0.999280543798445,0.0379261754715476,66.4375211137588,4,2.17,1,1,4.51845104646313e-15,4.9099000000019
1.22854382310305,0,0.999280543798445,-0.0379261754715476,-1.27469306739524
0.479834065825688,0,-0.900385352670965,0.435093342508934,3.40997707861635
0.208349652248704,0,-0.900385352670965,-0.435093342508934,2.18504641422697
0.0770853420442002,0,-0.36523416507999,0.930915680745752,-1.69656843871794
-1.22565880964081e-17,0,-0.36523416507999,-0.930915680745752,-2.43927011887711
,,-0.0215877285207449,0.999766957834325,-1.14479550130547
,,-0.0215877285207449,-0.999766957834325,-2.28413669514674
