Q,P,EigValReal,EigValImag,AGPgrad,N,toda,k,E0,lmd,period
0,0,0.322640595783269,0.946521550706919,3.17917520481003,5,0.49,1,1,2.59753624103862e-14,11.0977999999875
2.01739347980586,0,0.322640595783269,-0.946521550706919,-1.99421879563233
0.657268904138049,0,-0.870907097009861,0.49144768630839,-1.32371657741111
0.222192785621328,0,-0.870907097009861,-0.49144768630839,-0.00449237430701768
0.0661610491520052,0,0.909294872770118,0.416152417215102,1.07204401748732
0.0155383321161076,0,0.909294872770118,-0.416152417215102,0.731405897967107
4.02471490771371e-16,0,-0.995850426981667,0.0910050937059865,1.79749784951205
,,-0.995850426981667,-0.0910050937059865,-0.759781308114588
,,0.999910641855829,0.0133681825041393,-1.22368733599436
,,0.999910641855829,-0.0133681825041393,0.644364291306594
