Q,P,EigValReal,EigValImag,AGPgrad,N,toda,k,E0,lmd,period
0,0,-0.757403220720177,0.652947441409111,206.170953258773,4,1.79,1,1,3.36877570613972e-13,5.77609999999988
1.29649990378262,0,-0.757403220720177,-0.652947441409111,4.10643305715631
0.495367869578459,0,-0.224002972269158,0.974588461051429,8.21301884551594
0.207532985805928,0,-0.224002972269158,-0.974588461051429,7.28464270264793
0.0736961838150722,0,0.999952829076066,0.0097128586313025,-9.44866796919354
-1.47182520483668e-17,0,0.999952829076066,-0.0097128586313025,-14.6488021511357
,,0.910525164034436,0.413453656000369,-6.05711123433809
,,0.910525164034436,-0.413453656000369,-5.95192047238885
