Q,P,EigValReal,EigValImag,AGPgrad,N,toda,k,E0,lmd,period
0,0,-0.305231188095482,0.952278279608341,-636.911712075214,3,2.82999999999998,1,1,4.57762694827891e-14,2.97650000000186
1.04774013273055,0,-0.305231188095482,-0.952278279608341,-6.12385495904619
0.372789132839344,0,0.995241842055528,0.0974354956983031,0.646356513469584
0.129131029694247,0,0.995241842055528,-0.0974354956983031,10.5950836741951
4.56730705031665e-17,0,0.46586558410714,0.884855500940406,27.4883294914468
,,0.46586558410714,-0.884855500940406,13.7025251236859
