Q,P,EigValReal,EigValImag,AGPgrad,N,toda,k,E0,lmd,period
0,0,0.999993866153429,0.00350252131144152,3.08941015906655,5,0.43,1,0.999999999999999,1.36354110983051e-13,11.282299999987
2.08440429302031,0,0.999993866153429,-0.00350252131144152,-0.874821178964833
0.649201097103716,0,0.440885015976497,0.897563592558994,-0.765051386171101
0.206737427751283,0,0.440885015976497,-0.897563592558994,0.0663941247209346
0.0575095998510962,0,0.74485254895512,0.667229106315879,0.577889464975364
0.0125063113667324,0,0.74485254895512,-0.667229106315879,-0.171864599426241
4.22161023597013e-16,0,-0.948877839162147,0.315643543173287,0.536449318460248
,,-0.948877839162147,-0.315643543173287,-0.466471640073118
,,-0.985567563344726,0.169282539214022,-0.585839870118243
,,-0.985567563344726,-0.169282539214022,0.405764222563374
