Q,P,EigValReal,EigValImag,AGPgrad,N,toda,k,E0,lmd,period
0,0,0.998807279053263,0.0488264202067723,7.23493353659265,3,1.59,1,1,1.5069067801831e-15,5.11500000000142
1.21564785209137,0,0.998807279053263,-0.0488264202067723,-0.512018866360354
0.395231094878333,0,-0.755406519784624,0.655256430618493,2.03009300441064
0.120141081070676,0,-0.755406519784624,-0.655256430618493,-0.317742071619047
4.87841677207045e-17,0,-0.493321787303984,0.869846891223509,0.359484812964956
,,-0.493321787303984,-0.869846891223509,0.888908230064192
