Q,P,EigValReal,EigValImag,AGPgrad,N,toda,k,E0,lmd,period
0,0,0.504389389247797,0.863476313522398,17.1673674950957,3,1.23,1,1,2.65477263036151e-14,5.91459999999955
1.29537112875393,0,0.504389389247797,-0.863476313522398,1.07707061340168
0.397676446371895,0,0.999948588642481,0.0101400232704392,2.94155444901765
0.110792825747501,0,0.999948588642481,-0.0101400232704392,-2.20188582210072
4.97649170659267e-17,0,-0.994516156158219,0.104583053791091,-2.13125681334049
,,-0.994516156158219,-0.104583053791091,1.36747333506617
