Q,P,EigValReal,EigValImag,AGPgrad,N,toda,k,E0,lmd,period
0,0,-0.999778680537195,0.0210378217338029,46.4175027432289,4,1.33,1,1,7.88868649858945e-15,6.97549999999708
1.40736106679315,0,-0.999778680537195,-0.0210378217338029,3.26566786215207
0.515458977133973,0,0.246179727426047,0.969224195841417,2.10923569323486
0.201569200540946,0,0.246179727426047,-0.969224195841417,3.14896282239449
0.0659380771314572,0,0.89997149051637,0.435948754164692,-4.28415830992964
-1.92607710252694e-17,0,0.89997149051637,-0.435948754164692,-5.16634804552335
,,0.99961397748526,0.0277830166840654,-0.480426354024171
,,0.99961397748526,-0.0277830166840654,0.934210762115606
