Q,P,EigValReal,EigValImag,AGPgrad,N,toda,k,E0,lmd,period
0,0,-0.825162739199467,0.564895082149616,-265.455637541058,5,1.84,1,1,3.07119394587277e-13,6.70409999999771
1.39105757011466,0,-0.825162739199467,-0.564895082149616,-10.8960461586078
0.576139411040392,0,0.999601232231382,0.0282378561762704,-1.35825854704334
0.278831659067443,0,0.999601232231382,-0.0282378561762704,-9.34728423809471
0.130556623986846,0,0.935135244010128,0.354290947400754,0.522182679713265
0.0504376415177043,0,0.935135244010128,-0.354290947400754,10.098893475133
2.63900024647553e-16,0,0.118582618031262,0.992944189116812,11.9287294831395
,,0.118582618031262,-0.992944189116812,7.34786936622195
,,0.0459480805135468,0.998943829200177,13.7872739105061
,,0.0459480805135468,-0.998943829200177,2.55592383727488
