Q,P,EigValReal,EigValImag,AGPgrad,N,toda,k,E0,lmd,period
0,0,0.996749281716917,0.0805659319844632,-5204.35260935499,5,4.03999999999996,1,1,1.39905537790987e-14,2.57500000000101
1.10303711246546,0,0.996749281716917,-0.0805659319844632,-21.3589628297531
0.480514579666545,0,0.731352541480194,0.681999604157138,1.21614860728157
0.252668673973557,0,0.731352541480194,-0.681999604157138,0.25781066503205
0.131593874777699,0,0.142811827800675,0.98974985821684,0.39318660027789
0.0562224155425104,0,0.142811827800675,-0.98974985821684,19.4643201564128
2.09883250365302e-16,0,-0.673433811424091,0.739247523926073,66.3117260260288
,,-0.673433811424091,-0.739247523926073,52.6258189910548
,,-0.383826648197677,0.923405167915662,33.6696027433915
,,-0.383826648197677,-0.923405167915662,16.3048281355432
