Q,P,EigValReal,EigValImag,AGPgrad,N,toda,k,E0,lmd,period
0,0,-0.916917127632098,0.399077662936571,-54.369391174489,4,1.12,1,1,1.35518207384286e-14,7.5669999999957
1.47463686459375,0,-0.916917127632098,-0.399077662936571,-10.0063046010186
0.523959834301782,0,-0.6218693334599,0.783121020087023,-3.42913240861825
0.195173788149273,0,-0.6218693334599,-0.783121020087023,-5.53246502325062
0.0601677258836035,0,0.966278713402432,0.257498442762943,9.19929402992475
-2.22782741118122e-17,0,0.966278713402432,-0.257498442762943,11.5422550230184
,,0.999337621645105,0.036391179764844,2.23337666228085
,,0.999337621645105,-0.036391179764844,-2.64775691092035
