Q,P,EigValReal,EigValImag,AGPgrad,N,toda,k,E0,lmd,period
0,0,0.999191110151856,0.0402134976535905,-1245.19104671053,2,2.81999999999998,1,1,1.00989647360766e-13,2.25110000000033
0.956428759448396,0,0.999191110151856,-0.0402134976535905,-4.43569962529905
0.260915347571572,0,0.760183938897657,0.649707918254052,25.9451967982747
-1.22802392508142e-17,0,0.760183938897657,-0.649707918254052,61.0266253332509
