Q,P,EigValReal,EigValImag,AGPgrad,N,toda,k,E0,lmd,period
0,0,0.563203514774666,0.826318220146131,-4058.63655050196,3,3.84999999999996,1,1,1.56689278804076e-13,1.88509999999981
0.9650460906328,0,0.563203514774666,-0.826318220146131,-14.1979288607634
0.354728845850208,0,0.990447545062103,0.137890030388218,5.68209879092066
0.128300071463286,0,0.990447545062103,-0.137890030388218,25.8188123919986
4.3444358154695e-17,0,0.846446133562991,0.532474358984802,95.2141767572936
,,0.846446133562991,-0.532474358984802,17.3041492963608
