Q,P,EigValReal,EigValImag,AGPgrad,N,toda,k,E0,lmd,period
0,0,0.998754891747356,0.0498865333602421,-172.427270163431,2,2.13,1,1,1.37672264697267e-14,3.10010000000212
1.01609500948048,0,0.998754891747356,-0.0498865333602421,-2.28853567314378
0.262238445960259,0,0.34258182653083,0.939487994670927,8.03181078728326
-1.62182933310333e-17,0,0.34258182653083,-0.939487994670927,16.3644695105695
