Q,P,EigValReal,EigValImag,AGPgrad,N,toda,k,E0,lmd,period
0,0,0.999227073707628,0.0393097337781725,-16.2049352401969,2,1.48,1,1,4.2616490775835e-15,4.12930000000371
1.09416252219193,0,0.999227073707628,-0.0393097337781725,-0.772489354872156
0.25595586674842,0,-0.437242917099599,0.899343444656277,2.08905982117959
-2.30706876492206e-17,0,-0.437242917099599,-0.899343444656277,4.03212407262218
