Q,P,EigValReal,EigValImag,AGPgrad,N,toda,k,E0,lmd,period
0,0,0.993883800302221,0.110430935415296,-2490.30352788021,5,3.72999999999996,1,0.999999999999999,1.47925074474527e-13,2.9474000000018
1.12954862993737,0,0.993883800302221,-0.110430935415296,-16.1785350098369
0.490203965307869,0,0.629681123020504,0.776853707792941,1.65955616624362
0.256210005235909,0,0.629681123020504,-0.776853707792941,0.445539191885681
0.13245937860992,0,-0.121073060730433,0.992643598662358,0.418081126932508
0.0562253069964372,0,-0.121073060730433,-0.992643598662358,12.1463021671332
2.14853831521241e-16,0,-0.687607669068502,0.726082428817948,38.4944013034937
,,-0.687607669068502,-0.726082428817948,30.9639625459215
,,-0.919580850003708,0.392900827571603,18.8948833501787
,,-0.919580850003708,-0.392900827571603,9.00181109826528
