Q,P,EigValReal,EigValImag,AGPgrad,N,toda,k,E0,lmd,period
0,0,0.99889909563481,0.0469105184347697,-2968.97644885552,5,3.79999999999996,1,1,3.75568367895886e-15,2.85870000000161
1.12332343568006,0,0.99889909563481,-0.0469105184347697,-17.3140076314029
0.487942834343255,0,0.65543905024958,0.755248072760148,1.54567960014521
0.255397162203165,0,0.65543905024958,-0.755248072760148,0.393811489793253
0.132272799670504,0,-0.0574006357785584,0.998351224275412,0.410656850127434
0.056234267975735,0,-0.0574006357785584,-0.998351224275412,13.6212455183014
2.13687043332595e-16,0,-0.621141233550597,0.783698646153765,43.8854065625805
,,-0.621141233550597,-0.783698646153765,35.2068754984347
,,-0.874102144007431,0.485742155718041,21.812023568785
,,-0.874102144007431,-0.485742155718041,10.4460118976241
