Q,P,EigValReal,EigValImag,AGPgrad,N,toda,k,E0,lmd,period
0,0,0.993173243130974,0.116648656780674,-600.716091495275,4,3.01999999999998,1,1,7.56061033007882e-14,3.38290000000271
1.11894398445416,0,0.993173243130974,-0.116648656780674,-7.82792934535199
0.450445198526918,0,0.384458726119449,0.923142181849893,1.32573161989697
0.205252826698662,0,0.384458726119449,-0.923142181849893,0.619690351161338
0.0800536950284852,0,-0.56648996372168,0.824068638526308,6.77609908145057
-8.86958854902986e-18,0,-0.56648996372168,-0.824068638526308,18.4746768994579
,,-0.954536780058173,0.298093165832684,12.7514747904055
,,-0.954536780058173,-0.298093165832684,5.4023136040463
