Q,P,EigValReal,EigValImag,AGPgrad,N,toda,k,E0,lmd,period
0,0,0.998175897934783,0.0603728149259078,-13.3708788731014,3,1.84,1,1,5.38979808530362e-15,4.60270000000261
1.17154545543609,0,0.998175897934783,-0.0603728149259078,-1.40461722478476
0.391436965788589,0,-0.477591970011948,0.878581760668922,1.61591494410916
0.123941109447769,0,-0.477591970011948,-0.878581760668922,0.914154588909488
4.81351536957382e-17,0,-0.905744077189058,0.423825042484439,2.44136503966449
,,-0.905744077189058,-0.423825042484439,1.44923895414056
