Q,P,EigValReal,EigValImag,AGPgrad,N,toda,k,E0,lmd,period
0,0,-0.948102220181102,0.317965690110835,529.627304652979,5,2.43999999999999,1,1,1.34213354366047e-13,5.18200000000126
1.28051731531308,0,-0.948102220181102,-0.317965690110835,2.78370476245844
0.542163547517871,0,-0.248687804105728,0.968583695964915,6.99511949644592
0.272164787835119,0,-0.248687804105728,-0.968583695964915,6.56139279474217
0.133718060753875,0,0.0558272920358144,0.998440440619235,1.7419898501508
0.0541529293158043,0,0.0558272920358144,-0.998440440619235,-8.87577419028966
2.4311320034601e-16,0,0.994659683939981,0.103209074913137,-17.4495749148946
,,0.994659683939981,-0.103209074913137,-12.8809149943247
,,0.778281423862213,0.62791561954692,-14.9366346142701
,,0.778281423862213,-0.62791561954692,-10.4590768701165
