Q,P,EigValReal,EigValImag,AGPgrad,N,toda,k,E0,lmd,period
0,0,0.999546208643376,0.0301226955415717,-51.7652014578795,2,1.77,1,1,1.13570694952452e-14,3.64370000000326
1.05576607336705,0,0.999546208643376,-0.0301226955415717,-1.38281693852956
0.260291712669906,0,-0.0483240002577889,0.998831713052335,4.0140797694026
-1.94361679593273e-17,0,-0.0483240002577889,-0.998831713052335,7.67446964445904
