Q,P,EigValReal,EigValImag,AGPgrad,N,toda,k,E0,lmd,period
0,0,0.993401762262704,0.114686262182801,-417.642548868543,5,3.19999999999998,1,1,4.17131948533979e-14,3.71680000000342
1.18206673582444,0,0.993401762262704,-0.114686262182801,-8.61618589547875
0.508925904705101,0,0.369022393156103,0.929420504050432,2.84841922077251
0.262597237161405,0,0.369022393156103,-0.929420504050432,1.18936815789152
0.133617701664086,0,-0.64266211752399,0.766149726032438,0.540144994331866
0.0559104847834251,0,-0.64266211752399,-0.766149726032438,3.37807648605654
2.24688943779996e-16,0,-0.863392736901355,0.504532438863908,9.68875994607234
,,-0.863392736901355,-0.504532438863908,8.04199851080854
,,-0.999816742798326,0.019143688780792,2.57579072294643
,,-0.999816742798326,-0.019143688780792,0.810991668479264
