Q,P,EigValReal,EigValImag,AGPgrad,N,toda,k,E0,lmd,period
0,0,-0.994886240163015,0.101001827381049,22.5750184230268,4,1.4,1,1,7.6387813443106e-13,6.78349999999753
1.38770949989506,0,-0.994886240163015,-0.101001827381049,0.853209378557721
0.512420215912581,0,0.99974450888714,0.0226034720774792,0.91302886090535
0.203044885606644,0,0.99974450888714,-0.0226034720774792,1.37357313641122
0.0674895121398101,0,0.51332858192948,0.858192150380248,-1.62719417527995
-1.84131793052514e-17,0,0.51332858192948,-0.858192150380248,-1.65221584293156
,,0.780675400375984,0.624936732196009,0.278892035277743
,,0.780675400375984,-0.624936732196009,0.692919232715674
