Q,P,EigValReal,EigValImag,AGPgrad,N,toda,k,E0,lmd,period
0,0,0.989572401250054,0.144036324182457,-3043.46998228575,5,3.80999999999996,1,1,1.77174307941882e-13,2.84630000000158
1.12244659847192,0,0.989572401250054,-0.144036324182457,-17.4398736701695
0.487623276463307,0,0.658959113020463,0.752178760247375,1.53109375838488
0.255281569384776,0,0.658959113020463,-0.752178760247375,0.385464555898019
0.132245618075448,0,-0.0485193377078995,0.998822243378861,0.40960098267654
0.0562350255481554,0,-0.0485193377078995,-0.998822243378861,13.8406322293856
2.13522808879168e-16,0,-0.611498948170124,0.791245244147991,44.7289009430052
,,-0.611498948170124,-0.791245244147991,35.8334453656348
,,-0.867019115921419,0.498274876576003,22.2450853284815
,,-0.867019115921419,-0.498274876576003,10.6606813961548
