Q,P,EigValReal,EigValImag,AGPgrad,N,toda,k,E0,lmd,period
0,0,0.999820106768347,0.0189671848654563,16.1442681759872,3,1.29,1,1,1.79270902969129e-14,5.77719999999987
1.28040081541162,0,0.999820106768347,-0.0189671848654563,0.712871023840658
0.39768071124191,0,0.335295834638385,0.942112893062264,2.71844705751837
0.112779264108268,0,0.335295834638385,-0.942112893062264,-1.79886837701203
4.95923049049624e-17,0,-0.977146358003984,0.212567624626984,-1.63902560277583
,,-0.977146358003984,-0.212567624626984,1.15334936893669
