Q,P,EigValReal,EigValImag,AGPgrad,N,toda,k,E0,lmd,period
0,0,0.996768080300194,0.080333019952167,267.001706103506,5,2.68999999999999,1,1,5.10382450603087e-14,4.64690000000251
1.24425824072751,0,0.996768080300194,-0.080333019952167,-2.35771542662989
0.530221979067361,0,-0.991893824570081,0.127069432908702,4.97781228877137
0.269021073351273,0,-0.991893824570081,-0.127069432908702,3.46794172913279
0.134000638137579,0,-0.534913905508771,0.844906570984837,1.03011241493045
0.0549769786655854,0,-0.534913905508771,-0.844906570984837,-3.35178549806314
2.36325693582785e-16,0,-0.0140657522793266,0.99990107241307,-6.31121947788557
,,-0.0140657522793266,-0.99990107241307,-4.54216169241681
,,0.162492364589791,0.986709801030679,-7.66818955583039
,,0.162492364589791,-0.986709801030679,-5.02758524875246
