Q,P,EigValReal,EigValImag,AGPgrad,N,toda,k,E0,lmd,period
0,0,0.998088480432237,0.0618011749764876,-36.8392634548874,3,1.99,1,1,1.75964502933259e-14,4.31480000000328
1.14830313565241,0,0.998088480432237,-0.0618011749764876,-1.98140278010113
0.388798254075782,0,-0.302155802843833,0.953258554017638,1.40211552576461
0.125532119270367,0,-0.302155802843833,-0.953258554017638,1.78375321762244
4.77496918452385e-17,0,-0.994159081003351,0.107924610995747,4.15558667880966
,,-0.994159081003351,-0.107924610995747,2.14970413070569
