Q,P,EigValReal,EigValImag,AGPgrad,N,toda,k,E0,lmd,period
0,0,0.998483796137043,0.0550464245137566,-2896.4886831284,5,3.78999999999996,1,1,2.92812683997951e-14,2.87120000000163
1.12420378211369,0,0.998483796137043,-0.0550464245137566,-17.1509394316155
0.488263134295519,0,0.651866775301537,0.758333506616955,1.56137293433891
0.255512819045088,0,0.651866775301537,-0.758333506616955,0.400830731027763
0.132299811568641,0,-0.0663605948672128,0.997795706269001,0.411645267167173
0.0562333624934782,0,-0.0663605948672128,-0.997795706269001,13.4047644604945
2.13852056255615e-16,0,-0.630775750714133,0.775965174676679,43.0858123443619
,,-0.630775750714133,-0.775965174676679,34.5797158982015
,,-0.88106371119761,0.472997607616246,21.3817441759633
,,-0.88106371119761,-0.472997607616246,10.2330962398848
