Q,P,EigValReal,EigValImag,AGPgrad,N,toda,k,E0,lmd,period
0,0,-0.983160674201141,0.182743231623941,132.373038048548,4,1.24,1,1,7.42970301424894e-15,7.2263999999965
1.43453123441959,0,-0.983160674201141,-0.182743231623941,14.230917112102
0.519256777876771,0,-0.136311942352543,0.990665965082115,6.74346024552966
0.199235088582365,0,-0.136311942352543,-0.990665965082115,10.4526340545871
0.0636870798367318,0,0.999935653624422,0.0113441002595494,-15.5893091632374
-2.04589760682186e-17,0,0.999935653624422,-0.0113441002595494,-19.4377393459017
,,0.988269073151772,0.152722752239876,-2.99467228264866
,,0.988269073151772,-0.152722752239876,3.46388412007763
