Q,P,EigValReal,EigValImag,AGPgrad,N,toda,k,E0,lmd,period
0,0,-0.0377054844906331,0.99928889538478,-4712.09028801986,4,3.98999999999996,1,1,6.6933460571678e-14,2.20680000000023
1.0331606352892,0,-0.0377054844906331,-0.99928889538478,-21.010910072826
0.424234901323439,0,0.991153814037076,0.132718186092591,4.80899169011316
0.199282260216059,0,0.991153814037076,-0.132718186092591,0.50363940336762
0.0802057030975067,0,0.786110148724246,0.61808642929023,21.8779358502528
-6.72456865471591e-18,0,0.786110148724246,-0.61808642929023,80.7770653233357
,,0.333168885361879,0.942867166586425,40.791380780226
,,0.333168885361879,-0.942867166586425,19.175452619447
