Q,P,EigValReal,EigValImag,AGPgrad,N,toda,k,E0,lmd,period
0,0,0.99931077053811,0.0371212053492031,-656.073881262135,5,3.29999999999997,1,1,4.86230550506862e-13,3.55740000000308
1.17134641383392,0,0.99931077053811,-0.0371212053492031,-9.93768070468823
0.505157215282078,0,0.428126618658107,0.90371876067522,2.56874297726841
0.261363158221778,0,0.428126618658107,-0.90371876067522,0.983655324193923
0.133442463397346,0,-0.544164178375278,0.838978752396717,0.50406625446608
0.0560097886462455,0,-0.544164178375278,-0.838978752396717,4.77923491941885
2.22682287222703e-16,0,-0.982416045506309,0.186704883524061,13.7786239441593
,,-0.982416045506309,-0.186704883524061,11.345957820345
,,-0.945844366156803,0.324620447614475,5.02902208762115
,,-0.945844366156803,-0.324620447614475,2.06898998846934
