Q,P,EigValReal,EigValImag,AGPgrad,N,toda,k,E0,lmd,period
0,0,0.996626849076644,0.0820665808934287,-875.967775627185,2,2.68999999999999,1,1,1.26368873302216e-14,2.39250000000062
0.966413085101275,0,0.996626849076644,-0.0820665808934287,-3.97873521751276
0.261458917634062,0,0.70816120757434,0.70605078010499,20.9949528896421
-1.28708817652436e-17,0,0.70816120757434,-0.70605078010499,48.1590017303105
