Q,P,EigValReal,EigValImag,AGPgrad,N,toda,k,E0,lmd,period
0,0,0.999467999059094,0.0326147030769937,-9.86808221446782,3,1.81,1,1,1.15131234017125e-14,4.66200000000247
1.17645928283998,0,0.999467999059094,-0.0326147030769937,-1.29444274598779
0.391939693461276,0,-0.512557408261624,0.858652958555509,1.66137476584109
0.123568118871195,0,-0.512557408261624,-0.858652958555509,0.754535542761091
4.82125718706719e-17,0,-0.874159561455295,0.485638817555078,2.1465925208203
,,-0.874159561455295,-0.485638817555078,1.3437516870595
