Q,P,EigValReal,EigValImag,AGPgrad,N,toda,k,E0,lmd,period
0,0,-0.988173228794151,0.153341676965321,416.946246701724,5,2.52999999999999,1,1,3.92583740335048e-14,4.98290000000173
1.2669396715401,0,-0.988173228794151,-0.153341676965321,-0.0729268076368427
0.537734812373804,0,0.998586711563868,0.053146773073161,6.38411187815752
0.271040956872095,0,0.998586711563868,-0.053146773073161,5.36187657170107
0.133867791806607,0,0.579320824922537,0.815099614655201,1.52547189243436
0.0544853726119217,0,0.579320824922537,-0.815099614655201,-6.33585554718795
2.40570766674267e-16,0,-0.161360794207884,0.986895482861577,-11.8606927052517
,,-0.161360794207884,-0.986895482861577,-8.61927404848207
,,-0.176484725527135,0.984303378870367,-11.3129893872836
,,-0.176484725527135,-0.984303378870367,-7.73629742356756
