Q,P,EigValReal,EigValImag,AGPgrad,N,toda,k,E0,lmd,period
0,0,-0.844366627548127,0.535765805443955,0.862424581463115,4,0.15,1,1,1.17629751714087e-14,10.0565999999899
2.17965375267103,0,-0.844366627548127,-0.535765805443955,-0.283920820251398
0.292597822948277,0,0.739507806221683,0.673147981158078,-0.128518373072459
0.033295351414218,0,0.739507806221683,-0.673147981158078,0.432827996029501
0.00268570054822662,0,0.96108006014607,0.276270009211301,-1.25881162763743
-6.52968271501037e-17,0,0.96108006014607,-0.276270009211301,-0.283856270732264
,,0.999998815369213,0.00153924012491881,0.346823511146661
,,0.999998815369213,-0.00153924012491881,1.01758865161595
