Q,P,EigValReal,EigValImag,AGPgrad,N,toda,k,E0,lmd,period
0,0,0.547536282774971,0.836781942351162,-3809.57827144921,3,3.81999999999996,1,1,3.45549807596398e-14,1.91049999999981
0.967088168089769,0,0.547536282774971,-0.836781942351162,-13.924339730807
0.355222136178172,0,0.994354067028815,0.106113097133225,5.55669846330078
0.128358583870641,0,0.994354067028815,-0.106113097133225,24.8723033404558
4.35048345566205e-17,0,0.840605266986873,0.541648211585656,91.0738461079452
,,0.840605266986873,-0.541648211585656,16.7345174982272
