Q,P,EigValReal,EigValImag,AGPgrad,N,toda,k,E0,lmd,period
0,0,-0.167902670524513,0.985803577408167,-866.993784411192,3,2.94999999999998,1,1,1.65440367504097e-13,2.82080000000153
1.03630204141981,0,-0.167902670524513,-0.985803577408167,-6.85139752441412
0.370534725238406,0,0.998014285552568,0.0629879816553675,0.587596523153601
0.129210859149555,0,0.998014285552568,-0.0629879816553675,12.7353722649525
4.53925431599062e-17,0,0.536556118229215,0.843864640798988,33.9734807236714
,,0.536556118229215,-0.843864640798988,16.95934446002
