Q,P,EigValReal,EigValImag,AGPgrad,N,toda,k,E0,lmd,period
0,0,0.992161888114157,0.12495914441709,-738.234524675421,5,3.32999999999997,1,0.999999999999999,8.11608966047127e-14,3.51100000000298
1.16821092754516,0,0.992161888114157,-0.12495914441709,-10.3297002690718
0.504049505615637,0,0.444858664380896,0.895600786469758,2.49433168741988
0.260995260559682,0,0.444858664380896,-0.895600786469758,0.928505404862752
0.133385179535632,0,-0.514145172241746,0.857703178180255,0.494697111992395
0.0560354038139317,0,-0.514145172241746,-0.857703178180255,5.21770123897475
2.22095373702644e-16,0,-0.972163911560868,0.234301790557982,15.1284000737003
,,-0.972163911560868,-0.234301790557982,12.4110040228119
,,-0.962865194724168,0.269982623123759,5.80951663617801
,,-0.962865194724168,-0.269982623123759,2.46607446398755
