Q,P,EigValReal,EigValImag,AGPgrad,N,toda,k,E0,lmd,period
0,0,0.0728274011581527,0.99734455913719,-1523.94668186502,3,3.17999999999998,1,1,1.68525586063404e-13,2.54450000000095
1.01584806435736,0,0.0728274011581527,-0.99734455913719,-8.33460329418003
0.366301216244313,0,0.999665593714543,0.0258592486994579,0.498851471670129
0.129193522455574,0,0.999665593714543,-0.0258592486994579,17.8093986354893
4.48683134797454e-17,0,0.648717588848094,0.761029230660105,49.9962939813012
,,0.648717588848094,-0.761029230660105,24.9772792985215
