Q,P,EigValReal,EigValImag,AGPgrad,N,toda,k,E0,lmd,period
0,0,-0.352144781096754,0.935945539626276,-573.169536506191,3,2.78999999999998,1,1,2.33750637203288e-13,3.03020000000197
1.05168112553136,0,-0.352144781096754,-0.935945539626276,-5.89267302125748
0.373546756051461,0,0.996445423672329,0.0842408312072309,0.667851820723162
0.129088441376237,0,0.996445423672329,-0.0842408312072309,9.94759348206037
4.57676098266751e-17,0,0.440282354062122,0.897859370225386,25.5631086156858
,,0.440282354062122,-0.897859370225386,12.736929469456
