Q,P,EigValReal,EigValImag,AGPgrad,N,toda,k,E0,lmd,period
0,0,-0.997782164577168,0.0665638945050293,29.0032388473352,4,1.38,1,1,9.21359862083108e-13,6.8380999999974
1.39320141227926,0,-0.997782164577168,-0.0665638945050293,1.4276378633329
0.513293496915547,0,0.441184429479324,0.897416458053344,1.22539545684229
0.202650511267237,0,0.441184429479324,-0.897416458053344,1.8194896739978
0.0670627860057687,0,0.999166586823791,0.0408182774610683,-2.28388451717124
-1.86483694168511e-17,0,0.999166586823791,-0.0408182774610683,-2.54012397625397
,,0.818670072474809,0.574264148658169,0.0692270988303192
,,0.818670072474809,-0.574264148658169,0.707498627694772
