Q,P,EigValReal,EigValImag,AGPgrad,N,toda,k,E0,lmd,period
0,0,0.999747703254349,0.0224617416433694,-0.392862291268909,2,1.02,1,1,2.46109494881204e-15,4.95820000000178
1.17288439660516,0,0.999747703254349,-0.0224617416433694,-0.111502435473205
0.238496695113554,0,-0.952861040556839,0.303407049009993,0.426946422945224
-3.23400720573838e-17,0,-0.952861040556839,-0.303407049009993,1.48287542779315
