Q,P,EigValReal,EigValImag,AGPgrad,N,toda,k,E0,lmd,period
0,0,0.993396524903219,0.114731618615732,-3529.45345830781,2,3.21999999999998,1,1,3.11604745485093e-13,1.86509999999981
0.92849715676476,0,0.993396524903219,-0.114731618615732,-5.91705264948167
0.258775583895977,0,0.869912353152704,0.493206344071506,48.9501186930492
-1.07592109127482e-17,0,0.869912353152704,-0.493206344071506,123.596598372866
