Q,P,EigValReal,EigValImag,AGPgrad,N,toda,k,E0,lmd,period
0,0,0.999767032468045,0.0215842718208464,-183.486934107714,2,2.15,1,1,6.34977845806495e-15,3.07190000000206
1.01409735557738,0,0.999767032468045,-0.0215842718208464,-2.34439486354238
0.262273198139644,0,0.360504394021705,0.932757515054713,8.32840037290189
-1.60696777198327e-17,0,0.360504394021705,-0.932757515054713,17.0397482886821
