Q,P,EigValReal,EigValImag,AGPgrad,N,toda,k,E0,lmd,period
0,0,0.794556551039781,0.607190157364029,1.27293249069658,5,0.2,1,1,1.68611937239622e-14,11.8903999999856
2.4362600052897,0,0.794556551039781,-0.607190157364029,0.0524025251599837
0.517285105726401,0,0.999996684111542,0.00257522153047107,-0.285382977952121
0.103884283851348,0,0.999996684111542,-0.00257522153047107,0.111356480644399
0.0177130693739141,0,-0.176630581667767,0.984277215838954,0.300700425314917
0.00224330828379707,0,-0.176630581667767,-0.984277215838954,-1.36974251960476
5.62471901421804e-16,0,-0.555987228667931,0.831190833418033,-0.938188584712836
,,-0.555987228667931,-0.831190833418033,-0.000410915903228755
,,-0.440489187441821,0.897757916003436,0.587362929503136
,,-0.440489187441821,-0.897757916003436,0.686091851721672
