Q,P,EigValReal,EigValImag,AGPgrad,N,toda,k,E0,lmd,period
0,0,0.998015685556833,0.0629657953377738,-1313.5779021139,2,2.83999999999998,1,1,2.51241192330123e-13,2.23010000000028
0.954935746787296,0,0.998015685556833,-0.0629657953377738,-4.50164976369211
0.260823655450094,0,0.767343949180543,0.641235731736754,26.7964570322559
-1.21941250455749e-17,0,0.767343949180543,-0.641235731736754,63.2717427122522
