Q,P,EigValReal,EigValImag,AGPgrad,N,toda,k,E0,lmd,period
0,0,0.999795955242065,0.0202001950878844,-22.980922944415,3,1.91,1,1,3.11894305201834e-14,4.46640000000293
1.16043383925713,0,0.999795955242065,-0.0202001950878844,-1.66902194498396
0.390228703026573,0,-0.395468906443724,0.918479365057375,1.51259953650789
0.124737490880925,0,-0.395468906443724,-0.918479365057375,1.3043046372523
4.79549243242112e-17,0,-0.961020620059698,0.276476703937356,3.1859999621421
,,-0.961020620059698,-0.276476703937356,1.73951215293756
