Q,P,EigValReal,EigValImag,AGPgrad,N,toda,k,E0,lmd,period
0,0,0.999637253439879,0.0269325367392284,-29.2914920575269,2,1.62,1,1,7.43747085249586e-15,3.89000000000378
1.0747747367129,0,0.999637253439879,-0.0269325367392284,-1.05199456823122
0.258461859809389,0,-0.244862971016031,0.969557695769146,2.90707042930815
-2.11683151305939e-17,0,-0.244862971016031,-0.969557695769146,5.51570092728462
