Q,P,EigValReal,EigValImag,AGPgrad,N,toda,k,E0,lmd,period
0,0,0.999878955788479,0.0155587201058311,-81.6719911356241,2,1.9,1,1,2.13389187817848e-16,3.43940000000283
1.0405616479246,0,0.999878955788479,-0.0155587201058311,-1.69324021950072
0.261327895159539,0,0.107560618863464,0.994198528096725,5.21169437842586
-1.81413489181796e-17,0,0.107560618863464,-0.994198528096725,10.1500620378993
