Q,P,EigValReal,EigValImag,AGPgrad,N,toda,k,E0,lmd,period
0,0,0.467322707270103,0.884086809804185,-2826.86787424954,3,3.67999999999997,1,1,5.86433001812295e-14,2.03389999999987
0.976880698965072,0,0.467322707270103,-0.884086809804185,-12.6926894670709
0.357553505245327,0,0.991229176445811,0.132154151514739,4.98584715835501
0.128612755016258,0,0.991229176445811,-0.132154151514739,20.8706994583318
4.37912125108825e-17,0,0.810265191295333,0.58606340934675,73.7774115379577
,,0.810265191295333,-0.58606340934675,14.3162064743557
