Q,P,EigValReal,EigValImag,AGPgrad,N,toda,k,E0,lmd,period
0,0,-0.927568634092822,0.373652818866865,-31.5484841571819,5,1.69,1,1,9.61007802683521e-13,7.1388999999967
1.42606469767511,0,-0.927568634092822,-0.373652818866865,-2.51530401161394
0.586050023036357,0,-0.579116443202643,0.815244837587031,0.450560044841396
0.279980641241976,0,-0.579116443202643,-0.815244837587031,-2.65879327341434
0.12885146349733,0,0.999347370085929,0.0361224847197371,1.73252818391954
0.0489183223292519,0,0.999347370085929,-0.0361224847197371,1.7722741393757
2.705430762073e-16,0,0.50661902939279,0.862170029087711,1.05708382865582
,,0.50661902939279,-0.862170029087711,1.67288803489685
,,0.599411624606527,0.800440943659535,3.69305268714778
,,0.599411624606527,-0.800440943659535,0.322056584608363
