Q,P,EigValReal,EigValImag,AGPgrad,N,toda,k,E0,lmd,period
0,0,0.999971089522841,0.0076039541353481,1.49015665151324,3,0.43,1,0.999999999999999,1.01178587142196e-14,7.71369999999536
1.61644606763724,0,0.999971089522841,-0.0076039541353481,-0.540829226528336
0.327152254640102,0,0.000320251720212335,0.99999994871942,0.127472749410062
0.0505665591683795,0,0.000320251720212335,-0.99999994871942,-0.37808292550483
5.68824070631065e-17,0,-0.147289058900452,0.989093490590368,0.428833365546672
,,-0.147289058900452,-0.989093490590368,0.0189518803040699
