Q,P,EigValReal,EigValImag,AGPgrad,N,toda,k,E0,lmd,period
0,0,0.999895842984817,0.0144327122075989,0.851211620726136,2,0.66,1,1,2.60446506493442e-15,5.59740000000029
1.25751654984348,0,0.999895842984817,-0.0144327122075989,0.0754947918034537
0.204241566451357,0,-0.902314045330437,0.431079300824606,-0.155969125328138
-4.55900180507123e-17,0,-0.902314045330437,-0.431079300824606,0.767566755284911
