Q,P,EigValReal,EigValImag,AGPgrad,N,toda,k,E0,lmd,period
0,0,-0.0849392710798443,0.996386130086336,-4254.5221450176,4,3.93999999999996,1,1,1.72381485727584e-14,2.25570000000034
1.03692056145243,0,-0.0849392710798443,-0.996386130086336,-20.2345259812114
0.425436712680722,0,0.994269088702545,0.106906404161039,4.57176257804538
0.199604669922832,0,0.994269088702545,-0.106906404161039,0.512982504736043
0.080237439073786,0,0.773842452269802,0.633378132765127,20.607798036981
-6.80963171572952e-18,0,0.773842452269802,-0.633378132765127,74.9516181579243
,,0.298802572288876,0.954314949476085,38.3285695193511
,,0.298802572288876,-0.954314949476085,17.9468045127889
