Q,P,EigValReal,EigValImag,AGPgrad,N,toda,k,E0,lmd,period
0,0,-0.996220481862927,0.0868605291073425,0.827833505830448,4,0.32,1,1,1.47739902610998e-13,9.74929999999062
1.97787256467021,0,-0.996220481862927,-0.0868605291073425,0.773329816748065
0.450435658319659,0,0.50145079790831,0.86518616336434,0.430461906807856
0.0921192906334951,0,0.50145079790831,-0.86518616336434,-0.655167187386593
0.0139271303067436,0,0.999977789640835,0.00666484996193735,-1.28360463112139
-4.89022429779039e-17,0,0.999977789640835,-0.00666484996193735,-1.21139398369425
,,0.956797238798459,0.290755986744278,1.36955017386658
,,0.956797238798459,-0.290755986744278,-0.166968127405999
