Q,P,EigValReal,EigValImag,AGPgrad,N,toda,k,E0,lmd,period
0,0,-0.112858071752553,0.993611118919415,0.00272652321247787,2,0.01,1,1,1.36384067007595e-14,6.2829999999987
1.4141428708704,0,-0.112858071752553,-0.993611118919415,0.0025184527322865
0.00471325983296988,0,0.999999994657579,0.00010336754703348,-0.330755475294582
-9.89872408564616e-17,0,0.999999994657579,-0.00010336754703348,0.336080446062631
