Q,P,EigValReal,EigValImag,AGPgrad,N,toda,k,E0,lmd,period
0,0,0.983181126972046,0.182633161189241,-1396.13047084741,5,3.51999999999997,1,1,9.50303433023479e-14,3.23080000000239
1.14915203360098,0,0.983181126972046,-0.182633161189241,-12.9717835834946
0.497266744119033,0,0.541166852496091,0.840915238153936,2.05755952374206
0.258693278014174,0,0.541166852496091,-0.840915238153936,0.65068916011542
0.132979206473408,0,-0.3233460716191,0.946280781781236,0.449323590274829
0.0561580222995808,0,-0.3233460716191,-0.946280781781236,8.22833216783707
2.18526788336173e-16,0,-0.864562595683654,0.502525141803633,24.8291043797983
,,-0.864562595683654,-0.502525141803633,20.1335628429337
,,-0.997722112635033,0.0674580310941178,11.3469378905437
,,-0.997722112635033,-0.0674580310941178,5.25032164517816
