Q,P,EigValReal,EigValImag,AGPgrad,N,toda,k,E0,lmd,period
0,0,-0.657703026280792,0.753277325572125,321.467237392662,5,2.03,1,1,9.52842655423879e-15,6.18459999999892
1.3515964060113,0,-0.657703026280792,-0.753277325572125,9.63872455451479
0.564457415065167,0,-0.353195590392341,0.935549504263357,1.42583772752516
0.27697151283069,0,-0.353195590392341,-0.935549504263357,7.30550918081142
0.132078454090009,0,0.730634705107811,0.682768575501249,-0.393725521133711
0.0519620238583953,0,0.730634705107811,-0.682768575501249,-8.99343647916098
2.56454275057855e-16,0,0.996590415865659,0.0825078360197839,-10.1241778498811
,,0.996590415865659,-0.0825078360197839,-2.33580327790898
,,0.956271692563445,0.292479828367441,-18.0064851639165
,,0.956271692563445,-0.292479828367441,1.44203762416507
