Q,P,EigValReal,EigValImag,AGPgrad,N,toda,k,E0,lmd,period
0,0,-0.113904071155355,0.993491752645304,-4000.03894110438,4,3.90999999999996,1,1,5.49927068976324e-14,2.2856000000004
1.03920562228299,0,-0.113904071155355,-0.993491752645304,-19.7750134064312
0.42616446860731,0,0.991092058704655,0.133178568741693,4.4311285115315
0.199797839482549,0,0.991092058704655,-0.133178568741693,0.518505819801776
0.0802550032001079,0,0.766145861076331,0.642666725103781,19.876932218541
-6.86174458949438e-18,0,0.766145861076331,-0.642666725103781,71.6238499753179
,,0.277464748509227,0.960735818700808,36.9142930724277
,,0.277464748509227,-0.960735818700808,17.2434405831115
