Q,P,EigValReal,EigValImag,AGPgrad,N,toda,k,E0,lmd,period
0,0,-0.996481732644735,0.0838102410528694,25.7985256894813,4,1.39,1,1,8.56754883695122e-13,6.81079999999747
1.39044355403606,0,-0.996481732644735,-0.0838102410528694,1.13380281975212
0.512857276771353,0,0.477701214986547,0.878522366932323,1.06869031861769
0.202850294218638,0,0.477701214986547,-0.878522366932323,1.59399087286007
0.0672777477205001,0,0.999092280118117,0.0425983075766008,-1.95058920893592
-1.85300983605469e-17,0,0.999092280118117,-0.0425983075766008,-2.091544594104
,,0.800052866122049,0.599929505366997,0.173397798496031
,,0.800052866122049,-0.599929505366997,0.695588931700278
