Q,P,EigValReal,EigValImag,AGPgrad,N,toda,k,E0,lmd,period
0,0,-0.937565203786989,0.347809558016822,14.6383619950578,3,1.37,1,1,1.37942387266049e-14,5.5963000000003
1.26159523957163,0,-0.937565203786989,-0.347809558016822,0.325880468354887
0.397373558275683,0,0.999222098076661,0.0394360078512184,2.49096724953107
0.115127315310116,0,0.999222098076661,-0.0394360078512184,-1.35526395021727
4.93701938331615e-17,0,0.100523497001042,0.994934684565114,-1.08114100199173
,,0.100523497001042,-0.994934684565114,0.971363800458975
