Q,P,EigValReal,EigValImag,AGPgrad,N,toda,k,E0,lmd,period
0,0,0.99972245931584,0.0235585300790878,-0.499688974592494,2,1.03,1,1,9.17389807739256e-15,4.93990000000183
1.17086626346097,0,0.99972245931584,-0.0235585300790878,-0.120973165300121
0.239101993256531,0,-0.946689606329261,0.32214715467959,0.450498187867808
-3.20689870768077e-17,0,-0.946689606329261,-0.32214715467959,1.51313571126086
