Q,P,EigValReal,EigValImag,AGPgrad,N,toda,k,E0,lmd,period
0,0,-0.988481524248381,0.151341587871894,0.496119266096679,4,0.3,1,1,3.43924961467903e-13,9.79179999999052
2.0001286999401,0,-0.988481524248381,-0.151341587871894,0.983893339219415
0.438915008841758,0,0.535767113206065,0.844365797748131,0.519663446324317
0.0859203369186863,0,0.535767113206065,-0.844365797748131,-0.827985001017617
0.0123720851509603,0,0.999996628660682,0.00259666464404916,-1.36267230442948
-5.03541239169273e-17,0,0.999996628660682,-0.00259666464404916,-1.44413729511524
,,0.976719908444744,0.214518578327563,1.67904067823829
,,0.976719908444744,-0.214518578327563,-0.262156011982918
