Q,P,EigValReal,EigValImag,AGPgrad,N,toda,k,E0,lmd,period
0,0,-0.316890902951116,0.948461994824689,-620.404113957855,3,2.81999999999998,1,1,1.50963030562034e-13,2.98980000000188
1.04871903221691,0,-0.316890902951116,-0.948461994824689,-6.06988031531882
0.372978337402465,0,0.997830027632784,0.0658425087183831,0.651366158025509
0.129121206355002,0,0.997830027632784,-0.0658425087183831,10.4303123881482
4.56966514742528e-17,0,0.459588134137078,0.888132167506844,26.992274563426
,,0.459588134137078,-0.888132167506844,13.4563325763951
