Q,P,EigValReal,EigValImag,AGPgrad,N,toda,k,E0,lmd,period
0,0,0.997642178639507,0.0686300473519818,-150.210569803081,4,2.64999999999999,1,1,1.50867883726483e-13,3.98170000000398
1.16123583733346,0,0.997642178639507,-0.0686300473519818,-4.75118386395185
0.462371084693564,0,0.10660465116272,0.994301487653767,1.98153403122203
0.207075540071643,0,0.10660465116272,-0.994301487653767,0.980485040009243
0.0792818793945278,0,-0.9060134428954,0.423248911744404,2.57400291986904
-1.00894526749742e-17,0,-0.9060134428954,-0.423248911744404,6.67574072518398
,,-0.924374221848621,0.381486956502772,4.56961615021736
,,-0.924374221848621,-0.381486956502772,1.07169938752115
