Q,P,EigValReal,EigValImag,AGPgrad,N,toda,k,E0,lmd,period
0,0,-0.699050883338422,0.715071928202877,222.513047459107,5,2.21,1,1,1.28006281110926e-14,5.7247
1.31832514997282,0,-0.699050883338422,-0.715071928202877,4.16536242847575
0.554213882294003,0,-0.479693376187729,0.877436188472772,2.47361061033201
0.27495018679455,0,-0.479693376187729,-0.877436188472772,2.6442130392627
0.133024779822896,0,0.649051420754348,0.76074453873608,1.29803230272417
0.05307831914803,0,0.649051420754348,-0.76074453873608,-4.83216701863197
2.50199565446792e-16,0,0.995658449230714,0.0930819664353239,-7.99133146200752
,,0.995658449230714,-0.0930819664353239,-3.79186095807689
,,0.996380575565243,0.0850044036288361,-9.0406193809733
,,0.996380575565243,-0.0850044036288361,-1.46219541681891
