Q,P,EigValReal,EigValImag,AGPgrad,N,toda,k,E0,lmd,period
0,0,0.999838635949643,0.0179639099961837,2.78066033286769,4,0.72,1,1,2.35533576390797e-13,8.71749999999302
1.65543415178062,0,0.999838635949643,-0.0179639099961837,-0.734721577304515
0.529592211825323,0,-0.537415568601269,0.843317559775077,0.00293188751523736
0.168245590962398,0,-0.537415568601269,-0.843317559775077,-0.348693890979238
0.0426293118506652,0,-0.175783275533857,0.984428890292536,0.0125606983818484
-3.10426600421787e-17,0,-0.175783275533857,-0.984428890292536,0.349747667912668
,,-0.329655848601161,0.944101171211563,0.448207535714692
,,-0.329655848601161,-0.944101171211563,-0.199006857438862
