Q,P,EigValReal,EigValImag,AGPgrad,N,toda,k,E0,lmd,period
0,0,0.999581008249178,0.0289449122919197,-5.42380025173259,4,0.960000000000001,1,1,7.65836359172324e-15,8.02779999999463
1.53666823467944,0,0.999581008249178,-0.0289449122919197,-2.96483157254861
0.528939189227189,0,0.668507084958803,0.74370577338077,-0.675877917157656
0.187481324821841,0,0.668507084958803,-0.74370577338077,-1.16998344074684
0.0543649995654992,0,-0.74595525450624,0.665996064759051,2.11086010449304
-2.51939975430964e-17,0,-0.74595525450624,-0.665996064759051,2.74030521270837
,,-0.987873960678072,0.155257971821861,0.756505076364336
,,-0.987873960678072,-0.155257971821861,-0.824710076631158
