Q,P,EigValReal,EigValImag,AGPgrad,N,toda,k,E0,lmd,period
0,0,0.989072766255233,0.147428162344479,-15481.6896987406,2,3.81999999999996,1,1,8.45574481540616e-15,1.40589999999986
0.892826916168997,0,0.989072766255233,-0.147428162344479,-8.4605971384471
0.254839897291354,0,0.948379797376308,0.317136815788516,122.845304009333
-9.07196433578198e-18,0,0.948379797376308,-0.317136815788516,339.108644607301
