Q,P,EigValReal,EigValImag,AGPgrad,N,toda,k,E0,lmd,period
0,0,0.995733665769625,0.0922738687442488,-3620.18263456793,2,3.22999999999998,1,1,1.45980256403509e-14,1.85629999999981
0.927846082348799,0,0.995733665769625,-0.0922738687442488,-5.98041000904168
0.258715890020231,0,0.8719051780003,0.489674749784229,49.7212397886969
-1.07258386551099e-17,0,0.8719051780003,-0.489674749784229,125.734367995835
