Q,P,EigValReal,EigValImag,AGPgrad,N,toda,k,E0,lmd,period
0,0,0.999690844503488,0.0248639380610809,-241.591694689649,2,2.24,1,1,1.61231678966217e-14,2.9479000000018
1.00533941365974,0,0.999690844503488,-0.0248639380610809,-2.59552646478491
0.262357365886248,0,0.436124010438682,0.899886574807541,9.78180018025947
-1.54325940515737e-17,0,0.436124010438682,-0.899886574807541,20.4056214360973
