Q,P,EigValReal,EigValImag,AGPgrad,N,toda,k,E0,lmd,period
0,0,-0.877185829859791,0.480151038625538,-110.419832929861,5,1.77,1,1,4.22333378060795e-13,6.90439999999725
1.40692494045273,0,-0.877185829859791,-0.480151038625538,-5.64133092009328
0.580686027960458,0,-0.255033459785271,0.966932228436901,-0.190216122527346
0.27941161708229,0,-0.255033459785271,-0.966932228436901,-4.98933479648228
0.129824419387045,0,0.30279006937786,0.953057277337597,1.08595924748376
0.0497675375536108,0,0.30279006937786,-0.953057277337597,4.8133139931147
2.66906007707827e-16,0,0.997959756088812,0.0638461058102849,5.05796500249372
,,0.997959756088812,-0.0638461058102849,3.7734857764073
,,0.813174013954778,0.582020637974867,6.89448262520235
,,0.813174013954778,-0.582020637974867,1.1096026512738
