Q,P,EigValReal,EigValImag,AGPgrad,N,toda,k,E0,lmd,period
0,0,0.999727790556538,0.0233311977605764,-8.16244811772935,2,1.34,1,1,3.78230502953342e-15,4.37620000000314
1.11541704347838,0,0.999727790556538,-0.0233311977605764,-0.526263067233621
0.25243053695236,0,-0.626445322389609,0.779465366809972,1.43902728569365
-2.53212644130534e-17,0,-0.626445322389609,-0.779465366809972,2.94523085022312
