Q,P,EigValReal,EigValImag,AGPgrad,N,toda,k,E0,lmd,period
0,0,0.995471737343152,0.0950579830995531,284.709300239966,5,2.66999999999999,1,0.999999999999999,5.23506053202004e-14,4.68770000000241
1.24699826198131,0,0.995471737343152,-0.0950579830995531,-2.09963047686264
0.531136997429286,0,-0.995624534837764,0.0934440240416005,5.11281735816295
0.269274435990332,0,-0.995624534837764,-0.0934440240416005,3.64276272028789
0.13399236351179,0,-0.49503025500079,0.868875737164898,1.07317753182272
0.0549218460821339,0,-0.49503025500079,-0.868875737164898,-3.6623057592933
2.36838432594507e-16,0,-0.0318599742552484,0.999492342161978,-6.91141614878416
,,-0.0318599742552484,-0.999492342161978,-4.99093552207317
,,0.216173475319173,0.976354970575973,-8.06871463599162
,,0.216173475319173,-0.976354970575973,-5.3004477748604
