Q,P,EigValReal,EigValImag,AGPgrad,N,toda,k,E0,lmd,period
0,0,-0.563346967866865,0.826220426880881,0.095024866337874,5,0.02,1,1,5.25629321767928e-15,12.1351999999851
2.72710830128471,0,-0.563346967866865,-0.826220426880881,0.020950870668749
0.0742241392721386,0,-0.116727382589614,0.993163993585045,-0.0494919263879999
0.0017974821997635,0,-0.116727382589614,-0.993163993585045,0.0226133711491912
3.67280989403973e-05,0,-0.118261057559203,0.9929825387513,0.0808743006480167
5.34043003375118e-07,0,-0.118261057559203,-0.9929825387513,-1.89847527256029
8.5482324015267e-16,0,0.908479193608862,0.417930083602281,-1.83421340984169
,,0.908479193608862,-0.417930083602281,0.0641672694997708
,,0.999999976376748,0.00021736256748706,1.84809202743231
,,0.999999976376748,-0.00021736256748706,1.79417359857135
