Q,P,EigValReal,EigValImag,AGPgrad,N,toda,k,E0,lmd,period
0,0,0.588220898940798,0.808700299276123,-4508.69906698311,3,3.89999999999996,1,1,2.15364113629322e-13,1.84349999999981
0.961683456698352,0,0.588220898940798,-0.808700299276123,-14.6588662035775
0.353912408926984,0,0.989454356298657,0.144845009585014,5.89452577499118
0.128199992166225,0,0.989454356298657,-0.144845009585014,27.4735898784788
4.3344179051774e-17,0,0.855721326779486,0.517436963208821,102.498463269577
,,0.855721326779486,-0.517436963208821,18.2975561778878
