Q,P,EigValReal,EigValImag,AGPgrad,N,toda,k,E0,lmd,period
0,0,-0.856000243095737,0.516975418970794,0.97245300269818,4,0.16,1,1,1.11148556637451e-14,10.0426999999899
2.16780821356434,0,-0.856000243095737,-0.516975418970794,-0.343850630812786
0.306611279729819,0,0.729369206856859,0.684120281886882,-0.153547160302201
0.0368788669212406,0,0.729369206856859,-0.684120281886882,0.487397314641611
0.00315142226030782,0,0.968001385839332,0.250944848548645,-1.23263741086475
-6.40071173923517e-17,0,0.968001385839332,-0.250944848548645,-0.205890809899737
,,0.99999815477239,0.00192105487016295,0.237378458513792
,,0.99999815477239,-0.00192105487016295,1.0175402560239
