Q,P,EigValReal,EigValImag,AGPgrad,N,toda,k,E0,lmd,period
0,0,0.993925435111683,0.110055574315871,-3435.33095701185,5,3.85999999999996,1,1,1.50550251725522e-13,2.78490000000145
1.11810259554916,0,0.993925435111683,-0.110055574315871,-18.2750895535297
0.486039637828247,0,0.676138743687398,0.73677432045696,1.45552154555894
0.25470647570629,0,0.676138743687398,-0.73677432045696,0.353286409630656
0.132108369989304,0,-0.00465634983338731,0.999989159144345,0.405153255248969
0.0562371916248583,0,-0.00465634983338731,-0.999989159144345,14.9631342402974
2.12708396115558e-16,0,-0.562630162124138,0.826708715732552,48.9182213378058
,,-0.562630162124138,-0.826708715732552,39.1196046742066
,,-0.829495366230586,0.5585135964343,24.4923623418443
,,-0.829495366230586,-0.5585135964343,11.7718969095344
