Q,P,EigValReal,EigValImag,AGPgrad,N,toda,k,E0,lmd,period
0,0,-0.462307770085611,0.886719530470868,1.3250941396727,3,0.65,1,1,1.16278414627773e-13,7.25689999999643
1.49712197933291,0,-0.462307770085611,-0.886719530470868,-1.56689446346797
0.372118372544916,0,0.999876578690445,0.0157107411115563,-0.269085798503707
0.0758031048790522,0,0.999876578690445,-0.0157107411115563,0.627412177230606
5.27840821347454e-17,0,0.576359320016376,0.8171963865744,1.46962602274487
,,0.576359320016376,-0.8171963865744,-0.715751804621608
