Q,P,EigValReal,EigValImag,AGPgrad,N,toda,k,E0,lmd,period
0,0,0.998600668261337,0.0528838855219292,-1273.83571132094,5,3.48999999999997,1,1,9.37077532349328e-13,3.27340000000248
1.15207208782277,0,0.998600668261337,-0.0528838855219292,-12.5750613254084
0.498312220079371,0,0.527081784883533,0.84981456332778,2.11648975568978
0.259053605423918,0,0.527081784883533,-0.84981456332778,0.690138190286673
0.133047971286119,0,-0.353186699120941,0.935552860913829,0.455444125437993
0.0561429682276126,0,-0.353186699120941,-0.935552860913829,7.72200326161569
2.19073386381209e-16,0,-0.885667320457312,0.464320360822106,23.1000134171764
,,-0.885667320457312,-0.464320360822106,18.8045718044859
,,-0.999868842538476,0.016195608070585,10.4024589653802
,,-0.999868842538476,-0.016195608070585,4.77741441665755
