Q,P,EigValReal,EigValImag,AGPgrad,N,toda,k,E0,lmd,period
0,0,0.998143795490221,0.0609012604502714,-256.573537843344,2,2.26,1,1,2.21282788764622e-16,2.92100000000174
1.00344272667867,0,0.998143795490221,-0.0609012604502714,-2.65021967591201
0.262361133690247,0,0.451829516124661,0.8921043035198,10.1328316128939
-1.52976895604657e-17,0,0.451829516124661,-0.8921043035198,21.2322876260631
