Q,P,EigValReal,EigValImag,AGPgrad,N,toda,k,E0,lmd,period
0,0,0.999636358301761,0.026965740507413,-1.89514929354381,4,0.910000000000001,1,1,1.43897468337448e-14,8.17239999999429
1.55850588314985,0,0.999636358301761,-0.026965740507413,-2.26299446422646
0.529977872245133,0,0.519413128873317,0.854523259808663,-0.443530931526319
0.184377127035738,0,0.519413128873317,-0.854523259808663,-0.82857059235888
0.0522470072505538,0,-0.673590350484354,0.739104890887878,1.43656080500911
-2.62455751858335e-17,0,-0.673590350484354,-0.739104890887878,1.93697062849728
,,-0.996596502799161,0.0824342805420537,0.632030731716128
,,-0.996596502799161,-0.0824342805420537,-0.623453894129038
