Q,P,EigValReal,EigValImag,AGPgrad,N,toda,k,E0,lmd,period
0,0,0.99166086859415,0.128874829579156,-10268.9274950628,2,3.64999999999997,1,1,2.70698248056493e-15,1.52299999999985
0.902292745413561,0,0.99166086859415,-0.128874829579156,-7.76210487828146
0.256007193324446,0,0.932937724608712,0.360037778575948,94.9454919781478
-9.4936448893758e-18,0,0.932937724608712,-0.360037778575948,255.97489659827
