Q,P,EigValReal,EigValImag,AGPgrad,N,toda,k,E0,lmd,period
0,0,0.999273425621786,0.0381132633880582,-57.6626563098063,2,1.8,1,1,1.77271146018148e-14,3.59580000000316
1.05215920541255,0,0.999273425621786,-0.0381132633880582,-1.45235294521604
0.260571221850991,0,-0.0110188216121037,0.99993929094234,4.26896616771223
-1.91218561999103e-17,0,-0.0110188216121037,-0.99993929094234,8.19100485566791
