Q,P,EigValReal,EigValImag,AGPgrad,N,toda,k,E0,lmd,period
0,0,0.999764159264545,0.0217169484523805,0.535333434376774,2,0.890000000000001,1,1,4.71587310637536e-15,5.19490000000123
1.20065516986318,0,0.999764159264545,-0.0217169484523805,-0.00983376864253325
0.229238551361596,0,-0.99901223182067,0.0444360289932941,0.159690821347346
-3.62673966265402e-17,0,-0.99901223182067,-0.0444360289932941,1.15143530990868
