Q,P,EigValReal,EigValImag,AGPgrad,N,toda,k,E0,lmd,period
0,0,0.977914826773288,0.209003807565514,-5323.3139388932,5,4.04999999999996,1,1,1.96049319273081e-13,2.56390000000099
1.10222792283446,0,0.977914826773288,-0.209003807565514,-21.4254051979234
0.480214682156142,0,0.734112382394485,0.679027989124976,1.20236979405891
0.252556535457301,0,0.734112382394485,-0.679027989124976,0.250540838491275
0.13156420708399,0,0.150461120398361,0.988615927065954,0.392556987747238
0.0562205201607749,0,0.150461120398361,-0.988615927065954,19.7398553249802
2.09732064321284e-16,0,-0.664122897804241,0.747623418983182,67.4703778968062
,,-0.664122897804241,-0.747623418983182,53.4419476783948
,,-0.373970816257142,0.927440471722031,34.2305951961752
,,-0.373970816257142,-0.927440471722031,16.5824756824827
