Q,P,EigValReal,EigValImag,AGPgrad,N,toda,k,E0,lmd,period
0,0,-0.900768177204662,0.434300231332432,-39.0666931403041,4,1.1,1,1,2.48745633065428e-14,7.62419999999557
1.48181111617184,0,-0.900768177204662,-0.434300231332432,-7.94734404460253
0.524682204451579,0,-0.690488416609935,0.72334344990987,-2.58766833109288
0.194371035540855,0,-0.690488416609935,-0.72334344990987,-4.19759722932033
0.0595166152555243,0,0.945707764386213,0.325018190844189,7.10013755529637
-2.26095706208201e-17,0,0.945707764386213,-0.325018190844189,8.91869262364398
,,0.999863697044453,0.0165102190363832,1.78917513540827
,,0.999863697044453,-0.0165102190363832,-2.13202155518792
