Q,P,EigValReal,EigValImag,AGPgrad,N,toda,k,E0,lmd,period
0,0,0.994156953785682,0.107944204288933,-10780.3026405869,2,3.66999999999997,1,1,1.23200157314041e-15,1.50869999999985
0.90115390177235,0,0.994156953785682,-0.107944204288933,-7.91993834619727
0.255872384278948,0,0.934975732728403,0.354711684624282,97.8795416761091
-9.44171795872157e-18,0,0.934975732728403,-0.354711684624282,264.597479377716
