Q,P,EigValReal,EigValImag,AGPgrad,N,toda,k,E0,lmd,period
0,0,0.531491689887376,0.847063506226468,17.3455329077239,3,1.22,1,1,3.1124799399887e-14,5.9376999999995
1.29794379682635,0,0.531491689887376,-0.847063506226468,1.14746098415704
0.397652979034219,0,0.999448334578678,0.0332118428859895,2.9860703666951
0.110441240677639,0,0.999448334578678,-0.0332118428859895,-2.27871653852867
4.9794345316358e-17,0,-0.996289683464018,0.0860631548524711,-2.2240558172666
,,-0.996289683464018,-0.0860631548524711,1.41191273665006
