Q,P,EigValReal,EigValImag,AGPgrad,N,toda,k,E0,lmd,period
0,0,0.983272283813073,0.18214174668366,-5814.29119107189,5,4.08999999999996,1,0.999999999999999,1.70933515724237e-13,2.51970000000089
1.09900433431408,0,0.983272283813073,-0.18214174668366,-22.165637664454
0.479026243183822,0,0.744980624143282,0.667086103626111,1.15588705166138
0.252111505826923,0,0.744980624143282,-0.667086103626111,0.234409339603275
0.131445919399716,0,0.180741448676049,0.983530644530447,0.390777888812256
0.0562125645003225,0,0.180741448676049,-0.983530644530447,20.8574343087369
2.09127103857825e-16,0,-0.626183488827635,0.779675726388641,71.898637041608
,,-0.626183488827635,-0.779675726388641,56.8809758842529
,,-0.334457740622209,0.942410748950739,36.5520802523513
,,-0.334457740622209,-0.942410748950739,17.7280520269193
