Q,P,EigValReal,EigValImag,AGPgrad,N,toda,k,E0,lmd,period
0,0,0.999881850188598,0.0153715862365521,0.577410227502623,2,0.880000000000001,1,1,9.22943602389848e-16,5.21290000000119
1.20291534796966,0,0.999881850188598,-0.0153715862365521,-0.00371538527085734
0.228406109307692,0,-0.999719166857236,0.0236978357299228,0.14200836708143
-3.66037760415387e-17,0,-0.999719166857236,-0.0236978357299228,1.13006727825989
