Q,P,EigValReal,EigValImag,AGPgrad,N,toda,k,E0,lmd,period
0,0,-0.953469839113436,0.301488417523774,-4.35039663409175,4,0.25,1,1,9.40028060537049e-15,9.89179999999029
2.05835404955794,0,-0.953469839113436,-0.301488417523774,5.61607001131184
0.403349786630279,0,0.615027402046427,0.788505735383077,2.66144089206788
0.0693128080535961,0,0.615027402046427,-0.788505735383077,-5.06361017020899
0.00865120927629773,0,0.999992814397701,0.00379093035792093,-2.52806562692627
-5.44385151372013e-17,0,0.999992814397701,-0.00379093035792093,-6.31403567923978
,,0.999554045238548,0.0298615245297099,7.99990738904482
,,0.999554045238548,-0.0298615245297099,-3.1599684580398
