Q,P,EigValReal,EigValImag,AGPgrad,N,toda,k,E0,lmd,period
0,0,0.999364309722009,0.0356507567076264,-439.165409685954,5,3.20999999999998,1,1,3.59490348408262e-13,3.70050000000338
1.18097547401888,0,0.999364309722009,-0.0356507567076264,-8.75284785266637
0.508543659712668,0,0.37518213339879,0.926951113478124,2.81636137750703
0.262473332192164,0,0.37518213339879,-0.926951113478124,1.16754044838056
0.133601337617295,0,-0.632952313564375,0.774190783175245,0.536242723508306
0.0559214280787652,0,-0.632952313564375,-0.774190783175245,3.51428848116367
2.24484657803048e-16,0,-0.873494609038635,0.486833819676137,10.0630460733443
,,-0.873494609038635,-0.486833819676137,8.35757861569327
,,-0.99933442151452,0.036478952510268,2.81237307651306
,,-0.99933442151452,-0.036478952510268,0.932895789110188
