Q,P,EigValReal,EigValImag,AGPgrad,N,toda,k,E0,lmd,period
0,0,0.992533186700951,0.121974887978331,-3118.69658123827,5,3.81999999999996,1,1,1.80808013409783e-13,2.83390000000156
1.12157182924237,0,0.992533186700951,-0.121974887978331,-17.6139433887864
0.487304837639381,0,0.66246675343574,0.749091316591185,1.51544822702157
0.25516626944266,0,0.66246675343574,-0.749091316591185,0.379102196784692
0.132218406397528,0,-0.0396441432508161,0.999213861946437,0.40868686634636
0.0562357029382895,0,-0.0396441432508161,-0.999213861946437,14.0608413879236
2.13358772272243e-16,0,-0.601780706466684,0.798661368368627,45.5391260054942
,,-0.601780706466684,-0.798661368368627,36.477347704368
,,-0.859770231657744,0.510681063634825,22.6852724559106
,,-0.859770231657744,-0.510681063634825,10.878313231603
