Q,P,EigValReal,EigValImag,AGPgrad,N,toda,k,E0,lmd,period
0,0,-0.0380982298458181,0.999273998902506,-723.485054594324,3,3.06999999999998,1,1,4.78290687797013e-14,2.67320000000122
1.02540365857239,0,-0.0380982298458181,-0.999273998902506,-7.97332124481945
0.368310474307575,0,0.9933381349963,0.115236060163675,2.78897261574641
0.129226813836367,0,0.9933381349963,-0.115236060163675,9.48464226276928
4.51168152763665e-17,0,0.598619012297401,0.801033880754156,27.4041273782273
,,0.598619012297401,-0.801033880754156,7.16646854653053
