Q,P,EigValReal,EigValImag,AGPgrad,N,toda,k,E0,lmd,period
0,0,0.999629136978996,0.0272321226238624,-515.038151800398,3,2.74999999999999,1,1,8.45531921016717e-14,3.08480000000209
1.05568966660098,0,0.999629136978996,-0.0272321226238624,-5.6679654566092
0.374307132695317,0,-0.399379526674642,0.916785685792031,0.690252943083733
0.129037116405013,0,-0.399379526674642,-0.916785685792031,9.33053268743825
4.58626553984299e-17,0,0.413658014572362,0.910432340693178,23.7449943575671
,,0.413658014572362,-0.910432340693178,11.8266952280306
