Q,P,EigValReal,EigValImag,AGPgrad,N,toda,k,E0,lmd,period
0,0,-0.931403036242896,0.363989538417674,14.4221016616314,3,1.38,1,1,1.90645474509282e-14,5.57380000000035
1.25933085845949,0,-0.931403036242896,-0.363989538417674,0.28245376084357
0.397313643527907,0,0.99995383108735,0.00960914635782985,2.46564987475317
0.115398728267251,0,0.99995383108735,-0.00960914635782985,-1.30413385727552
4.93429119138512e-17,0,0.0710152232399922,0.997475231806866,-1.01563274968787
,,0.0710152232399922,-0.997475231806866,0.955169661792368
