Q,P,EigValReal,EigValImag,AGPgrad,N,toda,k,E0,lmd,period
0,0,0.996513853212277,0.083427455649576,-4539.88641908833,4,3.83999999999996,1,1,2.91206927750074e-14,2.35690000000055
1.04462181273507,0,0.996513853212277,-0.083427455649576,-16.5304597585419
0.427883476501588,0,0.747202868093445,0.664596023094425,0.556039926381162
0.200248125442233,0,0.747202868093445,-0.664596023094425,0.356414971481269
0.0802916982696748,0,-0.183072177579326,0.983099475025987,23.8673124711184
-6.98637986495627e-18,0,-0.183072177579326,-0.983099475025987,78.5529578952442
,,0.225646815095435,0.974209174067509,53.7827992254957
,,0.225646815095435,-0.974209174067509,25.9973709751644
