Q,P,EigValReal,EigValImag,AGPgrad,N,toda,k,E0,lmd,period
0,0,0.992815351362178,0.119656500448567,-1859.79029165204,5,3.61999999999997,1,1,1.19965465669916e-13,3.0925000000021
1.13963652643886,0,0.992815351362178,-0.119656500448567,-14.4782813391328
0.493849753118295,0,0.585528875460625,0.81065155029877,1.85573671754526
0.257502601497679,0,0.585528875460625,-0.81065155029877,0.543306408031409
0.132739835682604,0,-0.225186150245356,0.974315758744396,0.432617124723189
0.0561981333993867,0,-0.225186150245356,-0.974315758744396,10.0056216912638
2.16744075853095e-16,0,-0.785645724259261,0.618676648947697,30.88167842403
,,-0.785645724259261,-0.618676648947697,24.9622848381175
,,-0.9730475893256,0.230604399150675,14.732851866518
,,-0.9730475893256,-0.230604399150675,6.93650678678036
