Q,P,EigValReal,EigValImag,AGPgrad,N,toda,k,E0,lmd,period
0,0,-0.998394371050338,0.0566452103446341,55.2986920301231,4,1.31,1,1,1.60263721156859e-14,7.03089999999695
1.41320503098676,0,-0.998394371050338,-0.0566452103446341,4.32005665075241
0.516316009050578,0,0.163484262093639,0.986545942188042,2.57587995459365
0.201095844558189,0,0.163484262093639,-0.986545942188042,3.87496384591781
0.0654639230500748,0,0.926480334370288,0.376343181185893,-5.39415288999028
-1.95159784206158e-17,0,0.926480334370288,-0.376343181185893,-6.5923905648758
,,0.999467016174061,0.0326448093890582,-0.75117115823194
,,0.999467016174061,-0.0326448093890582,1.13250960121059
