Q,P,EigValReal,EigValImag,AGPgrad,N,toda,k,E0,lmd,period
0,0,0.996258925992807,0.0864184724446253,-425.537598682032,3,2.67999999999999,1,1,3.19370578708806e-14,3.18280000000229
1.06287401660954,0,0.996258925992807,-0.0864184724446253,-5.26902009467627
0.375643597298697,0,0.364350772776547,0.931261786168185,0.733432018555943
0.128924729137746,0,0.364350772776547,-0.931261786168185,8.31933363007445
4.60301948867123e-17,0,-0.482467828824964,0.875913691038629,20.8266486811397
,,-0.482467828824964,-0.875913691038629,10.3561857643004
