Q,P,EigValReal,EigValImag,AGPgrad,N,toda,k,E0,lmd,period
0,0,0.999933083004692,0.0115684706312653,-0.0698261327294019,4,0.870000000000001,1,1,1.46437420407342e-14,8.28789999999402
1.5769629680697,0,0.999933083004692,-0.0115684706312653,-1.82833858339668
0.530547730372322,0,0.385641076378555,0.922648882408461,-0.308218079236101
0.181597288683932,0,0.385641076378555,-0.922648882408461,-0.646855066732778
0.0504358925996952,0,-0.609739721694112,0.792601710689784,1.02602631497109
-2.71433591933114e-17,0,-0.609739721694112,-0.792601710689784,1.46004479275486
,,-0.962498502975777,0.27128699152261,0.563042046722012
,,-0.962498502975777,-0.27128699152261,-0.497173014274269
