Q,P,EigValReal,EigValImag,AGPgrad,N,toda,k,E0,lmd,period
0,0,0.999132122009116,0.0416533644443136,-27.0283639444393,2,1.6,1,1,2.52454324611166e-15,3.92370000000386
1.07744100423753,0,0.999132122009116,-0.0416533644443136,-1.00997227202298
0.258156200049216,0,-0.272078549999907,0.962275045207949,2.77847269380713
-2.14216686529792e-17,0,-0.272078549999907,-0.962275045207949,5.27564767896404
