Q,P,EigValReal,EigValImag,AGPgrad,N,toda,k,E0,lmd,period
0,0,0.999943052248017,0.0106720317142648,1.59080711467353,3,0.46,1,1,1.36146891331346e-14,7.6557999999955
1.59830100194458,0,0.999943052248017,-0.0106720317142648,-0.624581454638405
0.335918582656523,0,-0.0638386408663204,0.997960233642776,0.107076882522273
0.0545100667357095,0,-0.0638386408663204,-0.997960233642776,-0.295920321699239
5.60543265092841e-17,0,-0.0485590046122381,0.998820315708013,0.501374711669958
,,-0.0485590046122381,-0.998820315708013,-0.0499403623381646
