Q,P,EigValReal,EigValImag,AGPgrad,N,toda,k,E0,lmd,period
0,0,-0.357363032940145,0.933965557549004,0.237104966560477,2,0.28,1,1,9.23123810501036e-15,6.13069999999905
1.36804909173091,0,-0.357363032940145,-0.933965557549004,0.0414324025714082
0.117909638095208,0,0.999997211325656,0.00236163944899636,-0.314745894684261
-7.1717524289168e-17,0,0.999997211325656,-0.00236163944899636,0.442896051283932
