Q,P,EigValReal,EigValImag,AGPgrad,N,toda,k,E0,lmd,period
0,0,-0.463470923892624,0.886112127614862,3.04328605273847,5,0.79,1,1,4.25486544785786e-15,10.1013999999898
1.77432557150589,0,-0.463470923892624,-0.886112127614862,-0.737854715092634
0.654606403342125,0,-0.307991948005268,0.951388963549565,-0.291597950655388
0.263786720654927,0,-0.307991948005268,-0.951388963549565,-0.181088317537506
0.0970736968065953,0,0.999848650340295,0.0173975979002744,-0.636165215641486
0.0289540082809405,0,0.999848650340295,-0.0173975979002744,0.31560476190416
3.41503390610865e-16,0,0.415045452372405,0.909800677327183,-0.0465141782061525
,,0.415045452372405,-0.909800677327183,0.399847089223396
,,0.682769909668244,0.730633458343942,0.407759545098522
,,0.682769909668244,-0.730633458343942,-0.803265283303893
