Q,P,EigValReal,EigValImag,AGPgrad,N,toda,k,E0,lmd,period
0,0,-0.775688168594683,0.631116364153413,233.451730942729,4,1.77,1,1,6.08694348601015e-13,5.82499999999976
1.30056165221253,0,-0.775688168594683,-0.631116364153413,5.1143767742427
0.496223869862706,0,-0.172635367924494,0.984985801796948,9.34161749833902
0.207416050661421,0,-0.172635367924494,-0.984985801796948,8.4413264433493
0.0734582182461786,0,0.998775977473485,0.0494625800164867,-11.0523539586188
-1.48736911700541e-17,0,0.998775977473485,-0.0494625800164867,-17.1186944653697
,,0.936597242486154,0.350407770129827,-7.00332368487215
,,0.936597242486154,-0.350407770129827,-6.72283295461732
