Q,P,EigValReal,EigValImag,AGPgrad,N,toda,k,E0,lmd,period
0,0,0.552812559367098,0.833305630729809,-3890.91181709639,3,3.82999999999996,1,1,1.37053867937742e-13,1.90199999999981
0.966405464003014,0,0.552812559367098,-0.833305630729809,-14.0154608246231
0.355057389950052,0,0.992212860721617,0.124553759552013,5.59827519204399
0.128339199206646,0,0.992212860721617,-0.124553759552013,25.1839650371935
4.34846477503586e-17,0,0.842574846867258,0.538579267542511,92.4346920283509
,,0.842574846867258,-0.538579267542511,16.9222515446461
