Q,P,EigValReal,EigValImag,AGPgrad,N,toda,k,E0,lmd,period
0,0,0.999746147578562,0.0225308766320671,-0.291858937167263,2,1.01,1,1,6.87440963477913e-15,4.97650000000174
1.17491871058794,0,0.999746147578562,-0.0225308766320671,-0.102257776242007
0.237877533629184,0,-0.958687674749734,0.284460792171654,0.403836489916955
-3.26152417277316e-17,0,-0.958687674749734,-0.284460792171654,1.45337561330472
