Q,P,EigValReal,EigValImag,AGPgrad,N,toda,k,E0,lmd,period
0,0,0.998382533078344,0.0568534752155706,-325.371570615298,2,2.33999999999999,1,1,4.34714526129502e-15,2.81530000000152
0.996026020705883,0,0.998382533078344,-0.0568534752155706,-2.88277860887824
0.262327685236436,0,0.51105712460119,0.859546749976035,11.6518811887655
-1.47803861670003e-17,0,0.51105712460119,-0.859546749976035,24.8421179022477
