Q,P,EigValReal,EigValImag,AGPgrad,N,toda,k,E0,lmd,period
0,0,-0.883100366918513,0.469184123717313,-29.0758950715306,4,1.08,1,1,2.98218781025521e-14,7.68159999999544
1.48913897482553,0,-0.883100366918513,-0.469184123717313,-6.57113995981722
0.525381715014888,0,-0.753829124608933,0.657070506788529,-2.03538218331172
0.19352724499553,0,-0.753829124608933,-0.657070506788529,-3.31851310551312
0.0588454949173666,0,0.920201947002238,0.391443963720599,5.70483963261437
-2.29496378183754e-17,0,0.920201947002238,-0.391443963720599,7.17652128797822
,,0.999848586790309,0.0174012497663699,1.49390970389213
,,0.999848586790309,-0.0174012497663699,-1.7829717190273
