Q,P,EigValReal,EigValImag,AGPgrad,N,toda,k,E0,lmd,period
0,0,0.998260170005983,0.0589629797383802,126.36809224967,4,1.93,1,1,8.7756201011508e-14,5.44330000000065
1.26954994902895,0,0.998260170005983,-0.0589629797383802,0.947297520617419
0.489476109942757,0,0.634134550382294,0.773222718245824,5.02803819218382
0.208113582156983,0,0.634134550382294,-0.773222718245824,3.92202672883071
0.0751759750407368,0,-0.619902134253796,0.78467913439034,-4.66238858575527
-1.37102251905252e-17,0,-0.619902134253796,-0.78467913439034,-7.2688722850252
,,-0.545719142430208,0.837968148311879,-3.25055144041106
,,-0.545719142430208,-0.837968148311879,-3.75412256495614
