Q,P,EigValReal,EigValImag,AGPgrad,N,toda,k,E0,lmd,period
0,0,0.999970460624904,0.00768621347770005,0.664888761504284,2,0.52,1,1,5.99165565666825e-16,5.82089999999977
1.2970640533601,0,0.999970460624904,-0.00768621347770005,0.078346796937039
0.180897212991001,0,-0.734779982713867,0.678305518924203,-0.261222876914325
-5.3337913565072e-17,0,-0.734779982713867,-0.678305518924203,0.61360786042133
