Q,P,EigValReal,EigValImag,AGPgrad,N,toda,k,E0,lmd,period
0,0,-0.224375666543214,0.974502724605366,-763.486182117327,3,2.89999999999998,1,1,6.67627124508078e-14,2.88470000000166
1.0409996656853,0,-0.224375666543214,-0.974502724605366,-6.54174193438424
0.371470544296889,0,0.995748531583771,0.0921133098348527,0.611065577048962
0.129185920308361,0,0.995748531583771,-0.0921133098348527,11.8059191465096
4.55088592476242e-17,0,0.508180998112083,0.861250296463106,31.1358211348353
,,0.508180998112083,-0.861250296463106,15.5336576266037
