Q,P,EigValReal,EigValImag,AGPgrad,N,toda,k,E0,lmd,period
0,0,0.996493170872485,0.0836741322303073,-293.982386926373,3,2.54999999999999,1,1,3.77866962234383e-14,3.37260000000269
1.07682538880637,0,0.996493170872485,-0.0836741322303073,-4.5674603202407
0.37814167193431,0,0.263671636237941,0.964612496416885,0.823460282027278
0.128631289700829,0,0.263671636237941,-0.964612496416885,6.65241807211138
4.63452165967069e-17,0,-0.634281682663069,0.773102028866889,16.1527757952835
,,-0.634281682663069,-0.773102028866889,8.00741144523072
