Q,P,EigValReal,EigValImag,AGPgrad,N,toda,k,E0,lmd,period
0,0,0.999979023220357,0.00647712276040713,2.26436558068734,5,0.32,1,1,1.01112875216091e-14,11.5974999999863
2.23169234652672,0,0.999979023220357,-0.00647712276040713,-0.165970020172748
0.614831413275166,0,0.633606039368081,0.773655858167116,-0.42216888776007
0.167618149159023,0,0.633606039368081,-0.773655858167116,0.0977136358597437
0.0393223785671682,0,0.312289044854947,0.949987132788432,0.343826332738596
0.00706305043817966,0,0.312289044854947,-0.949987132788432,-0.897254657936922
4.71785416736245e-16,0,-0.748592203268298,0.663030703064277,-0.377427909037728
,,-0.748592203268298,-0.663030703064277,-0.237248571850303
,,-0.9117923268768,0.410651619561639,-0.0385018412841047
,,-0.9117923268768,-0.410651619561639,0.380533082791403
