Q,P,EigValReal,EigValImag,AGPgrad,N,toda,k,E0,lmd,period
0,0,0.999978147173839,0.00661098894316435,0.907343261123131,4,0.840000000000001,1,1,9.22679987761775e-13,8.37439999999382
1.59143038956682,0,0.999978147173839,-0.00661098894316435,-1.55308698464271
0.530790697640537,0,0.278640114286843,0.960395588656158,-0.226143409601339
0.179320067048256,0,0.278640114286843,-0.960395588656158,-0.54755668006044
0.0490060076463352,0,-0.558545349218428,0.829473985647813,0.768961004543535
-2.78525069453435e-17,0,-0.558545349218428,-0.829473985647813,1.16807130010584
,,-0.913215175901652,0.407477658900357,0.524156760032222
,,-0.913215175901652,-0.407477658900357,-0.417633666127793
