Q,P,EigValReal,EigValImag,AGPgrad,N,toda,k,E0,lmd,period
0,0,0.999382215726495,0.035145225700783,-20.27861265346,5,1.19,1,0.999999999999999,1.23702211650377e-14,8.73009999999299
1.57903291128742,0,0.999382215726495,-0.035145225700783,-4.92209877345469
0.62361650191957,0,0.849370404318738,0.527797230257441,-0.0624822702495951
0.279201138413581,0,0.849370404318738,-0.527797230257441,-0.460143814605535
0.117810655778887,0,0.0302399261061884,0.999542668858663,-2.42759125840356
0.0408392507467247,0,0.0302399261061884,-0.999542668858663,2.91981667328702
3.00292594265345e-16,0,-0.895978050359706,0.444098337391186,3.37691471210595
,,-0.895978050359706,-0.444098337391186,2.6909389997085
,,-0.999529756214837,0.0306637643012599,-0.00185896250894368
,,-0.999529756214837,-0.0306637643012599,-0.367897494065453
