Q,P,EigValReal,EigValImag,AGPgrad,N,toda,k,E0,lmd,period
0,0,0.999987602193936,0.00497950383418907,1.92417158035046,5,0.28,1,1,1.12438433053772e-14,11.7022999999861
2.29456016023692,0,0.999987602193936,-0.00497950383418907,-0.0557719230672839
0.5919987125206,0,0.693684725985895,0.720278766127313,-0.362819010752914
0.149044272821381,0,0.693684725985895,-0.720278766127313,0.102754285394401
0.0321276634253043,0,0.141018732928307,0.990006927735006,0.319938992920245
0.00525376231783423,0,0.141018732928307,-0.990006927735006,-1.07081734744728
4.96364076697554e-16,0,-0.650511510062042,0.759496395828712,-0.58287664714502
,,-0.650511510062042,-0.759496395828712,-0.164345057010421
,,-0.812643674294034,0.58276089318853,0.142611217545259
,,-0.812643674294034,-0.58276089318853,0.442279448735694
