Q,P,EigValReal,EigValImag,AGPgrad,N,toda,k,E0,lmd,period
0,0,0.995978723087528,0.089590084032765,-896.148825051514,4,3.15999999999998,1,1,4.34202810507217e-14,3.18020000000229
1.10459060842513,0,0.995978723087528,-0.089590084032765,-9.13100163346158
0.446242227593061,0,0.468788049431805,0.883310684136625,1.1383025047716
0.204461448488595,0,0.468788049431805,-0.883310684136625,0.539339196707382
0.0802094457429646,0,-0.416798950913065,0.908998698853722,8.78104292784488
-8.48031649764972e-18,0,-0.416798950913065,-0.908998698853722,24.7461201016719
,,-0.863939023153522,0.503596429964046,17.1068787729145
,,-0.863939023153522,-0.503596429964046,7.63631940886204
