Q,P,EigValReal,EigValImag,AGPgrad,N,toda,k,E0,lmd,period
0,0,0.999097430896449,0.0424773301428317,-191.867180656078,3,2.40999999999999,1,1,8.4931027146933e-14,3.58880000000315
1.09282376507812,0,0.999097430896449,-0.0424773301428317,-3.85638497702057
0.380844176607376,0,0.141596215997551,0.989924497936677,0.937094871242597
0.128171093475042,0,0.141596215997551,-0.989924497936677,5.12411970799971
4.66897376369234e-17,0,-0.785131277719055,0.619329376622205,12.0646016625224
,,-0.785131277719055,-0.619329376622205,5.96164116149618
