Q,P,EigValReal,EigValImag,AGPgrad,N,toda,k,E0,lmd,period
0,0,0.996638999529821,0.081918890472236,-204.379571091614,3,2.42999999999999,1,1,4.64004713516983e-14,3.55720000000308
1.09047199033334,0,0.996638999529821,-0.081918890472236,-3.9533595544329
0.380457912533556,0,0.15987210064562,0.987137736810398,0.920029214517103
0.128247078345903,0,0.15987210064562,-0.987137736810398,5.32714186243772
4.6640209342518e-17,0,-0.764917055751427,0.644128789777768,12.5973925184656
,,-0.764917055751427,-0.644128789777768,6.22578362912866
