Q,P,EigValReal,EigValImag,AGPgrad,N,toda,k,E0,lmd,period
0,0,-0.469406057386011,0.882982419581121,1.03794040659172,3,0.32,1,1,1.15127024557355e-15,7.90899999999491
1.6876057559588,0,-0.469406057386011,-0.882982419581121,-0.3159153507606
0.283882161499852,0,0.999996627352173,0.00259716851481326,0.169591120532372
0.0349395354974273,0,0.999996627352173,-0.00259716851481326,-0.605259712892173
6.11709277190106e-17,0,0.224246839467243,0.974532377599107,0.258657875692644
,,0.224246839467243,-0.974532377599107,0.256797544860945
