Q,P,EigValReal,EigValImag,AGPgrad,N,toda,k,E0,lmd,period
0,0,0.260357183223838,0.965512370269665,-2489.70539524428,3,3.38999999999997,1,1,8.14503279017318e-13,2.31590000000046
0.998651472555124,0,0.260357183223838,-0.965512370269665,-9.78874622156433
0.362548238870943,0,0.997428024303308,0.0716752142260972,0.439902108346289
0.129023955726386,0,0.997428024303308,-0.0716752142260972,23.8378893337054
4.44054637972068e-17,0,0.728351119262315,0.685204091544511,69.8759233718662
,,0.728351119262315,-0.685204091544511,34.8848983675595
