Q,P,EigValReal,EigValImag,AGPgrad,N,toda,k,E0,lmd,period
0,0,-0.966856483935128,0.255320464265235,-3.85944598172259,4,1.2,1,1,3.57449709291604e-14,7.33929999999623
1.44737543779414,0,-0.966856483935128,-0.255320464265235,-0.883156818136846
0.520903325885015,0,-0.307378977042622,0.951587181750703,-0.271243063114185
0.197991440536251,0,-0.307378977042622,-0.951587181750703,-0.421286002374969
0.062579085238658,0,0.999406076179077,0.034460047827619,0.906601310875585
-2.10315437041433e-17,0,0.999406076179077,-0.034460047827619,0.892110112546568
,,0.999848327653326,0.0174161330046017,-0.140333940207843
,,0.999848327653326,-0.0174161330046017,-0.600759446721068
