Q,P,EigValReal,EigValImag,AGPgrad,N,toda,k,E0,lmd,period
0,0,0.998519102941,0.0544022155974519,-2341.75047446746,2,3.05999999999998,1,1,6.307617532016e-13,2.01099999999982
0.939205655595037,0,0.998519102941,-0.0544022155974519,-5.32225131707356
0.259700268517497,0,0.833695697391928,0.552224124925913,38.0717549615806
-1.1320215970326e-17,0,0.833695697391928,-0.552224124925913,93.5444808078032
