Q,P,EigValReal,EigValImag,AGPgrad,N,toda,k,E0,lmd,period
0,0,-0.556885623131633,0.830589190123064,0.58648176636521,3,0.7,1,1,3.44629393720225e-13,7.14529999999669
1.47415764681089,0,-0.556885623131633,-0.830589190123064,-2.05392918631069
0.377800666269187,0,0.999892717167624,0.014647667224878,-0.543656686830571
0.0803939074633223,0,0.999892717167624,-0.014647667224878,1.11567159301691
5.22805987486166e-17,0,0.712819835829426,0.701347190518429,2.02675288409651
,,0.712819835829426,-0.701347190518429,-1.05703955211354
