Q,P,EigValReal,EigValImag,AGPgrad,N,toda,k,E0,lmd,period
0,0,0.998914631150325,0.0465785323277183,-784.906694155014,2,2.64999999999999,1,1,4.36263059225939e-14,2.43760000000072
0.969586957769709,0,0.998914631150325,-0.0465785323277183,-3.8527717426054
0.261606243753314,0,0.690137694984971,0.723678078955584,19.6587795669081
-1.30640403959583e-17,0,0.690137694984971,-0.723678078955584,44.7289812058765
