Q,P,EigValReal,EigValImag,AGPgrad,N,toda,k,E0,lmd,period
0,0,0.851388856679313,0.524535046228835,0.833418599930226,5,0.14,1,0.999999999999999,1.0172785313445e-14,12.0064999999854
2.55243182553979,0,0.851388856679313,-0.524535046228835,0.0734019884162752
0.421566456943551,0,0.999996751814919,0.00254879571546601,-0.239046489262034
0.0642279698496421,0,0.999996751814919,-0.00254879571546601,0.108796014073206
0.00827433189677235,0,-0.292623345088001,0.956227785577002,0.28525246737527
0.000778146045200323,0,-0.292623345088001,-0.956227785577002,-1.58682979264731
6.33930143821549e-16,0,-0.367561133851906,0.929999361764018,-1.21711686171946
,,-0.367561133851906,-0.929999361764018,0.121477760748178
,,-0.358490750878002,0.933533278215039,1.03042047171644
,,-0.358490750878002,-0.933533278215039,0.997292303833263
