Q,P,EigValReal,EigValImag,AGPgrad,N,toda,k,E0,lmd,period
0,0,0.992108669411198,0.125380971758635,-6284.50320179824,2,3.44999999999997,1,1,9.92344641805423e-13,1.67349999999983
0.914049588123444,0,0.992108669411198,-0.125380971758635,-6.87005251012666
0.257335149801481,0,0.908721199690183,0.417403619095013,69.9144922063429
-1.00432330887586e-17,0,0.908721199690183,-0.417403619095013,183.049983740826
