Q,P,EigValReal,EigValImag,AGPgrad,N,toda,k,E0,lmd,period
0,0,0.999252533336208,0.0386571419176072,90.3924444097998,4,2.07,1,1,2.53273510236936e-14,5.12640000000139
1.24491242174746,0,0.999252533336208,-0.0386571419176072,-0.486465989686109
0.483777957897232,0,-0.78519851258712,0.619244132657691,3.90854669699344
0.208348596076078,0,-0.78519851258712,-0.619244132657691,2.70599387455454
0.0763738405001552,0,-0.47229335568565,0.88144142526613,-2.70461036809854
-1.28249953770753e-17,0,-0.47229335568565,-0.88144142526613,-4.15355035668677
,,0.259245388836974,0.965811486971849,-1.96731464575851
,,0.259245388836974,-0.965811486971849,-2.83458970754272
