Q,P,EigValReal,EigValImag,AGPgrad,N,toda,k,E0,lmd,period
0,0,0.998211374374827,0.0597833761903425,-110.267069093066,2,1.99,1,1,1.61581987782281e-14,3.30330000000255
1.03064367495073,0,0.998211374374827,-0.0597833761903425,-1.91806263086813
0.261806848959512,0,0.205891191960996,0.978574890886159,6.19619488922278
-1.73385051730688e-17,0,0.205891191960996,-0.978574890886159,12.269208054803
