Q,P,EigValReal,EigValImag,AGPgrad,N,toda,k,E0,lmd,period
0,0,-0.852921524814131,0.522039148444573,-76.1498283617146,3,0.900000000000001,1,1,1.11446354714864e-14,6.68459999999776
1.39467301416178,0,-0.852921524814131,-0.522039148444573,-27.6497455961093
0.391537828195801,0,0.999962336960433,0.00867897808817348,-20.5161982914257
0.0952490597537499,0,0.999962336960433,-0.00867897808817348,27.7524700264512
5.09583151905914e-17,0,0.99796878904271,0.0637047572526473,34.0118712289019
,,0.99796878904271,-0.0637047572526473,-19.6862030356327
