Q,P,EigValReal,EigValImag,AGPgrad,N,toda,k,E0,lmd,period
0,0,0.999227449585025,0.0393001780629612,-37.0274596023297,2,1.68,1,1,1.12378333070584e-14,3.79020000000357
1.06696801227872,0,0.999227449585025,-0.0393001780629612,-1.18041439661425
0.259286848725071,0,-0.164524032677825,0.986373074790372,3.31825150512131
-2.0441347991992e-17,0,-0.164524032677825,-0.986373074790372,6.30041154385229
