Q,P,EigValReal,EigValImag,AGPgrad,N,toda,k,E0,lmd,period
0,0,-0.989801051435404,0.142456584885983,0.693701671101781,5,0.55,1,1,8.61901640784556e-15,10.9065999999879
1.95792526383189,0,-0.989801051435404,-0.142456584885983,-8.26561801677111
0.660976460638861,0,-0.647121931812912,0.762386519664885,-4.66712727236792
0.234539336350287,0,-0.647121931812912,-0.762386519664885,-0.458128061943084
0.0738977523074912,0,0.198219619873901,0.980157631351741,4.30632118150201
0.0185022648888087,0,0.198219619873901,-0.980157631351741,5.36130459628932
3.86197029266118e-16,0,0.999896157458486,0.014410909053931,8.81197337432271
,,0.999896157458486,-0.014410909053931,-2.55346065714467
,,0.992746687094124,0.120224852936661,-4.8052302500108
,,0.992746687094124,-0.120224852936661,2.31947808657336
