Q,P,EigValReal,EigValImag,AGPgrad,N,toda,k,E0,lmd,period
0,0,0.99939757960536,0.0347055885834765,16.6550677147034,3,1.26,1,1,3.48187175939138e-14,5.84579999999971
1.28778816411338,0,0.99939757960536,-0.0347055885834765,0.884290997896804
0.397706633085502,0,0.421193964395213,0.906970586268948,2.8225975041759
0.111811777431866,0,0.421193964395213,-0.906970586268948,-1.99010364910873
4.96778218345678e-17,0,-0.987256693122009,0.159135859836158,-1.87361656412666
,,-0.987256693122009,-0.159135859836158,1.25039064508362
