Q,P,EigValReal,EigValImag,AGPgrad,N,toda,k,E0,lmd,period
0,0,0.999989452383156,0.00459294267712271,1.29441658008923,3,0.38,1,1,1.05138121570998e-14,7.80609999999515
1.64796724719455,0,0.999989452383156,-0.00459294267712271,-0.424364787599969
0.309894895436021,0,-0.30304502809846,0.952976238394641,0.151900540661712
0.0436667279820084,0,-0.30304502809846,-0.952976238394641,-0.494015375191325
5.85548083983823e-17,0,0.105047175292976,0.994467239763566,0.335198883920868
,,0.105047175292976,-0.994467239763566,0.127960602069105
