Q,P,EigValReal,EigValImag,AGPgrad,N,toda,k,E0,lmd,period
0,0,0.995720497285343,0.0924158605746101,-65.1038040852444,4,2.51999999999999,1,1,1.08159416736433e-14,4.21550000000351
1.17787332735147,0,0.995720497285343,-0.0924158605746101,-3.77655496779257
0.466866875542906,0,-0.0103852294257499,0.999946072050769,2.28394283185783
0.207579217180935,0,-0.0103852294257499,-0.999946072050769,1.18766759561249
0.0788493245558552,0,-0.781425979846129,0.62399794712926,1.36353246026928
-1.05993936337101e-17,0,-0.781425979846129,-0.62399794712926,3.75565494864207
,,-0.975750181941707,0.218887145444224,2.59369389118531
,,-0.975750181941707,-0.218887145444224,-0.0312844249673369
