Q,P,EigValReal,EigValImag,AGPgrad,N,toda,k,E0,lmd,period
0,0,0.985702569144081,0.168494644374,-6343.81096721034,5,4.12999999999996,1,1,1.59899214552237e-13,2.4763000000008
1.09582119807238,0,0.985702569144081,-0.168494644374,-22.8990131802625
0.477850067158547,0,0.755412390620704,0.655249662416328,1.11119934170852
0.251668906226276,0,0.755412390620704,-0.655249662416328,0.218989329700361
0.131326387983018,0,0.210167330935815,0.977665429994999,0.389215928884958
0.0562031435377094,0,0.210167330935815,-0.977665429994999,22.0185842176174
2.0852982624198e-16,0,-0.58761360191359,0.809141677857544,76.5531213509342
,,-0.58761360191359,-0.809141677857544,60.475678937616
,,-0.295266390662478,0.955414966674246,38.9764647605708
,,-0.295266390662478,-0.955414966674246,18.9243758497818
