Q,P,EigValReal,EigValImag,AGPgrad,N,toda,k,E0,lmd,period
0,0,-0.704623836768691,0.709581037413894,887.802820660996,5,1.98,1,1,2.44630361166309e-14,6.31789999999861
1.36151091712249,0,-0.704623836768691,-0.709581037413894,27.0428534855059
0.567441499213081,0,-0.236921014675802,0.971528915063769,5.61235212073701
0.277494568591651,0,-0.236921014675802,-0.971528915063769,22.5309701563215
0.131736286494743,0,0.583380179217803,0.812199216015257,0.458831858933644
0.0515986845862421,0,0.583380179217803,-0.812199216015257,-26.9066938737257
2.5832187338142e-16,0,0.997749308477196,0.0670545854753196,-33.2451096739978
,,0.997749308477196,-0.0670545854753196,-14.3829291269778
,,0.991624361154087,0.129155434905941,-44.0053282743416
,,0.991624361154087,-0.129155434905941,-3.51985372505722
