Q,P,EigValReal,EigValImag,AGPgrad,N,toda,k,E0,lmd,period
0,0,-0.783981020929269,0.620784792679961,3.81921249490196,5,1.08,1,1,1.58628964263128e-14,9.10319999999212
1.62373714604721,0,-0.783981020929269,-0.620784792679961,-1.54342500576746
0.632573360036408,0,-0.874058694677179,0.485820335370226,0.825459055446388
0.277122822642276,0,-0.874058694677179,-0.485820335370226,0.300346113389115
0.113615094372795,0,0.999507226705303,0.0313895486405158,-1.02786158027176
0.0381793731653494,0,0.999507226705303,-0.0313895486405158,0.152418496902355
3.09321451956219e-16,0,0.580864216960694,0.814000467723852,0.0538666482323429
,,0.580864216960694,-0.814000467723852,1.3046833731508
,,0.611254314647614,0.791434244157208,0.142300708538338
,,0.611254314647614,-0.791434244157208,0.295359817606341
