Q,P,EigValReal,EigValImag,AGPgrad,N,toda,k,E0,lmd,period
0,0,0.996657378727625,0.0816949779840851,-1169.1679927498,4,3.25999999999997,1,1,8.91904322153812e-13,3.042900000002
1.09481351472254,0,0.996657378727625,-0.0816949779840851,-10.1061226650856
0.443335759790099,0,0.522586304472889,0.852586391151879,1.02168730215297
0.203873382597334,0,0.522586304472889,-0.852586391151879,0.494108108569128
0.0802850444286027,0,-0.310256844520947,0.950652770693854,10.3940778059101
-8.22226260520704e-18,0,-0.310256844520947,-0.950652770693854,30.0119270179182
,,-0.779293616460223,0.626658965741601,20.7450254404232
,,-0.779293616460223,-0.626658965741601,9.48446850412571
