Q,P,EigValReal,EigValImag,AGPgrad,N,toda,k,E0,lmd,period
0,0,-0.920415995514886,0.390940398526855,621.093300854148,5,2.39999999999999,1,1,2.2200005468491e-13,5.27280000000105
1.28675817058467,0,-0.920415995514886,-0.390940398526855,2.79899223798106
0.544181628789636,0,-0.288247684969432,0.957555884588345,9.03150454005798
0.272659668703185,0,-0.288247684969432,-0.957555884588345,8.88641749261325
0.133631613132282,0,0.162487243907365,0.986710644296182,2.5519407300952
0.0539906750399248,0,0.162487243907365,-0.986710644296182,-11.0332587495685
2.44282219340753e-16,0,0.996649927001009,0.0817858362360362,-20.2103342012857
,,0.996649927001009,-0.0817858362360362,-14.7619664490281
,,0.851076297144844,0.525042033020416,-16.5639020073438
,,0.851076297144844,-0.525042033020416,-12.464778021205
