Q,P,EigValReal,EigValImag,AGPgrad,N,toda,k,E0,lmd,period
0,0,-0.532824218050589,0.8462259465762,-47.704255877735,5,0.910000000000001,1,1,1.40969584946493e-14,9.68789999999076
1.70507194812682,0,-0.532824218050589,-0.8462259465762,-12.1441904047037
0.646135324558177,0,-0.19804360997241,0.980193209805646,-8.41605288260885
0.271135889486607,0,-0.19804360997241,-0.980193209805646,-4.42878506422576
0.105081107663544,0,-0.0170745302968687,0.999854219581608,-0.519670609313205
0.0331997098320819,0,-0.0170745302968687,-0.999854219581608,12.3180105087956
3.26314959096094e-16,0,0.999585844995414,0.0287773953796826,12.4453375387148
,,0.999585844995414,-0.0287773953796826,0.609586276637956
,,0.99576778360062,0.0919049571194401,-0.573280310673155
,,0.99576778360062,-0.0919049571194401,-7.09309173462181
