Q,P,EigValReal,EigValImag,AGPgrad,N,toda,k,E0,lmd,period
0,0,0.997698764994897,0.0678024654988784,-1710.39379618599,5,3.58999999999997,1,1,2.10877757871216e-14,3.13330000000219
1.14245522512995,0,0.997698764994897,-0.0678024654988784,-14.0408632242907
0.494864461730638,0,0.572674247545044,0.819783023853696,1.91198873553746
0.257858344357221,0,0.572674247545044,-0.819783023853696,0.574546852161627
0.132813356426813,0,-0.254305883330132,0.967123837832409,0.437340734840782
0.0561877409986931,0,-0.254305883330132,-0.967123837832409,9.45604787284922
2.17272080396055e-16,0,-0.810509560603807,0.585725406798979,28.9622119355284
,,-0.810509560603807,-0.585725406798979,23.4588635674495
,,-0.983088148323567,0.183132991636511,13.6809944666857
,,-0.983088148323567,-0.183132991636511,6.41306517626636
