Q,P,EigValReal,EigValImag,AGPgrad,N,toda,k,E0,lmd,period
0,0,-0.961896527121526,0.273413736142757,-3.54802074100559,4,1.19,1,1,3.15312300206613e-14,7.36759999999617
1.45066299616551,0,-0.961896527121526,-0.273413736142757,-0.82803300797581
0.521293118842812,0,-0.349191361400741,0.937051435687014,-0.25838748058999
0.197676185796137,0,-0.349191361400741,-0.937051435687014,-0.398595355568757
0.0622948997957553,0,0.999568779012789,0.0293641962743838,0.873925863518183
-2.11816502838584e-17,0,0.999568779012789,-0.0293641962743838,0.827579635900552
,,0.99985813779057,0.0168435237991966,-0.167269292376396
,,0.99985813779057,-0.0168435237991966,-0.588721129044945
