Q,P,EigValReal,EigValImag,AGPgrad,N,toda,k,E0,lmd,period
0,0,-0.113890298043229,0.993493331639241,0.00572941024732421,2,0.02,1,1,7.68026781980819e-16,6.2823999999987
1.41393102615607,0,-0.113890298043229,-0.993493331639241,0.0048084474870883
0.00942181263693409,0,0.999999954950055,0.000300166467526697,-0.328332803669168
-9.79735074697407e-17,0,0.999999954950055,-0.000300166467526697,0.338964504864013
