Q,P,EigValReal,EigValImag,AGPgrad,N,toda,k,E0,lmd,period
0,0,-0.964036348169683,0.265770426134435,-19.6207949827689,4,1.5,1,1,4.43076530362476e-13,6.51469999999816
1.36160493783718,0,-0.964036348169683,-0.265770426134435,-1.80633444529674
0.508021373111693,0,0.554504852231174,0.832180490550044,-0.993478852874235
0.204727188799677,0,0.554504852231174,-0.832180490550044,-1.01981345161868
0.0694409522349573,0,0.999317655270912,0.0369354012268073,1.78477774250848
-1.73138918395385e-17,0,0.999317655270912,-0.0369354012268073,3.21646302139175
,,0.806847152943433,0.590760248990312,1.70694897249889
,,0.806847152943433,-0.590760248990312,1.27815861506479
