Q,P,EigValReal,EigValImag,AGPgrad,N,toda,k,E0,lmd,period
0,0,0.994642912638466,0.103370577719753,-3650.49139488255,4,3.73999999999996,1,1,1.75091345851881e-14,2.46280000000077
1.05257642055983,0,0.994642912638466,-0.103370577719753,-15.3161774662966
0.430389917607584,0,0.717516107316203,0.696541912408591,0.615870594615609
0.200888801170945,0,0.717516107316203,-0.696541912408591,0.369367971733576
0.0803325160968131,0,-0.28535154215573,0.95842292198661,20.9275867888335
-7.17249713420141e-18,0,-0.28535154215573,-0.95842292198661,67.470753419116
,,0.146502753633708,0.989210262369815,46.2874481135919
,,0.146502753633708,-0.989210262369815,22.2719533077979
