Q,P,EigValReal,EigValImag,AGPgrad,N,toda,k,E0,lmd,period
0,0,0.993431413404297,0.114429134671079,-127.131713576972,5,3.03999999999998,1,1,1.48012924178823e-14,3.98680000000399
1.20013630516085,0,0.993431413404297,-0.114429134671079,-6.60841466674988
0.51521478260537,0,0.263753846130555,0.964590021019994,3.35931249580229
0.264594353670242,0,0.263753846130555,-0.964590021019994,1.62712385747127
0.133840938411593,0,-0.963394912838098,0.268086258352905,0.621964308886548
0.0557021366434003,0,-0.963394912838098,-0.268086258352905,1.27808952998884
2.28070395731821e-16,0,-0.644584577662555,0.7645330092544,4.01831303651201
,,-0.644584577662555,-0.7645330092544,3.4892430694826
,,-0.788970848870456,0.614430630447922,-0.926693688472814
,,-0.788970848870456,-0.614430630447922,-1.03479817124582
