Q,P,EigValReal,EigValImag,AGPgrad,N,toda,k,E0,lmd,period
0,0,0.99893584345103,0.0461213688945789,-20.253697655655,4,2.42999999999999,1,1,5.7445642894146e-14,4.38480000000312
1.19002903087469,0,0.99893584345103,-0.0461213688945789,-3.12897612261879
0.470078931478074,0,-0.096732903851839,0.995310376371312,2.51993309400169
0.207869577981642,0,-0.096732903851839,-0.995310376371312,1.36961990531789
0.0784872745233016,0,-0.635382461977035,0.77219759583413,0.572423496034189
-1.09826903291627e-17,0,-0.635382461977035,-0.77219759583413,1.98469765981914
,,-0.998140913584904,0.0609484751892438,1.44040423313308
,,-0.998140913584904,-0.0609484751892438,-0.695909459299568
