Q,P,EigValReal,EigValImag,AGPgrad,N,toda,k,E0,lmd,period
0,0,0.998873086096003,0.047461119593848,-950.670152011423,2,2.71999999999999,1,1,9.27043126861795e-14,2.35910000000055
0.964064679330166,0,0.998873086096003,-0.047461119593848,-4.08758482399235
0.261342112063458,0,0.721056226609684,0.692876553267171,22.0528306713126
-1.27296139170081e-17,0,0.721056226609684,-0.692876553267171,50.8796931711188
