Q,P,EigValReal,EigValImag,AGPgrad,N,toda,k,E0,lmd,period
0,0,-0.599845146921517,0.800116116394799,41.3434126241322,5,0.950000000000001,1,1,2.18832261551952e-14,9.54979999999108
1.68436793350987,0,-0.599845146921517,-0.800116116394799,6.24751861144741
0.643036767199793,0,-0.394783923136053,0.918773995078937,5.79000215375622
0.272931071988322,0,-0.394783923136053,-0.918773995078937,3.01591823325927
0.10735244626872,0,0.135000925620721,0.990845472352548,-0.550373685349813
0.0344754686853537,0,0.135000925620721,-0.990845472352548,-7.74467823597027
3.21911026399435e-16,0,0.999856742721013,0.0169261346838957,-8.27200329894384
,,0.999856742721013,-0.0169261346838957,0.607919799883589
,,0.989097591617387,0.147261516550305,0.714149131184933
,,0.989097591617387,-0.147261516550305,4.25672209002545
