Q,P,EigValReal,EigValImag,AGPgrad,N,toda,k,E0,lmd,period
0,0,0.999984051638145,0.00564769593304896,0.574324275282425,2,0.47,1,1,2.1812748374577e-14,5.8944999999996
1.31189330057397,0,0.999984051638145,-0.00564769593304896,0.0731837549935927
0.170488117409063,0,-0.660380367409136,0.750931268719429,-0.284221923190744
-5.65943415316811e-17,0,-0.660380367409136,-0.750931268719429,0.56919929800089
