Q,P,EigValReal,EigValImag,AGPgrad,N,toda,k,E0,lmd,period
0,0,-0.790351703053141,0.612653397510369,0.463622899588721,4,0.1,1,1,9.90313215967005e-15,10.1153999999898
2.23410763947084,0,-0.790351703053141,-0.612653397510369,-0.116632857967743
0.211226458369264,0,0.781531724214142,0.623865501568145,-0.0618100080133715
0.0166859915386452,0,0.781531724214142,-0.623865501568145,0.26496705815489
0.000925077147965025,0,0.924443722701481,0.381318506707764,-1.35227594727693
-7.25676429177229e-17,0,0.924443722701481,-0.381318506707764,-0.549531450073031
,,0.999999704513139,0.000768748099828545,0.696347607574491
,,0.999999704513139,-0.000768748099828545,1.11516044491651
