Q,P,EigValReal,EigValImag,AGPgrad,N,toda,k,E0,lmd,period
0,0,-0.956562321157542,0.291527915887483,-343.767869732228,4,1.18,1,1,8.85745092501763e-15,7.3959999999961
1.45398345355508,0,-0.956562321157542,-0.291527915887483,-47.6909929878624
0.521679716841413,0,-0.390534170226181,0.920588432409262,-19.2875275054703
0.197352354534901,0,-0.390534170226181,-0.920588432409262,-30.437219723796
0.0620062670785206,0,0.999285324584262,0.0378000009325722,47.9586849828875
-2.13335807970539e-17,0,0.999285324584262,-0.0378000009325722,59.9030559347501
,,0.998683852884003,0.0512890045601128,10.3515093988614
,,0.998683852884003,-0.0512890045601128,-11.959584334311
