Q,P,EigValReal,EigValImag,AGPgrad,N,toda,k,E0,lmd,period
0,0,0.999460921584475,0.0328308730538429,-14.1257261911261,2,1.45,1,1,1.19253891193694e-14,4.18160000000359
1.09854962043113,0,0.999460921584475,-0.0328308730538429,-0.716868167200974
0.255296095027602,0,-0.478521361456842,0.878075911655414,1.9368350840755
-2.35208250101068e-17,0,-0.478521361456842,-0.878075911655414,3.7691629948519
