Q,P,EigValReal,EigValImag,AGPgrad,N,toda,k,E0,lmd,period
0,0,-0.0284536482443011,0.999595112984049,-4808.743103433,4,3.99999999999996,1,0.999999999999999,8.47922826970633e-14,2.19720000000021
1.03241807753249,0,-0.0284536482443011,-0.999595112984049,-21.1682264180183
0.423995370708163,0,0.980024370587465,0.198877432240269,4.85630649227192
0.199217278308623,0,0.980024370587465,-0.198877432240269,0.501543625395225
0.0801987969232366,0,0.788468724539507,0.615074849447656,22.1393896384064
-6.70798358572566e-18,0,0.788468724539507,-0.615074849447656,81.9793943892765
,,0.339836934113284,0.940484374252167,41.2988746791107
,,0.339836934113284,-0.940484374252167,19.4298917043941
