Q,P,EigValReal,EigValImag,AGPgrad,N,toda,k,E0,lmd,period
0,0,0.999080510926194,0.0428734496797673,-25.9513561035256,2,1.59,1,1,2.24352650889503e-14,3.94060000000389
1.07878653721585,0,0.999080510926194,-0.0428734496797673,-0.989298266416704
0.257997289712752,0,-0.285731398973522,0.958309745145402,2.71574834362465
-2.15505118572319e-17,0,-0.285731398973522,-0.958309745145402,5.15929603116059
