Q,P,EigValReal,EigValImag,AGPgrad,N,toda,k,E0,lmd,period
0,0,0.994897718921909,0.100888695521327,-474.899272980528,3,2.71999999999999,1,0.999999999999999,6.38612453069268e-14,3.12650000000217
1.0587419940641,0,0.994897718921909,-0.100888695521327,-5.49046563060728
0.374878939537277,0,0.392907036364403,0.919578197205299,0.708690656746938
0.128992529741423,0,0.392907036364403,-0.919578197205299,8.88667822692708
4.59342809314928e-17,0,-0.435023694378756,0.90041900542417,22.4621158307399
,,-0.435023694378756,-0.90041900542417,11.1769656670231
