Q,P,EigValReal,EigValImag,AGPgrad,N,toda,k,E0,lmd,period
0,0,0.985206583671885,0.171370906193366,-2129.70422200303,5,3.66999999999997,1,1,1.59814022002742e-13,3.02570000000196
1.13500444622391,0,0.985206583671885,-0.171370906193366,-15.2164694745441
0.492178012545725,0,0.606158289491871,0.795344031272188,1.76534920133867
0.256912629617312,0,0.606158289491871,-0.795344031272188,0.495029705594416
0.13261432479008,0,-0.177323135850769,0.984152684034366,0.425442258984223
0.0562125206014133,0,-0.177323135850769,-0.984152684034366,10.9537840097346
2.15876392771716e-16,0,-0.742291121010027,0.670077526611422,34.2417177746567
,,-0.742291121010027,-0.670077526611422,27.588757103538
,,-0.95179618853743,0.306731177883228,16.5624604749183
,,-0.95179618853743,-0.306731177883228,7.84562967678608
