Q,P,EigValReal,EigValImag,AGPgrad,N,toda,k,E0,lmd,period
0,0,0.998419587899056,0.0561989901999985,-1667.63933001284,2,2.92999999999998,1,1,3.13978538058323e-13,2.13780000000009
0.94835085558987,0,0.998419587899056,-0.0561989901999985,-4.82950415590351
0.260388126096069,0,0.797123148848704,0.60381676489606,30.9635046455572
-1.18209225383858e-17,0,0.797123148848704,-0.60381676489606,74.339156827767
