Q,P,EigValReal,EigValImag,AGPgrad,N,toda,k,E0,lmd,period
0,0,-0.801008231891581,0.598653332440339,-414.861857034794,5,1.87,1,1,4.27011795051449e-13,6.61979999999791
1.38449046950018,0,-0.801008231891581,-0.598653332440339,-15.744516685913
0.574231904420392,0,0.0400353284096204,0.999198264849943,-2.43156445742243
0.27856330990376,0,0.0400353284096204,-0.999198264849943,-13.4596459264321
0.13083947034638,0,0.172057317405965,0.985086940085528,0.230306455353771
0.0507055990473772,0,0.172057317405965,-0.985086940085528,14.9847699383833
2.62658303279453e-16,0,0.997600066207936,0.0692394966904289,18.1866034504754
,,0.997600066207936,-0.0692394966904289,10.5690499430683
,,0.967928723647272,0.251224970770347,20.7130527735302
,,0.967928723647272,-0.251224970770347,3.80032299463673
