Q,P,EigValReal,EigValImag,AGPgrad,N,toda,k,E0,lmd,period
0,0,-0.428524336418845,0.903530239171214,2.50449607122479,5,0.8,1,1,7.72341801371896e-15,10.0670999999899
1.76809583252298,0,-0.428524336418845,-0.903530239171214,-0.938459409787078
0.65396864549447,0,-0.327858770934038,0.944726746907065,-0.400134961458978
0.264532214817761,0,-0.327858770934038,-0.944726746907065,-0.233190335047942
0.0978169177282708,0,0.366661916863707,0.930354254422384,-0.614314912047298
0.029332727053977,0,0.366661916863707,-0.930354254422384,0.501841877158316
3.40105889192561e-16,0,0.999673925566802,0.0255351236901227,0.156121371498633
,,0.999673925566802,-0.0255351236901227,0.403096955809299
,,0.725938234592293,0.687759899643065,0.372365006958889
,,0.725938234592293,-0.687759899643065,-0.862494052479658
