Q,P,EigValReal,EigValImag,AGPgrad,N,toda,k,E0,lmd,period
0,0,-0.746483619197459,0.665403791896224,0.151079747406918,4,0.04,1,1,1.33739850888603e-14,10.1579999999897
2.27875651904339,0,-0.746483619197459,-0.665403791896224,-0.0320612879684231
0.089973787446,0,0.811029296083516,0.585005539199673,-0.0241915920516802
0.0029344175912695,0,0.811029296083516,-0.585005539199673,0.118275199622712
6.66477355556472e-05,0,0.890609804090891,0.454768267205602,-1.3980243957401
-8.31384363391254e-17,0,0.890609804090891,-0.454768267205602,-0.760901699380155
,,0.999999842750643,0.00056080181555956,0.85993059490315
,,0.999999842750643,-0.00056080181555956,1.29019762572089
