Q,P,EigValReal,EigValImag,AGPgrad,N,toda,k,E0,lmd,period
0,0,0.998722191446384,0.0505369598658212,-531.078036955817,2,2.50999999999999,1,1,2.80638142898623e-14,2.60200000000107
0.981104376130724,0,0.998722191446384,-0.0505369598658212,-3.40070399085574
0.262033212687949,0,0.618429673366936,0.785840148566663,15.5716673294856
-1.37878131085178e-17,0,0.618429673366936,-0.785840148566663,34.4251470696045
