Q,P,EigValReal,EigValImag,AGPgrad,N,toda,k,E0,lmd,period
0,0,0.999612716238291,0.027828358461565,-13.4801598573199,2,1.44,1,1,4.0370590224307e-15,4.19910000000355
1.10003150160207,0,0.999612716238291,-0.027828358461565,-0.698703295976646
0.255065353019891,0,-0.492222068450704,0.870469663647226,1.88775546674472
-2.36745452938641e-17,0,-0.492222068450704,-0.870469663647226,3.68534685696819
