Q,P,EigValReal,EigValImag,AGPgrad,N,toda,k,E0,lmd,period
0,0,0.28169624000285,0.959503636453899,2.98910588936704,5,0.51,1,1,6.78322342524765e-15,11.0346999999876
1.99679710534264,0,0.28169624000285,-0.959503636453899,-2.79558267750391
0.658905561817052,0,-0.807645276050359,0.589668642606623,-1.73867468842645
0.226619034121626,0,-0.807645276050359,-0.589668642606623,-0.0606514374935305
0.0688394081845426,0,0.947027479613742,0.321152538299872,1.46222700020638
0.016536862160672,0,0.947027479613742,-0.321152538299872,1.34022009890155
3.96716266898819e-16,0,0.999932864715714,0.011587323307681,2.69056423297607
,,0.999932864715714,-0.011587323307681,-0.97787937770643
,,-0.99990994369491,0.0134203017866698,-1.67405903995486
,,-0.99990994369491,-0.0134203017866698,0.843156607105295
