Q,P,EigValReal,EigValImag,AGPgrad,N,toda,k,E0,lmd,period
0,0,0.997620538116043,0.0689439042195192,-1581.92426213271,2,2.90999999999998,1,1,4.74576336949151e-13,2.15800000000013
0.949795665952281,0,0.997620538116043,-0.0689439042195192,-4.75206351013035
0.260487983587981,0,0.790838448189846,0.612024957713906,29.9878133830065
-1.19018966013897e-17,0,0.790838448189846,-0.612024957713906,71.7366785221615
