Q,P,EigValReal,EigValImag,AGPgrad,N,toda,k,E0,lmd,period
0,0,-0.775837972700336,0.63093219930213,-763.563071980989,5,1.9,1,1,1.28097453303115e-14,6.53629999999811
1.37805597506838,0,-0.775837972700336,-0.63093219930213,-26.9766107953511
0.572348572443811,0,-0.0376511826773905,0.999290942840462,-4.84410050605997
0.278284487477155,0,-0.0376511826773905,-0.999290942840462,-23.0100631687103
0.131104990496587,0,0.293700878373492,0.955897376313299,-0.202997706158591
0.0509626862756734,0,0.293700878373492,-0.955897376313299,26.2425447307416
2.61442976192569e-16,0,0.997563740779937,0.0697608993707756,32.4366018967711
,,0.997563740779937,-0.0697608993707756,17.8144791841366
,,0.989177580935266,0.146723254377272,37.244408140881
,,0.989177580935266,-0.146723254377272,6.43655762959923
