Q,P,EigValReal,EigValImag,AGPgrad,N,toda,k,E0,lmd,period
0,0,0.999995320748835,0.00305916336123377,81.1136629222772,5,1.48,1,1,5.99188020539106e-15,7.7824999999952
1.48230336598019,0,0.999995320748835,-0.00305916336123377,5.30630767293166
0.601006626309338,0,0.916783013101275,0.399385661846969,1.76008167963102
0.280810181487197,0,0.916783013101275,-0.399385661846969,0.708298862515722
0.125442667849782,0,-0.217082121569664,0.976153344764443,5.21368983264142
0.0461873883874877,0,-0.217082121569664,-0.976153344764443,-4.88486551223304
2.813185479938e-16,0,-0.998687813439747,0.0512118276079731,-7.63463479646406
,,-0.998687813439747,-0.0512118276079731,-2.80364057811612
,,-0.998417013501997,0.0562447077486498,1.03270535030749
,,-0.998417013501997,-0.0562447077486498,-0.099411458997272
