Q,P,EigValReal,EigValImag,AGPgrad,N,toda,k,E0,lmd,period
0,0,-0.451441638108272,0.892300648538445,0.334827446514642,2,0.34,1,1,8.4242462040894e-15,6.0648999999992
1.35083730065768,0,-0.451441638108272,-0.892300648538445,0.0520503950297768
0.136978185703129,0,0.99998133930525,0.00610909496370451,-0.312961270548377
-6.64558384411285e-17,0,0.99998133930525,-0.00610909496370451,0.476239743514279
