Q,P,EigValReal,EigValImag,AGPgrad,N,toda,k,E0,lmd,period
0,0,0.988869728361221,0.148783938416621,-3777.91076254826,5,3.89999999999996,1,1,1.83693938938338e-13,2.73680000000135
1.11467923979316,0,0.988869728361221,-0.148783938416621,-18.9172693429537
0.484788203482618,0,0.68927039702328,0.724504188937076,1.39835638990504
0.254249110888451,0,0.68927039702328,-0.724504188937076,0.328376340702758
0.131996608861597,0,0.0295274830748347,0.999563968810025,0.401910102920277
0.0562368347772202,0,0.0295274830748347,-0.999563968810025,15.8999172053822
2.12066671972932e-16,0,-0.52312230550579,0.852257621545436,52.4881637640697
,,-0.52312230550579,-0.852257621545436,41.8806537791104
,,-0.797350273215851,0.603516811532703,26.3783297561699
,,-0.797350273215851,-0.603516811532703,12.7042746943681
