Q,P,EigValReal,EigValImag,AGPgrad,N,toda,k,E0,lmd,period
0,0,0.999839547168463,0.0179131213920796,-74.7676257116794,5,1.27,1,0.999999999999999,2.42159628581313e-14,8.46279999999362
1.54961991196356,0,0.999839547168463,-0.0179131213920796,-11.0739361671479
0.617189203139315,0,0.961573005287464,0.27454936806052,-1.22841260020397
0.280104680339017,0,0.961573005287464,-0.27454936806052,-1.71335849593807
0.120351734380982,0,-0.400955363863526,0.916097590974382,-5.92579612721221
0.0425351884431687,0,-0.400955363863526,-0.916097590974382,7.76101135284048
2.94450559658473e-16,0,-0.951420448220561,0.307894674698637,9.63507729484612
,,-0.951420448220561,-0.307894674698637,5.75367227904487
,,-0.917182943584084,0.398466369971698,-0.177272280497675
,,-0.917182943584084,-0.398466369971698,-0.953250323664392
