Q,P,EigValReal,EigValImag,AGPgrad,N,toda,k,E0,lmd,period
0,0,0.988523079275979,0.151069923342795,-2215.30096248067,4,3.51999999999997,1,1,6.65483216345002e-14,2.7133000000013
1.07104606743356,0,0.988523079275979,-0.151069923342795,-12.7914882740265
0.436126839112903,0,0.639958230892871,0.76840969717492,0.775015937006191
0.202281193512794,0,0.639958230892871,-0.76840969717492,0.411006049428768
0.0803669078214443,0,-0.518130487083735,0.855301583275967,15.4476586014591
-7.61871573651422e-18,0,-0.518130487083735,-0.855301583275967,47.4636216047438
,,-0.0483737654039172,0.998829304145931,32.6847772191003
,,-0.0483737654039172,-0.998829304145931,15.4889827173731
