Q,P,EigValReal,EigValImag,AGPgrad,N,toda,k,E0,lmd,period
0,0,-0.155088375464531,0.987900600159632,0.0493639957542443,2,0.11,1,0.999999999999999,3.21298361262103e-15,6.25819999999875
1.4059268505757,0,-0.155088375464531,-0.987900600159632,0.018495723904237
0.0508451486067878,0,0.999999090014221,0.00134906290360721,-0.314165120976402
-8.86210592209422e-17,0,0.999999090014221,-0.00134906290360721,0.369378742416818
