Q,P,EigValReal,EigValImag,AGPgrad,N,toda,k,E0,lmd,period
0,0,-0.388030856878238,0.921646382356232,0.268202428538302,2,0.3,1,1,4.62446944509794e-15,6.1097999999991
1.36242994781304,0,-0.388030856878238,-0.921646382356232,0.0448866544036823
0.124536769101536,0,0.999993852844023,0.00350631917659645,-0.314685746536701
-6.99145084192069e-17,0,0.999993852844023,-0.00350631917659645,0.453435164997143
