Q,P,EigValReal,EigValImag,AGPgrad,N,toda,k,E0,lmd,period
0,0,-0.740898372713621,0.67161715382373,-52.2102210896335,5,1.94,1,1,1.58871983900885e-14,6.42629999999836
1.3696795840498,0,-0.740898372713621,-0.67161715382373,-1.4200222514266
0.569889155946102,0,-0.13902411514379,0.99028899590396,-1.30049393864685
0.277944009171788,0,-0.13902411514379,-0.99028899590396,-1.47624137358736
0.131367039956901,0,0.445872782408067,0.895096342249072,-0.292386312748871
0.0512763153134562,0,0.445872782408067,-0.895096342249072,1.95089623126629
2.5992619219547e-16,0,0.998569871281048,0.0534622499502105,3.10799994755247
,,0.998569871281048,-0.0534622499502105,2.0103198852569
,,0.999972305555344,0.00744231968641196,1.80123769166162
,,0.999972305555344,-0.00744231968641196,1.77355368055509
