Q,P,EigValReal,EigValImag,AGPgrad,N,toda,k,E0,lmd,period
0,0,0.989448364888984,0.144885931747933,-2620.73049726005,5,3.74999999999996,1,1,1.82259302927478e-13,2.92180000000174
1.12775541176807,0,0.989448364888984,-0.144885931747933,-16.4786856075161
0.489553239318376,0,0.637209196451486,0.770690884828431,1.62692810041498
0.25597691726702,0,0.637209196451486,-0.770690884828431,0.429148478669534
0.132406632079144,0,-0.102680157797727,0.994714423940174,0.415768614831045
0.0562284782163693,0,-0.102680157797727,-0.994714423940174,12.5588124099038
2.14517848118937e-16,0,-0.668889536392679,0.743361815070154,40.0081269272802
,,-0.668889536392679,-0.743361815070154,32.1366621137173
,,-0.907404380797057,0.420258598615584,19.704858546286
,,-0.907404380797057,-0.420258598615584,9.4032759450377
