Q,P,EigValReal,EigValImag,AGPgrad,N,toda,k,E0,lmd,period
0,0,0.997516465175745,0.0704336688191836,-182.299898751465,4,2.68999999999999,1,1,2.37537410933039e-13,3.91230000000383
1.15631965176926,0,0.997516465175745,-0.0704336688191836,-5.06109297326239
0.461021008938292,0,0.140612367208128,0.990064726261935,1.89718145412629
0.206903393280321,0,0.140612367208128,-0.990064726261935,0.927275018170738
0.0793957401080465,0,-0.87743366295371,0.479697995738597,2.96813085900483
-9.94202417715558e-18,0,-0.87743366295371,-0.479697995738597,7.68077747560872
,,-0.952704933110877,0.303896874656844,5.2596865283516
,,-0.952704933110877,-0.303896874656844,1.44895275665694
