Q,P,EigValReal,EigValImag,AGPgrad,N,toda,k,E0,lmd,period
0,0,-0.998553405054429,0.0537689246145893,0.961640900619617,4,0.33,1,1,1.07015619230453e-13,9.72749999999067
1.96698656684527,0,-0.998553405054429,-0.0537689246145893,0.700559753184785
0.455699931006069,0,0.483722354444925,0.875221505568887,0.401026676819847
0.0951181640870003,0,0.483722354444925,-0.875221505568887,-0.599430014721874
0.0147133099986557,0,0.999984768586959,0.00551929289761605,-1.25119549088846
-4.82098509234168e-17,0,0.999984768586959,-0.00551929289761605,-1.12931258004387
,,0.944294922152981,0.329100440589328,1.26115313065839
,,0.944294922152981,-0.329100440589328,-0.139498732645953
