Q,P,EigValReal,EigValImag,AGPgrad,N,toda,k,E0,lmd,period
0,0,0.175064993499799,0.984556879032857,-1975.73746763691,3,3.28999999999997,1,1,1.18832991938286e-14,2.42210000000069
1.00667776643617,0,0.175064993499799,-0.984556879032857,-9.07083778743543
0.36432131294666,0,0.995322492760108,0.0966081539301736,0.465977037577204
0.129120395880922,0,0.995322492760108,-0.0966081539301736,20.7780591223445
4.46239839959317e-17,0,0.69284247878855,0.721088967871605,59.7011679625332
,,0.69284247878855,-0.721088967871605,29.8121529541764
