Q,P,EigValReal,EigValImag,AGPgrad,N,toda,k,E0,lmd,period
0,0,-0.450220574113507,0.892917372798245,-89.7441412795589,5,1.28,1,1,5.67280780459422e-15,8.42969999999369
1.54610594905676,0,-0.450220574113507,-0.892917372798245,-12.6888622722602
0.616394237741724,0,-0.897625607046122,0.440758743050065,-1.52056643387944
0.280188175152333,0,-0.897625607046122,-0.440758743050065,-2.03321768882022
0.120642963359582,0,-0.956824302366577,0.290666913150948,-6.8998127976711
0.0427342646227895,0,-0.956824302366577,-0.290666913150948,9.02681216644623
2.93757243461498e-16,0,0.970379583062606,0.241585315727712,11.3022621809384
,,0.970379583062606,-0.241585315727712,6.57822435254738
,,0.999579982001592,0.0289803309439747,-0.223607792898137
,,0.999579982001592,-0.0289803309439747,-1.07065198119922
