Q,P,EigValReal,EigValImag,AGPgrad,N,toda,k,E0,lmd,period
0,0,0.987316107897525,0.158766819852759,-1832.05275001098,4,3.43999999999997,1,1,2.86277708479846e-14,2.81070000000151
1.07812097031482,0,0.987316107897525,-0.158766819852759,-11.9279222239784
0.438293318246807,0,0.607052174997809,0.794661976459433,0.843722995656921
0.202778832264165,0,0.607052174997809,-0.794661976459433,0.431857892354141
0.0803574781557704,0,-0.602198598065343,0.798346321146487,13.7463221962734
-7.79490549703917e-18,0,-0.602198598065343,-0.798346321146487,41.4643775339048
,,-0.125826728584491,0.992052233692225,28.585628867087
,,-0.125826728584491,-0.992052233692225,13.4354612093974
