Q,P,EigValReal,EigValImag,AGPgrad,N,toda,k,E0,lmd,period
0,0,0.999260566125835,0.0384489399835918,-2110.79393773029,2,3.01999999999998,1,1,3.02785330139434e-13,2.0491999999999
0.941975276328148,0,0.999260566125835,-0.0384489399835918,-5.17255248782851
0.259918627994687,0,0.823191893054745,0.567763249258826,35.7353176418063
-1.14697247174093e-17,0,0.823191893054745,-0.567763249258826,87.1877901763862
