Q,P,EigValReal,EigValImag,AGPgrad,N,toda,k,E0,lmd,period
0,0,0.986204825256454,0.165529582373862,-2163.99618255673,4,3.50999999999997,1,1,2.83790918828856e-14,2.72530000000133
1.07191981337058,0,0.986204825256454,-0.165529582373862,-12.674565532206
0.436395103983196,0,0.635984975115022,0.77170143930664,0.783442893348624
0.20234363637929,0,0.635984975115022,-0.77170143930664,0.41331024839214
0.0803663928807828,0,-0.528733651019314,0.848787798144976,15.227360123087
-7.6403333835882e-18,0,-0.528733651019314,-0.848787798144976,46.68613884151
,,-0.0578879227128416,0.998323088185373,32.1487658631849
,,-0.0578879227128416,-0.998323088185373,15.2210585332764
