Q,P,EigValReal,EigValImag,AGPgrad,N,toda,k,E0,lmd,period
0,0,0.388705197811188,0.921362181335084,-2180.8992656538,3,3.55999999999997,1,1,8.30724582422955e-15,2.1461000000001
0.985632901668696,0,0.388705197811188,-0.921362181335084,-11.6834100462877
0.359593460772362,0,0.993663850359376,0.112392848923141,4.51775863362755
0.128803985988776,0,0.993663850359376,-0.112392848923141,17.9324411567247
4.40418974584939e-17,0,0.779801559484126,0.626026778841066,61.3406876010639
,,0.779801559484126,-0.626026778841066,12.5225127671672
