Q,P,EigValReal,EigValImag,AGPgrad,N,toda,k,E0,lmd,period
0,0,0.980698699867337,0.195525088105088,-5564.17925388988,5,4.06999999999996,1,1,1.82145712552795e-13,2.54170000000094
1.10061104907796,0,0.980698699867337,-0.195525088105088,-21.7946424278886
0.479618906321554,0,0.739601770935704,0.6730447388018,1.17885169699342
0.252333711683432,0,0.739601770935704,-0.6730447388018,0.242343286628972
0.131505220335748,0,0.165707446252826,0.986174955196276,0.391638087126427
0.0562167277667161,0,0.165707446252826,-0.986174955196276,20.2933477814541
2.0942862669572e-16,0,-0.645243762330312,0.763976758268099,69.6579281952563
,,-0.645243762330312,-0.763976758268099,55.1421553912971
,,-0.354180362692289,0.935177133319226,35.3787106700887
,,-0.354180362692289,-0.935177133319226,17.149047514848
