Q,P,EigValReal,EigValImag,AGPgrad,N,toda,k,E0,lmd,period
0,0,0.994368989389567,0.10597317085196,-7111.47782352161,2,3.49999999999997,1,1,3.04657120312599e-15,1.63449999999984
0.911043063334604,0,0.994368989389567,-0.10597317085196,-7.1302464828522
0.257009323435256,0,0.915496991282369,0.402324817719365,75.4985798483458
-9.89976938094322e-18,0,0.915496991282369,-0.402324817719365,199.135160281072
