Q,P,EigValReal,EigValImag,AGPgrad,N,toda,k,E0,lmd,period
0,0,0.996472242853931,0.0839229957854568,-4543.58122501526,2,3.31999999999997,1,1,3.85291416868752e-15,1.77919999999982
0.922084822878553,0,0.996472242853931,-0.0839229957854568,-6.36590401645754
0.258163889386616,0,0.88848198943607,0.45891148868572,57.1949837300583
-1.04355763533302e-17,0,0.88848198943607,-0.45891148868572,146.735733636592
