Q,P,EigValReal,EigValImag,AGPgrad,N,toda,k,E0,lmd,period
0,0,0.989412930870429,0.145127710057229,-15857.1585194232,2,3.82999999999996,1,1,1.95347047912399e-14,1.39929999999986
0.892283844208973,0,0.989412930870429,-0.145127710057229,-8.52146566600403
0.254770692336002,0,0.949168054225919,0.314769764807529,124.71311323679
-9.04824583661423e-18,0,0.949168054225919,-0.314769764807529,344.720168670431
