Q,P,EigValReal,EigValImag,AGPgrad,N,toda,k,E0,lmd,period
0,0,0.999659903644494,0.0260782868562953,258.126808188102,5,2.69999999999999,1,1,3.09065742178822e-14,4.62660000000256
1.24289791489749,0,0.999659903644494,-0.0260782868562953,-2.48524477872265
0.529766967206549,0,-0.989619227923843,0.143714243286499,4.91148445446692
0.268894345556688,0,-0.989619227923843,-0.143714243286499,3.38505041800936
0.134003956144537,0,-0.554290176373554,0.832323495028087,1.00999695295481
0.0550039151291919,0,-0.554290176373554,-0.832323495028087,-3.20049083855393
2.36071138361486e-16,0,-0.00522383014695027,0.999986355706223,-6.01942163386352
,,-0.00522383014695027,-0.999986355706223,-4.32045261099372
,,0.135652478670215,0.990756481195374,-7.47021321053281
,,0.135652478670215,-0.990756481195374,-4.89495469635876
