Q,P,EigValReal,EigValImag,AGPgrad,N,toda,k,E0,lmd,period
0,0,0.999987564876229,0.00498699237368579,0.69902870464587,2,0.54,1,1,1.08983019759605e-14,5.79039999999984
1.29121737204237,0,0.999987564876229,-0.00498699237368579,0.0796320574292597
0.184726628511421,0,-0.762793178989814,0.646642533465462,-0.249921332760732
-5.21122472135028e-17,0,-0.762793178989814,-0.646642533465462,0.63283293687762
