Q,P,EigValReal,EigValImag,AGPgrad,N,toda,k,E0,lmd,period
0,0,-0.771748216419867,0.635928211713208,5.25423450263454,5,1.07,1,1,9.2741483489291e-15,9.13739999999204
1.62807759449369,0,-0.771748216419867,-0.635928211713208,-1.29217411556831
0.6333885481271,0,-0.848777245112164,0.528750591659075,0.919203126974258
0.276875413412928,0,-0.848777245112164,-0.528750591659075,0.363823826641395
0.113187655030581,0,0.999385285728605,0.0350578189444597,-0.96240319881493
0.0379170515935324,0,0.999385285728605,-0.0350578189444597,-0.0663748829241125
3.10208756418281e-16,0,0.550658155313366,0.834730852423045,-0.192798760751554
,,0.550658155313366,-0.834730852423045,1.22956540790128
,,0.656142208833898,0.754637265039676,0.157717922006263
,,0.656142208833898,-0.754637265039676,0.371395881914409
