Q,P,EigValReal,EigValImag,AGPgrad,N,toda,k,E0,lmd,period
0,0,0.999971996566549,0.00748372117975693,2.17929304916678,5,0.31,1,1,2.37173539467123e-14,11.6242999999862
2.24690769896761,0,0.999971996566549,-0.00748372117975693,-0.133733142924769
0.609800985034233,0,0.649201586047908,0.760616395216986,-0.405472560949568
0.163216487347278,0,0.649201586047908,-0.760616395216986,0.099012973182427
0.0375432653646078,0,0.26931133203131,0.96305316906155,0.336310334995045
0.00659736010885158,0,0.26931133203131,-0.96305316906155,-0.94315185601689
4.77518196920609e-16,0,-0.724910953287584,0.688842587100762,-0.432049174492668
,,-0.724910953287584,-0.688842587100762,-0.219415167794673
,,-0.889766162898915,0.456416668582708,0.00547053490194836
,,-0.889766162898915,-0.456416668582708,0.392562699111092
