Q,P,EigValReal,EigValImag,AGPgrad,N,toda,k,E0,lmd,period
0,0,-0.810821151605328,0.585293994595381,339.240950764526,4,1.73,1,1,7.83560352770297e-15,5.92359999999953
1.30885708467965,0,-0.810821151605328,-0.585293994595381,8.88874190579312
0.497945470456018,0,-0.0671355810698715,0.99774386179741,13.7282347439681
0.207153207281627,0,-0.0671355810698715,-0.99774386179741,12.8738702541905
0.0729604649677073,0,0.999696024881591,0.0246547730856671,-17.1668917069184
-1.51938980433196e-17,0,0.999696024881591,-0.0246547730856671,-26.5595755168264
,,0.975984894135281,0.217838211569388,-10.6681519541539
,,0.975984894135281,-0.217838211569388,-9.74710138757491
