Q,P,EigValReal,EigValImag,AGPgrad,N,toda,k,E0,lmd,period
0,0,0.625480897048991,0.780239480817799,-5329.14524700712,3,3.97999999999996,1,1,2.76972713019495e-13,1.77889999999982
0.956409065671813,0,0.625480897048991,-0.780239480817799,-15.4149615232879
0.35261941004501,0,0.986635663496764,0.162941914547117,6.24193149220265
0.128033060213512,0,0.986635663496764,-0.162941914547117,30.3325571997783
4.31856197690752e-17,0,0.869414687159347,0.494083091950789,115.200328634921
,,0.869414687159347,-0.494083091950789,20.0093898300588
