Q,P,EigValReal,EigValImag,AGPgrad,N,toda,k,E0,lmd,period
0,0,0.531327841538181,0.847166291117857,-3574.91209111421,3,3.78999999999996,1,1,1.32197946866396e-13,1.9362999999998
0.969150732508918,0,0.531327841538181,-0.847166291117857,-13.6560864995865
0.355717108694599,0,0.990829598918254,0.135117378258577,5.43181769671197
0.128415507509411,0,0.990829598918254,-0.135117378258577,23.9577329072575
4.35656744536114e-17,0,0.834531025646986,0.550960948917975,87.0869830635026
,,0.834531025646986,-0.550960948917975,16.1839091961733
