Q,P,EigValReal,EigValImag,AGPgrad,N,toda,k,E0,lmd,period
0,0,0.99682511573127,0.0796221617854286,366.297667171415,5,2.57999999999999,1,1,6.89229279191888e-14,4.87550000000198
1.25965978444041,0,0.99682511573127,-0.0796221617854286,-0.857373990390889
0.53533888614387,0,-0.997994758448,0.0632966200544202,5.8414946963598
0.270411939013275,0,-0.997994758448,-0.0632966200544202,4.62080867362947
0.133926402309337,0,0.454207990429975,0.890895673706838,1.32488083370569
0.0546518776989743,0,0.454207990429975,-0.890895673706838,-5.24600448502127
2.39208036492281e-16,0,-0.11415742195844,0.993462673184954,-9.88203070534742
,,-0.11415742195844,-0.993462673184954,-7.17697301027224
,,-0.297463832329113,0.954733087546499,-10.0276656510911
,,-0.297463832329113,-0.954733087546499,-6.72190691146547
