Q,P,EigValReal,EigValImag,AGPgrad,N,toda,k,E0,lmd,period
0,0,0.243858507115226,0.969810820989092,-1434.77336248676,3,3.36999999999997,1,1,2.3087225933235e-14,2.33680000000051
1.00023445774663,0,0.243858507115226,-0.969810820989092,-10.1700961052007
0.362900570804663,0,0.992676994976921,0.120798938917531,3.81310549148556
0.129045257488888,0,0.992676994976921,-0.120798938917531,14.0591204427601
4.44489129192114e-17,0,0.721564793823657,0.692346913269805,45.3746284606786
,,0.721564793823657,-0.692346913269805,10.1191592961251
