Q,P,EigValReal,EigValImag,AGPgrad,N,toda,k,E0,lmd,period
0,0,-0.607722467197769,0.794149483953151,0.781720509758066,3,0.26,1,1,5.81328627298943e-15,8.00139999999469
1.72837150985355,0,-0.607722467197769,-0.794149483953151,-0.233847304572326
0.250643054684921,0,0.33267662526444,0.943040965707581,0.176500702421267
0.0259552155597588,0,0.33267662526444,-0.943040965707581,-0.692876886107532
6.4653182470328e-17,0,0.999982903419228,0.00584746690931901,0.210395323815795
,,0.999982903419228,-0.00584746690931901,0.389765401103856
