Q,P,EigValReal,EigValImag,AGPgrad,N,toda,k,E0,lmd,period
0,0,0.999417774252098,0.0341190930261212,-8.80766777589791,5,1.15,1,1,1.08608143506433e-14,8.86509999999268
1.5946759262234,0,0.999417774252098,-0.0341190930261212,-3.45047685545755
0.62686489191159,0,0.766159595811386,0.642650351082253,0.267377997081235
0.278571049748895,0,0.766159595811386,-0.642650351082253,-0.142028525708436
0.116386657701295,0,0.253216181663954,0.967409719479565,-1.7233420029447
0.0399182842344146,0,0.253216181663954,-0.967409719479565,1.73984082051669
3.03430181237311e-16,0,-0.860050877922645,0.510208278435872,1.91901716121434
,,-0.860050877922645,-0.510208278435872,2.02538265466577
,,-0.986776512337529,0.162086750534987,0.0493966941636135
,,-0.986776512337529,-0.162086750534987,-0.141886417110409
