Q,P,EigValReal,EigValImag,AGPgrad,N,toda,k,E0,lmd,period
0,0,-0.64812372837168,0.761535050225271,267.259247249046,5,2.04,1,1,1.28325637783355e-14,6.15819999999899
1.34965073880185,0,-0.64812372837168,-0.761535050225271,8.15493483546702
0.563868054977766,0,-0.375555487125611,0.926799911571985,0.945267414901004
0.276864516942122,0,-0.375555487125611,-0.926799911571985,5.91988409201799
0.132142441709802,0,0.756513492098315,0.653978085468629,-0.536272391812384
0.0520317518836423,0,0.756513492098315,-0.653978085468629,-7.34813466541077
2.56087954805177e-16,0,0.997490843464655,0.0707956015874861,-7.87485349650213
,,0.997490843464655,-0.0707956015874861,-1.06648827831329
,,0.946106255613356,0.323856377255828,-15.750158760771
,,0.946106255613356,-0.323856377255828,2.10880932665912
