Q,P,EigValReal,EigValImag,AGPgrad,N,toda,k,E0,lmd,period
0,0,0.996296351478388,0.0859859292615166,35.4620790654394,5,2.91999999999998,1,1,2.5230231273487e-14,4.20200000000355
1.21450156946656,0,0.996296351478388,-0.0859859292615166,-5.15809861596308
0.520156203104696,0,0.175850301845809,0.984416919470973,3.81088445568776
0.266106508921264,0,0.175850301845809,-0.984416919470973,2.07809114049729
0.133953266931309,0,-0.41078758020734,0.911731080937476,0.713063666958241
0.0554997357328318,0,-0.41078758020734,-0.911731080937476,-0.241959083827939
2.30758165057805e-16,0,-0.88221465297634,0.470847433967554,0.301848775219828
,,-0.88221465297634,-0.470847433967554,0.541896359050422
,,-0.874085310731452,0.485772446278602,-3.30202799881966
,,-0.874085310731452,-0.485772446278602,-2.34679098858537
