Q,P,EigValReal,EigValImag,AGPgrad,N,toda,k,E0,lmd,period
0,0,0.975876053733813,0.218325279683598,150.063313851175,5,1.42,1,1,9.76833754276799e-15,7.97339999999476
1.50024954204228,0,0.975876053733813,-0.218325279683598,12.3667764214226
0.605512157675276,0,0.999993153640961,0.00370036095809502,2.98445502241451
0.280805365828561,0,0.999993153640961,-0.00370036095809502,2.28186287487813
0.124188988859667,0,-0.461701273253561,0.887035475207178,9.40188391348362
0.0452499950460589,0,-0.461701273253561,-0.887035475207178,-10.447212430201
2.84791022063723e-16,0,-0.935235197021034,0.354027013450976,-14.9665609956018
,,-0.935235197021034,-0.354027013450976,-6.48190617884682
,,-0.99877426700803,0.0494971066080446,0.98936515185128
,,-0.99877426700803,-0.0494971066080446,0.297575531755072
