Q,P,EigValReal,EigValImag,AGPgrad,N,toda,k,E0,lmd,period
0,0,0.998938143727493,0.0460715205551294,-49.0220981352514,4,2.48999999999999,1,1,4.80963954663013e-14,4.27120000000338
1.18186442683912,0,0.998938143727493,-0.0460715205551294,-3.55982443199968
0.467928393112014,0,-0.0386766785620369,0.999251777349133,2.35890820390462
0.207681838053145,0,-0.0386766785620369,-0.999251777349133,1.2444060617799
0.0787347389955695,0,-0.737067407229322,0.675819234115327,1.09658675741306
-1.07242405921801e-17,0,-0.737067407229322,-0.675819234115327,3.14194029935613
,,-0.985852110230495,0.167617471506047,2.19156494051063
,,-0.985852110230495,-0.167617471506047,-0.260741012451683
