Q,P,EigValReal,EigValImag,AGPgrad,N,toda,k,E0,lmd,period
0,0,0.999982180460961,0.00596982081419886,-1.76077612850964,2,1.12,1,1,1.73261386371745e-14,4.77500000000221
1.15340266297856,0,0.999982180460961,-0.00596982081419886,-0.216896208638965
0.243975542650095,0,-0.876754733265035,0.480937769048515,0.683731020426644
-2.98004697644631e-17,0,-0.876754733265035,-0.480937769048515,1.82260232730531
