Q,P,EigValReal,EigValImag,AGPgrad,N,toda,k,E0,lmd,period
0,0,-0.147830569637239,0.989012700970373,0.0428228476924642,2,0.1,1,1,2.69207802347296e-15,6.26249999999874
1.40732773660318,0,-0.147830569637239,-0.989012700970373,0.0173173443263368
0.0463775384235551,0,0.999999193011407,0.00127042376160102,-0.315028373251799
-8.96677562371327e-17,0,0.999999193011407,-0.00127042376160102,0.365683346109334
