Q,P,EigValReal,EigValImag,AGPgrad,N,toda,k,E0,lmd,period
0,0,0.999258562268201,0.0385009835421094,-399.013881609108,2,2.40999999999999,1,1,1.0544181464944e-14,2.72560000000133
0.98974931967675,0,0.999258562268201,-0.0385009835421094,-3.09346816764928
0.262240252879929,0,0.558195110463963,0.82970971951288,13.1434945133148
-1.43551376393168e-17,0,0.558195110463963,-0.82970971951288,28.4463064580621
