Q,P,EigValReal,EigValImag,AGPgrad,N,toda,k,E0,lmd,period
0,0,0.999085020649731,0.0427682301884454,-128.093480437579,4,2.61999999999999,1,1,1.20839682239929e-13,4.03450000000394
1.16498386054141,0,0.999085020649731,-0.0427682301884454,-4.52298408565665
0.463393805077102,0,0.0804908752155535,0.996755345612475,2.04678947354921
0.207199669964742,0,0.0804908752155535,-0.996755345612475,1.02345404347653
0.0791907998821453,0,-0.925443361697734,0.378885977953255,2.28571856826107
-1.02028452651829e-17,0,-0.925443361697734,-0.378885977953255,5.9545758303467
,,-0.898417023429473,0.439143316028062,4.07875554817672
,,-0.898417023429473,-0.439143316028062,0.801191677506544
