Q,P,EigValReal,EigValImag,AGPgrad,N,toda,k,E0,lmd,period
0,0,0.999575426267594,0.0291370417505642,-44.702545793978,2,1.73,1,1,7.11767075592359e-15,3.7083000000034
1.06067235003362,0,0.999575426267594,-0.0291370417505642,-1.29164646837929
0.2598772516507,0,-0.0992219816592113,0.995065323662542,3.69251397655712
-1.98709797479985e-17,0,-0.0992219816592113,-0.995065323662542,7.03256921959147
