Q,P,EigValReal,EigValImag,AGPgrad,N,toda,k,E0,lmd,period
0,0,-0.869762253696673,0.493470994126804,2.36867531870159,4,0.49,1,1,2.10438687501574e-14,9.34339999999156
1.81485982927069,0,-0.869762253696673,-0.493470994126804,0.152032415599813
0.508010170491925,0,0.999939389377599,0.0110098851556887,0.230625377681028
0.134289017555846,0,0.999939389377599,-0.0110098851556887,-0.349947446275259
0.0272641288666061,0,0.164626719319584,0.986355941476542,-0.834926387171649
-3.93742715136822e-17,0,0.164626719319584,-0.986355941476542,-0.50644951938918
,,0.509558491352752,0.860436019637905,0.603722734897204
,,0.509558491352752,-0.860436019637905,-0.0689202877739202
