Q,P,EigValReal,EigValImag,AGPgrad,N,toda,k,E0,lmd,period
0,0,-0.994616491594401,0.10362448865228,1.86020690623371,5,0.54,1,0.999999999999999,8.40835658295679e-15,10.9387999999878
1.96736697637741,0,-0.994616491594401,-0.10362448865228,-5.69272618495347
0.660593038635304,0,-0.691163691577205,0.722698243698838,-3.27913008074415
0.232668415801921,0,-0.691163691577205,-0.722698243698838,-0.270090145765698
0.0726698263387573,0,0.219219552743886,0.975675554523515,2.95089920852367
0.018015439073605,0,0.219219552743886,-0.975675554523515,3.48110790597876
3.88712456051167e-16,0,0.999977402432689,0.00672269469507923,5.92819010734229
,,0.999977402432689,-0.00672269469507923,-1.80261028463269
,,0.985199581086089,0.171411158994338,-3.32462883099186
,,0.985199581086089,-0.171411158994338,1.6138416945951
