Q,P,EigValReal,EigValImag,AGPgrad,N,toda,k,E0,lmd,period
0,0,-0.781008387143714,0.624520535459937,0.402365471031282,4,0.09,1,1,1.21142832167173e-14,10.1247999999897
2.24353183540903,0,-0.781008387143714,-0.624520535459937,-0.09737145416965
0.192677327546891,0,0.788112490964979,0.615531235263462,-0.0541892364934469
0.0137919699649791,0,0.788112490964979,-0.615531235263462,0.240327688554587
0.000691702801770999,0,0.917497769137948,0.397740925260254,-1.36537248198131
-7.4193216140456e-17,0,0.917497769137948,-0.397740925260254,-0.590258286935606
,,0.999999467849154,0.00103164985892387,0.740210682447975
,,0.999999467849154,-0.00103164985892387,1.14429417379009
