Q,P,EigValReal,EigValImag,AGPgrad,N,toda,k,E0,lmd,period
0,0,-0.779773173410615,0.626062135917142,-10.6060871729968,3,0.840000000000001,1,1,5.93650954834347e-15,6.82449999999743
1.41664716329519,0,-0.779773173410615,-0.626062135917142,-6.35440811100414
0.388599034125778,0,0.999797510897266,0.0201230515480583,-3.65516073118872
0.0913245874105008,0,0.999797510897266,-0.0201230515480583,5.55201375388424
5.12725926622466e-17,0,0.962134640078411,0.272574639981735,7.29743669604959
,,0.962134640078411,-0.272574639981735,-4.16090488896224
