Q,P,EigValReal,EigValImag,AGPgrad,N,toda,k,E0,lmd,period
0,0,0.210026547083959,0.977695683492574,-1311.89862180108,3,3.32999999999997,1,1,3.38565747208733e-14,2.3791000000006
1.00343359697828,0,0.210026547083959,-0.977695683492574,-9.8640580905191
0.36360863865896,0,0.990591135639729,0.136854674717403,3.67018370623979
0.129084882111856,0,0.990591135639729,-0.136854674717403,13.3496877651169
4.45361961057636e-17,0,0.707527796036,0.70668551551342,42.5145217899463
,,0.707527796036,-0.70668551551342,9.67180548641004
