Q,P,EigValReal,EigValImag,AGPgrad,N,toda,k,E0,lmd,period
0,0,0.998055339123433,0.062334100195626,-285.460064234982,3,2.53999999999999,1,1,9.64038131730737e-14,3.38760000000272
1.07793324438685,0,0.998055339123433,-0.062334100195626,-4.51681125650536
0.378334496282572,0,0.255443820038068,0.966823900617046,0.8307781073207
0.128603713936138,0,0.255443820038068,-0.966823900617046,6.53465088994333
4.6369647158148e-17,0,-0.645616002356479,0.763662214268349,15.8282840384208
,,-0.645616002356479,-0.763662214268349,7.84584561059239
