Q,P,EigValReal,EigValImag,AGPgrad,N,toda,k,E0,lmd,period
0,0,0.999987601606932,0.00497962171454551,1.35063891405089,5,0.21,1,1,5.78079771849747e-15,11.8687999999857
2.41747471594655,0,0.999987601606932,-0.00497962171454551,0.0449009663750027
0.529388416572943,0,0.78349321878879,0.621400334818055,-0.293240036903781
0.110098833108578,0,0.78349321878879,-0.621400334818055,0.110609850960242
0.019458108339628,0,-0.140266127724762,0.990113838613068,0.302362288624128
0.00256148085199701,0,-0.140266127724762,-0.990113838613068,-1.33406367703677
5.5264713454959e-16,0,-0.589890371676602,0.807483343111952,-0.894831839849768
,,-0.589890371676602,-0.807483343111952,-0.0220870505088121
,,-0.466600879818362,0.884467986392233,0.523230045239457
,,-0.466600879818362,-0.884467986392233,0.645654985672548
