Q,P,EigValReal,EigValImag,AGPgrad,N,toda,k,E0,lmd,period
0,0,0.998749077617906,0.0500027994952692,-115.920502409494,3,2.26,1,1,8.61217660036818e-14,3.83460000000367
1.11123156390682,0,0.998749077617906,-0.0500027994952692,-3.14057316932611
0.3837325030814,0,-0.00476450006360152,0.999988649705151,1.08103700671812
0.127475982308282,0,-0.00476450006360152,-0.999988649705151,3.74381004914415
4.70642697323718e-17,0,-0.915530325818341,0.402248955880488,8.5919461484153
,,-0.915530325818341,-0.402248955880488,4.24137009168531
