Q,P,EigValReal,EigValImag,AGPgrad,N,toda,k,E0,lmd,period
0,0,-0.855054116864967,0.518538771194855,2.67784309154407,5,0.37,1,1,1.8519660829371e-14,11.4585999999866
2.16038849839389,0,-0.855054116864967,-0.518538771194855,-0.388489984978869
0.634548633382254,0,-0.987104254357555,0.160078702609736,-0.5317810987727
0.187382741239015,0,-0.987104254357555,-0.160078702609736,0.0892195264071771
0.0479360523860892,0,0.999960161933909,0.00892605988714555,0.405249246228745
0.00948589759123418,0,0.999960161933909,-0.00892605988714555,-0.631954419240566
4.46534563069852e-16,0,0.550580091764883,0.83478234441809,-0.0551233881393617
,,0.550580091764883,-0.83478234441809,-0.32772872051574
,,0.522023319220521,0.852931213047092,-0.259019738119447
,,0.522023319220521,-0.852931213047092,0.353455395748565
