Q,P,EigValReal,EigValImag,AGPgrad,N,toda,k,E0,lmd,period
0,0,0.999816571542332,0.0191526308725832,0.78385295567749,2,0.81,1,1,6.10081312263126e-15,5.3382000000009
1.21926276308892,0,0.999816571542332,-0.0191526308725832,0.0329717324560721
0.222010764433345,0,-0.992372294165588,0.123277044791336,0.0285163785486891
-3.91161691710829e-17,0,-0.992372294165588,-0.123277044791336,0.994242644461224
