Q,P,EigValReal,EigValImag,AGPgrad,N,toda,k,E0,lmd,period
0,0,-0.531431158060886,0.847101484027779,3.89947921943022,5,0.77,1,1,8.20056939132052e-15,10.1699999999896
1.78706419344038,0,-0.531431158060886,-0.847101484027779,-0.369326322937725
0.655830977418909,0,-0.267664079667564,0.963512293878866,-0.0999294080132493
0.262210688256565,0,-0.267664079667564,-0.963512293878866,-0.0932465561824963
0.095541585435809,0,0.999835855456318,0.0181180060695166,-0.688163191923847
0.0281826700854921,0,0.999835855456318,-0.0181180060695166,-0.0189441959466504
3.44381787102525e-16,0,0.508486340577963,0.861070056061437,-0.416411353893138
,,0.508486340577963,-0.861070056061437,0.39962573324539
,,0.588810185990187,0.808271343593345,0.482977070197569
,,0.588810185990187,-0.808271343593345,-0.714843155130343
