Q,P,EigValReal,EigValImag,AGPgrad,N,toda,k,E0,lmd,period
0,0,0.998985149730989,0.0450407661675994,83.3895746138772,4,2.1,1,0.999999999999999,2.65042205717063e-14,5.06060000000154
1.23990069581544,0,0.998985149730989,-0.0450407661675994,-0.734074934046796
0.482583594394156,0,-0.824651770819086,0.565640748960818,3.7433220533378
0.208362018608449,0,-0.824651770819086,-0.565640748960818,2.5301629427367
0.0765989163966559,0,-0.440174299112496,0.897912348952183,-2.38339519201898
-1.26492719787572e-17,0,-0.440174299112496,-0.897912348952183,-3.6190050995196
,,0.174535116546316,0.984650949876236,-1.72238741921951
,,0.174535116546316,-0.984650949876236,-2.66774213450576
