Q,P,EigValReal,EigValImag,AGPgrad,N,toda,k,E0,lmd,period
0,0,0.999918179881179,0.0127919327359289,-8.57340935711067,4,0.990000000000001,1,1,6.31440502703325e-15,7.94099999999483
1.52417303031972,0,0.999918179881179,-0.0127919327359289,-3.5163809333381
0.5281726259006,0,0.746499747540884,0.665385697863584,-0.868704858647387
0.189165975603552,0,0.746499747540884,-0.665385697863584,-1.46705897600657
0.0555619618405121,0,-0.785207960411106,0.619232152675429,2.64894616596822
-2.45978216800596e-17,0,-0.785207960411106,-0.619232152675429,3.39300888881572
,,-0.955976442985503,0.293443419515216,0.861707474282029
,,-0.955976442985503,-0.293443419515216,-0.978957144894575
