Q,P,EigValReal,EigValImag,AGPgrad,N,toda,k,E0,lmd,period
0,0,0.0630493510270652,0.998010410434212,-912.247383021919,3,3.16999999999998,1,1,4.5781516564324e-14,2.55600000000097
1.01670070806876,0,0.0630493510270652,-0.998010410434212,-8.68039293227107
0.366482521244289,0,0.993996643316134,0.109410571135993,3.11849357746102
0.129198209967092,0,0.993996643316134,-0.109410571135993,10.8302262904369
4.48907475692931e-17,0,0.644392042490944,0.764695295901816,32.5633252376069
,,0.644392042490944,-0.764695295901816,8.0547607908051
