Q,P,EigValReal,EigValImag,AGPgrad,N,toda,k,E0,lmd,period
0,0,0.998551671351122,0.0538011119016563,-106.707720336647,2,1.98,1,1,6.02608489742663e-15,3.31820000000258
1.03172275925882,0,0.998551671351122,-0.0538011119016563,-1.89279736510406
0.261762119383996,0,0.19537374891698,0.980728860712337,6.07985706629786
-1.7424289662292e-17,0,0.19537374891698,-0.980728860712337,12.0153297482583
