Q,P,EigValReal,EigValImag,AGPgrad,N,toda,k,E0,lmd,period
0,0,0.996858426514448,0.0792040244379167,-447.687543135164,2,2.44999999999999,1,1,1.57598614688044e-15,2.67560000000122
0.986247396623297,0,0.996858426514448,-0.0792040244379167,-3.21040467857402
0.262168225301917,0,0.583223124558252,0.812312001007312,14.06987610714
-1.41228122472382e-17,0,0.583223124558252,-0.812312001007312,30.7172523983201
