Q,P,EigValReal,EigValImag,AGPgrad,N,toda,k,E0,lmd,period
0,0,0.999828226232893,0.0185342393467593,222.059340910762,5,2.73999999999999,1,0.999999999999999,4.21821760956663e-14,4.54640000000274
1.23752029105149,0,0.999828226232893,-0.0185342393467593,-2.98611372063573
0.527963245812734,0,-0.977956457736199,0.208808924071916,4.67109565549579
0.268387174053576,0,-0.977956457736199,-0.208808924071916,3.07989924360495
0.134011900028446,0,-0.627621730537216,0.778518441244309,0.936844508580843
0.0551075460568993,0,-0.627621730537216,-0.778518441244309,-2.61783925112615
2.35064911224271e-16,0,0.0295623577019486,0.999562937991951,-4.8580084213399
,,0.0295623577019486,-0.999562937991951,-3.44540474523269
,,0.0291597703913217,0.999574763482328,-6.69725457357561
,,0.0291597703913217,-0.999574763482328,-4.3884184938604
