Q,P,EigValReal,EigValImag,AGPgrad,N,toda,k,E0,lmd,period
0,0,-0.741914310822586,0.670494709447164,5.57824602563583,5,0.7,1,1,1.3916837752222e-14,10.4085999999891
1.83483705285719,0,-0.741914310822586,-0.670494709447164,0.866446687602986
0.659442058547442,0,-0.122140463114653,0.992512824738362,0.499253695771292
0.25568673216365,0,-0.122140463114653,-0.992512824738362,0.124107306537961
0.0896647277817201,0,0.99983995268613,0.0178904726768193,-1.00067532340757
0.0253363841719126,0,0.99983995268613,-0.0178904726768193,-1.06787716214404
3.55440683094133e-16,0,0.785338569755589,0.619066499541237,-1.66400262210954
,,0.785338569755589,-0.619066499541237,0.488679165453847
,,0.201070404296591,0.979576792556875,0.862719029129145
,,0.201070404296591,-0.979576792556875,-0.634656746921306
