Q,P,EigValReal,EigValImag,AGPgrad,N,toda,k,E0,lmd,period
0,0,-0.479788994505361,0.877383907278636,-10.2815156012257,5,0.880000000000001,1,1,1.98654015873454e-14,9.79139999999052
1.72132785778856,0,-0.479788994505361,-0.877383907278636,-4.18212265101418
0.648390321175643,0,-0.131853505974193,0.991269213161747,-2.50666715908589
0.269596466369191,0,-0.131853505974193,-0.991269213161747,-1.32395426814706
0.103255309723989,0,-0.0436098632018282,0.999048637370332,-0.518524271747353
0.0321985664138014,0,-0.0436098632018282,-0.999048637370332,3.77940658167494
3.29814840927024e-16,0,0.999852266227724,0.0171885345309292,3.60090689415012
,,0.999852266227724,-0.0171885345309292,0.502327386868006
,,0.9630225069571,0.269420955187364,0.0247542474061705
,,0.9630225069571,-0.269420955187364,-2.40448093847386
