Q,P,EigValReal,EigValImag,AGPgrad,N,toda,k,E0,lmd,period
0,0,0.984185642800321,0.177140115461072,-2688.07560051837,5,3.75999999999996,1,1,1.56547301453125e-13,2.90910000000171
1.12686388127779,0,0.984185642800321,-0.177140115461072,-16.6176178697442
0.489229114173774,0,0.640912924891686,0.767613589449014,1.61123016862118
0.255860520040197,0,0.640912924891686,-0.767613589449014,0.420678022417858
0.132380022156948,0,-0.0935591714071445,0.995613721001079,0.41461709511139
0.0562298466710528,0,-0.0935591714071445,-0.995613721001079,12.76816129035
2.14350917238722e-16,0,-0.659458274343212,0.751741168488387,40.7899020739454
,,-0.659458274343212,-0.751741168488387,32.7307579764697
,,-0.901071790230604,0.433669953825041,20.115832431156
,,-0.901071790230604,-0.433669953825041,9.60705547263576
