Q,P,EigValReal,EigValImag,AGPgrad,N,toda,k,E0,lmd,period
0,0,0.997316656940561,0.0732085089929004,-14.4414492774937,5,2.95999999999998,1,1,2.35879659630888e-14,4.12900000000372
1.20963086760068,0,0.997316656940561,-0.0732085089929004,-5.63951608970156
0.518486678653551,0,0.206025044184386,0.978546718950529,3.65099669655632
0.26560139275799,0,0.206025044184386,-0.978546718950529,1.913373847594
0.133921686445353,0,-0.494987655966579,0.868900006008002,0.6790530200284
0.0555720162646808,0,-0.494987655966579,-0.868900006008002,0.263920793396988
2.29846858041785e-16,0,-0.910282595348563,0.413987435323232,1.49709748089744
,,-0.910282595348563,-0.413987435323232,1.48867750371243
,,-0.85320211854857,0.521580429947528,-2.52751005071234
,,-0.85320211854857,-0.521580429947528,-1.91157175342482
