Q,P,EigValReal,EigValImag,AGPgrad,N,toda,k,E0,lmd,period
0,0,-0.402655280367923,0.91535169481017,1.55641714025688,3,0.62,1,1,5.28547074085354e-14,7.32279999999627
1.51158578538807,0,-0.402655280367923,-0.91535169481017,-1.34614831088929
0.368101956524119,0,0.999882250818189,0.0153455041876356,-0.159515091355785
0.0728562805877145,0,0.999882250818189,-0.0153455041876356,0.408697799079835
5.31384039862265e-17,0,0.485720537553163,0.874114156960681,1.2261308329267
,,0.485720537553163,-0.874114156960681,-0.562692876585143
