Q,P,EigValReal,EigValImag,AGPgrad,N,toda,k,E0,lmd,period
0,0,0.999842695845797,0.0177365037093021,-0.989675853322619,2,1.07,1,0.999999999999999,9.97618990405299e-15,4.866600000002
1.16295206074811,0,0.999842695845797,-0.0177365037093021,-0.161286604839383
0.24139078037409,0,-0.918664638949985,0.39503832870104,0.549360635198105
-3.10239270593214e-17,0,-0.918664638949985,-0.39503832870104,1.64205131670742
