Q,P,EigValReal,EigValImag,AGPgrad,N,toda,k,E0,lmd,period
0,0,-0.928934546013686,0.370243986071826,7.65072081001458,5,0.61,1,1,9.20916519885007e-15,10.7101999999884
1.90478978390656,0,-0.928934546013686,-0.370243986071826,5.18375216400948
0.661761096311973,0,-0.337274182088124,0.94140646168207,2.72282989659125
0.244418083324894,0,-0.337274182088124,-0.94140646168207,0.504838945998413
0.080778213162685,0,0.0703223476355496,0.997524319213838,-3.0309209085841
0.0213482369367975,0,0.0703223476355496,-0.997524319213838,-4.32387395930563
3.72479154089342e-16,0,0.999937231908603,0.0112041172319142,-6.37238193963202
,,0.999937231908603,-0.0112041172319142,1.54588634178554
,,0.981438931241695,0.19177493121666,3.11168817321152
,,0.981438931241695,-0.19177493121666,-1.56451826466327
