Q,P,EigValReal,EigValImag,AGPgrad,N,toda,k,E0,lmd,period
0,0,-0.0754452551936116,0.99714994532857,-4342.37733558204,4,3.94999999999996,1,1,8.40569260097354e-14,2.24590000000032
1.03616680286115,0,-0.0754452551936116,-0.99714994532857,-20.3892866471493
0.425194154340443,0,0.979229546843027,0.202754764653517,4.61801250184669
0.199539639883391,0,0.979229546843027,-0.202754764653517,0.51083440200192
0.0802310641835878,0,0.776327119163217,0.630330234124726,20.8555347763733
-6.79266198847989e-18,0,0.776327119163217,-0.630330234124726,76.0791902352402
,,0.30574598858814,0.952113118522303,38.8080777247949
,,0.30574598858814,-0.952113118522303,18.1866160825725
