Q,P,EigValReal,EigValImag,AGPgrad,N,toda,k,E0,lmd,period
0,0,0.990861422309507,0.134883808438048,-998.521944185235,4,3.19999999999998,1,1,4.49885396570492e-14,3.12460000000217
1.10063467887034,0,0.990861422309507,-0.134883808438048,-9.50527125721977
0.445070159647878,0,0.490902469973187,0.871214534414018,1.09101430185509
0.204228147574794,0,0.490902469973187,-0.871214534414018,0.519861504125643
0.0802429607550715,0,-0.374025822390051,0.927418289762214,9.40708573175984
-8.37523421165659e-18,0,-0.374025822390051,-0.927418289762214,26.7808568279942
,,-0.831720534180423,0.555194518184986,18.5037291452876
,,-0.831720534180423,-0.555194518184986,8.34788054934581
