Q,P,EigValReal,EigValImag,AGPgrad,N,toda,k,E0,lmd,period
0,0,-0.201661777927753,0.979455219661948,-507.015604192518,3,2.91999999999998,1,1,5.43834533351657e-14,2.85900000000161
1.03910929681399,0,-0.201661777927753,-0.979455219661948,-6.95853097601846
0.371095531264473,0,0.994751514025982,0.102320209846275,2.31786759312823
0.129197239501115,0,0.994751514025982,-0.102320209846275,7.74810926241652
4.54622398288435e-17,0,0.519699403904753,0.854349184807389,20.9545140020733
,,0.519699403904753,-0.854349184807389,5.98081955084995
