Q,P,EigValReal,EigValImag,AGPgrad,N,toda,k,E0,lmd,period
0,0,0.996567545543819,0.0827836165482973,-224.68770940765,5,3.09999999999998,1,1,1.08512781210315e-14,3.88330000000377
1.19322128511255,0,0.996567545543819,-0.0827836165482973,-7.35256854171308
0.512817733059848,0,0.304827472146082,0.952407587236161,3.15502148826556
0.263842537003303,0,0.304827472146082,-0.952407587236161,1.44509859729806
0.133766273296678,0,-0.987335548833326,0.158645876120304,0.58713958827801
0.0557879601596047,0,-0.987335548833326,-0.158645876120304,2.05000382722091
2.26776416760128e-16,0,-0.736354354757531,0.676596086472288,6.02440303949774
,,-0.736354354757531,-0.676596086472288,5.10344545862233
,,-0.739419605855083,0.673244863684152,0.334824376684961
,,-0.739419605855083,-0.673244863684152,-0.361113592931781
