Q,P,EigValReal,EigValImag,AGPgrad,N,toda,k,E0,lmd,period
0,0,-0.742490628858832,0.669856451828903,0.109680051807398,4,0.03,1,1,1.42834827560664e-14,10.1616999999897
2.28286373632378,0,-0.742490628858832,-0.669856451828903,-0.0229496890308797
0.0678647418697613,0,0.813550852029539,0.581493775686368,-0.018509404977615
0.00166474092949531,0,0.813550852029539,-0.581493775686368,0.0912536965305609
2.8418807886732e-05,0,0.887388405165475,0.461022579032606,-1.39638394157733
-8.50694317588928e-17,0,0.887388405165475,-0.461022579032606,-0.787816172066524
,,0.999999881807749,0.00048619386642134,0.865167225941648
,,0.999999881807749,-0.00048619386642134,1.31488732780513
