Q,P,EigValReal,EigValImag,AGPgrad,N,toda,k,E0,lmd,period
0,0,-0.884054242992651,0.467384312366914,-97.275162045066,5,1.76,1,1,4.47789771636169e-13,6.93339999999718
1.40925676995961,0,-0.884054242992651,-0.467384312366914,-5.16133531185459
0.581346644983822,0,-0.297559412161525,0.954703302725026,-0.0867938461303995
0.279488607216375,0,-0.297559412161525,-0.954703302725026,-4.6094630500762
0.129711095960011,0,0.328883067063342,0.944370651915355,1.16354693758308
0.0496664272352018,0,0.328883067063342,-0.944370651915355,4.33693261519269
2.67348436577019e-16,0,0.997684998754268,0.0680047296936954,4.43255784915075
,,0.997684998754268,-0.0680047296936954,3.44566444247048
,,0.790637201206855,0.612284914127242,6.33743560650937
,,0.790637201206855,-0.612284914127242,0.978202442292016
