Q,P,EigValReal,EigValImag,AGPgrad,N,toda,k,E0,lmd,period
0,0,-0.435385965738193,0.900243889642258,0.317667730474236,2,0.33,1,1,2.07074352275219e-15,6.07649999999918
1.3537712934399,0,-0.435385965738193,-0.900243889642258,0.0502445381023157
0.133967999752252,0,0.999984288380575,0.00560562146653693,-0.313630760911578
-6.73017921841811e-17,0,0.999984288380575,-0.00560562146653693,0.470310263416827
