Q,P,EigValReal,EigValImag,AGPgrad,N,toda,k,E0,lmd,period
0,0,0.99989140770673,0.0147367837126405,-82.6337878213641,5,3.00999999999998,1,1,1.76173320354843e-13,4.03950000000392
1.20365897217748,0,0.99989140770673,-0.0147367837126405,-6.24685131842137
0.516431459770095,0,0.242535333197604,0.970142573104958,3.46214533979669
0.264971455622826,0,0.242535333197604,-0.970142573104958,1.72880981592642
0.133873864474772,0,-0.591565976458139,0.806256594079789,0.641978933885231
0.0556555267704011,0,-0.591565976458139,-0.806256594079789,0.896393170621331
2.28729483979447e-16,0,-0.946423768530906,0.322927314359992,3.04124067842432
,,-0.946423768530906,-0.322927314359992,2.72194640672026
,,-0.813913473238986,0.580986108336547,-1.53515867697504
,,-0.813913473238986,-0.580986108336547,-1.36519195560379
