Q,P,EigValReal,EigValImag,AGPgrad,N,toda,k,E0,lmd,period
0,0,0.999495960576083,0.0317462563484867,16.4857010515875,3,1.27,1,1,1.58935919143375e-14,5.82289999999977
1.28530440212667,0,0.999495960576083,-0.0317462563484867,0.8250552385871
0.397703971779242,0,0.392807585604331,0.919620683049114,2.78640581114669
0.112139858534804,0,0.392807585604331,-0.919620683049114,-1.92434516111094
4.96491542312087e-17,0,-0.984195189580272,0.17708706561198,-1.79320881542621
,,-0.984195189580272,-0.17708706561198,1.21599206505756
