Q,P,EigValReal,EigValImag,AGPgrad,N,toda,k,E0,lmd,period
0,0,0.991981787877442,0.126380902510951,-1876.45497020027,4,3.44999999999997,1,1,3.52476327316431e-14,2.79830000000148
1.07722489425775,0,0.991981787877442,-0.126380902510951,-12.0485992951652
0.438020282837588,0,0.611328999982106,0.791376556249207,0.834320468862716
0.202717069498465,0,0.611328999982106,-0.791376556249207,0.42929567539385
0.0803594246177078,0,-0.591770785971892,0.806106281373736,13.9510369962755
-7.77239885589958e-18,0,-0.591770785971892,-0.806106281373736,42.1681086420424
,,-0.115945973996683,0.993255521562269,29.0779719999957
,,-0.115945973996683,-0.993255521562269,13.6819235108902
