Q,P,EigValReal,EigValImag,AGPgrad,N,toda,k,E0,lmd,period
0,0,-0.558041973343402,0.82981272344247,0.147039697335386,5,0.03,1,1,4.74676718199276e-15,12.1314999999851
2.72104024303772,0,-0.558041973343402,-0.82981272344247,0.0303109378021414
0.11057078073665,0,-0.121918338206099,0.992540134608704,-0.0731924052225164
0.00400267654066189,0,-0.121918338206099,-0.992540134608704,0.0339464547667732
0.000122258080560655,0,-0.12535477634549,0.992111979590702,0.115494289890179
2.65965587956107e-06,0,-0.12535477634549,-0.992111979590702,-1.9002685000229
8.33134924377793e-16,0,0.906934911489217,0.421270775537592,-1.80223106358807
,,0.906934911489217,-0.421270775537592,0.0930181229393012
,,0.99999987591578,0.000498165078005221,1.81989290003077
,,0.99999987591578,-0.000498165078005221,1.74479249969525
