Q,P,EigValReal,EigValImag,AGPgrad,N,toda,k,E0,lmd,period
0,0,-0.710900158557079,0.703292943632685,2.76888140700912,4,0.56,1,1,1.66526797602255e-14,9.15949999999199
1.76007034736295,0,-0.710900158557079,-0.703292943632685,-0.059017137403339
0.51873316806824,0,0.999949399047589,0.010059788485885,0.178328565364642
0.146895580784607,0,0.999949399047589,-0.010059788485885,-0.324941200054141
0.0323716193310445,0,0.0127049390783061,0.999919289004385,-0.626976905000862
-3.64399333807026e-17,0,0.0127049390783061,-0.999919289004385,-0.292902710087418
,,0.204352912736249,0.978897281156823,0.508717389850178
,,0.204352912736249,-0.978897281156823,-0.0825146124036115
