Q,P,EigValReal,EigValImag,AGPgrad,N,toda,k,E0,lmd,period
0,0,0.996779585892586,0.0801901312370378,-918.44324566003,5,3.38999999999997,1,1,8.82076839222104e-14,3.41990000000279
1.16204548391626,0,0.996779585892586,-0.0801901312370378,-11.1588968435224
0.501865046666725,0,0.47709098914912,0.878853905989341,2.34429208388977
0.26026309556229,0,0.47709098914912,-0.878853905989341,0.830377109123232
0.133264770967771,0,-0.453721649598418,0.891143459093812,0.47824944607171
0.0560813113856275,0,-0.453721649598418,-0.891143459093812,6.12174374306015
2.20941006772052e-16,0,-0.945539715169098,0.325506754212466,17.9287196686759
,,-0.945539715169098,-0.325506754212466,14.6685829819775
,,-0.986961127166304,0.160958794300345,7.44605614040718
,,-0.986961127166304,-0.160958794300345,3.29328342571718
