Q,P,EigValReal,EigValImag,AGPgrad,N,toda,k,E0,lmd,period
0,0,0.998393461958119,0.0566612311841802,-306.751154126329,2,2.31999999999999,1,1,1.66891395836676e-15,2.84140000000157
0.997855239084628,0,0.998393461958119,-0.0566612311841802,-2.82408971495616
0.262343033552323,0,0.496800930862422,0.867864525772435,11.254415630976
-1.49064654728242e-17,0,0.496800930862422,-0.867864525772435,23.8910035000454
