Q,P,EigValReal,EigValImag,AGPgrad,N,toda,k,E0,lmd,period
0,0,0.999602276701049,0.0282008583926952,-156.960790888645,2,2.1,1,1,9.36871318889846e-15,3.14270000000221
1.01912800821891,0,0.999602276701049,-0.0282008583926952,-2.20843151518282
0.262174535074573,0,0.315003799514845,0.949090409966953,7.60431790297522
-1.64462980156729e-17,0,0.315003799514845,-0.949090409966953,15.3946402487859
