Q,P,EigValReal,EigValImag,AGPgrad,N,toda,k,E0,lmd,period
0,0,0.999947542153555,0.0102427018445266,2.88791311091328,4,0.59,1,1,3.65298905808951e-14,9.07859999999218
1.73843271903397,0,0.999947542153555,-0.0102427018445266,-0.16160176253353
0.521965550335582,0,-0.625922598852067,0.7798851840151,0.152527807542455
0.151617175593242,0,-0.625922598852067,-0.7798851840151,-0.319125805132377
0.0344500324324808,0,-0.0528655201277698,0.99860164068643,-0.527128711622838
-3.5303836522092e-17,0,-0.0528655201277698,-0.99860164068643,-0.193614365817766
,,0.0624359110231962,0.998048975258585,0.482726107523966
,,0.0624359110231962,-0.998048975258585,-0.0936095616501776
