Q,P,EigValReal,EigValImag,AGPgrad,N,toda,k,E0,lmd,period
0,0,0.999390842693668,0.0348990478384771,-18.6009082489187,3,1.88,1,1,1.39595342255377e-14,4.52440000000279
1.16513681960846,0,0.999390842693668,-0.0348990478384771,-1.55470289724284
0.390752128212638,0,-0.430673513016851,0.90250779785314,1.55612728636911
0.12440840694358,0,-0.430673513016851,-0.90250779785314,1.13398935599655
4.80320935017248e-17,0,-0.94045612674248,0.3399150977414,2.8558916413566
,,-0.94045612674248,-0.3399150977414,1.60749098200844
