Q,P,EigValReal,EigValImag,AGPgrad,N,toda,k,E0,lmd,period
0,0,0.997335458930815,0.0729519181330234,-515.376974113614,4,2.96999999999998,1,1,4.46549439921796e-13,3.45830000000287
1.1242715964965,0,0.997335458930815,-0.0729519181330234,-7.38817256484108
0.451985782455169,0,0.351694712029904,0.936114752330178,1.39881728333912
0.205524635537827,0,0.351694712029904,-0.936114752330178,0.654523901330982
0.079982282187162,0,-0.618900100887263,0.785469709869024,6.12339263206673
-9.01723750777301e-18,0,-0.618900100887263,-0.785469709869024,16.4999597214751
,,-0.976404487627816,0.21594970835885,11.3850625224735
,,-0.976404487627816,-0.21594970835885,4.69427753327198
