Q,P,EigValReal,EigValImag,AGPgrad,N,toda,k,E0,lmd,period
0,0,0.999560816340692,0.0296340081048813,-49.6243103857053,3,2.05,1,1,2.76685304223743e-14,4.20380000000354
1.13957385585818,0,0.999560816340692,-0.0296340081048813,-2.22556153594971
0.387698419492614,0,-0.233126607223961,0.972446391840836,1.32338929759666
0.12605555995069,0,-0.233126607223961,-0.972446391840836,2.17049317905194
4.75963349712455e-17,0,-0.999878357468539,0.0155971236456282,4.97266277060925
,,-0.999878357468539,-0.0155971236456282,2.51627059478481
