Q,P,EigValReal,EigValImag,AGPgrad,N,toda,k,E0,lmd,period
0,0,0.99977448086368,0.0212364642479006,-577.969548960038,2,2.53999999999999,1,1,1.86061875558054e-14,2.56590000000099
0.978580783905489,0,0.99977448086368,-0.0212364642479006,-3.49806372155436
0.261954259022908,0,0.634992112668309,0.772518619095406,16.3758377753901
-1.36261297404992e-17,0,0.634992112668309,-0.772518619095406,36.4280678827963
