Q,P,EigValReal,EigValImag,AGPgrad,N,toda,k,E0,lmd,period
0,0,0.999719593066687,0.0236798487871553,-424.890457504543,4,2.90999999999998,1,1,2.28757299602376e-13,3.55100000000307
1.13081403385728,0,0.999719593066687,-0.0236798487871553,-6.86825211938693
0.453862727045785,0,0.310437084048028,0.950593928471975,1.49259406147592
0.205841907485097,0,0.310437084048028,-0.950593928471975,0.700963679445528
0.0798844264967912,0,-0.680255921335861,0.732974679977073,5.37976218309839
-9.20092753631571e-18,0,-0.680255921335861,-0.732974679977073,14.3081044368759
,,-0.993714770094552,0.111941751352758,9.86300461542215
,,-0.993714770094552,-0.111941751352758,3.90044158170506
