Q,P,EigValReal,EigValImag,AGPgrad,N,toda,k,E0,lmd,period
0,0,0.999673058011703,0.0255690650106772,-2.32032834374239,2,1.15,1,1,2.34551158031504e-15,4.72020000000234
1.14784802484514,0,0.999673058011703,-0.0255690650106772,-0.252848014218475
0.245391844054274,0,-0.848368869484378,0.529405573534844,0.770331271821653
-2.91073101468681e-17,0,-0.848368869484378,-0.529405573534844,1.94244565835358
