Q,P,EigValReal,EigValImag,AGPgrad,N,toda,k,E0,lmd,period
0,0,0.990939056093172,0.134312274603759,-3274.08459380375,5,3.83999999999996,1,1,1.34070906335648e-13,2.8093000000015
1.11983167342042,0,0.990939056093172,-0.134312274603759,-17.933816277943
0.486670429360335,0,0.669366203445769,0.742932625265997,1.48532343919692
0.254936027481699,0,0.669366203445769,-0.742932625265997,0.365604744703103
0.132163584648119,0,-0.0220610718903186,0.999756624937823,0.406854418674762
0.0562366705757654,0,-0.0220610718903186,-0.999756624937823,14.5080867417465
2.13032596902173e-16,0,-0.582269867301554,0.812995572947749,47.2165205356865
,,-0.582269867301554,-0.812995572947749,37.7813454219813
,,-0.844890200158955,0.534939762660578,23.578587166913
,,-0.844890200158955,-0.534939762660578,11.3202053615799
