Q,P,EigValReal,EigValImag,AGPgrad,N,toda,k,E0,lmd,period
0,0,-0.758275259239237,0.651934529861451,204.095749835034,5,2.25,1,1,1.32068751737865e-14,5.62670000000023
1.31139871894366,0,-0.758275259239237,-0.651934529861451,3.39601998958375
0.552038169522777,0,-0.439215158582676,0.898381903463769,2.43173896741126
0.274478368989168,0,-0.439215158582676,-0.898381903463769,2.08221816905185
0.133182359007352,0,0.554127131540668,0.83243205253673,1.26827334515723
0.0532907910146002,0,0.554127131540668,-0.83243205253673,-4.17561742221399
2.48899791676554e-16,0,0.997052141421762,0.0767269658296593,-7.0825695603475
,,0.997052141421762,-0.0767269658296593,-3.40975408215485
,,0.99850664263786,0.0546304366452625,-8.12205967489222
,,0.99850664263786,-0.0546304366452625,-1.33427434770091
