Q,P,EigValReal,EigValImag,AGPgrad,N,toda,k,E0,lmd,period
0,0,0.993815138969701,0.111047150141986,-1109.87196248053,4,3.23999999999997,1,1,4.23139152466074e-14,3.06990000000205
1.09673903156604,0,0.993815138969701,-0.111047150141986,-9.90206275646153
0.443910810239789,0,0.512224707921364,0.858851470625098,1.04440533847031
0.203992267424378,0,0.512224707921364,-0.858851470625098,0.502301160179679
0.0802720858362707,0,-0.331434741820643,0.943478145965399,10.0584526206842
-8.27263883255657e-18,0,-0.331434741820643,-0.943478145965399,28.9082333953161
,,-0.797259993259898,0.603636068461145,19.9782072294074
,,-0.797259993259898,-0.603636068461145,9.09619362420334
