Q,P,EigValReal,EigValImag,AGPgrad,N,toda,k,E0,lmd,period
0,0,0.999989885727754,0.00449760404864883,1.25261733651039,3,0.37,1,0.999999999999999,1.13072371249934e-14,7.8238999999951
1.65444995608906,0,0.999989885727754,-0.00449760404864883,-0.404115317015548
0.305994076682108,0,-0.332506728365242,0.943100883040537,0.155639198102647
0.0422420987887188,0,-0.332506728365242,-0.943100883040537,-0.514484021777436
5.89401662406245e-17,0,0.125501128897886,0.992093476767857,0.319997142399212
,,0.125501128897886,-0.992093476767857,0.149375331387807
