Q,P,EigValReal,EigValImag,AGPgrad,N,toda,k,E0,lmd,period
0,0,0.999054353635789,0.0434787129678493,-530.484636178782,5,3.24999999999997,1,1,4.36105306513974e-13,3.63620000000325
1.1766540656971,0,0.999054353635789,-0.0434787129678493,-9.27416628030779
0.507026631276744,0,0.399213528597952,0.916857981687645,2.7035433555834
0.261978728036881,0,0.399213528597952,-0.916857981687645,1.08151845778624
0.133533202816855,0,-0.593814040924437,0.804602314687805,0.521033480594924
0.0559628868316301,0,-0.593814040924437,-0.804602314687805,4.06792637116711
2.23675816478045e-16,0,-0.909675917967505,0.415318822436413,11.6660328750393
,,-0.909675917967505,-0.415318822436413,9.64665327839741
,,-0.994524334316314,0.104505255622296,3.77443956326351
,,-0.994524334316314,-0.104505255622296,1.42797294771403
