Q,P,EigValReal,EigValImag,AGPgrad,N,toda,k,E0,lmd,period
0,0,0.998615667726261,0.0525998875635403,-107.546147952664,4,2.58999999999999,1,1,1.29945566182267e-13,4.08800000000381
1.16878562486457,0,0.998615667726261,-0.0525998875635403,-4.29627234201111
0.464425317167723,0,0.0538319274022884,0.998550010561392,2.11493965371151
0.20731925750837,0,0.0538319274022884,-0.998550010561392,1.06911953639933
0.0790946316595319,0,-0.943000707296848,0.332790724085923,2.00318621889058
-1.031874635206e-17,0,-0.943000707296848,-0.332790724085923,5.26424113027792
,,-0.868292390332267,0.496052744061602,3.60926812512788
,,-0.868292390332267,-0.496052744061602,0.540460295031025
