Q,P,EigValReal,EigValImag,AGPgrad,N,toda,k,E0,lmd,period
0,0,0.998903797986734,0.0468102805770041,5.04772288654012,3,1.63,1,1,3.4462590743668e-15,5.03040000000161
1.20807410368859,0,0.998903797986734,-0.0468102805770041,-0.652799790862829
0.394696642343389,0,-0.714159183720609,0.69998332859255,1.95835008290046
0.120865510395959,0,-0.714159183720609,-0.69998332859255,-0.132145076770004
4.86796110914192e-17,0,-0.581504461261882,0.813543214299353,0.645386521951031
,,-0.581504461261882,-0.813543214299353,0.931387784583306
