Q,P,EigValReal,EigValImag,AGPgrad,N,toda,k,E0,lmd,period
0,0,-0.29949875894173,0.954096689750243,1.72712233940217,3,0.57,1,1,2.28270866662837e-14,7.43049999999602
1.53690429668248,0,-0.29949875894173,-0.954096689750243,-1.05508877849933
0.36020476049549,0,0.999939247995573,0.0110227182685765,-0.0333660186023708
0.0676079018688363,0,0.999939247995573,-0.0110227182685765,0.123073324211389
5.38381377392764e-17,0,0.324192850336438,0.945991012531694,0.917615601853295
,,0.324192850336438,-0.945991012531694,-0.361436860521167
