Q,P,EigValReal,EigValImag,AGPgrad,N,toda,k,E0,lmd,period
0,0,-0.863010174020185,0.505186539347264,-141.311008477022,5,1.79,1,1,3.65542171646807e-13,6.84669999999738
1.40231110940745,0,-0.863010174020185,-0.505186539347264,-6.73534102658715
0.57937317511377,0,-0.169209906033853,0.985580036171609,-0.430024544877462
0.279253044854474,0,-0.169209906033853,-0.985580036171609,-5.87238799892641
0.13004433072185,0,0.250338865878851,0.968158278501243,0.930966582504137
0.0499656266193026,0,0.250338865878851,-0.968158278501243,5.90604711054324
2.66031136464009e-16,0,0.998185691715643,0.0602106705994573,6.48901180226465
,,0.998185691715643,-0.0602106705994573,4.52271887557262
,,0.854452152409373,0.5195300946461,8.22708764193635
,,0.854452152409373,-0.5195300946461,1.41365613283308
