Q,P,EigValReal,EigValImag,AGPgrad,N,toda,k,E0,lmd,period
0,0,-0.564234429749256,0.825614624558896,4.24131747681521,5,0.76,1,1,8.41838805511575e-15,10.2041999999896
1.79357770585624,0,-0.564234429749256,-0.825614624558896,-0.195428187527749
0.656415371745645,0,-0.247292002431848,0.968941002091068,-0.0126616334120223
0.261378097229167,0,-0.247292002431848,-0.968941002091068,-0.0555277529416818
0.0947520511400678,0,0.999951880109363,0.00981006961089514,-0.718626754933888
0.0277900315022123,0,0.999951880109363,-0.00981006961089514,-0.173171223274988
3.45864603259539e-16,0,0.553149347282019,0.833082108559225,-0.590288715047886
,,0.553149347282019,-0.833082108559225,0.402893738733472
,,0.538481780930513,0.842637152994048,0.523738921137162
,,0.538481780930513,-0.842637152994048,-0.683203184424845
