Q,P,EigValReal,EigValImag,AGPgrad,N,toda,k,E0,lmd,period
0,0,0.998975370913102,0.0452571354488201,-213.977229211625,2,2.2,1,1,8.14086782582971e-15,3.00250000000191
1.0091860668907,0,0.998975370913102,-0.0452571354488201,-2.48181114170562
0.262333948934116,0,0.403478542448028,0.914989106920946,9.11064452094707
-1.57095388174077e-17,0,0.403478542448028,-0.914989106920946,18.8427281084427
