Q,P,EigValReal,EigValImag,AGPgrad,N,toda,k,E0,lmd,period
0,0,0.999540597058901,0.0303083294024501,-16.9481041441132,2,1.49,1,1,3.65766662624936e-15,4.11190000000376
1.092719292668,0,0.999540597058901,-0.0303083294024501,-0.791557144415116
0.256165335219341,0,-0.423416251582418,0.905935250388171,2.14156338310633
-2.29242126680523e-17,0,-0.423416251582418,-0.905935250388171,4.12360147886902
