Q,P,EigValReal,EigValImag,AGPgrad,N,toda,k,E0,lmd,period
0,0,-0.863647966450077,0.504095417601323,-181.128505271196,3,0.910000000000001,1,1,4.29356967680457e-14,6.66129999999781
1.39115009702804,0,-0.863647966450077,-0.504095417601323,-60.8430994136934
0.391956083337362,0,0.999681156554464,0.0252504500935018,-47.3192819022209
0.0958560771852068,0,0.999681156554464,-0.0252504500935018,62.8195202032223
5.09078566218398e-17,0,0.999587235780239,0.028729045672258,75.6464375365626
,,0.999587235780239,-0.028729045672258,-44.0477403427218
