Q,P,EigValReal,EigValImag,AGPgrad,N,toda,k,E0,lmd,period
0,0,-0.749745916711661,0.661725819636927,-2773.90176608969,5,1.93,1,0.999999999999999,5.50356855910062e-15,6.4535999999983
1.37174934524388,0,-0.749745916711661,-0.661725819636927,-91.9012902318423
0.570488854425782,0,-0.114018103351375,0.99347867219591,-18.2225024632783
0.277995325129058,0,-0.114018103351375,-0.99347867219591,-78.1775186067946
0.131355017214575,0,0.409142090752087,0.912470684227729,-1.86588915710862
0.0512095361981499,0,0.409142090752087,-0.912470684227729,90.8795206715622
2.60252054569458e-16,0,0.999816858659793,0.0191376367346886,113.412962824787
,,0.999816858659793,-0.0191376367346886,58.3004750084225
,,0.999115229749427,0.0420566009416386,134.090057193254
,,0.999115229749427,-0.0420566009416386,20.2908198087814
