Q,P,EigValReal,EigValImag,AGPgrad,N,toda,k,E0,lmd,period
0,0,0.995779985161094,0.0917726601585487,-2952.42802848933,2,3.14999999999998,1,1,7.61476959419525e-15,1.9275999999998
0.933111274045307,0,0.995779985161094,-0.0917726601585487,-5.65665375302828
0.259189533157677,0,0.855138982270375,0.518398804977023,43.8695230696638
-1.09976472810936e-17,0,0.855138982270375,-0.518398804977023,109.475717792172
