Q,P,EigValReal,EigValImag,AGPgrad,N,toda,k,E0,lmd,period
0,0,0.99950063285634,0.0315988119989327,-1003.74586121907,2,2.73999999999999,1,1,5.47894196619424e-14,2.33710000000051
0.962514186043221,0,0.99950063285634,-0.0315988119989327,-4.15811913975966
0.261261198357731,0,0.729343441996996,0.68414774984354,22.7850451050446
-1.26371492790321e-17,0,0.729343441996996,-0.68414774984354,52.7735459047242
