Q,P,EigValReal,EigValImag,AGPgrad,N,toda,k,E0,lmd,period
0,0,0.999990932481374,0.00425851558874705,2.4258108345151,4,0.76,1,1,4.06308428159915e-13,8.60379999999329
1.63292029781589,0,0.999990932481374,-0.00425851558874705,-0.967719773675231
0.530450478864855,0,-0.0229644103045614,0.999736283156396,-0.0602587995473885
0.172323064706617,0,-0.0229644103045614,-0.999736283156396,-0.388372584425675
0.0448758649975443,0,-0.409773364579776,0.912187365446912,0.227666302643841
-2.99109908052264e-17,0,-0.409773364579776,-0.912187365446912,0.575369021716203
,,-0.690637902542209,0.723200724261325,0.461227104562347
,,-0.690637902542209,-0.723200724261325,-0.256445196550966
