Q,P,EigValReal,EigValImag,AGPgrad,N,toda,k,E0,lmd,period
0,0,0.992787470965049,0.11988760359123,-15114.3855301962,2,3.80999999999996,1,1,7.70496939641268e-15,1.41249999999986
0.893369252820234,0,0.992787470965049,-0.11988760359123,-8.56155435207765
0.254911021072383,0,0.947582892622048,0.319510033660921,121.006301480434
-9.0952238331304e-18,0,0.947582892622048,-0.319510033660921,333.510288534454
