Q,P,EigValReal,EigValImag,AGPgrad,N,toda,k,E0,lmd,period
0,0,0.999717477982641,0.0237689759145461,-3.96083236436732,2,1.22,1,1,5.08483141642584e-15,4.59260000000264
1.13536895429835,0,0.999717477982641,-0.0237689759145461,-0.344772185511755
0.24834530285,0,-0.773917970456533,0.633285855680072,0.991506617099761
-2.75985042117853e-17,0,-0.773917970456533,-0.633285855680072,2.25919071309029
