Q,P,EigValReal,EigValImag,AGPgrad,N,toda,k,E0,lmd,period
0,0,-0.969613912069042,0.244640269624945,477.145977346426,5,2.47999999999999,1,1,6.07531826403327e-14,5.09260000000147
1.27440530380373,0,-0.969613912069042,-0.244640269624945,0.832438454915361
0.540176414709816,0,0.996551763202535,0.0829733888546585,7.10658019680785
0.27166687640975,0,0.996551763202535,-0.0829733888546585,6.34102608101769
0.133791974367529,0,0.695028770683062,0.718981924614791,1.80023602220876
0.0543060974088335,0,0.695028770683062,-0.718981924614791,-7.69579584442208
2.41968573951261e-16,0,-0.209541643989794,0.977799723580472,-14.2877407187924
,,-0.209541643989794,-0.977799723580472,-10.3916096497776
,,-0.0492274194309802,0.998787595625899,-12.8698893538106
,,-0.0492274194309802,-0.998787595625899,-9.04846434848782
