Q,P,EigValReal,EigValImag,AGPgrad,N,toda,k,E0,lmd,period
0,0,-0.638492870447966,0.769627737537514,218.756950241117,5,2.05,1,1,8.1340077568508e-13,6.13189999999905
1.34771719831664,0,-0.638492870447966,-0.769627737537514,6.89426681621906
0.563281162318959,0,-0.397582302886835,0.917566516624932,0.487769613906086
0.276756826114714,0,-0.397582302886835,-0.917566516624932,4.70860196059643
0.132204919693298,0,0.781132510703256,0.624365278280601,-0.68175175778072
0.0521005079138907,0,0.781132510703256,-0.624365278280601,-5.90390342764617
2.55724048719719e-16,0,0.998315340615014,0.0580213813415216,-5.85571000302251
,,0.998315340615014,-0.0580213813415216,0.108729660937092
,,0.934973052677966,0.354718748822264,-13.8094981001031
,,0.934973052677966,-0.354718748822264,2.76952729199383
