Q,P,EigValReal,EigValImag,AGPgrad,N,toda,k,E0,lmd,period
0,0,0.998148178440408,0.0608293833278688,-264.378565474428,2,2.27,1,1,1.57258386223861e-14,2.90760000000171
1.00250087313214,0,0.998148178440408,-0.0608293833278688,-2.67886251984029
0.262361140309479,0,0.459556835389394,0.888148363195512,10.312625666153
-1.52310943864303e-17,0,0.459556835389394,-0.888148363195512,21.655967079767
