Q,P,EigValReal,EigValImag,AGPgrad,N,toda,k,E0,lmd,period
0,0,0.201448557134687,0.979499095879289,-2118.51866054743,3,3.31999999999997,1,1,3.08693286066549e-13,2.38970000000062
1.00423960624828,0,0.201448557134687,-0.979499095879289,-9.29720977827151
0.363786774703332,0,0.99942078449583,0.0340308024834699,0.457468311077154
0.129094325138567,0,0.99942078449583,-0.0340308024834699,21.6578215410755
4.45580586730748e-17,0,0.703950472006593,0.710249064034351,62.5982741774018
,,0.703950472006593,-0.710249064034351,31.2633987865697
