Q,P,EigValReal,EigValImag,AGPgrad,N,toda,k,E0,lmd,period
0,0,0.984101168615984,0.177608811517435,-2365.66088802252,5,3.70999999999996,1,1,1.50516245338665e-13,2.97330000000185
1.13135558831298,0,0.984101168615984,-0.177608811517435,-15.8313255092099
0.49085800428313,0,0.621976805674113,0.783035665345743,1.69517910510246
0.256443470541872,0,0.621976805674113,-0.783035665345743,0.460306674661383
0.132511474229741,0,-0.13968610496329,0.990195835216544,0.420337699656585
0.0562215435877793,0,-0.13968610496329,-0.990195835216544,11.7423534960275
2.15192696114296e-16,0,-0.706131657183989,0.708080562310949,37.0654540527595
,,-0.706131657183989,-0.708080562310949,29.8071626087383
,,-0.931083566372991,0.364805965453055,18.0992917924441
,,-0.931083566372991,-0.364805965453055,8.60796301817179
