Q,P,EigValReal,EigValImag,AGPgrad,N,toda,k,E0,lmd,period
0,0,0.997585078790976,0.0694550975348436,-2003.59268601049,2,2.99999999999998,1,1,8.2804097659657e-13,2.06859999999994
0.943374714784007,0,0.997585078790976,-0.0694550975348436,-5.08636262262301
0.260025572035694,0,0.817690312150417,0.575658365191823,34.6179502005403
-1.15459875953388e-17,0,0.817690312150417,-0.575658365191823,84.1702739291037
