Q,P,EigValReal,EigValImag,AGPgrad,N,toda,k,E0,lmd,period
0,0,0.998829571691736,0.0483682407600373,-2375.46656238322,4,3.54999999999997,1,1,3.57451492011538e-14,2.67760000000123
1.06844349235148,0,0.998829571691736,-0.0483682407600373,-13.1573055449411
0.435326023563756,0,0.651642633170965,0.758526122578528,0.750137854876922
0.202093327465887,0,0.651642633170965,-0.758526122578528,0.404534440109257
0.0803672809850994,0,-0.48622243814221,0.87383507634281,16.1222206876833
-7.55460238292249e-18,0,-0.48622243814221,-0.87383507634281,49.8470115777993
,,-0.0201362653921103,0.999797244853208,34.3347346793559
,,-0.0201362653921103,-0.999797244853208,16.3128113038386
