Q,P,EigValReal,EigValImag,AGPgrad,N,toda,k,E0,lmd,period
0,0,0.999525573520601,0.0307998032189805,-20.0154852788228,3,1.89,1,1,2.09915409036355e-15,4.50500000000284
1.1635594858843,0,0.999525573520601,-0.0307998032189805,-1.59262168300302
0.390578533803877,0,-0.418936825029454,0.908015383478855,1.54150526291213
0.124520085248696,0,-0.418936825029454,-0.908015383478855,1.19022016216871
4.8006358365671e-17,0,-0.947822885703225,0.318797392299905,2.964071446421
,,-0.947822885703225,-0.318797392299905,1.65020704968357
