Q,P,EigValReal,EigValImag,AGPgrad,N,toda,k,E0,lmd,period
0,0,-0.979701961463801,0.200459638590899,21.9664680382697,3,1.07,1,1,5.6671078174694e-15,6.28629999999869
1.33951041260836,0,-0.979701961463801,-0.200459638590899,3.03136428329845
0.396312580810662,0,0.99993914359271,0.011032185234463,4.27935764785718
0.104364686226844,0,0.99993914359271,-0.011032185234463,-4.27190965266479
5.02704578722673e-17,0,0.867242236411505,0.497886436232185,-4.61063243333284
,,0.867242236411505,-0.497886436232185,2.72343384796622
