Q,P,EigValReal,EigValImag,AGPgrad,N,toda,k,E0,lmd,period
0,0,0.998102374338707,0.0615763780961322,8.35984378379571,4,2.35999999999999,1,1,4.45985374964808e-14,4.5209000000028
1.19987678499895,0,0.998102374338707,-0.0615763780961322,-2.63301793416968
0.47263500259135,0,-0.166643861689175,0.986017151656766,2.72469437795948
0.208056244605941,0,-0.166643861689175,-0.986017151656766,1.53925121573455
0.0781655452635164,0,-0.495666061179027,0.868513186886227,-0.0286738628114546
-1.12998420489227e-17,0,-0.495666061179027,-0.868513186886227,0.723081555775749
,,-0.99760657629104,0.0691456357325503,0.647644276642636
,,-0.99760657629104,-0.0691456357325503,-1.16576236432224
