Q,P,EigValReal,EigValImag,AGPgrad,N,toda,k,E0,lmd,period
0,0,0.999996234342984,0.00274432138591195,0.81827673227617,2,0.79,1,1,5.80458308201966e-15,5.37350000000082
1.22410640991786,0,0.999996234342984,-0.00274432138591195,0.0413212729829378
0.219985368287791,0,-0.986247824814719,0.165273192164373,-0.000531595245839017
-3.98882562973257e-17,0,-0.986247824814719,-0.165273192164373,0.959359294490603
