Q,P,EigValReal,EigValImag,AGPgrad,N,toda,k,E0,lmd,period
0,0,0.536768359609241,0.843729653456858,-3651.40865297465,3,3.79999999999996,1,1,1.36418840937877e-13,1.9276999999998
0.968462560025393,0,0.536768359609241,-0.843729653456858,-13.7470500939583
0.355551073481853,0,0.986001307249698,0.166737584550959,5.4726741325506
0.128396351151707,0,0.986001307249698,-0.166737584550959,24.2581770631154
4.35454356097388e-17,0,0.836569981641217,0.547860078685098,88.3912051579191
,,0.836569981641217,-0.547860078685098,16.3655171333699
