Q,P,EigValReal,EigValImag,AGPgrad,N,toda,k,E0,lmd,period
0,0,0.998975637774001,0.0452512445578282,-21.4753131368173,3,1.9,1,1,2.08287704390105e-14,4.48570000000288
1.16199187118115,0,0.998975637774001,-0.0452512445578282,-1.63049420844971
0.390404043855612,0,-0.407223770199334,0.913328419017305,1.52715993729094
0.124629766753544,0,-0.407223770199334,-0.913328419017305,1.24693799639847
4.79806355480368e-17,0,-0.954666450042954,0.297677626237503,3.07459898721433
,,-0.954666450042954,-0.297677626237503,1.69414659357119
