Q,P,EigValReal,EigValImag,AGPgrad,N,toda,k,E0,lmd,period
0,0,-0.8564353256607,0.516254329725625,903.579507720171,5,2.32999999999999,1,1,9.57028865239673e-13,5.43530000000067
1.29800530305007,0,-0.8564353256607,-0.516254329725625,6.05348925569952
0.547789957579929,0,-0.358340000844566,0.933591154518256,13.1265585553022
0.273516651957035,0,-0.358340000844566,-0.933591154518256,14.0240140860441
0.133447763549665,0,0.349304522858178,0.937009258391199,4.15643411283733
0.0536833051587228,0,0.349304522858178,-0.937009258391199,-17.5027909787527
2.46389842574869e-16,0,0.998108875286855,0.0614709124187399,-31.7849102627521
,,0.998108875286855,-0.0614709124187399,-23.5090111130814
,,0.947540634501662,0.319635332790681,-23.5346950176473
,,0.947540634501662,-0.319635332790681,-19.6054407491557
