Q,P,EigValReal,EigValImag,AGPgrad,N,toda,k,E0,lmd,period
0,0,0.999614836133485,0.0277521058985996,-1.4293639259524,2,1.1,1,1,1.33599651468305e-14,4.81170000000212
1.15717784051053,0,0.999614836133485,-0.0277521058985996,-0.19384602329168
0.242976540126177,0,-0.894411053399254,0.447245869245576,0.628426297844211
-3.02792972200009e-17,0,-0.894411053399254,-0.447245869245576,1.74773261205178
