Q,P,EigValReal,EigValImag,AGPgrad,N,toda,k,E0,lmd,period
0,0,0.421996777855,0.906597330395356,10.8984143755924,5,1.03,1,1,8.72658073633145e-15,9.27439999999172
1.6459494061962,0,0.421996777855,-0.906597330395356,-0.215061004160138
0.636639814893972,0,0.999893577312719,0.0145888330151104,1.39717025644251
0.275771282656041,0,0.999893577312719,-0.0145888330151104,0.660629403228365
0.111392433961587,0,0.812943937533323,0.582341956609536,-0.758112605662818
0.0368312823316974,0,0.812943937533323,-0.582341956609536,-1.04365919521629
3.13883902766851e-16,0,-0.719571133421195,0.694418738188231,-1.26783545606494
,,-0.719571133421195,-0.694418738188231,0.975927276387629
,,-0.726472995219644,0.687195013963722,0.231371137588751
,,-0.726472995219644,-0.687195013963722,0.75792686690115
