Q,P,EigValReal,EigValImag,AGPgrad,N,toda,k,E0,lmd,period
0,0,-0.902352254498015,0.430999314155295,1.71829840481396,4,0.2,1,1,2.5875202772363e-13,9.98089999999008
2.11916852086678,0,-0.902352254498015,-0.430999314155295,-0.882760235035199
0.355698257811565,0,0.68343220630901,0.730013985742462,-0.391816667758779
0.0514574422817022,0,0.68343220630901,-0.730013985742462,0.9731719030876
0.00533945661487259,0,0.999999638748934,0.000850001170377092,-1.05545074574493
-5.93367846321132e-17,0,0.999999638748934,-0.000850001170377092,0.409416120233124
,,0.990601626975055,0.136778714112868,-0.603610533029286
,,0.990601626975055,-0.136778714112868,1.22458170077769
