Q,P,EigValReal,EigValImag,AGPgrad,N,toda,k,E0,lmd,period
0,0,-0.619088433826271,0.785321278905988,130.811729323733,5,2.07,1,0.999999999999999,3.24503433414045e-13,6.07959999999917
1.34388594747573,0,-0.619088433826271,-0.785321278905988,4.80895663149249
0.562114702834829,0,-0.440602432299376,0.897702343013454,-0.420626557617257
0.276539373969304,0,-0.440602432299376,-0.897702343013454,2.59753758110564
0.132325541867996,0,0.999715287557596,0.0238609267133312,-0.994260679484358
0.0522351756419398,0,0.999715287557596,-0.0238609267133312,-3.37124196799726
2.55003265523075e-16,0,0.826520942033095,0.562905971171646,-2.18399775287236
,,0.826520942033095,-0.562905971171646,2.34871809979859
,,0.909915073532029,0.414794598517364,-10.5163490628209
,,0.909915073532029,-0.414794598517364,4.14966823160047
