Q,P,EigValReal,EigValImag,AGPgrad,N,toda,k,E0,lmd,period
0,0,0.988670125796964,0.150104571404629,-461.492056224503,5,3.21999999999998,1,1,3.84850683491919e-14,3.68440000000335
1.17988933513541,0,0.988670125796964,-0.150104571404629,-8.86852232603882
0.50816242724491,0,0.381223766145493,0.924482796013979,2.79305374525587
0.262349409539488,0,0.381223766145493,-0.924482796013979,1.14386063319081
0.133584626323719,0,-0.623277113112304,0.782001048765538,0.532034435664461
0.0559320981891646,0,-0.623277113112304,-0.782001048765538,3.65194350407722
2.24281499165758e-16,0,-0.88311533933115,0.469155941492831,10.4833667954663
,,-0.88311533933115,-0.469155941492831,8.66943487511116
,,-0.998563530068542,0.053580560066599,3.04694224547826
,,-0.998563530068542,-0.053580560066599,1.05459911074011
