Q,P,EigValReal,EigValImag,AGPgrad,N,toda,k,E0,lmd,period
0,0,-0.134688725879186,0.990887958914142,-585.203882501845,3,2.97999999999998,1,1,6.9769685194325e-14,2.78320000000145
1.03352889221964,0,-0.134688725879186,-0.990887958914142,-7.35787899012962
0.369975599616428,0,0.994367830257535,0.105984046671837,2.50293514693411
0.129220402767009,0,0.994367830257535,-0.105984046671837,8.40513940978681
4.53231656871656e-17,0,0.552827140403766,0.833295957528278,23.3634930283901
,,0.552827140403766,-0.833295957528278,6.4357488333479
