Q,P,EigValReal,EigValImag,AGPgrad,N,toda,k,E0,lmd,period
0,0,0.994994358330494,0.0999311107243138,-507.010000398837,5,3.23999999999997,1,1,5.04216979088021e-14,3.65220000000328
1.17772817046035,0,0.994994358330494,-0.0999311107243138,-9.13748526271064
0.507404047258426,0,0.393265572768002,0.91942492313156,2.73331807403041
0.262102185413862,0,0.393265572768002,-0.91942492313156,1.10177327030489
0.133550606393343,0,-0.603674477132433,0.797230911128577,0.524595945684492
0.0559528514641813,0,-0.603674477132433,-0.797230911128577,3.9284728892431
2.23876888019032e-16,0,-0.901229577741739,0.433341952969506,11.2685703405419
,,-0.901229577741739,-0.433341952969506,9.31679624028379
,,-0.996151628287551,0.0876466397534512,3.52956639627664
,,-0.996151628287551,-0.0876466397534512,1.30253547816886
