Q,P,EigValReal,EigValImag,AGPgrad,N,toda,k,E0,lmd,period
0,0,0.999954222971652,0.00956827890216025,0.789085797638292,2,0.6,1,1,2.98459174782336e-15,5.69590000000006
1.27404823862906,0,0.999954222971652,-0.00956827890216025,0.0803727617873316
0.195178897759886,0,-0.839182770899532,0.543849498506144,-0.208669828934114
-4.86812197715861e-17,0,-0.839182770899532,-0.543849498506144,0.695844043154048
