Q,P,EigValReal,EigValImag,AGPgrad,N,toda,k,E0,lmd,period
0,0,0.996538248428723,0.083135548464795,114.3489158185,5,2.84999999999998,1,1,5.28231172923012e-14,4.33280000000324
1.22323299618293,0,0.996538248428723,-0.083135548464795,-4.31966201891784
0.523133831947441,0,0.12098565835315,0.992654255253491,4.11342946807994
0.266992404044174,0,0.12098565835315,-0.992654255253491,2.40993497800865
0.133993147740529,0,-0.250066516988452,0.968228659502116,0.784107519824621
0.0553607957472894,0,-0.250066516988452,-0.968228659502116,-1.13701788040257
2.3239177078158e-16,0,-0.926893091507752,0.375325454659307,-1.72732962234356
,,-0.926893091507752,-0.375325454659307,-1.04670457122911
,,-0.7946327490257,0.607090433276515,-4.62847330287167
,,-0.7946327490257,-0.607090433276515,-3.11464510544551
