Q,P,EigValReal,EigValImag,AGPgrad,N,toda,k,E0,lmd,period
0,0,-0.924183980360734,0.381947601700278,2.84108810317822,4,0.22,1,1,8.26836246847024e-15,9.94669999999016
2.09466859371452,0,-0.924183980360734,-0.381947601700278,-1.91116625858376
0.376420939128359,0,0.657456517692379,0.753492486587493,-0.864615763828177
0.0587058766882888,0,0.657456517692379,-0.753492486587493,1.9128502781274
0.00659984835012573,0,0.999999068512749,0.00136490791488446,-0.786550361267987
-5.7264818063242e-17,0,0.999999068512749,-0.00136490791488446,1.50369470204668
,,0.997339253828502,0.0729000190177795,-2.04083525208327
,,0.997339253828502,-0.0729000190177795,1.83045529141247
