Q,P,EigValReal,EigValImag,AGPgrad,N,toda,k,E0,lmd,period
0,0,0.999274676095408,0.0380804636840353,14.199761395932,3,1.39,1,1,1.68244406657521e-14,5.5515000000004
1.25708479938722,0,0.999274676095408,-0.0380804636840353,0.239996439216318
0.397249404827679,0,-0.925044650833792,0.379858386722985,2.44158828346349
0.115665497577336,0,-0.925044650833792,-0.379858386722985,-1.25405551596756
4.9315716017917e-17,0,0.0417555773520671,0.999127855562037,-0.950378689238745
,,0.0417555773520671,-0.999127855562037,0.94036498283406
