Q,P,EigValReal,EigValImag,AGPgrad,N,toda,k,E0,lmd,period
0,0,-0.962028776274982,0.272948041976625,-1.42796255933739,4,0.26,1,1,6.80175787801011e-15,9.87259999999033
2.04644467222789,0,-0.962028776274982,-0.272948041976625,2.69426501867056
0.411326976845634,0,0.599993846888377,0.800004614796746,1.30137362885556
0.0727520823775957,0,0.599993846888377,-0.800004614796746,-2.37137086601049
0.00937010171359562,0,0.999992267497729,0.00393254939368148,-1.82342156076822
-5.35636118337205e-17,0,0.999992267497729,-0.00393254939368148,-3.25848366253958
,,0.997839936506049,0.0656921693477659,4.05082545144633
,,0.997839936506049,-0.0656921693477659,-1.28192783222068
