Q,P,EigValReal,EigValImag,AGPgrad,N,toda,k,E0,lmd,period
0,0,0.996107594670902,0.0881456739661239,-22663.6901565965,2,3.97999999999996,1,1,2.09662123519009e-14,1.30399999999987
0.884314448411049,0,0.996107594670902,-0.0881456739661239,-9.58326611582715
0.253724365762082,0,0.959635688383833,0.281246058781391,156.263738912093
-8.70671119107293e-18,0,0.959635688383833,-0.281246058781391,440.354704049009
