Q,P,EigValReal,EigValImag,AGPgrad,N,toda,k,E0,lmd,period
0,0,0.999866918922592,0.0163139340520659,-78.9359037882473,2,1.89,1,1,3.1120981063354e-14,3.45480000000287
1.04169313470739,0,0.999866918922592,-0.0163139340520659,-1.66864796000933
0.261263495602492,0,0.0961307299594995,0.995368716987571,5.11060732974665
-1.82350108242826e-17,0,0.0961307299594995,-0.995368716987571,9.93650450357209
