Q,P,EigValReal,EigValImag,AGPgrad,N,toda,k,E0,lmd,period
0,0,0.999819480448202,0.0190001714809478,-9.07476311830838,2,1.36,1,1,7.98538782969953e-15,4.34050000000322
1.11225458129508,0,0.999819480448202,-0.0190001714809478,-0.559322389019855
0.253008113068766,0,-0.600159769615797,0.799880147856351,1.52290399432331
-2.49751498885442e-17,0,-0.600159769615797,-0.799880147856351,3.07982489763356
