Q,P,EigValReal,EigValImag,AGPgrad,N,toda,k,E0,lmd,period
0,0,0.993723592757538,0.111863404190435,-737.162518895011,4,3.08999999999998,1,1,6.43163873077767e-14,3.2800000000025
1.11166633852917,0,0.993723592757538,-0.111863404190435,-8.46841191813628
0.448323697556852,0,0.427974269168629,0.903790918813398,1.2285148211281
0.204862316964447,0,0.427974269168629,-0.903790918813398,0.576685948574041
0.0801393390602508,0,-0.491898874499425,0.870652340068175,7.74417718334389
-8.67066113700502e-18,0,-0.491898874499425,-0.870652340068175,21.4631472526794
,,-0.914069089716557,0.405558502838672,14.8278412941548
,,-0.914069089716557,-0.405558502838672,6.47102305221965
