Q,P,EigValReal,EigValImag,AGPgrad,N,toda,k,E0,lmd,period
0,0,0.996146967250145,0.087699598849346,-224.353961236605,3,2.45999999999999,1,1,4.23871345439582e-14,3.51020000000298
1.08698679487669,0,0.996146967250145,-0.087699598849346,-4.10339015570548
0.379878505488045,0,0.186797710409416,0.982398399523234,0.894670984459204
0.128354397551214,0,0.186797710409416,-0.982398399523234,5.64094892875872
4.65661039196405e-17,0,-0.733608453208818,0.679572393038868,13.4249978583003
,,-0.733608453208818,-0.679572393038868,6.63927590702736
