Q,P,EigValReal,EigValImag,AGPgrad,N,toda,k,E0,lmd,period
0,0,-0.966162997563018,0.257932282082053,18.8357057354639,5,0.58,1,1,1.51455514021934e-14,10.8089999999881
1.93063283960929,0,-0.966162997563018,-0.257932282082053,28.5565148610884
0.661666270048738,0,-0.500880996916353,0.865516162141454,15.3670767091315
0.239753801497086,0,-0.500880996916353,-0.865516162141454,2.19898586018597
0.0774381778967844,0,0.134562813343547,0.990905065717738,-15.468666374885
0.0199418872854593,0,0.134562813343547,-0.990905065717738,-21.3102629745313
3.79062650085894e-16,0,0.999860678212446,0.0166920389567321,-32.6290564181293
,,0.999860678212446,-0.0166920389567321,8.44248085323996
,,0.999362134781858,0.0357116726609557,16.6450127374256
,,0.999362134781858,-0.0357116726609557,-8.07651926297908
