Q,P,EigValReal,EigValImag,AGPgrad,N,toda,k,E0,lmd,period
0,0,0.999329577453596,0.0366114138818962,-410.70345568862,2,2.41999999999999,1,1,1.6054909907772e-14,2.7130000000013
0.98886816203523,0,0.999329577453596,-0.0366114138818962,-3.12394186674815
0.262223706243579,0,0.564585752649215,0.825374416798533,13.3699529871474
-1.42963451648088e-17,0,0.564585752649215,-0.825374416798533,28.9983071508911
