Q,P,EigValReal,EigValImag,AGPgrad,N,toda,k,E0,lmd,period
0,0,0.999984358001761,0.00559318798400592,1.37582563153204,3,0.4,1,1,7.33704423965706e-15,7.76979999999523
1.63517448825092,0,0.999984358001761,-0.00559318798400592,-0.46777391650848
0.317228764233157,0,0.0635970336129875,0.99797565968095,0.143353337739093
0.046473141298042,0,0.0635970336129875,-0.99797565968095,-0.450492684083173
5.78374688461432e-17,0,-0.242321090745937,0.970196108516065,0.368952784065332
,,-0.242321090745937,-0.970196108516065,0.0848909271952037
