Q,P,EigValReal,EigValImag,AGPgrad,N,toda,k,E0,lmd,period
0,0,0.991851638133731,0.127398304272147,-1139.28139721507,4,3.24999999999997,1,1,6.5046508995884e-14,3.05640000000203
1.09577468923729,0,0.991851638133731,-0.127398304272147,-9.99627905160403
0.443622812497683,0,0.517416075175493,0.855733956992472,1.03352465533624
0.203932850455474,0,0.517416075175493,-0.855733956992472,0.49797769771373
0.0802786721890835,0,-0.3208561557921,0.94712793607322,10.2255819456368
-8.24739367438514e-18,0,-0.3208561557921,-0.94712793607322,29.4645572177115
,,-0.788350391074349,0.615226511857983,20.3578089497144
,,-0.788350391074349,-0.615226511857983,9.28875198152002
