Q,P,EigValReal,EigValImag,AGPgrad,N,toda,k,E0,lmd,period
0,0,-0.650541244914773,0.759470926806759,136.577411810865,4,1.9,1,1,1.05570297458495e-13,5.51330000000049
1.27511757545937,0,-0.650541244914773,-0.759470926806759,1.37115521869213
0.490723041720362,0,-0.483050436789923,0.875592528244191,5.40816505397664
0.208021410675618,0,-0.483050436789923,-0.875592528244191,4.33374431443265
0.0748845511466821,0,0.997996788084422,0.0632646107483117,-5.27283251275123
-1.39151245061144e-17,0,0.997996788084422,-0.0632646107483117,-8.21569804125613
,,0.704809464588536,0.70939665817257,-3.61416332484113
,,0.704809464588536,-0.70939665817257,-4.02751766586583
