Q,P,EigValReal,EigValImag,AGPgrad,N,toda,k,E0,lmd,period
0,0,0.129677217673486,0.99155626124616,-1757.08140667973,3,3.23999999999997,1,1,8.0572978813971e-13,2.4770000000008
1.01080023014885,0,0.129677217673486,-0.99155626124616,-8.72960422924591
0.365217504170282,0,0.996289945636915,0.0860601198167504,0.480357835510134
0.129158201559398,0,0.996289945636915,-0.0860601198167504,19.3800793009893
4.47345279808369e-17,0,0.673475243940572,0.739209777938032,55.1089132289832
,,0.673475243940572,-0.739209777938032,27.5237185237115
