Q,P,EigValReal,EigValImag,AGPgrad,N,toda,k,E0,lmd,period
0,0,0.999871502551633,0.0160305453796314,0.871198266764083,2,0.72,1,1,2.009556424402e-14,5.49560000000053
1.24168011285753,0,0.999871502551633,-0.0160305453796314,0.0640339799355723
0.212105523722492,0,-0.950423157812474,0.310959516808468,-0.0914110043718818
-4.2802238849552e-17,0,-0.950423157812474,-0.310959516808468,0.849237873365414
