Q,P,EigValReal,EigValImag,AGPgrad,N,toda,k,E0,lmd,period
0,0,0.997165385068134,0.0752409118894716,-449.62890067835,3,2.69999999999999,1,1,1.91316922090144e-13,3.15450000000223
1.06079883935125,0,0.997165385068134,-0.0752409118894716,-5.38168906072175
0.375261039325762,0,0.378784805549022,0.925484776257936,0.720708177444551
0.12895988556108,0,0.378784805549022,-0.925484776257936,8.59963358280524
4.59821723858748e-17,0,-0.458732876339721,0.888574222091263,21.6295882197635
,,-0.458732876339721,-0.888574222091263,10.7607604281644
