Q,P,EigValReal,EigValImag,AGPgrad,N,toda,k,E0,lmd,period
0,0,-0.20036030091717,0.97972228198422,0.0894102158003001,2,0.16,1,1,5.04551291937669e-15,6.23099999999882
1.39726452375048,0,-0.20036030091717,-0.97972228198422,0.0242542353349655
0.0724327570296948,0,0.999997975357178,0.00201228266925637,-0.312186329471605
-8.34295326735793e-17,0,0.999997975357178,-0.00201228266925637,0.388763009635131
