Q,P,EigValReal,EigValImag,AGPgrad,N,toda,k,E0,lmd,period
0,0,-0.909022863516509,0.41674624605899,-45.8198555632367,4,1.11,1,1,1.68237784638321e-14,7.59559999999564
1.47820513715555,0,-0.909022863516509,-0.41674624605899,-8.86009139321676
0.524323736994195,0,-0.656821841888982,0.754045799681671,-2.95961011852877
0.194777406759088,0,-0.656821841888982,-0.754045799681671,-4.78791371898978
0.059844632236936,0,0.95660120294307,0.291400306327712,8.03026343100147
-2.24428444844522e-17,0,0.95660120294307,-0.291400306327712,10.0807331044056
,,0.999502636415664,0.0315353737595715,1.98570645809656
,,0.999502636415664,-0.0315353737595715,-2.36098471857914
