Q,P,EigValReal,EigValImag,AGPgrad,N,toda,k,E0,lmd,period
0,0,-0.640392422640463,0.768047879382978,132.982788576606,4,1.91,1,1,6.76205098299213e-14,5.48990000000054
1.27324972521257,0,-0.640392422640463,-0.768047879382978,1.22209251114527
0.490306412214029,0,-0.504344470460927,0.863502550728995,5.27254732380897
0.208053940032405,0,-0.504344470460927,-0.863502550728995,4.18698847656709
0.0749831540888807,0,0.997698980090587,0.0677993003376811,-5.05683549984415
-1.38461893688343e-17,0,0.997698980090587,-0.0677993003376811,-7.88097489022195
,,0.681819033501471,0.731520885248748,-3.48620486683881
,,0.681819033501471,-0.731520885248748,-3.93092547719776
