Q,P,EigValReal,EigValImag,AGPgrad,N,toda,k,E0,lmd,period
0,0,-0.0910978714418174,0.995841944195344,-1032.88718227994,3,3.01999999999998,1,1,1.34023598684062e-13,2.73370000000134
1.02988189312765,0,-0.0910978714418174,-0.995841944195344,-7.29075425896418
0.369233456262706,0,0.999106143629961,0.0422719027361722,0.557494718552151
0.129227338152404,0,0.999106143629961,-0.0422719027361722,14.1341043492049
4.52311029092704e-17,0,0.573774122360188,0.819013587500095,38.30881936119
,,0.573774122360188,-0.819013587500095,19.1326348459072
