Q,P,EigValReal,EigValImag,AGPgrad,N,toda,k,E0,lmd,period
0,0,0.997354763789375,0.0726875171310155,-346.007622503842,4,2.84999999999998,1,1,3.04316057073977e-13,3.64620000000327
1.13752636783794,0,0.997354763789375,-0.0726875171310155,-6.3559365111165
0.455771256587295,0,0.267005775232258,0.963694928902624,1.59402246628922
0.206148428254191,0,0.267005775232258,-0.963694928902624,0.753014837832492
0.079772378720704,0,-0.739206193881075,0.673479177798278,4.67605827076906
-9.39210456177678e-18,0,-0.739206193881075,-0.673479177798278,12.2993884825654
,,-0.999996157389239,0.00277222054414566,8.46101080903868
,,-0.999996157389239,-0.00277222054414566,3.16325328998962
