Q,P,EigValReal,EigValImag,AGPgrad,N,toda,k,E0,lmd,period
0,0,-0.805738817375597,0.59227101750312,-17.2648851632299,3,0.860000000000001,1,1,3.89991542606981e-15,6.77799999999754
1.40915978207066,0,-0.805738817375597,-0.59227101750312,-8.58717551272279
0.389670320708945,0,0.999751980279438,0.022270561900557,-5.39354347952206
0.09267889172455,0,0.999751980279438,-0.022270561900557,7.87646158279164
5.11619970643333e-17,0,0.979044578464223,0.203646049261499,10.0875587007627
,,0.979044578464223,-0.203646049261499,-5.78640808074967
