Q,P,EigValReal,EigValImag,AGPgrad,N,toda,k,E0,lmd,period
0,0,0.374663847819655,0.927160720229747,-2087.86576713214,3,3.53999999999997,1,1,5.62351413320558e-15,2.16540000000015
0.987125664066122,0,0.374663847819655,-0.927160720229747,-11.5192499510213
0.359937169994923,0,0.994484212830173,0.10488636914097,4.44156657408265
0.128833158957795,0,0.994484212830173,-0.10488636914097,17.4822726069448
4.40841530372472e-17,0,0.774280302697264,0.632842802641383,59.4581342259675
,,0.774280302697264,-0.632842802641383,12.2458335401981
