Q,P,EigValReal,EigValImag,AGPgrad,N,toda,k,E0,lmd,period
0,0,0.996639148747098,0.0819170750487938,-396.392327684779,5,3.18999999999998,1,1,2.8338245984729e-14,3.73310000000345
1.18316198404615,0,0.996639148747098,-0.0819170750487938,-8.49150840300504
0.509309472357426,0,0.362848800533197,0.93184802835636,2.87608370871367
0.262721311759012,0,0.362848800533197,-0.93184802835636,1.21294941003117
0.133633836308953,0,-0.652281220834807,0.757977050408686,0.544380463959764
0.055899328676158,0,-0.652281220834807,-0.757977050408686,3.24223532039455
2.24893896257983e-16,0,-0.852911774684488,0.522055078133111,9.29627528733392
,,-0.852911774684488,-0.522055078133111,7.73403307498965
,,-0.999998426982016,0.00177370614612255,2.3436101604054
,,-0.999998426982016,-0.00177370614612255,0.690545077657755
