Q,P,EigValReal,EigValImag,AGPgrad,N,toda,k,E0,lmd,period
0,0,-0.830809064113665,0.556557543284251,0.192283732813952,3,0.09,1,1,3.75675881862616e-15,8.18159999999427
1.8288031407666,0,-0.830809064113665,-0.556557543284251,-0.0762822811796591
0.105010682617352,0,0.54413977494165,0.838994580034012,0.113587999586015
0.00406262628448428,0,0.54413977494165,-0.838994580034012,-0.847547132093586
8.11098795810562e-17,0,0.999999109102444,0.00133483869091955,0.106266969579433
,,0.999999109102444,-0.00133483869091955,0.756052296347563
