Q,P,EigValReal,EigValImag,AGPgrad,N,toda,k,E0,lmd,period
0,0,0.999459303864865,0.0328800839103739,-125.579433206651,2,2.03,1,1,6.49011506229193e-15,3.24410000000242
1.02638213403239,0,0.999459303864865,-0.0328800839103739,-2.02281205237705
0.261966225033013,0,0.247028830936585,0.969008130350887,6.68068332470262
-1.70033867911752e-17,0,0.247028830936585,-0.969008130350887,13.331752916698
