Q,P,EigValReal,EigValImag,AGPgrad,N,toda,k,E0,lmd,period
0,0,0.315694037818768,0.948861040661732,-2920.1915089435,3,3.45999999999997,1,1,1.21284060495408e-14,2.24440000000031
0.993198922263907,0,0.315694037818768,-0.948861040661732,-10.2896739779783
0.361322372457579,0,0.995178339092888,0.0980819728611501,0.424124707702733
0.128941292337453,0,0.995178339092888,-0.0980819728611501,26.2081978421854
4.42545602540276e-17,0,0.750808922254624,0.66051946395456,77.883396445963
,,0.750808922254624,-0.66051946395456,38.8654161757468
