Q,P,EigValReal,EigValImag,AGPgrad,N,toda,k,E0,lmd,period
0,0,0.999582394749319,0.0288969913174581,-55.6366789066252,2,1.79,1,1,5.90233180470642e-15,3.6117000000032
1.05335469838265,0,0.999582394749319,-0.0288969913174581,-1.42920597524286
0.260480930862395,0,-0.0233579072032389,0.99972716686658,4.18269456853117
-1.9225535626745e-17,0,-0.0233579072032389,-0.99972716686658,8.01525343307048
