Q,P,EigValReal,EigValImag,AGPgrad,N,toda,k,E0,lmd,period
0,0,0.991050696970951,0.133486014374016,-946.281406125736,4,3.17999999999998,1,1,4.41026153052303e-14,3.15230000000223
1.10260509817918,0,0.991050696970951,-0.133486014374016,-9.31281464973981
0.445654556417344,0,0.479938661214746,0.877302046886588,1.114835011604
0.204345114952968,0,0.479938661214746,-0.877302046886588,0.529277215578006
0.0802267557638786,0,-0.39540717485241,0.918505942318953,9.09102808426847
-8.42746595561991e-18,0,-0.39540717485241,-0.918505942318953,25.7552451974246
,,-0.848136072008574,0.529778447426694,17.7953108939427
,,-0.848136072008574,-0.529778447426694,7.98744891822196
