Q,P,EigValReal,EigValImag,AGPgrad,N,toda,k,E0,lmd,period
0,0,0.994636017722126,0.103436899846269,-656.607487454351,4,3.04999999999998,1,1,4.03970916677631e-14,3.33840000000262
1.11579950285756,0,0.994636017722126,-0.103436899846269,-8.10208175819278
0.44953104290635,0,0.403453415577831,0.915000186589372,1.28286411706756
0.205086846617623,0,0.403453415577831,-0.915000186589372,0.600597924695057
0.0800923960928137,0,-0.534632656201692,0.845084565545202,7.18289983507596
-8.78323959955642e-18,0,-0.534632656201692,-0.845084565545202,19.7179974340934
,,-0.938498435527413,0.345283487170499,13.6180234318396
,,-0.938498435527413,-0.345283487170499,5.84918230923242
