Q,P,EigValReal,EigValImag,AGPgrad,N,toda,k,E0,lmd,period
0,0,0.998860990892116,0.0477149963218926,-113.932139823293,2,2,1,1,1.50967112063351e-14,3.28840000000252
1.02957009194359,0,0.998860990892116,-0.0477149963218926,-1.94439968665497
0.261849617817852,0,0.216341388880041,0.976317777907107,6.31456165060743
-1.72535255510341e-17,0,0.216341388880041,-0.976317777907107,12.5271481979152
