Q,P,EigValReal,EigValImag,AGPgrad,N,toda,k,E0,lmd,period
0,0,0.286641884864198,0.95803780188544,42.5598507043292,4,1.34,1,1,5.84960930943865e-15,6.94789999999715
1.40447847841219,0,0.286641884864198,-0.95803780188544,2.82781078812256
0.515028289743781,0,0.885376465581046,0.464874729572603,1.90927031738063
0.201796862572514,0,0.885376465581046,-0.464874729572603,2.84162413183812
0.0661698451462154,0,0.999544629086909,0.0301750636038424,-3.81724659768062
-1.91354093533284e-17,0,0.999544629086909,-0.0301750636038424,-4.56137863342875
,,-0.99999438773683,0.0033502977222215,-0.361029425688163
,,-0.99999438773683,-0.0033502977222215,0.862750509804237
