Q,P,EigValReal,EigValImag,AGPgrad,N,toda,k,E0,lmd,period
0,0,0.997724880992119,0.0674170738705612,-8242.2667433588,2,3.55999999999997,1,1,4.89357218102501e-15,1.58889999999984
0.907494961598877,0,0.997724880992119,-0.0674170738705612,-7.4675595643271
0.256613076530094,0,0.922967878678938,0.384876986746285,82.767717500284
-9.73295072245788e-18,0,0.922967878678938,-0.384876986746285,220.210947373595
