Q,P,EigValReal,EigValImag,AGPgrad,N,toda,k,E0,lmd,period
0,0,-0.873537056817722,0.486757650547207,2.75566954990252,5,0.38,1,1,2.58515616000463e-14,11.4298999999867
2.14703518480116,0,-0.873537056817722,-0.486757650547207,-0.448647851772475
0.637576273162266,0,-0.994308818918062,0.106536250270878,-0.560672614527991
0.190917092163576,0,-0.994308818918062,-0.106536250270878,0.0867832251630219
0.0495932843668132,0,0.999954493167415,0.00953999970150359,0.424177880850497
0.00998397126233516,0,0.999954493167415,-0.00953999970150359,-0.569171998109735
4.42075750014701e-16,0,0.533015193854875,0.846105669003499,0.0230833709931747
,,0.533015193854875,-0.846105669003499,-0.347192961580557
,,0.562021341438904,0.827122730776523,-0.305882683659993
,,0.562021341438904,-0.827122730776523,0.354963152976762
