Q,P,EigValReal,EigValImag,AGPgrad,N,toda,k,E0,lmd,period
0,0,-0.708086614194313,0.706125588545595,-3.3747378153139,3,0.79,1,1,8.54242192007135e-15,6.94019999999716
1.43612251149561,0,-0.708086614194313,-0.706125588545595,-3.78290738427884
0.385462928516889,0,0.999767038229267,0.0215840049638225,-1.71589870052032
0.0877233185216444,0,0.999767038229267,-0.0215840049638225,2.88549792981029
5.1579835329867e-17,0,0.898485475928648,0.43900324548378,4.10950084315499
,,0.898485475928648,-0.43900324548378,-2.29524287867494
