Q,P,EigValReal,EigValImag,AGPgrad,N,toda,k,E0,lmd,period
0,0,-0.985505730937583,0.169642135948526,2.29823965351865,5,1.35,1,1,1.31262370316555e-14,8.19979999999423
1.52244808584966,0,-0.985505730937583,-0.169642135948526,-0.261588437841249
0.610987675625645,0,-0.712360440189922,0.701813795285066,0.384353250302732
0.280541456883385,0,-0.712360440189922,-0.701813795285066,-0.365590888832167
0.122509841357814,0,-0.746537767242715,0.665343040904672,0.15115133707578
0.0440440713583963,0,-0.746537767242715,-0.665343040904672,0.214358225914702
2.89017055251704e-16,0,0.999231160778898,0.0392057053051651,-0.123257821088376
,,0.999231160778898,-0.0392057053051651,-0.000201720290209999
,,0.999962055520031,0.00871134433742845,-0.276356325183262
,,0.999962055520031,-0.00871134433742845,-0.211620749559529
