Q,P,EigValReal,EigValImag,AGPgrad,N,toda,k,E0,lmd,period
0,0,0.999010589609644,0.0444729338786245,73.8612752861415,4,2.14,1,1,1.52578013133228e-14,4.97400000000175
1.23335465451137,0,0.999010589609644,-0.0444729338786245,-1.04806780041612
0.48100602037143,0,-0.870705635630095,0.491804530359341,3.54522434954763
0.208362126240873,0,-0.870705635630095,-0.491804530359341,2.32321300311843
0.0768833044164611,0,-0.397319031580341,0.917680547436884,-1.98223382765855
-1.24219932919748e-17,0,-0.397319031580341,-0.917680547436884,-2.93673569985282
,,0.0618696650022882,0.99808423720271,-1.39482133636945
,,0.0618696650022882,-0.99808423720271,-2.44855182493625
