Q,P,EigValReal,EigValImag,AGPgrad,N,toda,k,E0,lmd,period
0,0,0.994136848638808,0.10812921057022,-135.314622906411,4,2.62999999999999,1,1,1.10666565333036e-14,4.01690000000398
1.16372881428962,0,0.994136848638808,-0.10812921057022,-4.59578717248489
0.463051858250447,0,0.0892079369065217,0.996013024007648,2.02638454238876
0.207158744568777,0,0.0892079369065217,-0.996013024007648,1.00862726994089
0.079221693320879,0,-0.919193531058381,0.393806110237552,2.38115229384359
-1.01647881978433e-17,0,-0.919193531058381,-0.393806110237552,6.1985230839573
,,-0.907495051303339,0.420062771333004,4.23903215408963
,,-0.907495051303339,-0.420062771333004,0.889579715590075
