Q,P,EigValReal,EigValImag,AGPgrad,N,toda,k,E0,lmd,period
0,0,0.998391599419375,0.0566940403290596,-220.597179954319,2,2.21,1,1,2.68686438238491e-14,2.98880000000188
1.00821768223407,0,0.998391599419375,-0.0566940403290596,-2.50900865076057
0.262341811706493,0,0.411768319134758,0.911288566457926,9.27439949606351
-1.56394013525101e-17,0,0.411768319134758,-0.911288566457926,19.2237660616874
