Q,P,EigValReal,EigValImag,AGPgrad,N,toda,k,E0,lmd,period
0,0,0.981047634366482,0.193766713095638,-5055.15054825709,4,3.88999999999996,1,1,7.37397895963009e-14,2.30580000000044
1.04074295570086,0,0.981047634366482,-0.193766713095638,-17.0528017230667
0.426651881810609,0,0.760859531580953,0.648916614984098,0.528176330230429
0.199926172395753,0,0.760859531580953,-0.648916614984098,0.350367065255711
0.0802659313316463,0,-0.133486768737462,0.991050595364357,25.4590589193978
-6.89706159771492e-18,0,-0.133486768737462,-0.991050595364357,84.6948185986533
,,0.262916630926548,0.964818555575208,57.8741201595697
,,0.262916630926548,-0.964818555575208,28.0312500334847
