Q,P,EigValReal,EigValImag,AGPgrad,N,toda,k,E0,lmd,period
0,0,0.996426749557773,0.0844614276797757,-664.748969237258,2,2.58999999999999,1,1,8.88685753382561e-15,2.50690000000087
0.974443391166684,0,0.996426749557773,-0.0844614276797757,-3.64949490194033
0.261806806663927,0,0.661072082279101,0.750322398726836,17.7993321268934
-1.3364872185221e-17,0,0.661072082279101,-0.750322398726836,40.0137563468279
