Q,P,EigValReal,EigValImag,AGPgrad,N,toda,k,E0,lmd,period
0,0,-0.810753301928399,0.5853879768258,1356.27366232458,5,2.29,1,1,1.34456194558435e-14,5.53020000000045
1.30462741762737,0,-0.810753301928399,-0.5853879768258,10.6230023355881
0.549897060837863,0,-0.398702665699096,0.917080249686167,19.9155995948786
0.274000104916445,0,-0.398702665699096,-0.917080249686167,22.186110559145
0.133322656579684,0,0.453585393957927,0.891212819919027,6.79813070240804
0.0534934357098869,0,0.453585393957927,-0.891212819919027,-27.6384625671115
2.47631364939385e-16,0,0.999697936748867,0.0245771288076361,-50.1340255929636
,,0.999697936748867,-0.0245771288076361,-37.6372606243474
,,0.98171904912405,0.190335778525677,-34.3188679692434
,,0.98171904912405,-0.190335778525677,-31.366945429307
