Q,P,EigValReal,EigValImag,AGPgrad,N,toda,k,E0,lmd,period
0,0,0.300243128165158,0.953862707096573,-2790.65590284509,3,3.43999999999997,1,1,5.69205870672397e-15,2.26460000000035
0.994743328788875,0,0.300243128165158,-0.953862707096573,-10.1443761618765
0.361671309627284,0,0.995595259446996,0.0937554231323469,0.428477035273965
0.128966097885757,0,0.995595259446996,-0.0937554231323469,25.5106376425776
4.42975040676977e-17,0,0.744581602354363,0.667531450521552,75.5180976059892
,,0.744581602354363,-0.667531450521552,37.6895248678204
