Q,P,EigValReal,EigValImag,AGPgrad,N,toda,k,E0,lmd,period
0,0,0.448542906748394,0.893761299680001,-2650.17419503283,3,3.64999999999997,1,1,5.49987435866986e-14,2.06139999999993
0.979037213994514,0,0.448542906748394,-0.893761299680001,-12.4369579430769
0.358059602063365,0,0.988794389924371,0.149283805063009,4.86678469317857
0.128662915983102,0,0.988794389924371,-0.149283805063009,20.096031927374
4.38534564386191e-17,0,0.803054115438382,0.595906106427402,70.4735971664368
,,0.803054115438382,-0.595906106427402,13.845308046964
