Q,P,EigValReal,EigValImag,AGPgrad,N,toda,k,E0,lmd,period
0,0,-0.767219438347284,0.641384700021816,-1019.68977663197,5,1.91,1,1,1.14577453825584e-14,6.50859999999817
1.37593971792006,0,-0.767219438347284,-0.641384700021816,-35.2319151914595
0.571725972965773,0,-0.0633169659302757,0.997993467827004,-6.56402592220018
0.278188936353546,0,-0.0633169659302757,-0.997993467827004,-30.0517680457422
0.131190427486005,0,0.333003600758702,0.942925554793028,-0.461795962717914
0.0510461710684002,0,0.333003600758702,-0.942925554793028,34.4898910010678
2.61042938160624e-16,0,0.999387584900342,0.0349922155227589,42.8084159509528
,,0.999387584900342,-0.0349922155227589,23.0026740260038
,,0.993737461897688,0.111740130754988,49.4894672127908
,,0.993737461897688,-0.111740130754988,8.26337131639555
