Q,P,EigValReal,EigValImag,AGPgrad,N,toda,k,E0,lmd,period
0,0,-0.892115572862435,0.451807264944178,-33.5931913681766,4,1.09,1,1,1.05616351670799e-14,7.6528999999955
1.48545550651433,0,-0.892115572862435,-0.451807264944178,-7.19704958177823
0.525034989731272,0,-0.722884265909739,0.690969129628909,-2.28568750677718
0.193954368851916,0,-0.722884265909739,-0.690969129628909,-3.71698058364221
0.0591835869488913,0,0.933560882805334,0.358418858454374,6.33905385060545
-2.27784841862239e-17,0,0.933560882805334,-0.358418858454374,7.96786189825538
,,0.999766581611461,0.0216051450572134,1.62778286773995
,,0.999766581611461,-0.0216051450572134,-1.94207871837395
