Q,P,EigValReal,EigValImag,AGPgrad,N,toda,k,E0,lmd,period
0,0,-0.911294097425999,0.411756078275149,48.1983154636382,3,0.960000000000001,1,1,1.13116206482054e-15,6.54419999999809
1.3740844772069,0,-0.911294097425999,-0.411756078275149,11.8982658356411
0.393741764139185,0,0.999612989141833,0.0278185538610876,11.1571477184909
0.0987804529207746,0,0.999612989141833,-0.0278185538610876,-13.514053054528
5.06881030096428e-17,0,0.989403792414971,0.145189998122702,-15.7206375581178
,,0.989403792414971,-0.145189998122702,9.17180384626253
