Q,P,EigValReal,EigValImag,AGPgrad,N,toda,k,E0,lmd,period
0,0,-0.665115723060024,0.746740299527449,0.659699602773631,3,0.23,1,1,1.21820799144032e-14,8.04279999999459
1.74866725835617,0,-0.665115723060024,-0.746740299527449,-0.20034699962933
0.230800155114181,0,0.381425252558957,0.924399684503583,0.175494746050091
0.0214937341194514,0,0.381425252558957,-0.924399684503583,-0.729399991245545
6.67937064660346e-17,0,0.999991856414879,0.00403572842288047,0.193076832706481
,,0.999991856414879,-0.00403572842288047,0.458214796202125
