Q,P,EigValReal,EigValImag,AGPgrad,N,toda,k,E0,lmd,period
0,0,-0.959544851594115,0.281555816454251,15.4309938172932,3,1.33,1,1,1.54083478692461e-14,5.68640000000009
1.27084089501312,0,-0.959544851594115,-0.281555816454251,0.509123481542013
0.397567373333159,0,0.999571440095179,0.0292734717103781,2.59753475095515
0.113993737955899,0,0.999571440095179,-0.0292734717103781,-1.56766026121331
4.94803095417639e-17,0,0.218408291131465,0.975857478510581,-1.3510672177839
,,0.218408291131465,-0.975857478510581,1.04989874920816
