Q,P,EigValReal,EigValImag,AGPgrad,N,toda,k,E0,lmd,period
0,0,-0.938406580753217,0.345533050805627,-102.680733060877,4,1.15,1,1,8.79593806459103e-15,7.4812999999959
1.46415163352456,0,-0.938406580753217,-0.345533050805627,-16.3988278999585
0.52283792442458,0,-0.51023095349289,0.860037425986638,-6.07060432870517
0.196305722065843,0,-0.51023095349289,-0.860037425986638,-9.71272224054457
0.0611082721824707,0,0.999543910025751,0.0301988729996758,15.7273636411104
-2.17971748819699e-17,0,0.999543910025751,-0.0301988729996758,19.711377692526
,,0.987969909764451,0.15464623306121,3.62126812723651
,,0.987969909764451,-0.15464623306121,-4.24217964168714
