Q,P,EigValReal,EigValImag,AGPgrad,N,toda,k,E0,lmd,period
0,0,0.998457044374127,0.0555295465470045,-4005.92364927525,2,3.26999999999997,1,1,4.79959162725555e-16,1.82159999999982
0.925264573194525,0,0.998457044374127,-0.0555295465470045,-6.17388576804122
0.25847314037293,0,0.87956074580733,0.475786605985127,52.9206268055726
-1.05948038622995e-17,0,0.87956074580733,-0.475786605985127,134.678111906073
