Q,P,EigValReal,EigValImag,AGPgrad,N,toda,k,E0,lmd,period
0,0,0.284493789318861,0.958677883253289,-1603.54982880947,3,3.41999999999997,1,1,2.16740618747657e-14,2.2850000000004
0.996298615078708,0,0.284493789318861,-0.958677883253289,-10.5586376479618
0.362021204605036,0,0.994265229795151,0.106942287335117,3.99437759439834
0.128989926451128,0,0.994265229795151,-0.106942287335117,14.9949358734591
4.43405936256851e-17,0,0.738198134440615,0.674583956456415,49.180470800492
,,0.738198134440615,-0.674583956456415,10.7052854845247
