Q,P,EigValReal,EigValImag,AGPgrad,N,toda,k,E0,lmd,period
0,0,0.999773381366544,0.0212881636334479,-7.31707306451967,2,1.32,1,1,1.23068724234287e-14,4.41200000000306
1.1186242151291,0,0.999773381366544,-0.0212881636334479,-0.4940309384671
0.251825500724087,0,-0.652327743917549,0.757937012234807,1.35795457671508
-2.56763648241072e-17,0,-0.652327743917549,-0.757937012234807,2.81677499688875
