Q,P,EigValReal,EigValImag,AGPgrad,N,toda,k,E0,lmd,period
0,0,0.998770864426261,0.0495657177217432,7.73110769768233,3,1.58,1,1,1.5136394212969e-14,5.13630000000137
1.21757546410801,0,0.998770864426261,-0.0495657177217432,-0.476683742585263
0.39535914794858,0,-0.765425023052127,0.643525084270716,2.04842592141165
0.119952012915641,0,-0.765425023052127,-0.643525084270716,-0.36381812093646
4.88103676999363e-17,0,-0.470077152089989,0.882625328824726,0.290001085142671
,,-0.470077152089989,-0.882625328824726,0.881000504537566
