Q,P,EigValReal,EigValImag,AGPgrad,N,toda,k,E0,lmd,period
0,0,0.995503386758017,0.0947259571250592,-531.702873421299,4,2.97999999999998,1,1,3.99333340591872e-14,3.44310000000284
1.1231972298726,0,0.995503386758017,-0.0947259571250592,-7.47406379020705
0.451675954143203,0,0.358356679925882,0.933584752420751,1.38412484551052
0.205470780412401,0,0.358356679925882,-0.933584752420751,0.647225081340396
0.0799972765299761,0,-0.608503995103994,0.793550809931215,6.25148700742208
-8.98732520414876e-18,0,-0.608503995103994,-0.793550809931215,16.8860673864246
,,-0.97254598452313,0.232710781847221,11.6506630198514
,,-0.97254598452313,-0.232710781847221,4.83226421357513
