Q,P,EigValReal,EigValImag,AGPgrad,N,toda,k,E0,lmd,period
0,0,0.998613275789226,0.05264527915684,88.4817034415904,5,1.47,1,1,9.41861450148289e-15,7.81419999999513
1.48523013741294,0,0.998613275789226,-0.05264527915684,6.03743405609583
0.601750654529199,0,0.928921508092528,0.370276696273348,1.88127334453436
0.280818295218038,0,0.928921508092528,-0.370276696273348,0.891203284691536
0.125243500919597,0,-0.259006691493215,0.965875527053949,5.62924975272505
0.0460365009846866,0,-0.259006691493215,-0.965875527053949,-5.46272624480218
2.81883490772207e-16,0,-0.994301740727493,0.106602290717807,-8.39236369374875
,,-0.994301740727493,-0.106602290717807,-3.18948804710581
,,-0.99940273785654,0.0345567296607278,1.00327358736859
,,-0.99940273785654,-0.0345567296607278,-0.0632358132227153
