Q,P,EigValReal,EigValImag,AGPgrad,N,toda,k,E0,lmd,period
0,0,0.998314657565027,0.05803313269842,-1757.73668088725,2,2.94999999999998,1,1,4.16106571496471e-13,2.11780000000004
0.946916435427673,0,0.998314657565027,-0.05803313269842,-4.90299605397125
0.260286542078213,0,0.803219841734488,0.595682705678137,31.9687205410822
-1.17410493367865e-17,0,0.803219841734488,-0.595682705678137,77.0322930767743
