Q,P,EigValReal,EigValImag,AGPgrad,N,toda,k,E0,lmd,period
0,0,-0.0696807290871534,0.997569343952521,-1085.22760855087,3,3.03999999999998,1,1,8.80388065609424e-14,2.70930000000129
1.02807995267305,0,-0.0696807290871534,-0.997569343952521,-7.4194367186617
0.368863660732911,0,0.99979241536011,0.0203746457248436,0.549373097074216
0.129228337354984,0,0.99979241536011,-0.0203746457248436,14.5558358646335
4.51852790316608e-17,0,0.583895695323726,0.81182868696689,39.6282342836011
,,0.583895695323726,-0.81182868696689,19.7940753941844
