Q,P,EigValReal,EigValImag,AGPgrad,N,toda,k,E0,lmd,period
0,0,-0.162989961458684,0.986627727394528,0.056394288301629,2,0.12,1,1,1.06177587978239e-14,6.25349999999876
1.40440965776626,0,-0.162989961458684,-0.986627727394528,0.0196366101156466
0.055266659298924,0,0.999999362790249,0.00112890171784122,-0.313463279262402
-8.75759171276376e-17,0,0.999999362790249,-0.00112890171784122,0.373130936737871
