Q,P,EigValReal,EigValImag,AGPgrad,N,toda,k,E0,lmd,period
0,0,0.999960577609724,0.00887937083560615,0.865649306199479,2,0.74,1,1,2.00665454615584e-14,5.46100000000061
1.23655985769487,0,0.999960577609724,-0.00887937083560615,0.0585753043590613
0.214489863273641,0,-0.962938742339521,0.269720185565673,-0.0671506723773786
-4.19344568290553e-17,0,-0.962938742339521,-0.269720185565673,0.878938596041816
