Q,P,EigValReal,EigValImag,AGPgrad,N,toda,k,E0,lmd,period
0,0,0.99543282001989,0.0954646574771809,-1118.34341653938,2,2.77999999999998,1,1,1.46957628121422e-14,2.29380000000042
0.959448828412614,0,0.99543282001989,-0.0954646574771809,-4.28058193772458
0.261092276886011,0,0.74518156063403,0.666861636091806,24.3161622798332
-1.24562439050139e-17,0,0.74518156063403,-0.666861636091806,56.771198955979
