Q,P,EigValReal,EigValImag,AGPgrad,N,toda,k,E0,lmd,period
0,0,0.991068788665583,0.133351625910242,-4639.12720359454,4,3.84999999999996,1,1,6.15953863807072e-14,2.34660000000053
1.04384101945894,0,0.991068788665583,-0.133351625910242,-16.6226790921598
0.427635979466681,0,0.749989319584599,0.661449938021807,0.550360460517572
0.200183787770648,0,0.749989319584599,-0.661449938021807,0.355054921484766
0.080286808775317,0,-0.173078343214118,0.984908060232154,24.1792544971373
-6.96833066719682e-18,0,-0.173078343214118,-0.984908060232154,79.7597650605425
,,0.233211094003085,0.97242613376745,54.5802742094122
,,0.233211094003085,-0.97242613376745,26.3942340436984
