Q,P,EigValReal,EigValImag,AGPgrad,N,toda,k,E0,lmd,period
0,0,0.990358703280565,0.138526671931726,-1544.46067958781,4,3.36999999999997,1,0.999999999999999,7.45280586668616e-14,2.89880000000169
1.0844806323749,0,0.990358703280565,-0.138526671931726,-11.2047865874338
0.440226174078614,0,0.575991193200573,0.817455898110346,0.908768752743431
0.20320918049778,0,0.575991193200573,-0.817455898110346,0.45339478448832
0.0803382543334678,0,-0.673726340994492,0.73898093172298,12.3686052496532
-7.95577092110908e-18,0,-0.673726340994492,-0.73898093172298,36.6891766415095
,,-0.196065749883223,0.980590751395673,25.3223524553096
,,-0.196065749883223,-0.980590751395673,11.7953120836211
