Q,P,EigValReal,EigValImag,AGPgrad,N,toda,k,E0,lmd,period
0,0,0.977261982050305,0.212035417888542,-5943.7024287505,5,4.09999999999996,1,0.999999999999999,1.86777869610523e-13,2.50880000000087
1.09820635132592,0,0.977261982050305,-0.212035417888542,-22.304009341265
0.47873063822639,0,0.74762025699436,0.664126457334523,1.14350477073276
0.252000378779441,0,0.74762025699436,-0.664126457334523,0.22940368349704
0.131416001872907,0,0.188160964689231,0.982138203801903,0.390315209893326
0.0562102737687689,0,0.188160964689231,-0.982138203801903,21.1446029118798
2.08977704846209e-16,0,-0.616611525563227,0.787267569853224,73.0715850190748
,,-0.616611525563227,-0.787267569853224,57.7575343406271
,,-0.324646443870163,0.945835443659448,37.1470775944241
,,-0.324646443870163,-0.945835443659448,18.0219438802913
