Q,P,EigValReal,EigValImag,AGPgrad,N,toda,k,E0,lmd,period
0,0,0.988626142223229,0.150393985626918,-2825.93853636272,5,3.77999999999996,1,1,1.66637647380184e-13,2.88380000000166
1.125087741799,0,0.988626142223229,-0.150393985626918,-16.9532711344873
0.48858415781258,0,0.648241789419855,0.761434555592101,1.57835307813947
0.255628525758005,0,0.648241789419855,-0.761434555592101,0.406550256261658
0.132326643572056,0,-0.0753985934170074,0.997153474702233,0.412562971566386
0.0562323036620832,0,-0.0753985934170074,-0.997153474702233,13.1911151482696
2.14017885841668e-16,0,-0.640398733293956,0.768042617564608,42.3286167952397
,,-0.640398733293956,-0.768042617564608,33.9522250696771
,,-0.887897702752064,0.460040943229634,20.9542309148698
,,-0.887897702752064,-0.460040943229634,10.0219266488178
