Q,P,EigValReal,EigValImag,AGPgrad,N,toda,k,E0,lmd,period
0,0,-0.722914856757803,0.690937124403403,1917.93403479743,5,1.96,1,1,3.12196921238529e-14,6.37189999999849
1.36556645006224,0,-0.722914856757803,-0.690937124403403,60.076395895844
0.568652983387806,0,-0.188462042246678,0.982080474621206,11.9193657954639
0.277698440301827,0,-0.188462042246678,-0.982080474621206,52.2434612429689
0.131587615081619,0,0.516647052629605,0.856198471739548,2.02141984873849
0.0514460173995943,0,0.516647052629605,-0.856198471739548,-60.324054612427
2.59087218613229e-16,0,0.998223544906076,0.0595798153319513,-75.1117186871055
,,0.998223544906076,-0.0595798153319513,-33.0096941843524
,,0.998117662989147,0.0613280590683839,-92.2596807639825
,,0.998117662989147,-0.0613280590683839,-10.537918991167
