Q,P,EigValReal,EigValImag,AGPgrad,N,toda,k,E0,lmd,period
0,0,0.825142605464399,0.564924491102502,1.04732261545264,5,0.17,1,0.999999999999999,1.01332104950586e-14,11.9516999999855
2.49392348164026,0,0.825142605464399,-0.564924491102502,0.0674934617122212
0.474825298656663,0,0.999992915981578,0.00376403861000474,-0.262821775425882
0.0844437957644796,0,0.999992915981578,-0.00376403861000474,0.112039654601838
0.0127208994281627,0,-0.454647910606163,0.890671251013214,0.295020907554649
0.00141114820807808,0,-0.454647910606163,-0.890671251013214,-1.47744494754151
5.95311287058835e-16,0,-0.278623219858987,0.960400490084941,-1.07249091801094
,,-0.278623219858987,-0.960400490084941,0.0637723062597517
,,-0.363908676733657,0.931434632702671,0.796836404328376
,,-0.363908676733657,-0.931434632702671,0.826680614972418
