Q,P,EigValReal,EigValImag,AGPgrad,N,toda,k,E0,lmd,period
0,0,0.996112128382985,0.0880944248423588,-76.4952686204265,4,2.53999999999999,1,1,2.30500349985122e-14,4.1787000000036
1.17524514833068,0,0.996112128382985,-0.0880944248423588,-3.92341294802673
0.466164281526473,0,0.00823671182087948,0.999966077713829,2.23442810209555
0.207507795166991,0,0.00823671182087948,-0.999966077713829,1.1519359233989
0.0789225010038825,0,-0.967650784945576,0.25229339744471,1.54374121935604
-1.05177096169723e-17,0,-0.967650784945576,-0.25229339744471,4.17385696222982
,,-0.808630469743652,0.588316890291409,2.87271438905013
,,-0.808630469743652,-0.588316890291409,0.12692555275164
