Q,P,EigValReal,EigValImag,AGPgrad,N,toda,k,E0,lmd,period
0,0,0.997175811254244,0.0751026061428584,-1852.43102488668,2,2.96999999999998,1,1,8.22781192645504e-13,2.098
0.945492289211842,0,0.997175811254244,-0.0751026061428584,-4.9712520397651
0.260183264810061,0,0.809133361180473,0.587625053775627,33.0042971127786
-1.16622617185959e-17,0,0.809133361180473,-0.587625053775627,79.8196323920148
