Q,P,EigValReal,EigValImag,AGPgrad,N,toda,k,E0,lmd,period
0,0,0.995960156595771,0.0897962497752535,-380.631220788093,3,2.63999999999999,1,1,6.54171012391152e-14,3.24010000000241
1.067079882035,0,0.995960156595771,-0.0897962497752535,-5.04864776827667
0.376410305152427,0,0.334655000556242,0.942340718956108,0.75966135931741
0.12884676247576,0,0.334655000556242,-0.942340718956108,7.77853206628593
4.61265979161711e-17,0,-0.529761379418977,0.848146733104673,19.2893277856688
,,-0.529761379418977,-0.848146733104673,9.58303221830865
