Q,P,EigValReal,EigValImag,AGPgrad,N,toda,k,E0,lmd,period
0,0,0.999995215480721,0.00309338256373507,0.536916761108081,2,0.45,1,1,1.41106342521938e-15,5.92279999999954
1.3178880077329,0,0.999995215480721,-0.00309338256373507,0.0704779270631402
0.165967111333371,0,-0.629213032952144,0.777232886053593,-0.291406809613462
-5.79771708163598e-17,0,-0.629213032952144,-0.777232886053593,0.552844946788758
