Q,P,EigValReal,EigValImag,AGPgrad,N,toda,k,E0,lmd,period
0,0,-0.912512380910512,0.409049085911497,647.22080723585,5,2.38999999999999,1,1,1.44945934285571e-13,5.295700000001
1.28833908769072,0,-0.912512380910512,-0.409049085911497,3.12819362466491
0.544691074271097,0,-0.298181006665378,0.954509343727988,9.39724467157031
0.272782850313466,0,-0.298181006665378,-0.954509343727988,9.35966667379564
0.133607953057412,0,0.189235849236332,0.9819316643045,2.69616356015859
0.0539486452254549,0,0.189235849236332,-0.9819316643045,-11.6385634871653
2.44578404663328e-16,0,0.998814183467173,0.0486849761717116,-21.2882630639217
,,0.998814183467173,-0.0486849761717116,-15.5661325448283
,,0.867399839084707,0.49761181573173,-17.2225089040874
,,0.867399839084707,-0.49761181573173,-13.1088505317815
