Q,P,EigValReal,EigValImag,AGPgrad,N,toda,k,E0,lmd,period
0,0,0.442182569013224,0.896925066915218,-2593.77207412472,3,3.63999999999997,1,1,1.07650076781924e-14,2.07059999999995
0.97975951798949,0,0.442182569013224,-0.896925066915218,-12.3509545163708
0.358229466259766,0,0.994686423003909,0.102951055806997,4.82799450578188
0.128679549417745,0,0.994686423003909,-0.102951055806997,19.8447034415189
4.38742118233529e-17,0,0.80060668530226,0.599190233105756,69.4080464562873
,,0.80060668530226,-0.599190233105756,13.6918103649801
