Q,P,EigValReal,EigValImag,AGPgrad,N,toda,k,E0,lmd,period
0,0,0.989720475408129,0.143015315815871,-4947.60930561534,4,3.87999999999996,1,1,6.67031966215693e-14,2.31590000000046
1.04151239047897,0,0.989720475408129,-0.143015315815871,-16.9843953473697
0.426897509030938,0,0.758196699322585,0.652025892995323,0.533830853317044
0.199990874977382,0,0.758196699322585,-0.652025892995323,0.351781641523515
0.0802714656204022,0,-0.14329260829456,0.989680366789271,25.1332020387256
-6.91464367631048e-18,0,-0.14329260829456,-0.989680366789271,83.4124151902802
,,0.25560077216303,0.966782418783914,57.0392826285398
,,0.25560077216303,-0.966782418783914,27.6153677660313
