Q,P,EigValReal,EigValImag,AGPgrad,N,toda,k,E0,lmd,period
0,0,0.991971729167607,0.126459829717978,-683.004574461165,5,3.30999999999997,1,0.999999999999999,7.46245484641159e-14,3.54190000000305
1.17029744865487,0,0.991971729167607,-0.126459829717978,-10.0600684808643
0.504786768927792,0,0.433734997126195,0.901040483145976,2.54590475950854
0.261240365336772,0,0.433734997126195,-0.901040483145976,0.964179656689789
0.133423575122014,0,-0.534197970226421,0.84535940794787,0.500760858990748
0.0560185207958152,0,-0.534197970226421,-0.84535940794787,4.9246437676732
2.22485986331141e-16,0,-0.979244420677342,0.202682916330628,14.236181144561
,,-0.979244420677342,-0.202682916330628,11.6942539713584
,,-0.951887101373987,0.306448929248954,5.2854733571605
,,-0.951887101373987,-0.306448929248954,2.19992723349822
