Q,P,EigValReal,EigValImag,AGPgrad,N,toda,k,E0,lmd,period
0,0,-0.985172669180526,0.17156576552367,428.008261238072,5,2.51999999999999,1,1,4.92455443242024e-14,5.00470000000167
1.2684177579955,0,-0.985172669180526,-0.17156576552367,0.0958349139461131
0.538219414558843,0,0.995593880285546,0.0937700673882807,6.51353680066572
0.271166403600692,0,0.995593880285546,-0.0937700673882807,5.53540883732767
0.133854033805706,0,0.603374140569325,0.79745824122158,1.57323242017642
0.0544505512534434,0,0.603374140569325,-0.79745824122158,-6.5819795811435
2.40847498901141e-16,0,-0.170949553970213,0.985279782598524,-12.2988094083149
,,-0.170949553970213,-0.985279782598524,-8.94062714087494
,,-0.151434172877223,0.988467344571876,-11.5989334990677
,,-0.151434172877223,-0.988467344571876,-7.97036106311489
