Q,P,EigValReal,EigValImag,AGPgrad,N,toda,k,E0,lmd,period
0,0,0.997882951619454,0.0650354892910629,-3054.40409425874,4,3.65999999999997,1,1,3.54304504631817e-14,2.55100000000096
1.05913240564993,0,0.997882951619454,-0.0650354892910629,-14.3965338439427
0.432439874885922,0,0.691383090664788,0.722488354191832,0.668826196140275
0.201398472305576,0,0.691383090664788,-0.722488354191832,0.382441497289325
0.0803544701599634,0,-0.369311435939298,0.929305688826046,18.787315857496
-7.32860555799795e-18,0,-0.369311435939298,-0.929305688826046,59.5296542667018
,,0.0789052155909583,0.996882122897462,40.9149736180586
,,0.0789052155909583,-0.996882122897462,19.5965787084487
