Q,P,EigValReal,EigValImag,AGPgrad,N,toda,k,E0,lmd,period
0,0,0.998067520657943,0.0621387496468449,-27.7883975680292,3,1.94,1,1,1.53208220985609e-14,4.40910000000306
1.155816386931,0,0.998067520657943,-0.0621387496468449,-1.78428292160884
0.389697767325186,0,-0.360391191319493,0.932801259229062,1.47058033804965
0.125049166901426,0,-0.360391191319493,-0.932801259229062,1.47951078741213
4.78778667064342e-17,0,-0.977039148893929,0.213059854333514,3.53499765394898
,,-0.977039148893929,-0.213059854333514,1.88310127009105
