Q,P,EigValReal,EigValImag,AGPgrad,N,toda,k,E0,lmd,period
0,0,0.342802558459111,0.939407475972958,3.21196904874275,5,0.48,1,1,7.32702634733363e-13,11.1289999999874
2.0280021194397,0,0.342802558459111,-0.939407475972958,-1.71634712181308
0.656275357141162,0,0.887030746183838,0.461710358693122,-1.18202731932128
0.219852267614561,0,0.887030746183838,-0.461710358693122,0.0144757302622075
0.0647837237537855,0,-0.897900240861264,0.440198997569596,0.941862799402191
0.0150359953258573,0,-0.897900240861264,-0.440198997569596,0.515487930702573
4.05487746585883e-16,0,-0.991597123560433,0.129364386701549,1.48735258869239
,,-0.991597123560433,-0.129364386701549,-0.685900226548318
,,0.999977388174363,0.00672481523862051,-1.0678063897189
,,0.999977388174363,-0.00672481523862051,0.579165347253988
