Q,P,EigValReal,EigValImag,AGPgrad,N,toda,k,E0,lmd,period
0,0,-0.575318484784198,0.817929484164497,256.983102105754,5,1.39,1,1,7.05737234108594e-13,8.06999999999453
1.50958453506559,0,-0.575318484784198,-0.817929484164497,23.6484410039709
0.607802616010203,0,-0.869020504883439,0.494776072675443,4.97531885923297
0.280750071180099,0,-0.869020504883439,-0.494776072675443,4.46459714144902
0.123506285321984,0,-0.994910258060528,0.100764966163392,16.3692609094133
0.0447511915415359,0,-0.994910258060528,-0.100764966163392,-19.2430730458037
2.86604317187862e-16,0,0.992467949509393,0.12250456806426,-26.6520430984782
,,0.992467949509393,-0.12250456806426,-12.3476663521435
,,0.999116139915688,0.0420349730572959,1.30149018945874
,,0.999116139915688,-0.0420349730572959,1.01012856093426
