Q,P,EigValReal,EigValImag,AGPgrad,N,toda,k,E0,lmd,period
0,0,0.999897861002875,0.0142922203271135,2.99082602953563,4,0.65,1,1,7.15261059591643e-14,8.91379999999256
1.69809885866477,0,0.999897861002875,-0.0142922203271135,-0.396587368790251
0.526582602648279,0,-0.431431399303409,0.902145746370897,0.0922252551197532
0.160001653181559,0,-0.431431399303409,-0.902145746370897,-0.318921222422661
0.0383935340408767,0,-0.182879443975216,0.983135346211949,-0.302825121760611
-3.3215035205399e-17,0,-0.182879443975216,-0.983135346211949,0.02919506295368
,,-0.225026987131611,0.974352531203397,0.451976425450743
,,-0.225026987131611,-0.974352531203397,-0.128946548098495
