Q,P,EigValReal,EigValImag,AGPgrad,N,toda,k,E0,lmd,period
0,0,0.999184564919671,0.0403758000078925,-111.833787197351,3,2.25,1,1,2.1954780494703e-14,3.8515000000037
1.11250971275465,0,0.999184564919671,-0.0403758000078925,-3.09500444513718
0.383924075574612,0,-0.0150537406905287,0.999886686025577,1.09140057094444
0.127421092810746,0,-0.0150537406905287,-0.999886686025577,3.66010299483542
4.70894165225777e-17,0,-0.922542288393192,0.385896004289037,8.38882748425691
,,-0.922542288393192,-0.385896004289037,4.14224388812486
