Q,P,EigValReal,EigValImag,AGPgrad,N,toda,k,E0,lmd,period
0,0,0.338360468452232,0.941016574449557,-3124.81852379211,3,3.48999999999997,1,1,5.82392644722472e-13,2.21440000000025
0.990901814144922,0,0.338360468452232,-0.941016574449557,-10.534738702217
0.360801082411846,0,0.999311134884433,0.0371113957694907,0.417507585092766
0.128902437865791,0,0.999311134884433,-0.0371113957694907,27.2860710169267
4.41903879922046e-17,0,0.759888936383508,0.650052924277662,81.5364622449826
,,0.759888936383508,-0.650052924277662,40.6911050465694
