Q,P,EigValReal,EigValImag,AGPgrad,N,toda,k,E0,lmd,period
0,0,0.998658137879262,0.0517872923361198,-487.953963608509,3,2.72999999999999,1,1,1.16719736168477e-13,3.11250000000214
1.05772000855208,0,0.998658137879262,-0.0517872923361198,-5.55273422343366
0.374688251221845,0,0.399915375767329,0.91655206738345,0.702200695461711
0.129008011261476,0,0.399915375767329,-0.91655206738345,9.03289982109247
4.59103689375171e-17,0,-0.423107336378002,0.90607956709282,22.879824640876
,,-0.423107336378002,-0.90607956709282,11.3907958524776
