Q,P,EigValReal,EigValImag,AGPgrad,N,toda,k,E0,lmd,period
0,0,-0.802249243330005,0.596989239079274,301.973060261266,4,1.74,1,1,1.33811831530174e-14,5.89889999999959
1.30676132580273,0,-0.802249243330005,-0.596989239079274,7.57325611457018
0.4975139288637,0,-0.0937634168842255,0.995594506641244,12.1837356689127
0.207222700681818,0,-0.0937634168842255,-0.995594506641244,11.3209296126539
0.0730875644220201,0,0.998093127847589,0.0617260734483639,-15.0258196076997
-1.51127110075517e-17,0,0.998093127847589,-0.0617260734483639,-23.2495106366288
,,0.967818418772707,0.251649574377394,-9.37375544251015
,,0.967818418772707,-0.251649574377394,-8.67714807254003
