Q,P,EigValReal,EigValImag,AGPgrad,N,toda,k,E0,lmd,period
0,0,0.997509070866522,0.0705383125614259,85.7306750893394,4,2.09,1,1,2.28471971648106e-14,5.08250000000149
1.24156140792896,0,0.997509070866522,-0.0705383125614259,-0.652923765723805
0.482980641505174,0,-0.81194329738592,0.583736311899527,3.79747036017344
0.208358845140205,0,-0.81194329738592,-0.583736311899527,2.58672403699639
0.076525030901825,0,-0.450916027101764,0.892566376524892,-2.48838947231062
-1.27073391860504e-17,0,-0.450916027101764,-0.892566376524892,-3.79328931375328
,,0.2028452513737,0.979210806718927,-1.80381196036771
,,0.2028452513737,-0.979210806718927,-2.72331669022198
