Q,P,EigValReal,EigValImag,AGPgrad,N,toda,k,E0,lmd,period
0,0,0.9966306770791,0.0820200798877944,-5690.11899568115,2,3.40999999999997,1,1,8.96428939165565e-15,1.70529999999983
0.91648651926316,0,0.9966306770791,-0.0820200798877944,-6.76049301510359
0.257594281949921,0,0.902924341538488,0.429799527055692,65.7379852416855
-1.01605705157374e-17,0,0.902924341538488,-0.429799527055692,171.031960752445
