Q,P,EigValReal,EigValImag,AGPgrad,N,toda,k,E0,lmd,period
0,0,-0.808889683739132,0.587960440455311,2.55811728381631,4,0.52,1,1,1.29760148065299e-14,9.26549999999174
1.79060262982599,0,-0.808889683739132,-0.587960440455311,0.0655692086660564
0.513221761427512,0,0.999943777219526,0.0106038860776134,0.209257570583819
0.139981663629212,0,0.999943777219526,-0.0106038860776134,-0.337261514500935
0.0294950325449001,0,0.099897287278585,0.994997754768509,-0.749633515615134
-3.80640409199583e-17,0,0.099897287278585,-0.994997754768509,-0.417008496609304
,,0.384661472961848,0.923057718248874,0.556344464715969
,,0.384661472961848,-0.923057718248874,-0.0729417329486513
