Q,P,EigValReal,EigValImag,AGPgrad,N,toda,k,E0,lmd,period
0,0,-0.281953948543233,0.959427939399761,-427.954838379129,3,2.84999999999998,1,1,6.33779617252045e-14,2.9500000000018
1.04579435447138,0,-0.281953948543233,-0.959427939399761,-6.50368123685882
0.372411396074207,0,0.994457227904387,0.105141912997353,2.10782898794638
0.12914918297767,0,0.994457227904387,-0.105141912997353,7.03962079186085
4.56259944585592e-17,0,0.478265713093975,0.878215183015353,18.4062386250068
,,0.478265713093975,-0.878215183015353,5.4794819478911
