Q,P,EigValReal,EigValImag,AGPgrad,N,toda,k,E0,lmd,period
0,0,0.994965922807219,0.100213833637693,-94.6801984142108,4,2.56999999999999,1,1,3.05196200472109e-14,4.12410000000373
1.17135080114462,0,0.994965922807219,-0.100213833637693,-4.1447475601336
0.46511787901559,0,0.0357341188772466,0.999361332425896,2.16291145625664
0.207396311201218,0,0.0357341188772466,-0.999361332425896,1.10107573643485
0.0790275808815335,0,-0.953596359274211,0.301087999725898,1.81777180708211
-1.03974564895323e-17,0,-0.953596359274211,-0.301087999725898,4.82355035227343
,,-0.845829530807124,0.533453282691728,3.3073892856068
,,-0.845829530807124,-0.533453282691728,0.371533323892112
