Q,P,EigValReal,EigValImag,AGPgrad,N,toda,k,E0,lmd,period
0,0,0.987016780348392,0.160617170036861,-1745.64288191017,4,3.41999999999997,1,1,5.05804951372907e-14,2.83560000000156
1.07992167066168,0,0.987016780348392,-0.160617170036861,-11.7160689991898
0.438841931288408,0,0.598396659674248,0.801199998558859,0.861917740822208
0.202902290999285,0,0.598396659674248,-0.801199998558859,0.437637299283251
0.0803530604583129,0,-0.62288681802766,0.782311965859768,13.3425597963968
-7.84021925936223e-18,0,-0.62288681802766,-0.782311965859768,40.0587339413434
,,-0.145678976120329,0.989331913928047,27.6232617356233
,,-0.145678976120329,-0.989331913928047,12.9524102557185
