Q,P,EigValReal,EigValImag,AGPgrad,N,toda,k,E0,lmd,period
0,0,-0.692647628259913,0.721276135100776,-2.60935667355615,3,0.78,1,1,2.39944548692526e-15,6.96319999999711
1.44015322830855,0,-0.692647628259913,-0.721276135100776,-3.48656193392195
0.384749166722081,0,0.999800593617842,0.0199693014744525,-1.50222160576963
0.0869644659039692,0,0.999800593617842,-0.0199693014744525,2.57979464607372
5.1647350975368e-17,0,0.88220520911974,0.470865128250122,3.7463502685222
,,0.88220520911974,-0.470865128250122,-2.0813399851769
