Q,P,EigValReal,EigValImag,AGPgrad,N,toda,k,E0,lmd,period
0,0,-0.710034372591965,0.704167018354276,164.723154794981,4,1.84,1,1,1.53384408049831e-13,5.65540000000016
1.28658541722839,0,-0.710034372591965,-0.704167018354276,2.51305323880532
0.493242886660686,0,-0.347055524104504,0.93784458370701,6.5169169842032
0.207786018649094,0,-0.347055524104504,-0.93784458370701,5.51787033974669
0.0742607338548501,0,0.999855833666321,0.0169797492144756,-6.97408523588943
-1.43426825077029e-17,0,0.999855833666321,-0.0169797492144756,-10.8401389054365
,,0.828929832037741,0.559352602173166,-4.60896629763585
,,0.828929832037741,-0.559352602173166,-4.79559715511537
