Q,P,EigValReal,EigValImag,AGPgrad,N,toda,k,E0,lmd,period
0,0,0.999085356017648,0.0427603951232489,-142.824704057157,3,2.31999999999999,1,1,5.91475095126832e-14,3.73450000000346
1.1037001284722,0,0.999085356017648,-0.0427603951232489,-3.42085361917104
0.382579852437833,0,0.0556465811957236,0.998450528569766,1.02059795937034
0.127781922070502,0,0.0556465811957236,-0.998450528569766,4.26708398358206
4.69138380219789e-17,0,-0.868578406555065,0.495551764870507,9.88015310552802
,,-0.868578406555065,-0.495551764870507,4.87587559965723
