Q,P,EigValReal,EigValImag,AGPgrad,N,toda,k,E0,lmd,period
0,0,0.996515991241311,0.0834019136498322,-1363.04331167148,4,3.31999999999997,1,1,1.13405147980434e-14,2.96340000000183
1.08912438005776,0,0.996515991241311,-0.0834019136498322,-10.7085542846868
0.441628579874173,0,0.552446999439076,0.833548026697166,0.957914431476354
0.20351313364194,0,0.552446999439076,-0.833548026697166,0.470971282024638
0.0803177390806067,0,-0.722962726968275,0.690887035205178,11.4433301120528
-8.07473711611475e-18,0,-0.722962726968275,-0.690887035205178,33.5256592077632
,,-0.247443497911397,0.968902324974696,23.1634863008255
,,-0.247443497911397,-0.968902324974696,10.7068149305644
