Q,P,EigValReal,EigValImag,AGPgrad,N,toda,k,E0,lmd,period
0,0,0.998851804652943,0.0479069132948777,92.8225130354269,5,2.86999999999998,1,0.999999999999999,1.02590372013875e-13,4.29500000000333
1.22071062536727,0,0.998851804652943,-0.0479069132948777,-4.5601597263172
0.522275699168267,0,0.136943855518322,0.99057881081506,4.02187260145779
0.266739093354722,0,0.136943855518322,-0.99057881081506,2.30904480946442
0.133983843657456,0,-0.29762021676306,0.95468434918245,0.76221288796715
0.0554021710823358,0,-0.29762021676306,-0.95468434918245,-0.879188967933679
2.31919838217319e-16,0,-0.914979575229703,0.403500157264504,-1.15876789444463
,,-0.914979575229703,-0.403500157264504,-0.599869031250265
,,-0.819469449588444,0.57312286744747,-4.25144121550969
,,-0.819469449588444,-0.57312286744747,-2.89332457797206
