Q,P,EigValReal,EigValImag,AGPgrad,N,toda,k,E0,lmd,period
0,0,0.148046581487525,0.988980388940984,-1841.75158636877,3,3.25999999999997,1,1,1.29819469142237e-14,2.45490000000076
1.00914229407479,0,0.148046581487525,-0.988980388940984,-8.86264709621426
0.364858238987627,0,0.995153876444413,0.0983298642208853,0.474542029775635
0.129143948860538,0,0.995153876444413,-0.0983298642208853,19.9292567226732
4.46902100358448e-17,0,0.681354208289448,0.731953852948577,56.9099804502198
,,0.681354208289448,-0.731953852948577,28.4201634454556
