Q,P,EigValReal,EigValImag,AGPgrad,N,toda,k,E0,lmd,period
0,0,-0.968913321703858,0.247400434568746,15.794714686659,3,1.31,1,1,1.96267741723363e-14,5.73169999999998
1.2755804385106,0,-0.968913321703858,-0.247400434568746,0.607957724998298
0.397634726857406,0,0.999836996732563,0.0180549152528693,2.65579367457394
0.11339697247485,0,0.999836996732563,-0.0180549152528693,-1.68039228063632
4.95360444855882e-17,0,0.277080414033336,0.96084673291796,-1.49217843849167
,,0.277080414033336,-0.96084673291796,1.09822990626051
