Q,P,EigValReal,EigValImag,AGPgrad,N,toda,k,E0,lmd,period
0,0,0.999246239844026,0.0388194816759438,-6.57747083338218,5,1.14,1,0.999999999999999,1.56947297990257e-14,8.8989999999926
1.59869208822481,0,0.999246239844026,-0.0388194816759438,-3.14306311861573
0.62767932466156,0,0.742655061191115,0.669674144705639,0.344142219140756
0.278392434346952,0,0.742655061191115,-0.669674144705639,-0.0740213364888139
0.116013236927996,0,0.307830872854451,0.95144109314117,-1.59111052191716
0.0396799914245473,0,0.307830872854451,-0.95144109314117,1.49008963708429
3.0423937388681e-16,0,-0.850200688638001,0.526458724915326,1.61742697844686
,,-0.850200688638001,-0.526458724915326,1.89516173030297
,,-0.977697064188872,0.210020119694425,0.0619179148890442
,,-0.977697064188872,-0.210020119694425,-0.0847077753339498
