Q,P,EigValReal,EigValImag,AGPgrad,N,toda,k,E0,lmd,period
0,0,-0.7677735301715,0.640721317241739,5.73077164328992,5,0.69,1,1,1.45851819964184e-14,10.442399999989
1.84210229276032,0,-0.7677735301715,-0.640721317241739,1.07375407785175
0.659851185273735,0,0.999950922391424,0.00990720992721991,0.598850568705733
0.254610434254684,0,0.999950922391424,-0.00990720992721991,0.150588897610963
0.0887552025071939,0,0.816908967567786,0.576766624127422,-1.07404715893752
0.0249112120015901,0,0.816908967567786,-0.576766624127422,-1.23420152041813
3.57161322449738e-16,0,-0.100969131003922,0.994889558988498,-1.87857321480255
,,-0.100969131003922,-0.994889558988498,0.519549319400262
,,0.141091631850013,0.989996541116142,0.946869269001295
,,0.141091631850013,-0.989996541116142,-0.651100773159043
