Q,P,EigValReal,EigValImag,AGPgrad,N,toda,k,E0,lmd,period
0,0,0.183900171013142,0.982944925772216,-1226.32135188313,3,3.29999999999997,1,1,2.3068420572889e-14,2.41130000000066
1.00586258783298,0,0.183900171013142,-0.982944925772216,-9.63706504078619
0.364142635610464,0,0.991967471525621,0.12649322288188,3.56448818008887
0.129111881119676,0,0.991967471525621,-0.12649322288188,12.8397712601505
4.46019970364369e-17,0,0.69656961978429,0.717489208834234,40.4739208824888
,,0.69656961978429,-0.717489208834234,9.34830461537121
