Q,P,EigValReal,EigValImag,AGPgrad,N,toda,k,E0,lmd,period
0,0,0.353070875439661,0.935596578080656,-1955.27380538748,3,3.50999999999997,1,1,3.20930790463672e-14,2.19470000000021
0.989383987070999,0,0.353070875439661,-0.935596578080656,-11.2754718556665
0.360454568734791,0,0.993469434029946,0.114098569877743,4.32801993699231
0.128875300442962,0,0.993469434029946,-0.114098569877743,16.8265611391568
4.41478062371984e-17,0,0.765738287814661,0.643152295008443,56.7271680451086
,,0.765738287814661,-0.643152295008443,11.8418616685364
