Q,P,EigValReal,EigValImag,AGPgrad,N,toda,k,E0,lmd,period
0,0,0.997816947914448,0.0660404304550566,-124.425097289814,3,2.28,1,1,8.57179625233936e-14,3.8010000000036
1.10869516855323,0,0.997816947914448,-0.0660404304550566,-3.23232035492438
0.383348843833329,0,0.015618096003655,0.999878030100285,1.06064129981073
0.127582349465173,0,0.015618096003655,-0.999878030100285,3.91415544731508
4.7014039977569e-17,0,-0.900785716353965,0.434263852067708,9.00844368771079
,,-0.900785716353965,-0.434263852067708,4.44514382692534
