Q,P,EigValReal,EigValImag,AGPgrad,N,toda,k,E0,lmd,period
0,0,0.999950224201683,0.00997743048185279,0.715423838217356,2,0.55,1,1,1.37882113825701e-15,5.77499999999988
1.2883156416109,0,0.999950224201683,-0.00997743048185279,0.0801288296496708
0.186574017869902,0,-0.776314726752049,0.630345496555594,-0.2438503522689
-5.15152212351867e-17,0,-0.776314726752049,-0.630345496555594,0.642771268742674
