Q,P,EigValReal,EigValImag,AGPgrad,N,toda,k,E0,lmd,period
0,0,0.999710870225229,0.0240452896334576,-4.52758278757021,2,1.24,1,1,2.74632461848589e-15,4.55630000000272
1.13192171385198,0,0.999710870225229,-0.0240452896334576,-0.372967558619711
0.249106425551619,0,-0.750847343689695,0.660475787954519,1.05983954847497
-2.71933214429682e-17,0,-0.750847343689695,-0.660475787954519,2.36018670590804
