Q,P,EigValReal,EigValImag,AGPgrad,N,toda,k,E0,lmd,period
0,0,0.996591165913541,0.0824987758884074,135.19720915081,5,2.82999999999998,1,0.999999999999999,5.38003215303303e-14,4.37090000000315
1.22577794680197,0,0.996591165913541,-0.0824987758884074,-4.079668190314
0.523997999699113,0,0.104829717480351,0.994490186142114,4.2065129714136
0.267245849883827,0,0.104829717480351,-0.994490186142114,2.51660341447561
0.134000718604832,0,-0.938051990333355,0.346494535933287,0.807617501298733
0.055318036516345,0,-0.938051990333355,-0.346494535933287,-1.39734995151307
2.32867918652445e-16,0,-0.768101108004212,0.640328578061846,-2.29676535840979
,,-0.768101108004212,-0.640328578061846,-1.48844562371543
,,-0.201382435888012,0.979512692370962,-5.00362111608354
,,-0.201382435888012,-0.979512692370962,-3.33792377595537
