Q,P,EigValReal,EigValImag,AGPgrad,N,toda,k,E0,lmd,period
0,0,0.998265487227692,0.0588728885818337,4.80809327092834,5,1.63,1,1,1.39433617322911e-14,7.31879999999628
1.44119023313996,0,0.998265487227692,-0.0588728885818337,-0.682623629020282
0.59019310284559,0,0.647868075934627,0.761752555745482,0.777466192981821
0.280328192256763,0,0.647868075934627,-0.761752555745482,-1.53006941421959
0.128014222748682,0,0.393857325807893,0.919171587304267,2.31286841477428
0.0482170595056667,0,0.393857325807893,-0.919171587304267,0.0910399437316657
2.73427152282515e-16,0,-0.957835151300777,0.287318330310843,-1.14937692788124
,,-0.957835151300777,-0.287318330310843,0.519950119195608
,,-0.781169632745633,0.624318832709748,2.42798456754424
,,-0.781169632745633,-0.624318832709748,0.00743131877483616
