Q,P,EigValReal,EigValImag,AGPgrad,N,toda,k,E0,lmd,period
0,0,0.998625881475399,0.0524056184713895,55.9974433447244,4,2.21,1,1,2.57514133253019e-14,4.82560000000209
1.22225612825677,0,0.998625881475399,-0.0524056184713895,-1.56852851930669
0.478286449812044,0,-0.933593471309876,0.358333964797606,3.24450193857808
0.208317355034688,0,-0.933593471309876,-0.358333964797606,2.01964917514341
0.0773404564901732,0,-0.3226580324016,0.94651560691133,-1.33031382286262
-1.20424951126932e-17,0,-0.3226580324016,-0.94651560691133,-1.7838193586189
,,-0.130347767458193,0.991468335106409,-0.801467352593004
,,-0.130347767458193,-0.991468335106409,-2.06239151030079
