Q,P,EigValReal,EigValImag,AGPgrad,N,toda,k,E0,lmd,period
0,0,0.292389790810219,0.956299226304162,-1639.43879114117,3,3.42999999999997,1,1,5.93296657244819e-14,2.27480000000038
0.995519934063712,0,0.292389790810219,-0.956299226304162,-10.637369578668
0.361845965415562,0,0.992407245627615,0.122995360993383,4.03081093682404
0.128978062363356,0,0.992407245627615,-0.122995360993383,15.1886775779639
4.43190467625846e-17,0,0.741400676250512,0.671062617983785,49.972251562382
,,0.741400676250512,-0.671062617983785,10.826211835263
