Q,P,EigValReal,EigValImag,AGPgrad,N,toda,k,E0,lmd,period
0,0,0.999533085116469,0.0305550610798519,117.533254010462,4,1.96,1,1,2.40209504055273e-14,5.37400000000081
1.26408819013719,0,0.999533085116469,-0.0305550610798519,0.580924214890242
0.488238133618086,0,0.558938386357651,0.829209189683699,4.71568649420219
0.208189985160901,0,0.558938386357651,-0.829209189683699,3.58247036469271
0.0754545019120427,0,-0.604561389717697,0.796558551559518,-4.14555117632936
-1.35109447306047e-17,0,-0.604561389717697,-0.796558551559518,-6.46249941091347
,,-0.588788804809756,0.808286918940738,-2.93488978899063
,,-0.588788804809756,-0.808286918940738,-3.52067097961596
