Q,P,EigValReal,EigValImag,AGPgrad,N,toda,k,E0,lmd,period
0,0,0.992535438507918,0.121956563193263,-1433.38760289938,4,3.33999999999997,1,1,3.18590465754005e-14,2.93740000000177
1.0872565908815,0,0.992535438507918,-0.121956563193263,-10.9023129107995
0.441065389978292,0,0.561999513123821,0.82713756246988,0.938136733701089
0.203391913285385,0,0.561999513123821,-0.82713756246988,0.463649843693736
0.0803266453586135,0,-0.703496913422051,0.710698313495707,11.807837056003
-8.02673631409912e-18,0,-0.703496913422051,-0.710698313495707,34.770089286235
,,-0.22679006755837,0.97394366636724,24.0100056454422
,,-0.22679006755837,-0.97394366636724,11.1340984374558
