Q,P,EigValReal,EigValImag,AGPgrad,N,toda,k,E0,lmd,period
0,0,-0.714889345131988,0.699237602118727,5.41326722347492,5,0.71,1,1,8.38276578924503e-15,10.3746999999892
1.82768767791221,0,-0.714889345131988,-0.699237602118727,0.67383557993388
0.659002693038532,0,-0.143254164675761,0.989685932153756,0.407191227537318
0.25672430130512,0,-0.143254164675761,-0.989685932153756,0.0973774771571769
0.090556043052663,0,0.999803131355918,0.0198418378922208,-0.93740516179546
0.0257569435906372,0,0.999803131355918,-0.0198418378922208,-0.911166409479002
3.53757844566519e-16,0,0.751544792480981,0.659682063493262,-1.46635497413519
,,0.751544792480981,-0.659682063493262,0.463996695949085
,,0.260382748860177,0.965505475953409,0.789455049513959
,,0.260382748860177,-0.965505475953409,-0.626031329483612
