Q,P,EigValReal,EigValImag,AGPgrad,N,toda,k,E0,lmd,period
0,0,0.998531734411046,0.0541698751525542,-99.890046865824,2,1.96,1,1,5.58387852467234e-15,3.34820000000264
1.03389780106106,0,0.998531734411046,-0.0541698751525542,-1.84192857146024
0.261666497746645,0,0.174008982780062,0.984744065182357,5.85243678097089
-1.75983588157078e-17,0,0.174008982780062,-0.984744065182357,11.5222790172635
