Q,P,EigValReal,EigValImag,AGPgrad,N,toda,k,E0,lmd,period
0,0,0.995007797009449,0.0997972138410198,-217.640607890938,4,2.72999999999999,1,1,5.12932644768662e-14,3.84410000000369
1.15149358326953,0,0.995007797009449,-0.0997972138410198,-5.37431241163452
0.459686171170407,0,0.173639712691703,0.984809245578221,1.81719280143034
0.206724108582749,0,0.173639712691703,-0.984809245578221,0.878144681091804
0.07950131465436,0,-0.84615003153025,0.532944766501529,3.37439356877596
-9.79874569855854e-18,0,-0.84615003153025,-0.532944766501529,8.74586602992369
,,-0.974091709862015,0.22615335676945,5.99125570615043
,,-0.974091709862015,-0.22615335676945,1.84540134623638
