Q,P,EigValReal,EigValImag,AGPgrad,N,toda,k,E0,lmd,period
0,0,0.558042475316538,0.829812385869594,17.5261742503606,3,1.21,1,1,1.62409468325355e-14,5.96069999999945
1.30053951049085,0,0.558042475316538,-0.829812385869594,1.22116245614746
0.397622457882425,0,0.999861378367629,0.0166500465093294,3.03246961805829
0.110083531660255,0,0.999861378367629,-0.0166500465093294,-2.35858465102441
4.98239958516637e-17,0,-0.997716022121438,0.0675480510612698,-2.32054342219137
,,-0.997716022121438,-0.0675480510612698,1.45915750337547
