Q,P,EigValReal,EigValImag,AGPgrad,N,toda,k,E0,lmd,period
0,0,-0.954866167323959,0.297036365618827,-33.435708341443,4,1.52,1,1,3.90523286356821e-13,6.46179999999828
1.35663722461622,0,-0.954866167323959,-0.297036365618827,-2.45639170538686
0.507138903651173,0,0.503728989924432,0.863861739348212,-1.58889597024104
0.205011273667516,0,0.503728989924432,-0.863861739348212,-1.68944367629986
0.0697973006525176,0,0.998628474202359,0.0523561888628221,2.71890337109879
-1.71083134845912e-17,0,0.998628474202359,-0.0523561888628221,4.60768599229947
,,0.850298947119253,0.526300010001797,2.18253890673455
,,0.850298947119253,-0.526300010001797,1.59513664849094
