Q,P,EigValReal,EigValImag,AGPgrad,N,toda,k,E0,lmd,period
0,0,0.997909529419673,0.0646263962593308,112.161695451704,4,1.98,1,1,2.62471537924639e-14,5.32830000000092
1.26050414438951,0,0.997909529419673,-0.0646263962593308,0.359840380869472
0.487417864168389,0,0.506847810241565,0.862035554518099,4.53721941298439
0.208232577130541,0,0.506847810241565,-0.862035554518099,3.38688536797947
0.075633270613847,0,-0.567889761650606,0.82310462191172,-3.83987277578162
-1.33811153812703e-17,0,-0.567889761650606,-0.82310462191172,-5.97990585573429
,,-0.641502572593924,0.76712088314383,-2.7421144495979
,,-0.641502572593924,-0.76712088314383,-3.38113524829399
