Q,P,EigValReal,EigValImag,AGPgrad,N,toda,k,E0,lmd,period
0,0,-0.807442241290167,0.589946630620369,0.771090913805873,5,1.1,1,1,3.05187152081766e-14,9.03489999999228
1.61520240800144,0,-0.807442241290167,-0.589946630620369,-2.04880435339589
0.630941768191543,0,-0.917893488737303,0.396826843010482,0.654127714769713
0.277585700005318,0,-0.917893488737303,-0.396826843010482,0.177638270039965
0.114445540993493,0,0.999894455115299,0.0145285453392791,-1.17990895271645
0.038693370624706,0,0.999894455115299,-0.0145285453392791,0.583953049118086
3.07582489216509e-16,0,0.638647126972668,0.769499738277771,0.547714237054323
,,0.638647126972668,-0.769499738277771,1.47231462684707
,,0.515842362683433,0.856683521997,0.113597537433319
,,0.515842362683433,-0.856683521997,0.157063763937164
