Q,P,EigValReal,EigValImag,AGPgrad,N,toda,k,E0,lmd,period
0,0,0.999844412814308,0.0176394490846298,0.329983311920508,2,0.930000000000001,1,1,3.539906031665e-15,5.1224000000014
1.19179646460594,0,0.999844412814308,-0.0176394490846298,-0.0368803523250757
0.232384228503396,0,-0.991945794319083,0.126663100912195,0.234522741090453
-3.49737962732178e-17,0,-0.991945794319083,-0.126663100912195,1.2422275657282
