Q,P,EigValReal,EigValImag,AGPgrad,N,toda,k,E0,lmd,period
0,0,0.602581166778208,0.79805760283592,-4801.12228666196,3,3.92999999999996,1,1,2.50343425236211e-13,1.81899999999982
0.959690722063878,0,0.602581166778208,-0.79805760283592,-14.9399766940589
0.353425516986267,0,0.987844614754962,0.155444578868147,6.02362157120551
0.128138297226065,0,0.987844614754962,-0.155444578868147,28.5141748274077
4.32844811290609e-17,0,0.861015436657807,0.508578821655961,107.10459449149
,,0.861015436657807,-0.508578821655961,18.9212979312079
