Q,P,EigValReal,EigValImag,AGPgrad,N,toda,k,E0,lmd,period
0,0,0.997055065210082,0.0766889623015684,311.319677136227,5,2.63999999999999,1,1,4.24156498689874e-14,4.74950000000227
1.25115755012595,0,0.997055065210082,-0.0766889623015684,-1.70246907300336
0.532522164392754,0,0.296478984980297,0.955039376918595,5.328967468077
0.269654174333734,0,0.296478984980297,-0.955039376918595,3.9302320434595
0.133975736125001,0,-0.0588771404564469,0.998265236463582,1.1454579298009
0.0548359226283027,0,-0.0588771404564469,-0.998265236463582,-4.15157443103566
2.37616774136037e-16,0,-0.432384909187387,0.901689131744975,-7.84750660643262
,,-0.432384909187387,-0.901689131744975,-5.68278690168454
,,-0.999111493292491,0.0421452722242529,-8.68729613686801
,,-0.999111493292491,-0.0421452722242529,-5.73356067110883
