Q,P,EigValReal,EigValImag,AGPgrad,N,toda,k,E0,lmd,period
0,0,0.999714045458266,0.0239129110206015,-0.196472123040738,2,1,1,1,1.66018977029311e-14,4.9948000000017
1.17696937922662,0,0.999714045458266,-0.0239129110206015,-0.093238237764599
0.237244183146471,0,-0.964162164995326,0.265313624964002,0.381161688565277
-3.2894577454346e-17,0,-0.964162164995326,-0.265313624964002,1.42461760627574
