Q,P,EigValReal,EigValImag,AGPgrad,N,toda,k,E0,lmd,period
0,0,0.997121263244576,0.0758233894361154,-1712.12457974754,2,2.93999999999998,1,1,7.22393489299499e-13,2.12780000000007
0.947632456720629,0,0.997121263244576,-0.0758233894361154,-4.85960613964816
0.260337456745607,0,0.800187692155644,0.59974966221133,31.4619228753834
-1.17808758665953e-17,0,0.800187692155644,-0.59974966221133,75.6785059724963
