Q,P,EigValReal,EigValImag,AGPgrad,N,toda,k,E0,lmd,period
0,0,0.998305821758899,0.0581849314021391,42.9971621524551,5,1.55,1,1,1.4423492207495e-14,7.56369999999571
1.46249168817221,0,0.998305821758899,-0.0581849314021391,1.89342333041525
0.595879362003838,0,0.809762774656769,0.586757401981585,1.19711482217038
0.280662965161151,0,0.809762774656769,-0.586757401981585,-0.34559541758689
0.126735008382556,0,0.0772340836380484,0.997012987039081,3.40986295897248
0.0471869999630635,0,0.0772340836380484,-0.997012987039081,-2.11922198002991
2.77505528682857e-16,0,-0.986361101820912,0.164595798289839,-4.02952539211959
,,-0.986361101820912,-0.164595798289839,-0.970274710648338
,,-0.958092540367779,0.286458869807947,1.45949367221556
,,-0.958092540367779,-0.286458869807947,-0.168439643298391
