Q,P,EigValReal,EigValImag,AGPgrad,N,toda,k,E0,lmd,period
0,0,0.993550086244304,0.113394118559665,-68.5150075896919,5,2.99999999999998,1,1,3.1974893185843e-14,4.05730000000388
1.20484339793041,0,0.993550086244304,-0.113394118559665,-6.12083973293891
0.516839682258345,0,0.235310302788331,0.971920295807053,3.50258172675238
0.265097269349149,0,0.235310302788331,-0.971920295807053,1.76336081278714
0.133884122698564,0,-0.573001144957059,0.819554566748252,0.648776448210706
0.0556394026144708,0,-0.573001144957059,-0.819554566748252,0.769789659794633
2.28951139778353e-16,0,-0.939969078025717,0.341259626026122,2.7395426480051
,,-0.939969078025717,-0.341259626026122,2.46890840546859
,,-0.822042035560211,0.569426809846555,-1.73764511499589
,,-0.822042035560211,-0.569426809846555,-1.47536203722018
