Q,P,EigValReal,EigValImag,AGPgrad,N,toda,k,E0,lmd,period
0,0,0.9999941745359,0.00341334063061929,0.682168839471735,2,0.53,1,1,7.48508092655324e-15,5.80569999999981
1.2941337555204,0,0.9999941745359,-0.00341334063061929,0.0790351239514283
0.182834711961701,0,-0.748945686986986,0.662631389192816,-0.255710486272833
-5.27197541230048e-17,0,-0.748945686986986,-0.662631389192816,0.623112945819545
