Q,P,EigValReal,EigValImag,AGPgrad,N,toda,k,E0,lmd,period
0,0,0.99814837194248,0.0608262080730603,-435.032237804597,2,2.43999999999999,1,1,8.99769969217393e-16,2.68800000000125
0.987117207826629,0,0.99814837194248,-0.0608262080730603,-3.18250692838052
0.262187697539293,0,0.577098867171321,0.816674290956668,13.8330968109597
-1.41801819076521e-17,0,0.577098867171321,-0.816674290956668,30.133554884706
