Q,P,EigValReal,EigValImag,AGPgrad,N,toda,k,E0,lmd,period
0,0,0.998621051126694,0.0524975832457412,-1031.31225738122,2,2.74999999999999,1,0.999999999999999,1.0447192279467e-13,2.32620000000048
0.961743414314782,0,0.998621051126694,-0.0524975832457412,-4.18929712131526
0.261219850506997,0,0.733389624937344,0.679808545131852,23.1592110838275
-1.25914223530385e-17,0,0.733389624937344,-0.679808545131852,53.7474554508336
