Q,P,EigValReal,EigValImag,AGPgrad,N,toda,k,E0,lmd,period
0,0,0.999918591639528,0.0127597058573821,-1059.59471718808,2,2.75999999999999,1,1,2.88827082549148e-14,2.31530000000046
0.960975521085559,0,0.999918591639528,-0.0127597058573821,-4.22856791830372
0.2611779885852,0,0.737394361363811,0.675462475514994,23.5397267254971
-1.25460079935859e-17,0,0.737394361363811,-0.675462475514994,54.73280095964
