Q,P,EigValReal,EigValImag,AGPgrad,N,toda,k,E0,lmd,period
0,0,0.996920563156107,0.0784180512154638,-1329.00030940802,4,3.30999999999997,1,1,9.70840987775847e-13,2.97650000000186
1.09006364398044,0,0.996920563156107,-0.0784180512154638,-10.6081139638368
0.441911243153034,0,0.547593263888659,0.83674465480443,0.968188089813027
0.203573524266797,0,0.547593263888659,-0.83674465480443,0.474656676572557
0.0803129131401379,0,-0.732581387768391,0.680679447534099,11.2639449247438
-8.09895961787541e-18,0,-0.732581387768391,-0.680679447534099,32.9196006342646
,,-0.257832171066231,0.96618971820408,22.7475843115958
,,-0.257832171066231,-0.96618971820408,10.4968692051871
