Q,P,EigValReal,EigValImag,AGPgrad,N,toda,k,E0,lmd,period
0,0,-0.859642358673088,0.51089628612367,31.510647443274,4,1.67,1,1,1.61061812835509e-14,6.07399999999918
1.32176126186591,0,-0.859642358673088,-0.51089628612367,0.96682056483109
0.500574994525605,0,0.096437540422326,0.995339038115803,1.07963323212496
0.20674768225548,0,0.096437540422326,-0.995339038115803,1.26254509022607
0.0719894856379158,0,0.998495944042827,0.0548256302294118,-1.49366262581058
-1.5771021426127e-17,0,0.998495944042827,-0.0548256302294118,-2.12971484169596
,,0.999978900366312,0.00649606205154471,-1.11555644367724
,,0.999978900366312,-0.00649606205154471,-0.486459363230216
