Q,P,EigValReal,EigValImag,AGPgrad,N,toda,k,E0,lmd,period
0,0,0.995472994055725,0.0950448215621293,-322.053602945801,4,2.82999999999998,1,1,3.17539701759412e-14,3.67850000000334
1.1398030042304,0,0.995472994055725,-0.0950448215621293,-6.18709739128365
0.456414565870119,0,0.252038592209817,0.967717183911124,1.62965959044731
0.206247989355119,0,0.252038592209817,-0.967717183911124,0.77174396699166
0.0797316864421669,0,-0.75817246820294,0.652054068662304,4.44976167843786
-9.45757473166645e-18,0,-0.75817246820294,-0.652054068662304,11.6680309822358
,,-0.999401764265332,0.0345848750663241,8.01902211658817
,,-0.999401764265332,-0.0345848750663241,2.92941128950801
