Q,P,EigValReal,EigValImag,AGPgrad,N,toda,k,E0,lmd,period
0,0,0.99962070431342,0.0275399257071646,-14.7947448152713,2,1.46,1,1,1.21437870068241e-15,4.16410000000363
1.09707756633209,0,0.99962070431342,-0.0275399257071646,-0.735352290845478
0.255521360664836,0,-0.464763868584425,0.88543466526812,1.98678897062662
-2.33689611702092e-17,0,-0.464763868584425,-0.88543466526812,3.85476301499238
