Q,P,EigValReal,EigValImag,AGPgrad,N,toda,k,E0,lmd,period
0,0,0.990577466224047,0.136953581220851,-10022.0842101107,2,3.63999999999997,1,1,1.59856726728647e-15,1.53019999999985
0.902864684864124,0,0.990577466224047,-0.136953581220851,-7.68792449083698
0.256074399620087,0,0.93189496277989,0.362728243104226,93.5105937621886
-9.51982841072157e-18,0,0.93189496277989,-0.362728243104226,251.763797661689
