Q,P,EigValReal,EigValImag,AGPgrad,N,toda,k,E0,lmd,period
0,0,0.999921459046716,0.0125329859919192,0.612733008470758,4,0.850000000000001,1,1,8.6771931696407e-15,8.34559999999389
1.58654592979656,0,0.999921459046716,-0.0125329859919192,-1.6406893003644
0.530729014492368,0,0.314824752979409,0.949149816894823,-0.251972253378248
0.180098461079479,0,0.314824752979409,-0.949149816894823,-0.577681865720267
0.0494896119568765,0,-0.575901234636086,0.817519276803082,0.850557094776732
-2.76125673711912e-17,0,-0.575901234636086,-0.817519276803082,1.26012509161545
,,-0.93184728952903,0.362850697942571,0.536045725010247
,,-0.93184728952903,-0.362850697942571,-0.442809598685061
