Q,P,EigValReal,EigValImag,AGPgrad,N,toda,k,E0,lmd,period
0,0,0.999973875387655,0.00722831530834465,2.97023699181038,5,0.41,1,1,9.29868316546475e-14,11.3420999999869
2.10865910499419,0,0.999973875387655,-0.00722831530834465,-0.674101587232649
0.645189223706053,0,0.478540725145991,0.878065358829716,-0.668493309498089
0.200762350811386,0,0.478540725145991,-0.878065358829716,0.0766882549372708
0.0544188496977409,0,0.675715312953393,0.737162679359379,0.501754684604272
0.0114932221846038,0,0.675715312953393,-0.737162679359379,-0.351262492014431
4.29686550753271e-16,0,-0.922367815839298,0.386312842530303,0.300764006463892
,,-0.922367815839298,-0.386312842530303,-0.412718243571224
,,-0.998309931074182,0.0581143830619352,-0.461414155018288
,,-0.998309931074182,-0.0581143830619352,0.375673995909432
