Q,P,EigValReal,EigValImag,AGPgrad,N,toda,k,E0,lmd,period
0,0,0.999480089091722,0.0322420766891007,-18.5132686934912,2,1.51,1,1,6.51957257979513e-15,4.07730000000384
1.08986091812545,0,0.999480089091722,-0.0322420766891007,-0.829853015622205
0.256569174978434,0,-0.39579942741492,0.918336982407877,2.24905242714451
-2.26364507607483e-17,0,-0.39579942741492,-0.918336982407877,4.31304333345518
