Q,P,EigValReal,EigValImag,AGPgrad,N,toda,k,E0,lmd,period
0,0,0.99997266669403,0.00739363678163067,1.21023213807275,3,0.36,1,1,1.11248774463277e-14,7.84149999999506
1.66098678886612,0,0.99997266669403,-0.00739363678163067,-0.384740298649604
0.301928638942007,0,-0.361388806640819,0.932415213536725,0.159052633032829
0.0408042038184902,0,-0.361388806640819,-0.932415213536725,-0.53419858961382
5.93445075060388e-17,0,0.145803752732738,0.989313532551262,0.305820587285688
,,0.145803752732738,-0.989313532551262,0.170775642341749
