Q,P,EigValReal,EigValImag,AGPgrad,N,toda,k,E0,lmd,period
0,0,0.40924155771833,0.91242607779275,-2327.76848211849,3,3.58999999999997,1,1,5.37944189162518e-14,2.11750000000004
0.983412929987175,0,0.40924155771833,-0.91242607779275,-11.9323371922419
0.359079578358446,0,0.989552666386072,0.144171843465312,4.63272273093516
0.128758594552784,0,0.989552666386072,-0.144171843465312,18.6277738275869
4.39787981953089e-17,0,0.787829832298054,0.615892973933962,64.259819400035
,,0.787829832298054,-0.615892973933962,12.9489898844607
