Q,P,EigValReal,EigValImag,AGPgrad,N,toda,k,E0,lmd,period
0,0,-0.5699326897663,0.821691383145596,-100.223202252472,5,2.12,1,0.999999999999999,3.26200784061115e-13,5.95069999999947
1.3345107345725,0,-0.5699326897663,-0.821691383145596,0.633106654896778
0.559240575955333,0,-0.541697458801322,0.840573532255311,-3.28246804068047
0.275984345314805,0,-0.541697458801322,-0.840573532255311,-2.38608861269744
0.132603218748586,0,0.997489930427032,0.0708084648665666,-2.0755492077729
0.0525558941761988,0,0.997489930427032,-0.0708084648665666,2.69376921819812
2.5324067321751e-16,0,0.832400623235117,0.554174342998477,7.42848313193843
,,0.832400623235117,-0.554174342998477,8.85588901261796
,,0.916936770794756,0.399032527952888,-3.23755745441633
,,0.916936770794756,-0.399032527952888,8.84909923642617
