Q,P,EigValReal,EigValImag,AGPgrad,N,toda,k,E0,lmd,period
0,0,-0.733108571998172,0.680111624413808,9.44846199120952,5,1.04,1,0.999999999999999,5.64782862082022e-15,9.2400999999918
1.64140289622912,0,-0.733108571998172,-0.680111624413808,-0.504727291904532
0.635828924697872,0,-0.760124371305041,0.649777608223086,1.25580573498935
0.276065222566555,0,-0.760124371305041,-0.649777608223086,0.57656493672704
0.111854419268017,0,0.45528281052674,0.890346877592587,-0.801521650913862
0.0371082876543677,0,0.45528281052674,-0.890346877592587,-0.774128464478711
3.12945588179299e-16,0,0.777444909645324,0.628951041390792,-0.97528535660414
,,0.777444909645324,-0.628951041390792,1.03320598849156
,,0.999787292621841,0.0206244881604241,0.210515759097177
,,0.999787292621841,-0.0206244881604241,0.643952666582837
