Q,P,EigValReal,EigValImag,AGPgrad,N,toda,k,E0,lmd,period
0,0,0.491480019480176,0.870888850802321,-5201.23322566874,3,3.71999999999996,1,0.999999999999999,1.80090826552943e-14,1.9977999999998
0.974037607846762,0,0.491480019480176,-0.870888850802321,-12.3183056049855
0.356882429076145,0,0.996704665971655,0.0811160207989649,0.378210265475385
0.12854347001531,0,0.996704665971655,-0.0811160207989649,36.9642052935805
4.37086909697466e-17,0,0.819481594601655,0.573105501726473,115.159413679559
,,0.819481594601655,-0.573105501726473,57.388233915088
