Q,P,EigValReal,EigValImag,AGPgrad,N,toda,k,E0,lmd,period
0,0,0.995155312330902,0.098315331152041,-1911.4595855353,5,3.62999999999997,1,1,1.67289802670507e-13,3.07900000000207
1.13870332383116,0,0.995155312330902,-0.098315331152041,-14.6364909134523
0.493513545280659,0,0.589742433091674,0.807591395825343,1.83643775779985
0.25738435545856,0,0.589742433091674,-0.807591395825343,0.533888475774895
0.132715051728976,0,-0.215528794695404,0.976497485228281,0.43116557168285
0.0562013127944896,0,-0.215528794695404,-0.976497485228281,10.1916744193206
2.16569209338985e-16,0,-0.777144300325357,0.629322442371023,31.5248165456635
,,-0.777144300325357,-0.629322442371023,25.4781388599389
,,-0.969230317805034,0.246155623635851,15.0918123542861
,,-0.969230317805034,-0.246155623635851,7.114806024374
