Q,P,EigValReal,EigValImag,AGPgrad,N,toda,k,E0,lmd,period
0,0,0.999507531159803,0.0313798526892286,-2854.13312686176,4,3.62999999999997,1,0.999999999999999,2.26538893367128e-14,2.58490000000103
1.06163696279591,0,0.999507531159803,-0.0313798526892286,-14.059158534007
0.433219141541897,0,0.680999117686971,0.732284235600886,0.689923439349947
0.201588738581544,0,0.680999117686971,-0.732284235600886,0.388007251915756
0.0803600422650611,0,-0.401108235421518,0.916030667323448,18.0297511983111
-7.38889975323851e-18,0,-0.401108235421518,-0.916030667323448,56.7499101971669
,,0.052586800599952,0.998616356967311,39.0319741907301
,,0.052586800599952,-0.998616356967311,18.6576841098664
