Q,P,EigValReal,EigValImag,AGPgrad,N,toda,k,E0,lmd,period
0,0,-0.902611280318267,0.430456590891822,59.8562651963551,3,0.950000000000001,1,1,6.77051056327554e-15,6.56759999999803
1.37742542747611,0,-0.902611280318267,-0.430456590891822,15.6799725767637
0.393419166387384,0,0.999774924119557,0.0212155862925874,14.1541755574087
0.098217522639849,0,0.999774924119557,-0.0212155862925874,-17.4572240568964
5.07306510047e-17,0,0.993841272725837,0.110813016503834,-20.4672238675303
,,0.993841272725837,-0.110813016503834,11.9290660841731
