Q,P,EigValReal,EigValImag,AGPgrad,N,toda,k,E0,lmd,period
0,0,-0.683647742596293,0.729812142981321,2.81274709941508,4,0.57,1,0.999999999999999,1.97627236527342e-14,9.13269999999205
1.75274213094168,0,-0.683647742596293,-0.729812142981321,-0.0922032933967055
0.519888982719368,0,0.999894839813655,0.014502045166574,0.170040928241234
0.148511625956373,0,0.999894839813655,-0.014502045166574,-0.322700044742197
0.0330721459212219,0,-0.00911803561564098,0.999958429849222,-0.594573992096094
-3.60538592952343e-17,0,-0.00911803561564098,-0.999958429849222,-0.260565851818948
,,0.157564455362816,0.987508704977445,0.49919414820029
,,0.157564455362816,-0.987508704977445,-0.0857799213579836
