Q,P,EigValReal,EigValImag,AGPgrad,N,toda,k,E0,lmd,period
0,0,0.998547129880095,0.0538853357434406,96.8476843280912,5,1.46,1,1,8.70985751209402e-15,7.84589999999505
1.48818207352997,0,0.998547129880095,-0.0538853357434406,6.87684466626729
0.602497434184131,0,0.940153944764207,0.340749996543352,2.02410037157374
0.280823000910453,0,0.940153944764207,-0.340749996543352,1.09308076755381
0.125040529867049,0,-0.30052405952527,0.953774234107025,6.11398385455347
0.0458835203311637,0,-0.30052405952527,-0.953774234107025,-6.12667063533279
2.82453849970796e-16,0,-0.987633076364566,0.156782991649776,-9.26393180649515
,,-0.987633076364566,-0.156782991649776,-3.62949263870684
,,-0.999840188743895,0.0178772753113998,0.979407788265518
,,-0.999840188743895,-0.0178772753113998,-0.0198713674589216
