Q,P,EigValReal,EigValImag,AGPgrad,N,toda,k,E0,lmd,period
0,0,0.998731609699905,0.0503504894338237,-234.399478586688,2,2.23,1,1,1.83144241084309e-14,2.96150000000183
1.00629438849205,0,0.998731609699905,-0.0503504894338237,-2.56580520426204
0.262353503455363,0,0.428090803532389,0.903735726820049,9.60993294347175
-1.5500934842002e-17,0,0.428090803532389,-0.903735726820049,20.0051391363895
