Q,P,EigValReal,EigValImag,AGPgrad,N,toda,k,E0,lmd,period
0,0,-0.829487291909153,0.558525588098902,-2.63780250591286,5,1.12,1,1,2.1556971586268e-14,8.96689999999244
1.60685642831066,0,-0.829487291909153,-0.558525588098902,-2.57459545955753
0.629309936028516,0,-0.952461802368513,0.304658029647859,0.496816376755137
0.278008089899243,0,-0.952461802368513,-0.304658029647859,0.0545004455321536
0.115244495534114,0,0.414303894941495,0.910138606277263,-1.36471052464047
0.0391934566310753,0,0.414303894941495,-0.910138606277263,1.0232916565575
3.05889164693615e-16,0,0.692592220632415,0.721329339427886,1.06131048784501
,,0.692592220632415,-0.721329339427886,1.66645814041018
,,0.999267180127217,0.0382766602594873,0.0872306275386487
,,0.999267180127217,-0.0382766602594873,0.0326207043734935
