Q,P,EigValReal,EigValImag,AGPgrad,N,toda,k,E0,lmd,period
0,0,0.99422052345461,0.107357117797797,-4976.73796721849,5,4.01999999999996,1,1,1.89944012073974e-13,2.59750000000106
1.10466874143173,0,0.99422052345461,-0.107357117797797,-20.9945968926832
0.48111526787955,0,0.725695198127409,0.688016336590062,1.24035074259244
0.252892535960508,0,0.725695198127409,-0.688016336590062,0.266605924937996
0.131652438782434,0,0.127250310502942,0.991870635958594,0.394214337170624
0.0562256691491087,0,0.127250310502942,-0.991870635958594,18.9262270477154
2.10189316820054e-16,0,-0.691996165862398,0.721901174976001,64.1989490359089
,,-0.691996165862398,-0.721901174976001,50.9827850063156
,,-0.403693966920348,0.914894081887139,32.5584763299636
,,-0.403693966920348,-0.914894081887139,15.7563929468721
