Q,P,EigValReal,EigValImag,AGPgrad,N,toda,k,E0,lmd,period
0,0,0.999995603526831,0.00296528700421429,1.71135561417883,3,0.51,1,1,1.96662932788502e-14,7.55559999999573
1.56939590226552,0,0.999995603526831,-0.00296528700421429,-0.792754683881323
0.348322006164991,0,-0.171651665590694,0.98515770600445,0.0592837882372545
0.060731551448803,0,-0.171651665590694,-0.98515770600445,-0.13220512946418
5.49085083821369e-17,0,0.120992008478587,0.992653481273465,0.656585424547725
,,0.120992008478587,-0.992653481273465,-0.176461347835757
