Q,P,EigValReal,EigValImag,AGPgrad,N,toda,k,E0,lmd,period
0,0,0.996512919286567,0.0834386103376841,-34.1142130300692,4,2.45999999999999,1,1,1.29191943169377e-14,4.32770000000325
1.18591588329471,0,0.996512919286567,-0.0834386103376841,-3.34257011638077
0.468999017993671,0,-0.0675093543039509,0.997718641241842,2.43891592541642
0.207778706685162,0,-0.0675093543039509,-0.997718641241842,1.30483168046863
0.0786141224668636,0,-0.688323099937443,0.725404239091903,0.833043257901672
-1.08519824259386e-17,0,-0.688323099937443,-0.725404239091903,2.5568275072673
,,-0.993380235157542,0.114872574613586,1.80692657794097
,,-0.993380235157542,-0.114872574613586,-0.482698596170515
