Q,P,EigValReal,EigValImag,AGPgrad,N,toda,k,E0,lmd,period
0,0,0.999832357103552,0.0183100433837348,-8.77514489561385,3,1.8,1,1,2.29938210574874e-14,4.68190000000243
1.17811831853118,0,0.999832357103552,-0.0183100433837348,-1.25799459374736
0.392104995787317,0,-0.52416864178615,0.851614487293439,1.67676643450583
0.123439309482185,0,-0.52416864178615,-0.851614487293439,0.702230467146615
4.82384020454973e-17,0,-0.862548624171954,0.505974180111069,2.0515633440421
,,-0.862548624171954,-0.505974180111069,1.31101127695745
