Q,P,EigValReal,EigValImag,AGPgrad,N,toda,k,E0,lmd,period
0,0,0.998284149483622,0.0585555880323592,-70.4858171483921,3,2.13,1,1,4.9194989320628e-14,4.05970000000388
1.12839035027458,0,0.998284149483622,-0.0585555880323592,-2.56188232035027
0.386204748205318,0,-0.143396657783962,0.989665296217058,1.22543951537508
0.126666954259984,0,-0.143396657783962,-0.989665296217058,2.72657038447362
4.73927188303156e-17,0,-0.984984762656629,0.172641296723218,6.20370925311699
,,-0.984984762656629,-0.172641296723218,3.08833190697428
