Q,P,EigValReal,EigValImag,AGPgrad,N,toda,k,E0,lmd,period
0,0,0.859122135822258,0.511770608515379,0.764669406120315,5,0.13,1,1,9.9722369149238e-15,12.0230999999853
2.57175517264945,0,0.859122135822258,-0.511770608515379,0.0736799306493436
0.401057212446598,0,0.999999625939407,0.000864939914835062,-0.23013940985846
0.0574582091225163,0,0.999999625939407,-0.000864939914835062,0.1064243535011
0.00695743726107778,0,-0.393954171340976,0.919130083765647,0.280268108547749
0.000613227643574271,0,-0.393954171340976,-0.919130083765647,-1.62359361840041
6.48244991869836e-16,0,-0.270555515257455,0.962704374750507,-1.26842972823925
,,-0.270555515257455,-0.962704374750507,0.137556900123351
,,-0.32849034972042,0.944507326673839,1.11240162960392
,,-0.32849034972042,-0.944507326673839,1.0606069109976
