Q,P,EigValReal,EigValImag,AGPgrad,N,toda,k,E0,lmd,period
0,0,-0.852883227858803,0.522101713880693,0.0749545218433611,3,0.04,1,1,9.21435406363449e-15,8.20379999999422
1.84386122202391,0,-0.852883227858803,-0.522101713880693,-0.0343333716603924
0.0479505631294441,0,0.569886590172553,0.821723356331988,0.0592857077970179
0.000833121759848399,0,0.569886590172553,-0.821723356331988,-0.861530179500598
8.79067510425014e-17,0,0.999999979729205,0.000201349426672692,0.0516443195449521
,,0.999999979729205,-0.000201349426672692,0.824003225406544
