Q,P,EigValReal,EigValImag,AGPgrad,N,toda,k,E0,lmd,period
0,0,0.999703059115697,0.0243678803901601,132.194490210872,5,1.43,1,0.999999999999999,7.19290306836217e-15,7.94139999999483
1.49719289089713,0,0.999703059115697,-0.0243678803901601,10.5053569690693
0.604754301596005,0,0.96836309554123,0.249545417096401,2.65627061009193
0.28081550962704,0,0.96836309554123,-0.249545417096401,1.89601316871013
0.124407993327505,0,-0.42228713138723,0.906462122024271,8.27150228461396
0.0454116866741063,0,-0.42228713138723,-0.906462122024271,-8.98594741834818
2.84198236643705e-16,0,-0.952197705260277,0.305482454646868,-13.0328690228497
,,-0.952197705260277,-0.305482454646868,-5.51697725481863
,,-0.999470128392096,0.0325493848158554,0.964880110101909
,,-0.999470128392096,-0.0325493848158554,0.186115675065627
