Q,P,EigValReal,EigValImag,AGPgrad,N,toda,k,E0,lmd,period
0,0,0.999947217122577,0.0102743841095019,1.5591093788636,3,0.45,1,1,1.25258665915085e-14,7.67529999999545
1.60428315269923,0,0.999947217122577,-0.0102743841095019,-0.595369369113103
0.333116255108751,0,-0.0423704575901035,0.999101968931905,0.114448675956216
0.0532127565726034,0,-0.0423704575901035,-0.999101968931905,-0.324503117901662
5.63174090207426e-17,0,-0.0818216074163569,0.996646990945045,0.475658817027057
,,-0.0818216074163569,-0.996646990945045,-0.026540100827463
