Q,P,EigValReal,EigValImag,AGPgrad,N,toda,k,E0,lmd,period
0,0,0.996619408238353,0.0821568933362589,-198.048318263017,3,2.41999999999999,1,1,4.16977514478824e-14,3.57300000000312
1.09164505108927,0,0.996619408238353,-0.0821568933362589,-3.90362108200164
0.380651030742063,0,0.150749118437295,0.988572052654932,0.928705807775004
0.128209528927957,0,0.150749118437295,-0.988572052654932,5.22498598236759
4.66649627794926e-17,0,-0.775108038728037,0.631828717532835,12.3303866042478
,,-0.775108038728037,-0.631828717532835,6.0924024998891
