Q,P,EigValReal,EigValImag,AGPgrad,N,toda,k,E0,lmd,period
0,0,0.991281234901868,0.131763095483555,-1703.61543176062,4,3.40999999999997,1,1,4.14988137738434e-14,2.84810000000159
1.08082632046526,0,0.991281234901868,-0.131763095483555,-11.6237672432541
0.439117520782287,0,0.594017808490341,0.804451889920295,0.870668981453947
0.202963985670666,0,0.594017808490341,-0.804451889920295,0.440855837530626
0.080350586163596,0,-0.633141102864092,0.774036396989222,13.1434897272451
-7.86302727462314e-18,0,-0.633141102864092,-0.774036396989222,39.3572454047123
,,-0.155648335645699,0.987812530600176,27.1530157999705
,,-0.155648335645699,-0.987812530600176,12.7157425192539
