Q,P,EigValReal,EigValImag,AGPgrad,N,toda,k,E0,lmd,period
0,0,0.999570477836971,0.0293063105279255,41.8144118980471,4,2.26,1,1,8.23806196938087e-15,4.72200000000233
1.21459210268434,0,0.999570477836971,-0.0293063105279255,-1.92736957962386
0.476376022515979,0,-0.965221227793157,0.261434468686691,3.05533260302768
0.208253568156358,0,-0.965221227793157,-0.261434468686691,1.83794771402042
0.0776376424121865,0,-0.269871854106336,0.962896246934835,-0.888267418834967
-1.1784752823342e-17,0,-0.269871854106336,-0.962896246934835,-0.966893141711053
,,-0.260704732955309,0.965418583938948,-0.350504626936723
,,-0.260704732955309,-0.965418583938948,-1.77686619738452
