Q,P,EigValReal,EigValImag,AGPgrad,N,toda,k,E0,lmd,period
0,0,-0.313161515835323,0.949699881541388,0.193615554720283,2,0.25,1,1,1.37146926276784e-15,6.15999999999898
1.37617312549444,0,-0.313161515835323,-0.949699881541388,0.0365511328281237
0.107452668726638,0,0.999994125119017,0.00342778754401509,-0.314204471681473
-7.45100147825945e-17,0,0.999994125119017,-0.00342778754401509,0.428046599172371
