Q,P,EigValReal,EigValImag,AGPgrad,N,toda,k,E0,lmd,period
0,0,-0.927987464550454,0.372611413723761,-91.2440647207956,4,1.57,1,1,2.79257064930185e-13,6.33059999999858
1.34455838036577,0,-0.927987464550454,-0.372611413723761,-4.81775585090862
0.504934280935624,0,0.371407006572523,0.928470158631298,-4.03521467915635
0.205653838192958,0,0.371407006572523,-0.928470158631298,-4.29512151076582
0.0706429286578778,0,0.999810658322371,0.0194588670038368,6.32417710455488
-1.66134259440473e-17,0,0.999810658322371,-0.0194588670038368,10.0755302638018
,,0.934927824685233,0.354837938542838,4.17633750901582
,,0.934927824685233,-0.354837938542838,3.09989208686732
