Q,P,EigValReal,EigValImag,AGPgrad,N,toda,k,E0,lmd,period
0,0,-0.467671218436613,0.883902501097284,0.352339583125869,2,0.35,1,1,7.61902240851276e-16,6.05299999999923
1.34788460082602,0,-0.467671218436613,-0.883902501097284,0.0538077915705722
0.139922798146423,0,0.999997719396427,0.00213569706293874,-0.312073866647146
-6.56224711435387e-17,0,0.999997719396427,-0.00213569706293874,0.482324144784011
