Q,P,EigValReal,EigValImag,AGPgrad,N,toda,k,E0,lmd,period
0,0,-0.934459050353729,0.35607061548518,4.71046017327689,4,0.23,1,1,1.57804865485668e-14,9.9288999999902
2.08248341568969,0,-0.934459050353729,-0.35607061548518,-3.75944407829739
0.385923585602979,0,0.643796157109148,0.765197038736753,-1.72445291640543
0.0622841560833146,0,0.643796157109148,-0.765197038736753,3.61472697608688
0.00726414450378818,0,0.999992086115148,0.00397840509407386,-0.335680873760545
-5.62872198256105e-17,0,0.999992086115148,-0.00397840509407386,3.43935862514593
,,0.999216778759011,0.0395705578233981,-4.55009598230375
,,0.999216778759011,-0.0395705578233981,3.00318226134571
