Q,P,EigValReal,EigValImag,AGPgrad,N,toda,k,E0,lmd,period
0,0,-0.500929127455291,0.865488306834286,1.09371129221442,3,0.67,1,1,1.80886980455237e-13,7.21249999999653
1.48776910583531,0,-0.500929127455291,-0.865488306834286,-1.74042510460553
0.374533191391498,0,0.999889479657464,0.0148670262764855,-0.36227692516211
0.0776864904150961,0,0.999889479657464,-0.0148670262764855,0.800540698091942
5.25707473161837e-17,0,0.633361659128997,0.773855935394547,1.66542614310355
,,0.633361659128997,-0.773855935394547,-0.836768913180299
