Q,P,EigValReal,EigValImag,AGPgrad,N,toda,k,E0,lmd,period
0,0,0.996386444490677,0.0849355828569632,-3415.81915405457,4,3.70999999999996,1,1,2.2309392826712e-14,2.49550000000084
1.05501428500877,0,0.996386444490677,-0.0849355828569632,-14.9710181501363
0.431153927565227,0,0.707976838253371,0.70623565224133,0.635160438005056
0.201080291466953,0,0.707976838253371,-0.70623565224133,0.374013582160837
0.0803419250565468,0,-0.316656964036412,0.948540124152493,20.1038572360783
-7.23025520397878e-18,0,-0.316656964036412,-0.948540124152493,64.3976409452688
,,0.121601017665198,0.992579061084195,44.2114527268252
,,0.121601017665198,-0.992579061084195,21.2386051863689
