Q,P,EigValReal,EigValImag,AGPgrad,N,toda,k,E0,lmd,period
0,0,0.9875002297345,0.157617563343318,-2321.30494987486,4,3.53999999999997,1,1,1.80657657510856e-14,2.68950000000125
1.06930870767639,0,0.9875002297345,-0.157617563343318,-13.0066266997797
0.43559202300221,0,0.647765986626474,0.761839370582696,0.758912854130787
0.202155883207493,0,0.647765986626474,-0.761839370582696,0.40625185572685
0.0803672781866051,0,-0.49690959654563,0.867802312085457,15.8956437131545
-7.57590815120734e-18,0,-0.49690959654563,-0.867802312085457,49.0661016759126
,,-0.0295347879554784,0.99956375299449,33.7742304423009
,,-0.0295347879554784,-0.99956375299449,16.033987278192
