Q,P,EigValReal,EigValImag,AGPgrad,N,toda,k,E0,lmd,period
0,0,0.999833321231111,0.0182573206141294,102.1720967677,4,2.02,1,1,3.86174260153743e-14,5.23770000000113
1.25346841745448,0,0.999833321231111,-0.0182573206141294,-0.0404208203826334
0.485789694393688,0,0.398745899824349,0.917061452342888,4.22693543287159
0.208298871942408,0,0.398745899824349,-0.917061452342888,3.04990942429559
0.0759749754420013,0,-0.710053525439301,0.704147705393698,-3.29520649997781
-1.31284065728991e-17,0,-0.710053525439301,-0.704147705393698,-5.11443916017683
,,-0.525595127156233,0.850734836661585,-2.38515474516737
,,-0.525595127156233,-0.850734836661585,-3.1254473512889
