Q,P,EigValReal,EigValImag,AGPgrad,N,toda,k,E0,lmd,period
0,0,-0.11560955666767,0.993294734913611,0.00901848692525283,2,0.03,1,1,4.16580431523549e-14,6.2813999999987
1.41357871516295,0,-0.11560955666767,-0.993294734913611,0.00690768676858927
0.0141209794368748,0,0.999999810331474,0.000615903411972071,-0.326080468988295
-9.69518333252344e-17,0,0.999999810331474,-0.000615903411972071,0.341982897673614
