Q,P,EigValReal,EigValImag,AGPgrad,N,toda,k,E0,lmd,period
0,0,0.996576301852272,0.0826781385037755,-7.39671432647959,4,2.39999999999999,1,1,2.43574781206678e-14,4.44270000000298
1.19420586569253,0,0.996576301852272,-0.0826781385037755,-2.91510148324568
0.471168112458406,0,-0.126452142619696,0.991972709113967,2.60617962564631
0.207954062150375,0,-0.126452142619696,-0.991972709113967,1.43888131091932
0.0783539097638668,0,-0.578172023825191,0.815914891925553,0.313880413189025
-1.11164874747016e-17,0,-0.578172023825191,-0.815914891925553,1.43617820766017
,,-0.999983174583585,0.00580090938887199,1.08997907061284
,,-0.999983174583585,-0.00580090938887199,-0.90232598268195
