Q,P,EigValReal,EigValImag,AGPgrad,N,toda,k,E0,lmd,period
0,0,0.999670815228483,0.0256566011077426,50.4934065218379,4,2.23,1,1,1.27489905031954e-14,4.78390000000219
1.21916494806836,0,0.999670815228483,-0.0256566011077426,-1.71300893794485
0.477519072907484,0,-0.94754630647878,0.319618518046788,3.16628090829578
0.208294853028965,0,-0.94754630647878,-0.319618518046788,1.94390072507843
0.077462148594751,0,-0.301460058430684,0.95347880583209,-1.15177422023774
-1.1938111790163e-17,0,-0.301460058430684,-0.95347880583209,-1.45842316197945
,,-0.183362112188327,0.983045439343388,-0.624320491612488
,,-0.183362112188327,-0.983045439343388,-1.94933199634226
