Q,P,EigValReal,EigValImag,AGPgrad,N,toda,k,E0,lmd,period
0,0,-0.22225252170537,0.97498913665517,0.108958362778508,2,0.18,1,1,1.40659575860845e-14,6.21759999999885
1.3931107259999,0,-0.22225252170537,-0.97498913665517,0.0267172935190901
0.0806692744673422,0,0.999994704795966,0.0032542864097267,-0.312288126161717
-8.13887490479783e-17,0,0.999994704795966,-0.0032542864097267,0.396956907584173
