Q,P,EigValReal,EigValImag,AGPgrad,N,toda,k,E0,lmd,period
0,0,0.990751567784654,0.135688359604927,-8447.0147884744,2,3.56999999999997,1,1,4.77430033244917e-15,1.58149999999984
0.906911902171208,0,0.990751567784654,-0.135688359604927,-7.37578817490202
0.256544657108862,0,0.924136215040011,0.382063157150154,84.0395786113446
-9.70623828514646e-18,0,0.924136215040011,-0.382063157150154,223.997410899431
