Q,P,EigValReal,EigValImag,AGPgrad,N,toda,k,E0,lmd,period
0,0,0.975405935468627,0.220416108876985,-5091.32825474262,5,4.02999999999996,1,1,1.83967711569037e-13,2.58630000000103
1.10385494965263,0,0.975405935468627,-0.220416108876985,-21.0609650547307
0.480813632686971,0,0.728511068263969,0.685034030845843,1.22651213193061
0.252779996107242,0,0.728511068263969,-0.685034030845843,0.25909306720703
0.131622881295793,0,0.13500404661644,0.990845047117457,0.393540281622974
0.056223939418384,0,0.13500404661644,-0.990845047117457,19.196668589504
2.10037389253038e-16,0,-0.682796369421998,0.730608731062079,65.3327379945513
,,-0.682796369421998,-0.730608731062079,51.7800508931913
,,-0.393815717208533,0.919189415125921,33.1072735165194
,,-0.393815717208533,-0.919189415125921,16.0280841501061
