Q,P,EigValReal,EigValImag,AGPgrad,N,toda,k,E0,lmd,period
0,0,0.992694573354325,0.120654399144312,81.7041024170866,5,2.87999999999998,1,0.999999999999999,3.0612982565852e-14,4.27630000000337
1.21945808849945,0,0.992694573354325,-0.120654399144312,-4.67743879809161
0.521848800674199,0,0.144797253827574,0.989461346028237,3.98220193732228
0.266612449882013,0,0.144797253827574,-0.989461346028237,2.26000125851069
0.133978523560846,0,-0.320851752281856,0.947129427827936,0.751535998722636
0.0554223300188111,0,-0.320851752281856,-0.947129427827936,-0.750975622338495
2.31685545827615e-16,0,-0.908781811095175,0.417271637932143,-0.858814049966754
,,-0.908781811095175,-0.417271637932143,-0.375641416187614
,,-0.831203651754613,0.555968065008953,-4.06443999280548
,,-0.831203651754613,-0.555968065008953,-2.78400169086043
