Q,P,EigValReal,EigValImag,AGPgrad,N,toda,k,E0,lmd,period
0,0,0.99662492722879,0.0820899167143988,38.792774848474,4,2.27,1,1,1.10854398223993e-14,4.70160000000238
1.21308460478041,0,0.99662492722879,-0.0820899167143988,-1.99793616880607
0.475997116908696,0,-0.97025044742268,0.242103426816076,3.02107404068613
0.208237853341868,0,-0.97025044742268,-0.242103426816076,1.80451483041104
0.0776943013616854,0,-0.259443586825388,0.965758264399109,-0.801433169789116
-1.17344770767189e-17,0,-0.259443586825388,-0.965758264399109,-0.798987666561114
,,-0.285783347105521,0.958294254661464,-0.256984284397761
,,-0.285783347105521,-0.958294254661464,-1.71893217370326
