Q,P,EigValReal,EigValImag,AGPgrad,N,toda,k,E0,lmd,period
0,0,0.998986152995944,0.0450185086643676,-5.70681907916834,3,1.77,1,1,2.00807704433129e-14,4.74210000000229
1.18316041678023,0,0.998986152995944,-0.0450185086643676,-1.1489842192713
0.39259355428341,0,-0.558885783864188,0.829244644598029,1.72413757287747
0.123038936201266,0,-0.558885783864188,-0.829244644598029,0.547689520757793
4.83159663212978e-17,0,-0.824378734186327,0.5660386052394,1.77675703814651
,,-0.824378734186327,-0.5660386052394,1.21981660646464
