Q,P,EigValReal,EigValImag,AGPgrad,N,toda,k,E0,lmd,period
0,0,0.995674580630917,0.0929092540361756,-1582.87731426946,4,3.37999999999997,1,1,1.49592385292359e-14,2.88600000000167
1.08356158155031,0,0.995674580630917,-0.0929092540361756,-11.3229618943998
0.439948085842693,0,0.580584281763428,0.814200154611406,0.898454997662529
0.203148138889788,0,0.580584281763428,-0.814200154611406,0.450432029765527
0.0803417144433628,0,-0.663639481347822,0.74805256419345,12.5590327968272
-7.93235071770976e-18,0,-0.663639481347822,-0.74805256419345,37.3297210654768
,,-0.185867636317971,0.982574791946943,25.7735848065961
,,-0.185867636317971,-0.982574791946943,12.0218252110502
