Q,P,EigValReal,EigValImag,AGPgrad,N,toda,k,E0,lmd,period
0,0,0.998526903229354,0.0542588566712084,-231.342252680159,3,2.46999999999999,1,1,8.65000415540911e-14,3.49460000000295
1.08583610129891,0,0.998526903229354,-0.0542588566712084,-4.15641185837114
0.379685442008306,0,0.195667019372968,0.980670391890003,0.886035362459658
0.128388465696618,0,0.195667019372968,-0.980670391890003,5.74813934205466
4.65414491309528e-17,0,-0.722908460310291,0.690943816827262,13.7064693599696
,,-0.722908460310291,-0.690943816827262,6.78212439063655
