Q,P,EigValReal,EigValImag,AGPgrad,N,toda,k,E0,lmd,period
0,0,0.993377258075718,0.114898316514279,-278.373839218365,5,3.12999999999998,1,1,5.11336482773301e-14,3.83260000000366
1.18982751669671,0,0.993377258075718,-0.114898316514279,-7.72511218419203
0.511636822359416,0,0.324625008491182,0.945842800819499,3.06072382174093
0.263467850163106,0,0.324625008491182,-0.945842800819499,1.36221100775702
0.133724720759153,0,-0.994520809012794,0.104538798732958,0.571641873213966
0.0558273101082706,0,-0.994520809012794,-0.104538798732958,2.44221756435967
2.26141362025642e-16,0,-0.708940518669635,0.705268275898202,7.08662500367459
,,-0.708940518669635,-0.705268275898202,5.94947182121
,,-0.78106320164353,0.624451979769747,0.986778280185283
,,-0.78106320164353,-0.624451979769747,-0.0170850385908871
