Q,P,EigValReal,EigValImag,AGPgrad,N,toda,k,E0,lmd,period
0,0,0.999545034705848,0.0301616245397793,-2.93533136838589,3,1.74,1,1,6.89041210199776e-15,4.80280000000215
1.18830262768124,0,0.999545034705848,-0.0301616245397793,-1.0414604406389
0.39307026488688,0,-0.593188949076766,0.805063271235982,1.77216015419842
0.122616863326692,0,-0.593188949076766,-0.805063271235982,0.396827281702111
4.83936443003517e-17,0,-0.781310217115316,0.624142887992181,1.51384534822846
,,-0.781310217115316,-0.624142887992181,1.13930125556645
