Q,P,EigValReal,EigValImag,AGPgrad,N,toda,k,E0,lmd,period
0,0,-0.49454615501064,0.869151368039055,0.994641482348952,3,0.31,1,1,1.00908140246251e-14,7.92519999999487
1.69435632620953,0,-0.49454615501064,-0.869151368039055,-0.300605415142844
0.278888107909405,0,0.243190330026416,0.969978589135674,0.171494613197958
0.0334510705298761,0,0.243190330026416,-0.969978589135674,-0.62135484001862
6.16848824703319e-17,0,0.999991974716026,0.00400630797105924,0.248955324033149
,,0.999991974716026,-0.00400630797105924,0.278569850643235
