Q,P,EigValReal,EigValImag,AGPgrad,N,toda,k,E0,lmd,period
0,0,-0.904165853039602,0.427181589253517,676.52953974655,5,2.37999999999999,1,1,2.82563087334421e-13,5.31880000000094
1.28992864008829,0,-0.904165853039602,-0.427181589253517,3.48614277896823
0.545202479825505,0,-0.308200305825797,0.951321486926928,9.81604273636779
0.272905782194134,0,-0.308200305825797,-0.951321486926928,9.89366150911421
0.133583431306993,0,0.216103491693022,0.976370462927918,2.85943256932393
0.0539059324777882,0,0.216103491693022,-0.976370462927918,-12.316356605887
2.44876218074688e-16,0,0.995081488167265,0.0990597390813391,-22.4919315739791
,,0.995081488167265,-0.0990597390813391,-16.467686899505
,,0.882981378878235,0.469408015008565,-17.9591606686943
,,0.882981378878235,-0.469408015008565,-13.8385333130334
