Q,P,EigValReal,EigValImag,AGPgrad,N,toda,k,E0,lmd,period
0,0,-0.247249234155605,0.968951916355736,-725.216600666506,3,2.87999999999998,1,1,1.36900878180314e-13,2.91060000000172
1.04290551576115,0,-0.247249234155605,-0.968951916355736,-6.42669298741023
0.371846387367986,0,0.998368582148153,0.0570979349862607,0.620517710372015
0.12917272483712,0,0.998368582148153,-0.0570979349862607,11.4495366383298
4.55556075910026e-17,0,0.496428825867425,0.868077427910594,30.0502602163218
,,0.496428825867425,-0.868077427910594,14.9921370987332
