Q,P,EigValReal,EigValImag,AGPgrad,N,toda,k,E0,lmd,period
0,0,0.999607734740418,0.0280067250342704,-5.14324420509142,2,1.26,1,1,7.27999111422864e-15,4.5201000000028
1.12852478159881,0,0.999607734740418,-0.0280067250342704,-0.401962203074778
0.249833614720711,0,-0.727102830234162,0.68652856769801,1.13055886893565
-2.67988935286239e-17,0,-0.727102830234162,-0.68652856769801,2.46625849938016
