Q,P,EigValReal,EigValImag,AGPgrad,N,toda,k,E0,lmd,period
0,0,0.999669774225202,0.0256971301999419,-0.437446943570661,3,1.71,1,1,3.05101243200719e-14,4.864100000002
1.1935485685238,0,0.999669774225202,-0.0256971301999419,-0.934765140397476
0.393533940041847,0,-0.627038407772563,0.778988340848587,1.82135292931913
0.122172007304241,0,-0.627038407772563,-0.778988340848587,0.24912686301955
4.84714445496761e-17,0,-0.733288321990307,0.679917816234173,1.26305266290864
,,-0.733288321990307,-0.679917816234173,1.06913178059892
