Q,P,EigValReal,EigValImag,AGPgrad,N,toda,k,E0,lmd,period
0,0,-0.589721113797734,0.807606963777033,0.56460268502412,5,2.1,1,0.999999999999999,2.89372338122971e-13,6.00199999999935
1.33822670646802,0,-0.589721113797734,-0.807606963777033,2.24484711569944
0.560383095033158,0,-0.502353481620775,0.864662349997662,-1.96028985513267
0.276208238104669,0,-0.502353481620775,-0.864662349997662,-0.300185808606558
0.132496091925131,0,0.997218257880977,0.0745368777775024,-1.56597111128637
0.0524302558137075,0,0.997218257880977,-0.0745368777775024,0.144107456903727
2.53939132880368e-16,0,0.865837612576045,0.500325122943683,3.24992672130886
,,0.865837612576045,-0.500325122943683,5.92904864642535
,,0.884726239148775,0.466111018708704,-6.20074630184492
,,0.884726239148775,-0.466111018708704,6.6367184943446
