Q,P,EigValReal,EigValImag,AGPgrad,N,toda,k,E0,lmd,period
0,0,0.99964057251019,0.0268090617409037,23.3803630177875,5,2.92999999999998,1,1,1.20788221304579e-13,4.18360000000359
1.21327591107565,0,0.99964057251019,-0.0268090617409037,-5.27982178493114
0.519736690633156,0,0.183492897526922,0.983021035663625,3.76802861060724
0.265980152242924,0,0.183492897526922,-0.983021035663625,2.03565704600976
0.133945955540504,0,-0.432423224389393,0.901670757543287,0.704267035376538
0.0555182797243523,0,-0.432423224389393,-0.901670757543287,-0.115364011412182
2.30528834803406e-16,0,-0.875167806931685,0.48381950116793,0.591417233790675
,,-0.875167806931685,-0.48381950116793,0.776260781331972
,,-0.883768712187567,0.467923993142403,-3.10887828588169
,,-0.883768712187567,-0.467923993142403,-2.23768227853606
