Q,P,EigValReal,EigValImag,AGPgrad,N,toda,k,E0,lmd,period
0,0,0.998166947539912,0.0605206149903488,-161.970268808074,2,2.11,1,1,5.45236135434355e-15,3.12850000000218
1.01811211003166,0,0.998166947539912,-0.0605206149903488,-2.23368568280374
0.262197418927067,0,0.324265349349379,0.945966163882892,7.74437032910237
-1.63696149087106e-17,0,0.324265349349379,-0.945966163882892,15.7130457858166
