Q,P,EigValReal,EigValImag,AGPgrad,N,toda,k,E0,lmd,period
0,0,0.454862461550968,0.890561699755716,-2707.85201803113,3,3.65999999999997,1,1,7.46150948925421e-14,2.05219999999991
0.978316304150412,0,0.454862461550968,-0.890561699755716,-12.5221558832489
0.357890501736352,0,0.988446512245728,0.151570090813596,4.90622684501908
0.128646314380251,0,0.988446512245728,-0.151570090813596,20.351052524196
4.383268763856e-17,0,0.805484624156656,0.592616672265644,71.5589076381113
,,0.805484624156656,-0.592616672265644,14.0005453726338
