Q,P,EigValReal,EigValImag,AGPgrad,N,toda,k,E0,lmd,period
0,0,-0.994612477042114,0.103663014195877,19.7007379997169,3,1.12,1,1,1.46109651008237e-14,6.16959999999896
1.3249989893419,0,-0.994612477042114,-0.103663014195877,2.13482948132998
0.396990366412153,0,0.772986256048154,0.634422767530188,3.64113753990386
0.106568734809312,0,0.772986256048154,-0.634422767530188,-3.33187842000139
5.010297885634e-17,0,0.999440933687463,0.0334338162628802,-3.48692339291625
,,0.999440933687463,-0.0334338162628802,2.08338889415475
