Q,P,EigValReal,EigValImag,AGPgrad,N,toda,k,E0,lmd,period
0,0,-0.586752111452817,0.8097666081691,0.823593737814565,3,0.27,1,1,4.0305844325901e-15,7.98679999999472
1.72156024019778,0,-0.586752111452817,-0.8097666081691,-0.246039050469557
0.256754512885697,0,0.3154944236628,0.948927430648779,0.176111140775753
0.0274548910387127,0,0.3154944236628,-0.948927430648779,-0.679634938974755
6.40026205045344e-17,0,0.999990453059898,0.00436964404541399,0.21698082029438
,,0.999990453059898,-0.00436964404541399,0.367190435860811
