Q,P,EigValReal,EigValImag,AGPgrad,N,toda,k,E0,lmd,period
0,0,-0.497792186815234,0.867296338482821,3.50351333880846,5,0.78,1,1,1.44650599048381e-14,10.1356999999897
1.78064759778069,0,-0.497792186815234,-0.867296338482821,-0.549279338270006
0.65522757274421,0,-0.287925008509004,0.957652958787835,-0.192342458811322
0.263013213928629,0,-0.287925008509004,-0.957652958787835,-0.134822735287052
0.0963153596626219,0,0.999902609953471,0.0139560240847518,-0.660699461232816
0.0285706599005363,0,0.999902609953471,-0.0139560240847518,0.143170221395275
3.42928376108467e-16,0,0.46236612711448,0.886689102502756,-0.236077079015177
,,0.46236612711448,-0.886689102502756,0.398653768121673
,,0.637007270602851,0.770857793110441,0.444445444253492
,,0.637007270602851,-0.770857793110441,-0.754557165463269
