Q,P,EigValReal,EigValImag,AGPgrad,N,toda,k,E0,lmd,period
0,0,0.999420276815215,0.0340457088431471,-299.132554593218,4,2.80999999999998,1,1,1.95584420008507e-13,3.71100000000341
1.1420995217557,0,0.999420276815215,-0.0340457088431471,-6.02571934146394
0.457061569245559,0,0.236876089014193,0.971539869718856,1.66435953033293
0.206346210816274,0,0.236876089014193,-0.971539869718856,0.791556793350658
0.0796892774713995,0,-0.776692833013136,0.629879546537291,4.22729547312211
-9.5239285375807e-18,0,-0.776692833013136,-0.629879546537291,11.0438343782917
,,-0.9973854870526,0.0722647231838931,7.59093652829097
,,-0.9973854870526,-0.0722647231838931,2.70211883392827
