Q,P,EigValReal,EigValImag,AGPgrad,N,toda,k,E0,lmd,period
0,0,0.999509460927621,0.03131832556522,-248.981373781684,2,2.25,1,1,6.85330451590835e-15,2.93440000000177
1.00438886623202,0,0.999509460927621,-0.03131832556522,-2.62371647180055
0.262359907657992,0,0.444036529074908,0.896008683466344,9.95609064034875
-1.53648464325338e-17,0,0.444036529074908,-0.896008683466344,20.8145955235779
