Q,P,EigValReal,EigValImag,AGPgrad,N,toda,k,E0,lmd,period
0,0,-0.540040007922005,0.841639346658414,-310.801912105376,5,2.15,1,1,5.45663579329674e-13,5.87449999999965
1.32901976081312,0,-0.540040007922005,-0.841639346658414,-2.11557969982019
0.557544357792236,0,-0.597782182968783,0.801658569295597,-6.24903252067271
0.275644202286492,0,-0.597782182968783,-0.801658569295597,-6.47610980023901
0.132754376318063,0,0.776818026721611,0.629725141121384,-3.22960944862361
0.0527378744459336,0,0.776818026721611,-0.629725141121384,7.72463093061576
2.52208985336634e-16,0,0.996904699612495,0.0786194625433757,16.0737925649733
,,0.996904699612495,-0.0786194625433757,15.2072452129676
,,0.955248662720339,0.295803976259607,2.36414487472309
,,0.955248662720339,-0.295803976259607,13.9073339708147
