Q,P,EigValReal,EigValImag,AGPgrad,N,toda,k,E0,lmd,period
0,0,0.998562594898197,0.0535979856914057,-71.1970908983773,2,1.86,1,1,2.12457552817891e-16,3.50140000000296
1.0451245530224,0,0.998562594898197,-0.0535979856914057,-1.59457881312164
0.261055789656974,0,0.0612043733460425,0.998125255007258,4.81647768841866
-1.85216868674065e-17,0,0.0612043733460425,-0.998125255007258,9.32093031306505
