Q,P,EigValReal,EigValImag,AGPgrad,N,toda,k,E0,lmd,period
0,0,0.993221825090166,0.116234272761856,-9780.7852479047,2,3.62999999999997,1,1,2.08911064056228e-15,1.53739999999985
0.903436661140541,0,0.993221825090166,-0.116234272761856,-7.70725223198318
0.256142937245286,0,0.930840686767233,0.36542525344963,92.0982683254706
-9.54573214080727e-18,0,0.930840686767233,-0.36542525344963,247.573864838068
