Q,P,EigValReal,EigValImag,AGPgrad,N,toda,k,E0,lmd,period
0,0,0.991136833899614,0.132844933992399,-7470.83059740601,2,3.51999999999997,1,1,1.03718723660614e-14,1.61919999999984
0.909854592907741,0,0.991136833899614,-0.132844933992399,-7.16094066902509
0.256876632861286,0,0.918057709318562,0.396446771156908,77.848535904202
-9.84388422793033e-18,0,0.918057709318562,-0.396446771156908,205.977014056193
