Q,P,EigValReal,EigValImag,AGPgrad,N,toda,k,E0,lmd,period
0,0,-0.942808441651996,0.333335030186929,8.57674164313254,5,0.6,1,0.999999999999999,1.14895644632239e-14,10.7431999999883
1.91325058125048,0,-0.942808441651996,-0.333335030186929,7.20031191489769
0.661788492484122,0,-0.393340750243619,0.919392763838069,3.80517605261141
0.242919978758434,0,-0.393340750243619,-0.919392763838069,0.654703922950621
0.0796877841294175,0,0.0917339121335538,0.995783555480142,-4.08433503952857
0.0208835475563196,0,0.0917339121335538,-0.995783555480142,-5.79903002640593
3.74615680202392e-16,0,0.999992942234028,0.00375705764227177,-8.62583480093665
,,0.999992942234028,-0.00375705764227177,2.12604340144312
,,0.990139945745945,0.140081718429702,4.26186651868595
,,0.990139945745945,-0.140081718429702,-2.1087963218166
