Q,P,EigValReal,EigValImag,AGPgrad,N,toda,k,E0,lmd,period
0,0,-0.98237842252637,0.186902741966532,-665.936358344326,5,1.34,1,1,8.50211848814778e-13,8.23239999999415
1.52571924724449,0,-0.98237842252637,-0.186902741966532,-73.188647302439
0.611672737324539,0,-0.74345265015678,0.668788574195814,-12.3993319744969
0.280569304939661,0,-0.74345265015678,-0.668788574195814,-13.6811813993266
0.122278309187383,0,-0.710208926832897,0.703990966026459,-44.7622211999595
0.0438723151456589,0,-0.710208926832897,-0.703990966026459,56.473807636559
2.89751512706306e-16,0,0.999122241722518,0.0418896896069816,74.5528886007689
,,0.999122241722518,-0.0418896896069816,37.7013870435187
,,0.999507942345133,0.0313667529231108,-2.16307043687393
,,0.999507942345133,-0.0313667529231108,-4.65741539650156
