Q,P,EigValReal,EigValImag,AGPgrad,N,toda,k,E0,lmd,period
0,0,0.999236268586109,0.0390753060398488,-24.0412532793123,5,1.2,1,1,9.46198516927329e-15,8.69649999999307
1.57522378644115,0,0.999236268586109,-0.0390753060398488,-5.37787889509064
0.62280740142232,0,0.867398950976176,0.497613363813141,-0.156413653012662
0.279338788887985,0,0.867398950976176,-0.497613363813141,-0.556900136070185
0.118149920474053,0,-0.0257239742592478,0.999669083821398,-2.66363206990395
0.041061649708355,0,-0.0257239742592478,-0.999669083821398,3.28200847667049
2.99531896695491e-16,0,-0.904095811066227,0.427329807540363,3.83316706696366
,,-0.904095811066227,-0.427329807540363,2.90679214422936
,,-0.996911255300128,0.0785362913303781,-0.0157795739424982
,,-0.996911255300128,-0.0785362913303781,-0.425907615363126
