Q,P,EigValReal,EigValImag,AGPgrad,N,toda,k,E0,lmd,period
0,0,0.99710892180772,0.0759855121150864,-2056.52855264744,2,3.00999999999998,1,1,1.36617632086938e-14,2.05889999999992
0.942673861998752,0,0.99710892180772,-0.0759855121150864,-5.12137950168612
0.259972203635768,0,0.820455867696701,0.571709864496028,35.1719893917981
-1.15077540287015e-17,0,0.820455867696701,-0.571709864496028,85.6712307481301
