Q,P,EigValReal,EigValImag,AGPgrad,N,toda,k,E0,lmd,period
0,0,-0.686052815532401,0.727551739947105,558.309983364382,5,2,1,1,2.02824186659805e-14,6.26429999999874
1.35750728077049,0,-0.686052815532401,-0.727551739947105,16.6780742795633
0.566240350679802,0,-0.284301335809547,0.958734974044903,3.28756110807548
0.277287802045139,0,-0.284301335809547,-0.958734974044903,13.5778722789478
0.131877734873962,0,0.645759383703315,0.763540973595466,0.0528768309949111
0.051747030599266,0,0.645759383703315,-0.763540973595466,-16.3981219042149
2.57567477899914e-16,0,0.996891668938494,0.0787845187905312,-19.8582749830073
,,0.996891668938494,-0.0787845187905312,-7.54483534148833
,,0.980670013004628,0.195668918312273,-28.55631522242
,,0.980670013004628,-0.195668918312273,-0.903348620233729
