Q,P,EigValReal,EigValImag,AGPgrad,N,toda,k,E0,lmd,period
0,0,0.999287685717051,0.0377375300494499,-40.8537536449619,3,2.01,1,1,3.99360988063127e-14,4.27750000000337
1.14535946128334,0,0.999287685717051,-0.0377375300494499,-2.06221995067687
0.388433917129401,0,-0.278995965217996,0.960292273941666,1.37526335868683
0.125713165070695,0,-0.278995965217996,-0.960292273941666,1.90999351552878
4.76985151200802e-17,0,-0.997799171451572,0.0663084719364773,4.41809723224902
,,-0.997799171451572,-0.0663084719364773,2.26621570249632
