Q,P,EigValReal,EigValImag,AGPgrad,N,toda,k,E0,lmd,period
0,0,-0.970937636179839,0.239332627632588,23.3944537579673,3,1.05,1,1,1.83178493847161e-14,6.33319999999858
1.34551554765175,0,-0.970937636179839,-0.239332627632588,3.56442053832135
0.395964094741921,0,0.999550666617006,0.0299744035052092,4.67223636529616
0.103427719465908,0,0.999550666617006,-0.0299744035052092,-4.82875409579941
5.03407350353702e-17,0,0.898801705785438,0.438355442166725,-5.27756936339012
,,0.898801705785438,-0.438355442166725,3.10794156310856
