Q,P,EigValReal,EigValImag,AGPgrad,N,toda,k,E0,lmd,period
0,0,-0.592785458077149,0.805360416641064,0.102687676826429,3,0.72,1,1,4.78228238266092e-13,7.10009999999679
1.46535214165559,0,-0.592785458077149,-0.805360416641064,-2.31077225962075
0.37976308460917,0,0.999960251397592,0.00891603190214452,-0.702245413315454
0.0821229008006655,0,0.999960251397592,-0.00891603190214452,1.37561824734721
5.21047861475591e-17,0,0.761334123241839,0.648359740258117,2.32824612777827
,,0.761334123241839,-0.648359740258117,-1.23885152027257
