Q,P,EigValReal,EigValImag,AGPgrad,N,toda,k,E0,lmd,period
0,0,0.999973634397337,0.00726157766430497,1.08117446117156,3,0.33,1,1,1.19715210865871e-14,7.89259999999494
1.68088851665446,0,0.999973634397337,-0.00726157766430497,-0.331880939452966
0.288675820634722,0,-0.443614031729078,0.896217937140892,0.167417560945273
0.0364204092652789,0,-0.443614031729078,-0.896217937140892,-0.588628242357188
6.06809605909322e-17,0,0.205115185312621,0.978737840667341,0.269114126524451
,,0.205115185312621,-0.978737840667341,0.235173623961105
