Q,P,EigValReal,EigValImag,AGPgrad,N,toda,k,E0,lmd,period
0,0,-0.713782807243528,0.700367120932685,1218.30693716,5,1.97,1,0.999999999999999,5.78100351673674e-15,6.34479999999855
1.36353203246072,0,-0.713782807243528,-0.700367120932685,37.6202735876416
0.568045753686543,0,-0.212866177459326,0.977081363292663,7.86981999403409
0.277596281920403,0,-0.212866177459326,-0.977081363292663,31.5354677569168
0.131663737708347,0,0.550592273666505,0.834774309726134,0.763109011485829
0.0515230731421684,0,0.550592273666505,-0.834774309726134,-37.4935032902401
2.58702316122043e-16,0,0.999670925518829,0.0256523034509423,-46.5886682103406
,,0.999670925518829,-0.0256523034509423,-21.1579055469724
,,0.995433717571661,0.0954552980271618,-59.8037627533572
,,0.995433717571661,-0.0954552980271618,-5.92325988250638
