Q,P,EigValReal,EigValImag,AGPgrad,N,toda,k,E0,lmd,period
0,0,0.998342369002168,0.0575544460072218,-13082.7675351678,2,3.74999999999996,1,1,7.18137028326937e-15,1.45289999999986
0.89666641446239,0,0.998342369002168,-0.0575544460072218,-8.42535152032374
0.255326370526192,0,0.942517673092751,0.334156304605759,110.513907940426
-9.24024783028776e-18,0,0.942517673092751,-0.334156304605759,302.035244953666
