Q,P,EigValReal,EigValImag,AGPgrad,N,toda,k,E0,lmd,period
0,0,0.999977004968347,0.00678155841458096,0.592855084308475,2,0.48,1,1,6.3615460021544e-16,5.88009999999963
1.30890709300361,0,0.999977004968347,-0.00678155841458096,0.0744146406391153
0.172669812993034,0,-0.67569406504607,0.73718215555012,-0.280208475022529
-5.59204312149343e-17,0,-0.67569406504607,-0.73718215555012,0.577673665080806
