Q,P,EigValReal,EigValImag,AGPgrad,N,toda,k,E0,lmd,period
0,0,-0.832825277965833,0.55353595762257,0.765678041288836,4,0.14,1,1,1.21750172342809e-14,10.0698999999899
2.19126967170097,0,-0.832825277965833,-0.55353595762257,-0.236217237913933
0.277844865355946,0,0.749139233939349,0.66241256643633,-0.109019015835592
0.0297702000257157,0,0.749139233939349,-0.66241256643633,0.388620795205783
0.00225618626625551,0,0.953831646087558,0.30034179016899,-1.28194846845653
-6.66393886234631e-17,0,0.953831646087558,-0.30034179016899,-0.350131071854545
,,0.999996025773934,0.00281929713430989,0.439177170029833
,,0.999996025773934,-0.00281929713430989,1.0266647742462
