Q,P,EigValReal,EigValImag,AGPgrad,N,toda,k,E0,lmd,period
0,0,0.999853215503848,0.0171332263927882,2.00543286348936,4,0.79,1,1,5.19941726495943e-13,8.51809999999349
1.61683671728302,0,0.999853215503848,-0.0171332263927882,-1.16593175480235
0.530769137607427,0,0.0917198018589239,0.995784855250862,-0.11521093980395
0.175116298023296,0,0.0917198018589239,-0.995784855250862,-0.433436136669485
0.0464802157691613,0,-0.4674553697661,0.884016672510669,0.410446665399378
-2.91087835497044e-17,0,-0.4674553697661,-0.884016672510669,0.771786495349545
,,-0.788484754791853,0.615054299603563,0.478658149769496
,,-0.788484754791853,-0.615054299603563,-0.308972284570045
