Q,P,EigValReal,EigValImag,AGPgrad,N,toda,k,E0,lmd,period
0,0,0.192694852165,0.981258729361995,-1254.26919587811,3,3.30999999999997,1,1,2.55449117839854e-14,2.40050000000064
1.00504975948096,0,0.192694852165,-0.981258729361995,-9.7123536036683
0.36396451569602,0,0.993296937290748,0.115590632703133,3.5997462217396
0.129103215336957,0,0.993296937290748,-0.115590632703133,13.007881748935
4.45800163821665e-17,0,0.700272335897048,0.713875798425262,41.1457102160155
,,0.700272335897048,-0.713875798425262,9.4550805798774
