Q,P,EigValReal,EigValImag,AGPgrad,N,toda,k,E0,lmd,period
0,0,0.99768679392244,0.0679783879840973,-4146.89254153488,5,3.93999999999996,1,1,4.5755655087144e-14,2.68950000000125
1.1112990171595,0,0.99768679392244,-0.0679783879840973,-19.6324203186735
0.483550719358281,0,0.701911636242104,0.712264034546139,1.34330874473184
0.253794456362083,0,0.701911636242104,-0.712264034546139,0.307255120988257
0.13188338294141,0,0.0629478632053585,0.998016816751047,0.399102146022284
0.0562347852281388,0,0.0629478632053585,-0.998016816751047,16.8705124446664
2.11432717083648e-16,0,-0.763536917853928,0.645764179150661,56.1807728310947
,,-0.763536917853928,-0.645764179150661,44.7834665241693
,,-0.483341856404448,0.875431693421886,28.3507302599397
,,-0.483341856404448,-0.875431693421886,13.6784088273461
