Q,P,EigValReal,EigValImag,AGPgrad,N,toda,k,E0,lmd,period
0,0,-0.893510941761698,0.449041420085205,82.2758428196449,3,0.940000000000001,1,1,1.25430598436649e-14,6.59099999999798
1.38080176607784,0,-0.893510941761698,-0.449041420085205,22.9094958311907
0.393079492975822,0,0.999901366440983,0.0140448349751386,19.9017626085114
0.0976445978070628,0,0.999901366440983,-0.0140448349751386,-24.9972246977953
5.07741303441855e-17,0,0.997092152099193,0.076205250620988,-29.5457791847961
,,0.997092152099193,-0.076205250620988,17.2015885871546
