Q,P,EigValReal,EigValImag,AGPgrad,N,toda,k,E0,lmd,period
0,0,-0.320432991150464,0.947271185132531,1.709599479496,3,0.58,1,1,3.3658973422991e-14,7.40919999999607
1.53171580897993,0,-0.320432991150464,-0.947271185132531,-1.10705923665728
0.36191626874868,0,0.999916206875762,0.0129452395574505,-0.0542017066833227
0.0686920547211174,0,0.999916206875762,-0.0129452395574505,0.173855452845057
5.36858806225637e-17,0,0.357298129857405,0.933990388815869,0.97145612832628
,,0.357298129857405,-0.933990388815869,-0.397454396209384
