Q,P,EigValReal,EigValImag,AGPgrad,N,toda,k,E0,lmd,period
0,0,0.999854075598079,0.0170829596351129,0.651473603766513,2,0.860000000000001,1,0.999999999999999,1.11942540186321e-14,5.24890000000111
1.20749138819908,0,0.999854075598079,-0.0170829596351129,0.00792369541470593
0.22668280266921,0,-0.999836227881848,0.0180974422223714,0.107708641146378
-3.72928643086884e-17,0,-0.999836227881848,-0.0180974422223714,1.08891007376587
