Q,P,EigValReal,EigValImag,AGPgrad,N,toda,k,E0,lmd,period
0,0,0.999469038498788,0.0325828341664978,9.93824125286597,3,1.53,1,1,1.0537566681108e-14,5.24360000000112
1.22742741548404,0,0.999469038498788,-0.0325828341664978,-0.298386942323651
0.395962525377541,0,-0.813454070273042,0.581629156384243,2.14246568539166
0.118956179283471,0,-0.813454070273042,-0.581629156384243,-0.593193917006468
4.89418065164234e-17,0,-0.347284709550846,0.937759740291825,-0.0479609120335767
,,-0.347284709550846,-0.937759740291825,0.85770359151449
