Q,P,EigValReal,EigValImag,AGPgrad,N,toda,k,E0,lmd,period
0,0,-0.886317283209638,0.463078474433749,747.295828153579,5,2.35999999999999,1,1,4.68598120271577e-13,5.36510000000083
1.29313307208579,0,-0.886317283209638,-0.463078474433749,4.3234617630845
0.546231379051588,0,-0.32819270237862,0.944610792922375,10.8329629017457
0.273150934013644,0,-0.32819270237862,-0.944610792922375,11.181837984312
0.133531833363048,0,0.269574590591881,0.962979511779576,3.25897730069918
0.0538188043625785,0,0.269574590591881,-0.962979511779576,-13.9442126160697
2.45476682701152e-16,0,0.997397020943012,0.0721053577342677,-25.3991136176933
,,0.997397020943012,-0.0721053577342677,-18.6562070821971
,,0.911506981675746,0.411284600193584,-19.7171772161123
,,0.911506981675746,-0.411284600193584,-15.6163273439031
