Q,P,EigValReal,EigValImag,AGPgrad,N,toda,k,E0,lmd,period
0,0,-0.954443510505122,0.298391664184269,15.2417624392496,3,1.34,1,1,1.894861248468e-14,5.66380000000014
1.26850071489763,0,-0.954443510505122,-0.298391664184269,0.461651750033628
0.397526083915489,0,0.999556901434543,0.0297657654795206,2.56970570700374
0.11428449636593,0,0.999556901434543,-0.0297657654795206,-1.51305811838673
4.94526212539615e-17,0,0.188948055290176,0.981987083622821,-1.2822614584638
,,0.188948055290176,-0.981987083622821,1.02807660799541
