Q,P,EigValReal,EigValImag,AGPgrad,N,toda,k,E0,lmd,period
0,0,0.999951689665269,0.00982946262840338,0.761530638214593,2,0.58,1,1,1.21458656162768e-15,5.72789999999999
1.27970478480535,0,0.999951689665269,-0.00982946262840338,0.0807109829791644
0.191859352529905,0,-0.815069673219757,0.579362949969565,-0.223684435495027
-4.97852914539539e-17,0,-0.815069673219757,-0.579362949969565,0.673922522006768
