Q,P,EigValReal,EigValImag,AGPgrad,N,toda,k,E0,lmd,period
0,0,-0.846166226559486,0.532919052980914,0.118657189955449,3,0.06,1,1,3.79196805421378e-15,8.19689999999424
1.83909914697507,0,-0.846166226559486,-0.532919052980914,-0.0512651902986366
0.0713164640668825,0,0.561896547345151,0.827207513313068,0.0835035011769294
0.00185257731087163,0,0.561896547345151,-0.827207513313068,-0.858652845038426
8.51050979535438e-17,0,0.999999820507828,0.000599152994904168,0.0752640897537663
,,0.999999820507828,-0.000599152994904168,0.800758503484391
