Q,P,EigValReal,EigValImag,AGPgrad,N,toda,k,E0,lmd,period
0,0,0.999555361692269,0.0298174263183587,-147.350819087774,2,2.08,1,1,1.52208225561209e-14,3.17140000000227
1.02117492582565,0,0.999555361692269,-0.0298174263183587,-2.15483892697244
0.262123710362549,0,0.296093621007567,0.955158922692245,7.33007383764894
-1.66018060438516e-17,0,0.296093621007567,-0.955158922692245,14.7777222453152
