Q,P,EigValReal,EigValImag,AGPgrad,N,toda,k,E0,lmd,period
0,0,-0.680616593781081,0.732639783433739,148.932571445127,4,1.87,1,1,1.33230775344252e-13,5.58400000000032
1.28079475964896,0,-0.680616593781081,-0.732639783433739,1.87849100963009
0.491978719643405,0,-0.416749927736209,0.909021175623459,5.88697448825364
0.207912551461773,0,-0.416749927736209,-0.909021175623459,4.84834114149038
0.074579672179701,0,0.998582526899207,0.0532253414412641,-6.01942761059835
-1.41258635242933e-17,0,0.998582526899207,-0.0532253414412641,-9.3689620736868
,,0.770048526400932,0.637985318786982,-4.05214970773895
,,0.770048526400932,-0.637985318786982,-4.36245090948164
