Q,P,EigValReal,EigValImag,AGPgrad,N,toda,k,E0,lmd,period
0,0,0.99754317880115,0.0700543105557677,-260.045039802604,5,3.11999999999998,1,1,1.35753541808408e-14,3.8494000000037
1.19095403189712,0,0.99754317880115,-0.0700543105557677,-7.60372408439178
0.512029203036207,0,0.318092572534913,0.948059658090207,3.09006870326469
0.26359266824169,0,0.318092572534913,-0.948059658090207,1.38964185545134
0.133738884546068,0,-0.992469838614289,0.122489262553545,0.576754255946046
0.0558144556275868,0,-0.992469838614289,-0.122489262553545,2.31084743661942
2.26352135949681e-16,0,-0.71813787965979,0.695900844803157,6.72148137884095
,,-0.71813787965979,-0.695900844803157,5.6654720797844
,,-0.767626623514456,0.640897313827871,0.768492156787254
,,-0.767626623514456,-0.640897313827871,-0.132180694410762
