Q,P,EigValReal,EigValImag,AGPgrad,N,toda,k,E0,lmd,period
0,0,-0.581310005203535,0.81368217250366,0.480451983954728,2,0.42,1,1,1.29269417513047e-14,5.96399999999944
1.32691444430214,0,-0.581310005203535,-0.81368217250366,0.0659634271206227
0.15877476213612,0,0.99997037496301,0.00769734995515987,-0.300203777081408
-6.01409906510168e-17,0,0.99997037496301,-0.00769734995515987,0.529766456386297
