Q,P,EigValReal,EigValImag,AGPgrad,N,toda,k,E0,lmd,period
0,0,0.999953279466099,0.00966637910540157,1.82950590599381,4,0.8,1,1,6.94810987085403e-13,8.48939999999355
1.61161951012628,0,0.999953279466099,-0.00966637910540157,-1.23731020421433
0.530821116049071,0,0.129730582588095,0.99154928064185,-0.135285858025354
0.176000558641416,0,0.129730582588095,-0.99154928064185,-0.451963482578493
0.0469999964670225,0,-0.486231001282607,0.873830311554668,0.476342833993847
-2.8849699957066e-17,0,-0.486231001282607,-0.873830311554668,0.843536821032159
,,-0.817477493772147,0.575960543072186,0.48603505111157
,,-0.817477493772147,-0.575960543072186,-0.32856594108526
