Q,P,EigValReal,EigValImag,AGPgrad,N,toda,k,E0,lmd,period
0,0,0.999584723564729,0.0288163220422372,120.358355023562,4,1.95,1,1,3.68350337981625e-14,5.39700000000076
1.26589722408732,0,0.999584723564729,-0.0288163220422372,0.697902463733641
0.488649788312602,0,0.584429812106586,0.811444264704021,4.81323270608551
0.208166217067595,0,0.584429812106586,-0.811444264704021,3.68886850172924
0.0753630624678303,0,-0.599194667632436,0.800603366393642,-4.30918988923048
-1.35767589417252e-17,0,-0.599194667632436,-0.800603366393642,-6.71891366609769
,,-0.585400565163397,0.810744212625888,-3.03605841923177
,,-0.585400565163397,-0.810744212625888,-3.59483674701852
