Q,P,EigValReal,EigValImag,AGPgrad,N,toda,k,E0,lmd,period
0,0,0.997513263470485,0.0704789982938011,-371.111321372216,4,2.86999999999998,1,0.999999999999999,2.78516684334925e-13,3.6142000000032
1.13526957341275,0,0.997513263470485,-0.0704789982938011,-6.52444986654056
0.45513151772825,0,0.281718321589741,0.959497153346822,1.55964301689618
0.206047520523202,0,0.281718321589741,-0.959497153346822,0.734931404930478
0.0798113679211871,0,-0.719884423883444,0.694093953474606,4.90642690843958
-9.32752116344498e-18,0,-0.719884423883444,-0.694093953474606,12.9516217100029
,,-0.999213243895999,0.0396597178864587,8.91515297514948
,,-0.999213243895999,-0.0396597178864587,3.40279019466363
