Q,P,EigValReal,EigValImag,AGPgrad,N,toda,k,E0,lmd,period
0,0,0.999931819784707,0.0116771478558878,10.7043615791463,3,1.51,1,1,7.21233424639408e-15,5.28690000000102
1.23147151720566,0,0.999931819784707,-0.0116771478558878,-0.225872689257381
0.396185211311164,0,-0.83160990629467,0.555360210811477,2.18142581911727
0.11853319452958,0,-0.83160990629467,-0.555360210811477,-0.684958382270504
4.89946206731743e-17,0,-0.295336594187087,0.955393267787656,-0.179444060057776
,,-0.295336594187087,-0.955393267787656,0.855977439473494
