Q,P,EigValReal,EigValImag,AGPgrad,N,toda,k,E0,lmd,period
0,0,0.98204783535617,0.188632046779893,-4052.99165761108,5,3.92999999999996,1,1,1.91157168607656e-13,2.70130000000128
1.11214155857399,0,0.98204783535617,-0.188632046779893,-19.3876563117037
0.48385840103648,0,0.698777953193591,0.715338641575161,1.35683584762935
0.25390762929783,0,0.698777953193591,-0.715338641575161,0.310345911057605
0.131911680115769,0,0.0546298393272548,0.998506675318237,0.399664584488585
0.0562353846175307,0,0.0546298393272548,-0.998506675318237,16.6260102073431
2.11591086290284e-16,0,-0.772164158960606,0.635423096540142,55.2926205455849
,,-0.772164158960606,-0.635423096540142,44.0332130450631
,,-0.493343000762603,0.869834859958232,27.8470226618851
,,-0.493343000762603,-0.869834859958232,13.4302168353007
