Q,P,EigValReal,EigValImag,AGPgrad,N,toda,k,E0,lmd,period
0,0,0.996272143277212,0.0862659639128971,-499.449945631726,4,2.95999999999998,1,1,5.76149561097848e-14,3.47360000000291
1.12535058630545,0,0.996272143277212,-0.0862659639128971,-7.29866672307803
0.452296426545027,0,0.344955742718799,0.938618951207213,1.41438866235281
0.205578200323954,0,0.344955742718799,-0.938618951207213,0.661805255028143
0.0799669098792954,0,-0.629272170072261,0.777185007557757,5.99657730139019
-9.04735470774023e-18,0,-0.629272170072261,-0.777185007557757,16.1247419845409
,,-0.980001126748078,0.19899193846109,11.1221522442912
,,-0.980001126748078,-0.19899193846109,4.55763713195389
