Q,P,EigValReal,EigValImag,AGPgrad,N,toda,k,E0,lmd,period
0,0,0.997917961061494,0.0644960695768692,-413.899505126906,3,2.66999999999999,1,1,1.2522272734796e-13,3.19700000000232
1.06391839386166,0,0.997917961061494,-0.0644960695768692,-5.2160337134869
0.375835130268788,0,0.35705230275478,0.934084392920417,0.739647080777963
0.1289062292372,0,0.35705230275478,-0.934084392920417,8.18173095461878
4.60542468936574e-17,0,-0.494292714731991,0.869295526367685,20.4308960230304
,,-0.494292714731991,-0.869295526367685,10.1588423719914
