Q,P,EigValReal,EigValImag,AGPgrad,N,toda,k,E0,lmd,period
0,0,0.525796951745619,0.850610113703697,-3499.71554355507,3,3.77999999999996,1,1,1.3685420964482e-13,1.9449999999998
0.969843477510896,0,0.525796951745619,-0.850610113703697,-13.5681902833053
0.355882154563365,0,0.986558961197993,0.163405679460534,5.39014182395268
0.128433985259136,0,0.986558961197993,-0.163405679460534,23.6596102478118
4.35860657707315e-17,0,0.832449975923585,0.55410020536436,85.7895030520836
,,0.832449975923585,-0.55410020536436,16.0045474869471
