Q,P,EigValReal,EigValImag,AGPgrad,N,toda,k,E0,lmd,period
0,0,0.988260087344343,0.152780888078884,-630.140773827003,5,3.28999999999997,1,1,7.31057566722011e-14,3.57310000000312
1.17240038818521,0,0.988260087344343,-0.152780888078884,-9.78699119923493
0.505528574092879,0,0.422403165009222,0.906408057218245,2.6001986295488
0.261485920929566,0,0.422403165009222,-0.906408057218245,1.00081886655962
0.133461021168529,0,-0.554195904880885,0.832386267914865,0.507049372278667
0.0560007987052004,0,-0.554195904880885,-0.832386267914865,4.63566839389999
2.22879726962062e-16,0,-0.985364379594286,0.170461254913746,13.3747386148192
,,-0.985364379594286,-0.170461254913746,10.9925054284537
,,-0.939369784899148,0.342905828498932,4.77064836638497
,,-0.939369784899148,-0.342905828498932,1.93801999349602
