Q,P,EigValReal,EigValImag,AGPgrad,N,toda,k,E0,lmd,period
0,0,0.997012547725401,0.0772397545190823,293.565896473718,5,2.65999999999999,1,1,4.21043312449936e-14,4.70820000000237
1.24837801166471,0,0.997012547725401,-0.0772397545190823,-1.96870468857331
0.53159703736025,0,-0.997071743705554,0.0764718111722111,5.18176704131425
0.269401069767086,0,-0.997071743705554,-0.0764718111722111,3.7349997421409
0.133987398074966,0,-0.474536107079851,0.880236038274681,1.09623890499999
0.0548936453384654,0,-0.474536107079851,-0.880236038274681,-3.82196200618755
2.37096616870356e-16,0,0.242971242943049,0.970033491742789,-7.22040603567686
,,0.242971242943049,-0.970033491742789,-5.21871787561541
,,-0.0408108881130503,0.999166888668472,-8.27175204825098
,,-0.0408108881130503,-0.999166888668472,-5.44114765512011
