Q,P,EigValReal,EigValImag,AGPgrad,N,toda,k,E0,lmd,period
0,0,0.998525212248093,0.0542899668893777,-54.4054687082781,3,2.07,1,1,3.47698410747503e-14,4.16740000000363
1.13673052435542,0,0.998525212248093,-0.0542899668893777,-2.30797724001756
0.387327598231482,0,-0.210448397161195,0.977604967321817,1.2983738040856
0.126217302540025,0,-0.210448397161195,-0.977604967321817,2.30493480141384
4.75453352831215e-17,0,-0.998444455001742,0.055755450641903,5.26551123893913
,,-0.998444455001742,-0.055755450641903,2.65000557808375
