Q,P,EigValReal,EigValImag,AGPgrad,N,toda,k,E0,lmd,period
0,0,0.0133664722971181,0.999910664718758,-1319.38842002065,3,3.11999999999998,1,1,3.78706126231466e-13,2.61390000000109
1.02101048047213,0,0.0133664722971181,-0.999910664718758,-7.93023854843687
0.367393668851512,0,0.997515057754758,0.0704535985773933,0.519498414432936
0.129217005527437,0,0.997515057754758,-0.0704535985773933,16.3478327391724
4.50033409922178e-17,0,0.62217271517764,0.782880011552509,45.307437401721
,,0.62217271517764,-0.782880011552509,22.6314528079185
