Q,P,EigValReal,EigValImag,AGPgrad,N,toda,k,E0,lmd,period
0,0,0.996484081859031,0.0837823048234757,-121.09059865321,4,2.60999999999999,1,1,2.17999683072762e-14,4.05230000000389
1.16624514795419,0,0.996484081859031,-0.0837823048234757,-4.44557048412151
0.463736636707498,0,0.07163666652379,0.997430793593891,2.07013501801127
0.207240034087822,0,0.07163666652379,-0.997430793593891,1.03824813160921
0.0791593106744197,0,-0.931526052698609,0.363674597880774,2.19092232799909
-1.02412018922926e-17,0,-0.931526052698609,-0.363674597880774,5.72506645475471
,,-0.888822387823521,0.458251855319412,3.91941318864022
,,-0.888822387823521,-0.458251855319412,0.712828014818554
