Q,P,EigValReal,EigValImag,AGPgrad,N,toda,k,E0,lmd,period
0,0,-0.599565291309437,0.800325847050459,45.4342503068218,5,2.09,1,1,3.22271640369074e-13,6.02779999999929
1.34010164867312,0,-0.599565291309437,-0.800325847050459,3.05865543660098
0.560957908465514,0,-0.482111551908814,0.876109839869459,-1.40488532563966
0.276319273354753,0,-0.482111551908814,-0.876109839869459,0.670109004870524
0.132440555263514,0,0.996908356214767,0.0785730825991114,-1.35525247402486
0.0523661111239992,0,0.996908356214767,-0.0785730825991114,-1.03597703595622
2.5429164658519e-16,0,0.881379813393093,0.47240832395626,1.38111270247679
,,0.881379813393093,-0.47240832395626,4.66669073498714
,,0.866623374518753,0.498962851059816,-7.61571871227521
,,0.866623374518753,-0.498962851059816,5.72461239965068
