Q,P,EigValReal,EigValImag,AGPgrad,N,toda,k,E0,lmd,period
0,0,0.999884086994081,0.0152253924754556,-10.5778567126035,2,1.39,1,1,2.40570007014557e-15,4.28720000000335
1.10759246016032,0,0.999884086994081,-0.0152253924754556,-0.610290703346714
0.25382541299427,0,-0.560125426499871,0.828407814176301,1.65409213667709
-2.44721529267931e-17,0,-0.560125426499871,-0.828407814176301,3.29388653345483
