Q,P,EigValReal,EigValImag,AGPgrad,N,toda,k,E0,lmd,period
0,0,0.998539522914351,0.0540261157032897,52.5553623446008,5,1.53,1,1,6.21555002370298e-15,7.62579999999557
1.46803508118207,0,0.998539522914351,-0.0540261157032897,2.67939811005189
0.597329915575775,0,0.844081368508242,0.536215109202691,1.3240614737246
0.280720175056642,0,0.844081368508242,-0.536215109202691,-0.0645845026236351
0.126383246403931,0,-0.0063986677908657,0.999979528315712,3.79851404413793
0.0469112014801479,0,-0.0063986677908657,-0.999979528315712,-2.76682505667777
2.7857038487205e-16,0,-0.991155060591872,0.132708876353955,-4.87178619460445
,,-0.991155060591872,-0.132708876353955,-1.40183486784931
,,-0.981532741217742,0.191294218202177,1.30325466761803
,,-0.981532741217742,-0.191294218202177,-0.172472608405089
