Q,P,EigValReal,EigValImag,AGPgrad,N,toda,k,E0,lmd,period
0,0,0.9873489007561,0.158562757845581,-1087.2665506723,5,3.43999999999997,1,0.999999999999999,1.04460020490683e-13,3.34590000000264
1.15701350095979,0,0.9873489007561,-0.158562757845581,-11.8382302864874
0.500074949796436,0,0.502622618151785,0.864505930414741,2.23116255894112
0.259656495339409,0,0.502622618151785,-0.864505930414741,0.755184494588562
0.13315868130557,0,-0.403392023673483,0.915027253821766,0.465992835671012
0.0561143286349496,0,-0.403392023673483,-0.915027253821766,6.90703159876537
2.19998935948777e-16,0,-0.917826543907518,0.396981656123772,20.464158634584
,,-0.917826543907518,-0.396981656123772,16.6689345774257
,,-0.997442717928692,0.0714704445978826,8.88415181357821
,,-0.997442717928692,-0.0714704445978826,4.01721128509063
