Q,P,EigValReal,EigValImag,AGPgrad,N,toda,k,E0,lmd,period
0,0,-0.125381531198636,0.992108598709987,0.0211582363656572,2,0.06,1,1,7.98736438685859e-16,6.27569999999871
1.41169252430763,0,-0.125381531198636,-0.992108598709987,0.0119881260640224
0.0281163772482925,0,0.999999806344142,0.000622343702300368,-0.320242667068058
-9.38498356958111e-17,0,0.999999806344142,-0.000622343702300368,0.351591858692641
