Q,P,EigValReal,EigValImag,AGPgrad,N,toda,k,E0,lmd,period
0,0,0.998873335157497,0.0474558775214684,-1422.84227958628,2,2.86999999999998,1,1,1.75614233485358e-13,2.19890000000022
0.9527166818455,0,0.998873335157497,-0.0474558775214684,-4.61290511921424
0.260682603377076,0,0.777715333495598,0.628616624061003,28.1233562233259
-1.20671452907515e-17,0,0.777715333495598,-0.628616624061003,66.7760848680541
