Q,P,EigValReal,EigValImag,AGPgrad,N,toda,k,E0,lmd,period
0,0,-0.86724757036367,0.49787714518574,31.7038425696554,4,1.66,1,1,7.88250376950648e-15,6.09929999999912
1.32395704926252,0,-0.86724757036367,-0.49787714518574,0.988079634793157
0.500986545736934,0,0.124010228988829,0.992280939606385,1.10219426333803
0.206593893191193,0,0.124010228988829,-0.992280939606385,1.30729107986709
0.0720096296961257,0,0.998860833625297,0.047718288416854,-1.53757507308922
-1.5788261463995e-17,0,0.998860833625297,-0.047718288416854,-2.16263335836192
,,0.999562038091158,0.0295927695063142,-1.07091560683689
,,0.999562038091158,-0.0295927695063142,-0.470039416149268
