Q,P,EigValReal,EigValImag,AGPgrad,N,toda,k,E0,lmd,period
0,0,0.999897665472421,0.0143058932876928,81.0363266575855,4,2.11,1,1,1.32697788452031e-14,5.0388000000016
1.23824978216514,0,0.999897665472421,-0.0143058932876928,-0.814081692497226
0.482187602618517,0,-0.8368799907744,0.547386409258967,3.69112485638254
0.208363906976079,0,-0.8368799907744,-0.547386409258967,2.47565038495472
0.0766716675267954,0,-0.429441292016418,0.903094777258339,-2.28044658588548
-1.25917117010178e-17,0,-0.429441292016418,-0.903094777258339,-3.44651914441984
,,0.146257865562812,0.989246499493947,-1.64087531207192
,,0.146257865562812,-0.989246499493947,-2.61255500887611
