Q,P,EigValReal,EigValImag,AGPgrad,N,toda,k,E0,lmd,period
0,0,0.994771138954423,0.102129237260131,-676.081540539453,4,3.05999999999998,1,1,7.6089065609427e-14,3.32370000000259
1.11475989883694,0,0.994771138954423,-0.102129237260131,-8.19370416872463
0.449227979027679,0,0.409669600945366,0.912233971117759,1.26897052545278
0.20503105124043,0,0.409669600945366,-0.912233971117759,0.594462378274949
0.0801046232744137,0,-0.523970756090416,0.851736254225474,7.32115973737865
-8.75482458892068e-18,0,-0.523970756090416,-0.851736254225474,20.1446410103267
,,-0.932705177926922,0.360639780207754,13.9145819023779
,,-0.932705177926922,-0.360639780207754,6.00181703522879
