Q,P,EigValReal,EigValImag,AGPgrad,N,toda,k,E0,lmd,period
0,0,-0.677011517062848,0.735972421877516,16.037560413469,5,1,1,1,1.02667244215673e-14,9.37749999999148
1.65991826879041,0,-0.677011517062848,-0.735972421877516,0.858968193307889
0.63906081341809,0,-0.614191047872722,0.78915737132273,1.99781627876802
0.27481236941548,0,-0.614191047872722,-0.78915737132273,1.00001847422944
0.109951135361853,0,0.318209320890439,0.948020478733677,-0.653570031957159
0.0359774036756728,0,0.318209320890439,-0.948020478733677,-2.08444361543735
3.16781776463579e-16,0,0.999974121858968,0.00719413735824351,-2.37853015748948
,,0.999974121858968,-0.00719413735824351,0.823863422798725
,,0.902642571347071,0.430390971550239,0.312174608429361
,,0.902642571347071,-0.430390971550239,1.23905460116308
