Q,P,EigValReal,EigValImag,AGPgrad,N,toda,k,E0,lmd,period
0,0,-0.944243209651582,0.329248782878369,30.1882770635403,4,0.24,1,1,7.4537803990569e-15,9.91059999999024
2.07037224282087,0,-0.944243209651582,-0.329248782878369,-29.6249046592831
0.394891368966271,0,0.629654662372556,0.776875154804475,-13.8989603802626
0.0658244657233468,0,0.629654662372556,-0.776875154804475,27.4288616637746
0.00793569863256657,0,0.99998843746478,0.00480883944015168,5.92583226745304
-5.53510205152393e-17,0,0.99998843746478,-0.00480883944015168,29.9034948265086
,,0.99998593870713,0.00530305459525652,-39.0884229684365
,,0.99998593870713,-0.00530305459525652,19.3560850811545
