Q,P,EigValReal,EigValImag,AGPgrad,N,toda,k,E0,lmd,period
0,0,0.999004399434151,0.0446117687522478,99.7792914256632,4,2.03,1,1,3.38813503784775e-14,5.21530000000118
1.25173639972808,0,0.999004399434151,-0.0446117687522478,-0.133795209982792
0.485385245117269,0,0.371169214205039,0.928565245110122,4.158521683451
0.208311669959535,0,0.371169214205039,-0.928565245110122,2.97524774012371
0.0760571990196603,0,-0.726002756040506,0.687691790136835,-3.17041785071368
-1.30666402543948e-17,0,-0.726002756040506,-0.687691790136835,-4.91278384035238
,,-0.514983839688608,0.857199886175659,-2.29974066714458
,,-0.514983839688608,-0.857199886175659,-3.06555626709281
