Q,P,EigValReal,EigValImag,AGPgrad,N,toda,k,E0,lmd,period
0,0,0.997313271368676,0.0732546159086434,-128.848132667997,3,2.29,1,1,2.4260885333299e-14,3.78430000000356
1.10743679906241,0,0.997313271368676,-0.0732546159086434,-3.27849141623469
0.383156779263341,0,0.0257099297759291,0.999669445122189,1.05060931662067
0.127633859475777,0,0.0257099297759291,-0.999669445122189,4.00082013521427
4.69889576223406e-17,0,-0.893067994858566,0.449921722702191,9.22192968988921
,,-0.893067994858566,-0.449921722702191,4.54983045835062
