Q,P,EigValReal,EigValImag,AGPgrad,N,toda,k,E0,lmd,period
0,0,-0.971466441036803,0.237177051881679,369.700668855248,4,1.21,1,1,1.42995232523967e-14,7.3109999999963
1.44411445707232,0,-0.971466441036803,-0.237177051881679,45.3757644789213
0.520481817150323,0,-0.26505804765006,0.964232457126351,19.6423808874484
0.198329744746065,0,-0.26505804765006,-0.964232457126351,30.8786858553888
0.0628658654662169,0,0.999569015323163,0.0293561510731122,-47.3426368317292
-2.08882237997926e-17,0,0.999569015323163,-0.0293561510731122,-59.2686105076879
,,0.998669459052159,0.0515685132271195,-9.80861234438795
,,0.998669459052159,-0.0515685132271195,11.2471474597584
