Q,P,EigValReal,EigValImag,AGPgrad,N,toda,k,E0,lmd,period
0,0,0.998531385289918,0.0541763102377512,-129.687912295014,2,2.04,1,0.999999999999999,1.08279554487537e-15,3.22950000000239
1.02533024805984,0,0.998531385289918,-0.0541763102377512,-2.04800741895925
0.262001298108398,0,0.257016376691147,0.966407047838828,6.80635611490109
-1.69215736496855e-17,0,0.257016376691147,-0.966407047838828,13.6110710699393
