Q,P,EigValReal,EigValImag,AGPgrad,N,toda,k,E0,lmd,period
0,0,0.995832335480347,0.0912028487043099,-330.190959989085,3,2.58999999999999,1,1,5.03378864128643e-14,3.31310000000257
1.07244460225493,0,0.995832335480347,-0.0912028487043099,-4.77858340307418
0.37737124153704,0,0.29593511597196,0.955208043901784,0.794296045939332
0.128734182538033,0,0.29593511597196,-0.955208043901784,7.13797211586784
4.62477658759211e-17,0,-0.588276432037469,0.808659903488029,17.4941389847715
,,-0.588276432037469,-0.808659903488029,8.68062524075859
