Q,P,EigValReal,EigValImag,AGPgrad,N,toda,k,E0,lmd,period
0,0,0.995190591763307,0.0979575727846063,-579.219295364146,5,3.26999999999997,1,1,6.08509722900073e-14,3.60450000000318
1.17451873849485,0,0.995190591763307,-0.0979575727846063,-9.53228236569161
0.506275294160631,0,0.410913154613123,0.911674492001328,2.65063048064025
0.261732117169164,0,0.410913154613123,-0.911674492001328,1.04059032496219
0.133497618366035,0,-0.574053331311224,0.818817911876928,0.513903655016488
0.0559822836515938,0,-0.574053331311224,-0.818817911876928,4.3499267998434
2.23276143920037e-16,0,-0.925320307967539,0.379186402265242,12.5060407368517
,,-0.925320307967539,-0.379186402265242,10.3124582062152
,,-0.990465986650797,0.137757501748055,4.2681764453911
,,-0.990465986650797,-0.137757501748055,1.68104176414238
