Q,P,EigValReal,EigValImag,AGPgrad,N,toda,k,E0,lmd,period
0,0,0.997422149258458,0.0717569241859836,71.417928513141,4,2.15,1,1,1.91084910748792e-14,4.9526000000018
1.23174184867981,0,0.997422149258458,-0.0717569241859836,-1.12428350097482
0.480614285499293,0,-0.881036903525359,0.473047539499404,3.49986761535065
0.208359118478345,0,-0.881036903525359,-0.473047539499404,2.27575065519311
0.0769516896059958,0,-0.386645054391496,0.922228606102957,-1.88589111062607
-1.23663908813154e-17,0,-0.386645054391496,-0.922228606102957,-2.76840947746218
,,0.0339662298791604,0.999422981138518,-1.31200319254419
,,0.0339662298791604,-0.999422981138518,-2.39418152412569
