Q,P,EigValReal,EigValImag,AGPgrad,N,toda,k,E0,lmd,period
0,0,0.999899892704224,0.0141493664201636,-6.16575897116722,2,1.29,1,1,1.38342944975229e-15,4.46590000000293
1.12352114143119,0,0.999899892704224,-0.0141493664201636,-0.447177448217981
0.250863878863151,0,-0.690292348729572,0.72353056140389,1.24139202782999
-2.62265765431761e-17,0,-0.690292348729572,-0.72353056140389,2.63514894493357
