Q,P,EigValReal,EigValImag,AGPgrad,N,toda,k,E0,lmd,period
0,0,0.995797941202736,0.0915776189707967,-2403.13454390908,2,3.06999999999998,1,1,6.2696429425722e-15,2.0015999999998
0.938519479404239,0,0.995797941202736,-0.0915776189707967,-5.34262047416371
0.259644580334874,0,0.836214730244403,0.548402156197714,38.6771912036676
-1.1283512173351e-17,0,0.836214730244403,-0.548402156197714,95.210105731587
