Q,P,EigValReal,EigValImag,AGPgrad,N,toda,k,E0,lmd,period
0,0,0.997205522352683,0.0747070692058376,104.602208735707,4,2.01,1,1,1.86627611160341e-14,5.26030000000108
1.25521114876537,0,0.997205522352683,-0.0747070692058376,0.0550900986123048
0.486195167578953,0,0.426235143666202,0.904612404460504,4.30048902012263
0.208284577936201,0,0.426235143666202,-0.904612404460504,3.12848905535719
0.0758914712674761,0,-0.693557017493162,0.72040173756452,-3.4245385665286
-1.31907385999532e-17,0,-0.693557017493162,-0.72040173756452,-5.31934406195021
,,-0.536253469959788,0.844056998049337,-2.47150723985609
,,-0.536253469959788,-0.844056998049337,-3.18745119567696
