Q,P,EigValReal,EigValImag,AGPgrad,N,toda,k,E0,lmd,period
0,0,0.999937053928025,0.0112199902732889,2.91871688375505,4,0.6,1,1,3.47536542058452e-14,9.05139999999224
1.73144635606586,0,0.999937053928025,-0.0112199902732889,-0.197824364981083
0.522894264791095,0,-0.595627267662975,0.803260952627698,0.143340190125834
0.153108969605105,0,-0.595627267662975,-0.803260952627698,-0.317931755063213
0.0351272215356246,0,-0.0746781622629236,0.997207687536063,-0.492169273561215
-3.49394241386068e-17,0,-0.0746781622629236,-0.997207687536063,-0.158970096275775
,,0.0144699593212845,0.99989530465806,0.475714433313036
,,0.0144699593212845,-0.99989530465806,-0.0981877275745572
