Q,P,EigValReal,EigValImag,AGPgrad,N,toda,k,E0,lmd,period
0,0,-0.979499586098853,0.201446173535705,0.78393331359004,4,1.46,1,1,5.11818103208813e-13,6.62139999999791
1.37178625838192,0,-0.979499586098853,-0.201446173535705,-0.700958270983175
0.509785107554779,0,0.999709659570644,0.0240955714016664,-0.0949625374730377
0.20410888818929,0,0.999709659570644,-0.0240955714016664,0.0470831363942237
0.0686953373752089,0,0.651265223948498,0.758850188163197,0.283125056613472
-1.77388972197122e-17,0,0.651265223948498,-0.758850188163197,1.02400463872821
,,0.704027655574042,0.710172556627555,1.00928193569683
,,0.704027655574042,-0.710172556627555,0.889351498023808
