Q,P,EigValReal,EigValImag,AGPgrad,N,toda,k,E0,lmd,period
0,0,0.996802854613852,0.0799003694217,-21108.1980127275,2,3.94999999999996,1,1,2.13050934067926e-15,1.32249999999987
0.885881655539245,0,0.996802854613852,-0.0799003694217,-9.44774240643781
0.253935407172963,0,0.957733900003416,0.287655656617808,149.391154575381
-8.77275553706914e-18,0,0.957733900003416,-0.287655656617808,419.348710125249
