Q,P,EigValReal,EigValImag,AGPgrad,N,toda,k,E0,lmd,period
0,0,-0.992852758295396,0.119345717749787,0.675999142093736,4,0.31,1,1,1.81527838137615e-13,9.77069999999057
1.98892099036841,0,-0.992852758295396,-0.119345717749787,0.864299230868268
0.444847126490419,0,0.518770071763086,0.854913804218251,0.468298502635761
0.0890531202615341,0,0.518770071763086,-0.854913804218251,-0.728074375629613
0.0131463009148887,0,0.999993501133788,0.00360523094621165,-1.31982998338552
-4.96165894323542e-17,0,0.999993501133788,-0.00360523094621165,-1.31263401545147
,,0.967573424956699,0.252589919271438,1.50419590008557
,,0.967573424956699,-0.252589919271438,-0.205620956338687
