Q,P,EigValReal,EigValImag,AGPgrad,N,toda,k,E0,lmd,period
0,0,0.999884021528452,0.0152296911355064,0.762912062295857,2,0.820000000000001,1,1,3.10202235097873e-15,5.32040000000094
1.21687011137574,0,0.999884021528452,-0.0152296911355064,0.0283927450405255
0.222988814960215,0,-0.994766215091871,0.102177185867343,0.0436419739463721
-3.87395374594195e-17,0,-0.994766215091871,-0.102177185867343,1.01227857435589
