Q,P,EigValReal,EigValImag,AGPgrad,N,toda,k,E0,lmd,period
0,0,0.26100499487586,0.965337450143656,2.78727685106761,5,0.52,1,1,1.28803468173817e-14,11.0028999999877
1.98679748926295,0,0.26100499487586,-0.965337450143656,-3.40840465737748
0.659563652341242,0,-0.771602091684774,0.636105503912404,-2.06083614098914
0.228711145762925,0,-0.771602091684774,-0.636105503912404,-0.104569999947506
0.0701408877057517,0,0.962274265609037,0.272081307234773,1.77014937392097
0.017032519070653,0,0.962274265609037,-0.272081307234773,1.7981133106226
3.93968483460112e-16,0,-0.999673170857918,0.0255646526846703,3.37406774999855
,,-0.999673170857918,-0.0255646526846703,-1.14873181460445
,,0.999938288160851,0.0111094495781438,-2.02053558005404
,,0.999938288160851,-0.0111094495781438,1.00151135771435
