Q,P,EigValReal,EigValImag,AGPgrad,N,toda,k,E0,lmd,period
0,0,0.999841739249279,0.0177903472403824,-103.251262977782,2,1.97,1,1,4.94479976035014e-15,3.33310000000261
1.03280742614218,0,0.999841739249279,-0.0177903472403824,-1.868520344304
0.261715368969374,0,0.184789880615528,0.982778052269227,5.96551103879024
-1.75108975179727e-17,0,0.184789880615528,-0.982778052269227,11.7654979143601
