Q,P,EigValReal,EigValImag,AGPgrad,N,toda,k,E0,lmd,period
0,0,-0.896808780280394,0.442418367172958,6.77846810257044,5,0.63,1,1,2.5987214052169e-14,10.6437999999885
1.88830774972342,0,-0.896808780280394,-0.442418367172958,3.21718669273395
0.661547133361135,0,-0.221239014456569,0.9752196155135,1.68162724803335
0.247253611167138,0,-0.221239014456569,-0.9752196155135,0.353091785528567
0.0828945915653597,0,0.02738404450625,0.999624986735775,-2.03184130376758
0.0222651822926675,0,0.02738404450625,-0.999624986735775,-2.8722039140665
3.68366094825816e-16,0,0.955880969882408,0.293754270465422,-4.18946087487944
,,0.955880969882408,-0.293754270465422,1.00289878734459
,,0.999956648809184,0.00931131045101806,2.01527862656713
,,0.999956648809184,-0.00931131045101806,-1.06021055490082
