Q,P,EigValReal,EigValImag,AGPgrad,N,toda,k,E0,lmd,period
0,0,-0.988326148440934,0.152352959629658,-2.50055340210799,5,1.36,1,1,1.02312809669187e-14,8.1671999999943
1.51917657182992,0,-0.988326148440934,-0.152352959629658,-0.12094360670105
0.610119708357238,0,-0.67986145389056,0.733340578117576,0.268825802155562
0.280653543278338,0,-0.67986145389056,-0.733340578117576,-0.749743869221065
0.122782862037967,0,-0.780706905757983,0.624897373415665,0.158431887781013
0.0442309400923522,0,-0.780706905757983,-0.624897373415665,0.491036273466109
2.88470507259111e-16,0,0.999556014403675,0.0297955377440089,0.29572953472886
,,0.999556014403675,-0.0297955377440089,-0.369794239664176
,,0.999701969312596,0.0244125490788528,-0.0412558019811829
,,0.999701969312596,-0.0244125490788528,0.0932648175354601
