Q,P,EigValReal,EigValImag,AGPgrad,N,toda,k,E0,lmd,period
0,0,0.999452649874173,0.0330817269728339,-238.510773493536,3,2.47999999999999,1,1,5.91605270430829e-14,3.47910000000292
1.08469099297581,0,0.999452649874173,-0.0330817269728339,-4.20824377960725
0.379492350502707,0,0.204440265961145,0.97887904138036,0.877714826674679
0.128421665969662,0,0.204440265961145,-0.97887904138036,5.85656035036447
4.65168245034631e-17,0,-0.712123898682798,0.702053810562139,13.994269887128
,,-0.712123898682798,-0.702053810562139,6.92704991542984
