Q,P,EigValReal,EigValImag,AGPgrad,N,toda,k,E0,lmd,period
0,0,0.995385276284786,0.0959591150197188,-190.796291237882,5,3.07999999999998,1,1,6.3613397678159e-15,3.91750000000384
1.19550723530893,0,0.995385276284786,-0.0959591150197188,-7.10286427023996
0.513611464603535,0,0.291349157439941,0.956616782446894,3.2216036573198
0.264092783483413,0,0.291349157439941,-0.956616782446894,1.50304634473292
0.133792434408032,0,-0.980802881675743,0.195001813572466,0.598103310232084
0.0557604241834762,0,-0.980802881675743,-0.195001813572466,1.79109142326781
2.2720418767888e-16,0,-0.754252299698915,0.65658470009503,5.34237300594325
,,-0.754252299698915,-0.65658470009503,4.5536479375701
,,-0.709504065175646,0.704701342058628,-0.0920818409693269
,,-0.709504065175646,-0.704701342058628,-0.58771134660299
