Q,P,EigValReal,EigValImag,AGPgrad,N,toda,k,E0,lmd,period
0,0,0.999990953999419,0.00425345968952159,0.647303232569872,2,0.51,1,1,1.66532498496833e-15,5.83589999999974
1.30000745653871,0,0.999990953999419,-0.00425345968952159,0.0775015917599691
0.17891306311008,0,-0.720396204945604,0.693562764210985,-0.266395075880162
-5.39668949803849e-17,0,-0.720396204945604,-0.693562764210985,0.604313492894777
