Q,P,EigValReal,EigValImag,AGPgrad,N,toda,k,E0,lmd,period
0,0,0.975099341752898,0.221768513799659,-5688.79787018313,5,4.07999999999996,1,0.999999999999999,2.08278841652526e-13,2.53070000000092
1.09980814055967,0,0.975099341752898,-0.221768513799659,-21.9347265354024
0.479321726045683,0,0.742295995346139,0.670072126933437,1.16632924903997
0.252222257671106,0,0.742295995346139,-0.670072126933437,0.237227793216807
0.131475445495999,0,0.173233544086752,0.984880774105762,0.391144738726463
0.0562146144351579,0,0.173233544086752,-0.984880774105762,20.5750894906275
2.09278323519224e-16,0,-0.635753088206502,0.771892486578219,70.802625472974
,,-0.635753088206502,-0.771892486578219,55.9993595298283
,,-0.344330225917289,0.938848600957456,35.9609166937594
,,-0.344330225917289,-0.938848600957456,17.4366412812263
