Q,P,EigValReal,EigValImag,AGPgrad,N,toda,k,E0,lmd,period
0,0,0.999083943074903,0.0427933954004875,11.7440635470833,3,1.48,1,1,1.9017222506458e-14,5.35240000000086
1.23765329632445,0,0.999083943074903,-0.0427933954004875,-0.114993253856667
0.396497135618011,0,-0.857640463558195,0.5142497790643,2.24227139834245
0.117870769905707,0,-0.857640463558195,-0.5142497790643,-0.823620775233458
4.90741514324393e-17,0,-0.214603513218879,0.976701250185578,-0.373282296030301
,,-0.214603513218879,-0.976701250185578,0.861624206251248
