Q,P,EigValReal,EigValImag,AGPgrad,N,toda,k,E0,lmd,period
0,0,-0.542405603319651,0.840116754676057,0.908475032072468,3,0.29,1,1,1.37727033483355e-14,7.95669999999479
1.70793269406245,0,-0.542405603319651,-0.840116754676057,-0.272032566944918
0.268268265188773,0,0.280120917693476,0.959964724076131,0.174428750067632
0.03045774413803,0,0.280120917693476,-0.959964724076131,-0.651713108799909
6.27891255772103e-17,0,0.999979921371676,0.00633694354426432,0.231701375893684
,,0.999979921371676,-0.00633694354426432,0.32256982471435
