Q,P,EigValReal,EigValImag,AGPgrad,N,toda,k,E0,lmd,period
0,0,-0.883992324781246,0.467501411471501,142.718984920102,3,0.930000000000001,1,1,5.29359731004941e-15,6.61439999999792
1.38421408606497,0,-0.883992324781246,-0.467501411471501,42.3184042432282
0.392722156402298,0,0.999987441777037,0.00501161532711958,35.3672068716492
0.0970614768550377,0,0.999987441777037,-0.00501161532711958,-45.2444121136632
5.08185834653012e-17,0,0.999142339946101,0.041407541910067,-53.9276873684128
,,0.999142339946101,-0.041407541910067,31.3595487618268
