Q,P,EigValReal,EigValImag,AGPgrad,N,toda,k,E0,lmd,period
0,0,-0.246110231279045,0.969241844979756,0.130591775546755,2,0.2,1,1,3.95759977787692e-15,6.20279999999888
1.3886204468211,0,-0.246110231279045,-0.969241844979756,0.0293209766725828
0.0886541718093621,0,0.999991474708497,0.00412922635664518,-0.312705602694814
-7.93775469062368e-17,0,0.999991474708497,-0.00412922635664518,0.405421888780919
