Q,P,EigValReal,EigValImag,AGPgrad,N,toda,k,E0,lmd,period
0,0,-0.972260758879918,0.233899586879142,-8.49578244322103,4,1.48,1,1,4.862822493876e-13,6.56789999999803
1.36665383813116,0,-0.972260758879918,-0.233899586879142,-1.23186548847744
0.508903593825169,0,0.999688427093613,0.0249609441946126,-0.507287013860964
0.20442663095278,0,0.999688427093613,-0.0249609441946126,-0.452962023113578
0.069073738425721,0,0.603762881925081,0.797163962061461,0.989572882132041
-1.75240414496296e-17,0,0.603762881925081,-0.797163962061461,2.04738627326745
,,0.758036319433141,0.652212341511761,1.32557604315497
,,0.758036319433141,-0.652212341511761,1.05038143339488
