Q,P,EigValReal,EigValImag,AGPgrad,N,toda,k,E0,lmd,period
0,0,0.999725544628037,0.0234272366760459,-62.9629785913334,5,1.26,1,1,1.84421410019063e-14,8.49599999999354
1.5531685845135,0,0.999725544628037,-0.0234272366760459,-9.78710913989835
0.617986270950148,0,0.95159563407485,0.307352809015442,-0.993873671434242
0.280015051487724,0,0.95159563407485,-0.307352809015442,-1.45812278932044
0.120054894998761,0,-0.350274616530008,0.936647048260319,-5.15944974454272
0.0423333285835539,0,-0.350274616530008,-0.936647048260319,6.75294379764737
2.95151651526295e-16,0,-0.945674865252933,0.325113901931087,8.31340236231732
,,-0.945674865252933,-0.325113901931087,5.09821883169312
,,-0.934825612415875,0.355107130837002,-0.140434233961318
,,-0.934825612415875,-0.355107130837002,-0.852462663551838
