Q,P,EigValReal,EigValImag,AGPgrad,N,toda,k,E0,lmd,period
0,0,-0.258861715241284,0.965914391849683,0.142280151188078,2,0.21,1,1,8.26904262969895e-15,6.1947999999989
1.38626117225279,0,-0.258861715241284,-0.965914391849683,0.0306045004757195
0.0925487386509777,0,0.999999481803686,0.00101803356989338,-0.312939877296516
-7.83846381287813e-17,0,0.999999481803686,-0.00101803356989338,0.409741403099412
