Q,P,EigValReal,EigValImag,AGPgrad,N,toda,k,E0,lmd,period
0,0,0.997919428017893,0.0644733680246853,-422.704505999463,2,2.42999999999999,1,1,1.42712177252412e-14,2.70050000000127
0.987990841720637,0,0.997919428017893,-0.0644733680246853,-3.15152039891922
0.26220614688543,0,0.570871401146888,0.821039489520802,13.599553219818
-1.42380388220951e-17,0,0.570871401146888,-0.821039489520802,29.5621612417166
