Q,P,EigValReal,EigValImag,AGPgrad,N,toda,k,E0,lmd,period
0,0,0.999891198436216,0.014750975892258,-3.10509705427538,4,0.930000000000001,1,1,7.45109928126084e-15,8.11449999999443
1.54961288532822,0,0.999891198436216,-0.014750975892258,-2.51861595923076
0.52960180189011,0,0.581788957716752,0.813339786730524,-0.526164503725246
0.185665647021263,0,0.581788957716752,-0.813339786730524,-0.946879170053734
0.053113163882876,0,-0.703605123817219,0.710591183267954,1.68044390088954
-2.58159030263422e-17,0,-0.703605123817219,-0.710591183267954,2.22505127421479
,,-0.999912694352753,0.0132137682817712,0.675817245387881
,,-0.999912694352753,-0.0132137682817712,-0.697499696023118
