Q,P,EigValReal,EigValImag,AGPgrad,N,toda,k,E0,lmd,period
0,0,0.998912095586737,0.0466328777845538,-501.806976646926,2,2.48999999999999,1,0.999999999999999,3.07264288450974e-14,2.62630000000112
0.982804296003391,0,0.998912095586737,-0.0466328777845538,-3.33855182084207
0.262081731676229,0,0.607018746056528,0.794687512130388,15.0558866570136
-1.38977143626533e-17,0,0.607018746056528,-0.794687512130388,33.1448820574006
