Q,P,EigValReal,EigValImag,AGPgrad,N,toda,k,E0,lmd,period
0,0,0.999571662903739,0.0292658627040739,-272.402069169658,2,2.28,1,1,1.99528228338054e-15,2.89420000000168
1.00156326800008,0,0.999571662903739,-0.0292658627040739,-2.70982944046186
0.262359948601445,0,0.467218379076826,0.884141949153423,10.4955297724534
-1.51650537798527e-17,0,0.467218379076826,-0.884141949153423,22.0856331261943
