Q,P,EigValReal,EigValImag,AGPgrad,N,toda,k,E0,lmd,period
0,0,0.998209478614786,0.0598150215542656,9.94622782908807,5,1.62,1,1,7.70892217097686e-15,7.34909999999621
1.44377976259382,0,0.998209478614786,-0.0598150215542656,-0.383613469583393
0.590893729535155,0,0.669975651657506,0.742383072400028,0.827680510091152
0.280378583591425,0,0.669975651657506,-0.742383072400028,-1.36861418440073
0.127864921552406,0,0.356508545432498,0.934292061955787,2.42395036829364
0.0480944366896128,0,0.356508545432498,-0.934292061955787,-0.174168585033119
2.73921858722248e-16,0,-0.962174669729869,0.272433303636347,-1.49609304823552
,,-0.962174669729869,-0.272433303636347,0.339491404139566
,,-0.809769886308442,0.58674758732186,2.27049055928775
,,-0.809769886308442,-0.58674758732186,-0.0286546219806549
