Q,P,EigValReal,EigValImag,AGPgrad,N,toda,k,E0,lmd,period
0,0,0.995388141926443,0.0959293850299753,-5280.18520145177,2,3.37999999999997,1,1,1.54745822339248e-14,1.72959999999983
0.91833527395962,0,0.995388141926443,-0.0959293850299753,-6.61199248377352
0.257785743841114,0,0.898327554910524,0.439326307075359,62.7621619283267
-1.02506747977817e-17,0,0.898327554910524,-0.439326307075359,162.546212602602
