Q,P,EigValReal,EigValImag,AGPgrad,N,toda,k,E0,lmd,period
0,0,0.995865368066615,0.0908414480600812,-43.9388271742495,4,2.47999999999999,1,1,1.01338111366943e-14,4.29000000000334
1.18320822287034,0,0.995865368066615,-0.0908414480600812,-3.48620804441593
0.468284219916133,0,-0.0482641495919072,0.998834606861508,2.38616467652633
0.207714761147132,0,-0.0482641495919072,-0.998834606861508,1.26402525552407
0.0786952033527442,0,-0.721266240888234,0.69265793127268,1.00835409686823
-1.07665025948836e-17,0,-0.721266240888234,-0.69265793127268,2.94768104809692
,,-0.988663957612837,0.150145192787957,2.06103868011325
,,-0.988663957612837,-0.150145192787957,-0.335991369423522
