Q,P,EigValReal,EigValImag,AGPgrad,N,toda,k,E0,lmd,period
0,0,0.999431150705123,0.0337249907371652,-45.5132819941893,5,1.24,1,1,7.54646948734794e-15,8.56259999999338
1.56037243305263,0,0.999431150705123,-0.0337249907371652,-7.85493784210257
0.619586291010273,0,0.928149541416309,0.372207507673745,-0.636468950828923
0.279816770017397,0,0.928149541416309,-0.372207507673745,-1.06947173711323
0.119443973031026,0,-0.245356867427597,0.969432827794741,-4.03253393090561
0.0419211178304042,0,-0.245356867427597,-0.969432827794741,5.23660211200242
2.96577938892782e-16,0,-0.933171591565352,0.359431190487643,6.3385170140353
,,-0.933171591565352,-0.359431190487643,4.1230583572486
,,-0.964069498382584,0.265650150175644,-0.0862488808584892
,,-0.964069498382584,-0.265650150175644,-0.686459046944687
