Q,P,EigValReal,EigValImag,AGPgrad,N,toda,k,E0,lmd,period
0,0,0.999975173885664,0.00704639002034275,2.09410023235428,5,0.3,1,1,2.06100769738863e-14,11.6506999999862
2.26245477362058,0,0.999975173885664,-0.00704639002034275,-0.104810165048168
0.604341459316369,0,0.664412007472238,0.747366499333964,-0.390100115083773
0.158655866867756,0,0.664412007472238,-0.747366499333964,0.100279930653019
0.0357494959191078,0,0.226369670583207,0.974041463306387,0.329923047773724
0.00613995174918433,0,0.226369670583207,-0.974041463306387,-0.987224630757259
4.83513720412437e-16,0,-0.700629821212233,0.713524949548443,-0.484269664846212
,,-0.700629821212233,-0.713524949548443,-0.201365226870021
,,-0.86579598585621,0.500397153144672,0.0501383574258821
,,-0.86579598585621,-0.500397153144672,0.406848199415437
