Q,P,EigValReal,EigValImag,AGPgrad,N,toda,k,E0,lmd,period
0,0,-0.0590798221394657,0.998253261760743,-1112.29975847762,3,3.04999999999998,1,1,1.9371375469261e-13,2.69720000000127
1.02718426940921,0,-0.0590798221394657,-0.998253261760743,-7.48041182165867
0.368679094701225,0,0.998683408208734,0.0512976624091398,0.545533908815644
0.129228241267185,0,0.998683408208734,-0.0512976624091398,14.770529671866
4.51624185375834e-17,0,0.58886419967928,0.808231992893181,40.3053477951994
,,0.58886419967928,-0.808231992893181,20.1314474317622
