Q,P,EigValReal,EigValImag,AGPgrad,N,toda,k,E0,lmd,period
0,0,-0.46159905234868,0.887088673623337,-6.72616933375567,5,0.870000000000001,1,1,4.15475295809257e-15,9.82589999999044
1.72689360089752,0,-0.46159905234868,-0.887088673623337,-3.38022566563256
0.649125680065601,0,-0.169968872182736,0.98544943172592,-1.94363861480385
0.269043174989459,0,-0.169968872182736,-0.98544943172592,-1.02837475029387
0.102622116004596,0,0.00847782552253235,0.999964062591463,-0.523084083901569
0.0318560311629974,0,0.00847782552253235,-0.999964062591463,2.94001497828342
3.31021857415214e-16,0,0.999891720772664,0.014715526841403,2.72733209845565
,,0.999891720772664,-0.014715526841403,0.481567341349919
,,0.944990462544012,0.327097883974904,0.0925363182946192
,,0.944990462544012,-0.327097883974904,-1.96656153132324
