Q,P,EigValReal,EigValImag,AGPgrad,N,toda,k,E0,lmd,period
0,0,-0.698941066848139,0.715179267787597,0.58181716965877,3,0.21,1,1,1.31141454966867e-14,8.06839999999453
1.76195366338195,0,-0.698941066848139,-0.715179267787597,-0.180109722266972
0.21624478523117,0,0.411563854086132,0.911380926950839,0.172885556007397
0.0185806817694545,0,0.411563854086132,-0.911380926950839,-0.751439257709982
6.83889373320935e-17,0,0.999997537148632,0.00221939105990437,0.182824136530741
,,0.999997537148632,-0.00221939105990437,0.504204543612014
