Q,P,EigValReal,EigValImag,AGPgrad,N,toda,k,E0,lmd,period
0,0,0.101523597307207,0.994833131328965,-999.801121351211,3,3.20999999999998,1,1,5.32754568529281e-14,2.51060000000087
1.01331077688227,0,0.101523597307207,-0.994833131328965,-8.97027143554346
0.365757910678726,0,0.991201351680742,0.132362685173286,3.25341845249865
0.129177137012364,0,0.991201351680742,-0.132362685173286,11.4152546644537
4.48012969765121e-17,0,0.661278184563942,0.750140761870602,34.8424558228183
,,0.661278184563942,-0.750140761870602,8.43492336436455
