Q,P,EigValReal,EigValImag,AGPgrad,N,toda,k,E0,lmd,period
0,0,0.998144991346456,0.0608816577465476,-142.743492493624,2,2.07,1,1,4.12719875728546e-15,3.1859000000023
1.02220603893339,0,0.998144991346456,-0.0608816577465476,-2.12668768487598
0.262095711457789,0,0.286443412113798,0.958097161908223,7.19583740574532
-1.66806499015645e-17,0,0.286443412113798,-0.958097161908223,14.4788908180436
