Q,P,EigValReal,EigValImag,AGPgrad,N,toda,k,E0,lmd,period
0,0,0.999628848505086,0.0272427097851425,-28.3136293018236,5,1.21,1,1,1.22929991299939e-14,8.66289999999315
1.57145383516246,0,0.999628848505086,-0.0272427097851425,-5.88609965940083
0.621999693489876,0,0.88432479619374,0.466872203966893,-0.258688244625606
0.279468996219545,0,0.88432479619374,-0.466872203966893,-0.662842196511612
0.118482771374487,0,-0.0815069641187782,0.996672772177593,-2.93394607065944
0.0412810013985589,0,-0.0815069641187782,-0.996672772177593,3.68416045262465
2.98780305462951e-16,0,-0.911888330991505,0.410438389775553,4.34276215151521
,,-0.911888330991505,-0.410438389775553,3.15191770447159
,,-0.992012311263279,0.126141088873048,-0.0310539040269651
,,-0.992012311263279,-0.126141088873048,-0.486818860348644
