Q,P,EigValReal,EigValImag,AGPgrad,N,toda,k,E0,lmd,period
0,0,0.988842869518718,0.148962342227736,-1469.72542805821,4,3.34999999999997,1,1,3.72006529188481e-14,2.92450000000175
1.08632819387642,0,0.988842869518718,-0.148962342227736,-10.9949080254041
0.440784794855024,0,0.56669884228261,0.823925010031594,0.928630538551319
0.20333105454307,0,0.56669884228261,-0.823925010031594,0.460000937192086
0.0803307149255697,0,-0.693658491138049,0.72030403141458,11.9930212984853
-8.00296838193886e-18,0,-0.693658491138049,-0.72030403141458,35.4092175126441
,,-0.216528268709095,0.976276348607217,24.4406615928937
,,-0.216528268709095,-0.976276348607217,11.3514866307224
