Q,P,EigValReal,EigValImag,AGPgrad,N,toda,k,E0,lmd,period
0,0,0.995693113199673,0.0927104326746489,-397.417361855521,4,2.88999999999998,1,1,4.56618864360674e-14,3.58250000000314
1.13303231613021,0,0.995693113199673,-0.0927104326746489,-6.69211876745441
0.454495320175273,0,0.296176333361775,0.955133278425772,1.52654243809587
0.205945313660997,0,0.296176333361775,-0.955133278425772,0.717447397822855
0.079848694981303,0,-0.70024308666413,0.713904489115365,5.14100620385607
-9.26380757470475e-18,0,-0.70024308666413,-0.713904489115365,13.6258321485295
,,-0.997105391092618,0.0760318292167332,9.38162621611317
,,-0.997105391092618,-0.0760318292167332,3.64813730521426
