Q,P,EigValReal,EigValImag,AGPgrad,N,toda,k,E0,lmd,period
0,0,0.578390826277413,0.815759800479351,-4323.37293612968,3,3.87999999999996,1,1,2.49304640006926e-14,1.85999999999981
0.963021502802836,0,0.578390826277413,-0.815759800479351,-14.4719176868703
0.354238624692292,0,0.994022073657077,0.109179288706845,5.80955633590578
0.128240606244431,0,0.994022073657077,-0.109179288706845,26.8005554548284
4.3384111371621e-17,0,0.852086543111902,0.52340091999115,99.5320340578843
,,0.852086543111902,-0.52340091999115,17.8933399214365
