Q,P,EigValReal,EigValImag,AGPgrad,N,toda,k,E0,lmd,period
0,0,0.999966853863013,0.00814193928441111,2.34902544116189,5,0.33,1,1,1.66773581699084e-14,11.5703999999864
2.21680354546351,0,0.999966853863013,-0.00814193928441111,-0.201720492528557
0.619463595643339,0,0.617690737460264,0.786421104024933,-0.440344147538949
0.171864659475894,0,0.617690737460264,-0.786421104024933,0.096311262414508
0.0410848006830229,0,0.355035592897233,0.934852784012598,0.352637463470168
0.00753612737200504,0,0.355035592897233,-0.934852784012598,-0.849433708364431
4.66299198857716e-16,0,-0.771527552609875,0.636195909735201,-0.320212695714096
,,-0.771527552609875,-0.636195909735201,-0.255026610008305
,,-0.931655251112466,0.363343491856624,-0.0820882686095748
,,-0.931655251112466,-0.363343491856624,0.370647920622493
