Q,P,EigValReal,EigValImag,AGPgrad,N,toda,k,E0,lmd,period
0,0,-0.0172956660501511,0.999850418780678,-1226.73822023549,3,3.08999999999998,1,1,4.71578686866732e-13,2.64930000000117
1.02363610686977,0,-0.0172956660501511,-0.999850418780678,-7.73241752879992
0.367943127586802,0,0.996685578864936,0.0813502113252614,0.530471016282479
0.129224025431592,0,0.996685578864936,-0.0813502113252614,15.6555810929825
4.50713160998202e-17,0,0.608209333269177,0.793776673204921,43.1062082083281
,,0.608209333269177,-0.793776673204921,21.5297547045665
