Q,P,EigValReal,EigValImag,AGPgrad,N,toda,k,E0,lmd,period
0,0,0.999469667263743,0.032563541264313,-35.6328749002016,2,1.67,1,1,1.16400675752661e-14,3.80670000000361
1.06824962960041,0,0.999469667263743,-0.032563541264313,-1.15876807730052
0.259158514975514,0,-0.177763011247165,0.984073326451014,3.24697678631714
-2.05591862845334e-17,0,-0.177763011247165,-0.984073326451014,6.16263588447678
