Q,P,EigValReal,EigValImag,AGPgrad,N,toda,k,E0,lmd,period
0,0,-0.518880346644131,0.854846878608385,0.951460178090404,3,0.3,1,1,3.13265728838624e-15,7.94109999999483
1.70113422172203,0,-0.518880346644131,-0.854846878608385,-0.285992226179768
0.273686046163094,0,0.261817001579838,0.965117535683478,0.173107054134466
0.0319565680182132,0,0.261817001579838,-0.965117535683478,-0.636825919973709
6.22239119541436e-17,0,0.999987158001364,0.00506792189691648,0.239988849909412
,,0.999987158001364,-0.00506792189691648,0.300488760202033
