Q,P,EigValReal,EigValImag,AGPgrad,N,toda,k,E0,lmd,period
0,0,-0.964806828183538,0.262959662858062,491.032679055145,5,2.46999999999999,1,1,8.61432970739179e-14,5.11480000000142
1.27592143755047,0,-0.964806828183538,-0.262959662858062,1.03498749127685
0.540670348161814,0,-0.219273581498885,0.975663413507266,7.28171830671243
0.271791615940869,0,-0.219273581498885,-0.975663413507266,6.57736911199044
0.133774637191384,0,-0.0231990822123869,0.999730865075453,1.86803961437206
0.0542686444929713,0,-0.0231990822123869,-0.999730865075453,-8.01511100588472
2.42252481561194e-16,0,0.996863264795642,0.0791431064652965,-14.8555745921366
,,0.996863264795642,-0.0791431064652965,-10.8069783969956
,,0.716699292630061,0.697382336988524,-13.2295099296701
,,0.716699292630061,-0.697382336988524,-9.3637261351331
