Q,P,EigValReal,EigValImag,AGPgrad,N,toda,k,E0,lmd,period
0,0,0.485514558231391,0.874228582091315,-3014.60887010644,3,3.70999999999996,1,1,9.63583265819477e-14,2.00679999999981
0.974745735163946,0,0.485514558231391,-0.874228582091315,-12.951924898233
0.357049398479306,0,0.99015332593274,0.139987110636154,5.10575908118542
0.128560872642968,0,0.99015332593274,-0.139987110636154,21.6729924177355
4.37293091471642e-17,0,0.817209010132961,0.576341421171104,77.2138517457318
,,0.817209010132961,-0.576341421171104,14.8030540583761
