Q,P,EigValReal,EigValImag,AGPgrad,N,toda,k,E0,lmd,period
0,0,-0.772394528976425,0.635143048145294,0.34532495709863,4,0.08,1,1,6.27258267163008e-15,10.1332999999897
2.25227609231075,0,-0.772394528976425,-0.635143048145294,-0.0807308108241101
0.173404306659281,0,0.794028572584707,0.607880437190662,-0.047428351509815
0.0111023779922861,0,0.794028572584707,-0.607880437190662,0.216413688143015
0.000497283731061837,0,0.910961912743585,0.412490476896784,-1.37649860426928
-7.58759182215028e-17,0,0.910961912743585,-0.412490476896784,-0.628616177460339
,,0.999999730626036,0.000733994444393657,0.777115165424285
,,0.999999730626036,-0.000733994444393657,1.17436372572694
