Q,P,EigValReal,EigValImag,AGPgrad,N,toda,k,E0,lmd,period
0,0,0.990059683392291,0.140647869949239,-14063.5926060912,2,3.77999999999996,1,1,5.70609165724819e-15,1.43259999999986
0.895012947573055,0,0.990059683392291,-0.140647869949239,-8.31677470337722
0.255117238269533,0,0.945103824104295,0.326770197024521,115.642269851394
-9.16769952616863e-18,0,0.945103824104295,-0.326770197024521,317.481893854545
