Q,P,EigValReal,EigValImag,AGPgrad,N,toda,k,E0,lmd,period
0,0,-0.660639514854175,0.750703291196479,140.409211012174,4,1.89,1,1,1.16760556157703e-13,5.53680000000043
1.27699761900562,0,-0.660639514854175,-0.750703291196479,1.52926612885991
0.49114063887205,0,-0.461333110835883,0.887227006378001,5.55501901698211
0.207987024277498,0,-0.461333110835883,-0.887227006378001,4.49195128912078
0.0747844433069244,0,0.997829977995042,0.0658432609642235,-5.5039064844005
-1.39847129199596e-17,0,0.997829977995042,-0.0658432609642235,-8.57283510273047
,,0.727214067434791,0.686410737186508,-3.75012250249735
,,0.727214067434791,-0.686410737186508,-4.13101643175465
