Q,P,EigValReal,EigValImag,AGPgrad,N,toda,k,E0,lmd,period
0,0,-0.792501512264987,0.609869947659108,5.87684024124028,5,0.68,1,1,1.40467198394247e-14,10.4761999999889
1.84948650455128,0,-0.792501512264987,-0.609869947659108,1.30204599045532
0.660228032709193,0,0.999888856445629,0.0149088817776489,0.709656629900271
0.253493956149218,0,0.999888856445629,-0.0149088817776489,0.17742323305499
0.0878270865469436,0,0.84625364087453,0.532780231715295,-1.1608165571123
0.0244814495931666,0,0.84625364087453,-0.532780231715295,-1.41509189393676
3.5892123079356e-16,0,-0.0796685458069059,0.996821409686311,-2.11744693263648
,,-0.0796685458069059,-0.996821409686311,0.558272307287597
,,0.0805127609067264,0.996753578037801,1.0454565525252
,,0.0805127609067264,-0.996753578037801,-0.676591963167365
